ciudad,articulo,fecha,subclase_ipc,method,precio_500g
BOGOTÁ D.C.,ACEITE DE GIRASOL,2019-01-01,011501,D_city,5058.194192058331
BOGOTÁ D.C.,ACEITE DE GIRASOL,2019-02-01,011501,D_city,5067.162495501547
BOGOTÁ D.C.,ACEITE DE GIRASOL,2019-03-01,011501,D_city,5068.507570479344
BOGOTÁ D.C.,ACEITE DE GIRASOL,2019-04-01,011501,D_city,5060.884890833764
BOGOTÁ D.C.,ACEITE DE GIRASOL,2019-05-01,011501,D_city,5060.436453410323
BOGOTÁ D.C.,ACEITE DE GIRASOL,2019-06-01,011501,D_city,5068.059217092555
BOGOTÁ D.C.,ACEITE DE GIRASOL,2019-07-01,011501,D_city,5072.542528797182
BOGOTÁ D.C.,ACEITE DE GIRASOL,2019-08-01,011501,D_city,5062.678591055919
BOGOTÁ D.C.,ACEITE DE GIRASOL,2019-09-01,011501,D_city,5090.022735495823
BOGOTÁ D.C.,ACEITE DE GIRASOL,2019-10-01,011501,D_city,5106.151678481295
BOGOTÁ D.C.,ACEITE DE GIRASOL,2019-11-01,011501,D_city,5147.788824704831
BOGOTÁ D.C.,ACEITE DE GIRASOL,2019-12-01,011501,D_city,5154.947969251053
BOGOTÁ D.C.,ACEITE DE GIRASOL,2020-01-01,011501,D_city,5278.25017830276
BOGOTÁ D.C.,ACEITE DE GIRASOL,2020-02-01,011501,D_city,5352.237294568379
BOGOTÁ D.C.,ACEITE DE GIRASOL,2020-03-01,011501,D_city,5390.517835797684
BOGOTÁ D.C.,ACEITE DE GIRASOL,2020-04-01,011501,D_city,5462.9802608845785
BOGOTÁ D.C.,ACEITE DE GIRASOL,2020-05-01,011501,D_city,5537.540438071076
BOGOTÁ D.C.,ACEITE DE GIRASOL,2020-06-01,011501,D_city,5587.177760425622
BOGOTÁ D.C.,ACEITE DE GIRASOL,2020-07-01,011501,D_city,5584.5200140822235
BOGOTÁ D.C.,ACEITE DE GIRASOL,2020-08-01,011501,D_city,5586.734813635703
BOGOTÁ D.C.,ACEITE DE GIRASOL,2020-09-01,011501,D_city,5586.291862472771
BOGOTÁ D.C.,ACEITE DE GIRASOL,2020-10-01,011501,D_city,5596.921484306611
BOGOTÁ D.C.,ACEITE DE GIRASOL,2020-11-01,011501,D_city,5622.156774912322
BOGOTÁ D.C.,ACEITE DE GIRASOL,2020-12-01,011501,D_city,5700.429494498395
BOGOTÁ D.C.,ACEITE DE GIRASOL,2021-01-01,011501,D_city,5812.960970245321
BOGOTÁ D.C.,ACEITE DE GIRASOL,2021-02-01,011501,D_city,5938.851079411371
BOGOTÁ D.C.,ACEITE DE GIRASOL,2021-03-01,011501,D_city,6125.315903891247
BOGOTÁ D.C.,ACEITE DE GIRASOL,2021-04-01,011501,D_city,6440.050955120931
BOGOTÁ D.C.,ACEITE DE GIRASOL,2021-05-01,011501,D_city,6822.920026099497
BOGOTÁ D.C.,ACEITE DE GIRASOL,2021-06-01,011501,D_city,7189.396273475826
BOGOTÁ D.C.,ACEITE DE GIRASOL,2021-07-01,011501,D_city,7418.1690215942745
BOGOTÁ D.C.,ACEITE DE GIRASOL,2021-08-01,011501,D_city,7554.839747492459
BOGOTÁ D.C.,ACEITE DE GIRASOL,2021-09-01,011501,D_city,7695.885400342276
BOGOTÁ D.C.,ACEITE DE GIRASOL,2021-10-01,011501,D_city,7806.450962855679
BOGOTÁ D.C.,ACEITE DE GIRASOL,2021-11-01,011501,D_city,7954.982449133586
BOGOTÁ D.C.,ACEITE DE GIRASOL,2021-12-01,011501,D_city,8153.4758622989075
BOGOTÁ D.C.,ACEITE DE GIRASOL,2022-01-01,011501,D_city,8291.093300911145
BOGOTÁ D.C.,ACEITE DE GIRASOL,2022-02-01,011501,D_city,8492.364323606103
BOGOTÁ D.C.,ACEITE DE GIRASOL,2022-03-01,011501,D_city,8583.119908285766
BOGOTÁ D.C.,ACEITE DE GIRASOL,2022-04-01,011501,D_city,8695.977552467084
BOGOTÁ D.C.,ACEITE DE GIRASOL,2022-05-01,011501,D_city,8811.582778780103
BOGOTÁ D.C.,ACEITE DE GIRASOL,2022-06-01,011501,D_city,8929.088611728654
BOGOTÁ D.C.,ACEITE DE GIRASOL,2022-07-01,011501,D_city,9030.966096113116
BOGOTÁ D.C.,ACEITE DE GIRASOL,2022-08-01,011501,D_city,9181.016748643675
BOGOTÁ D.C.,ACEITE DE GIRASOL,2022-09-01,011501,D_city,9213.903538001468
BOGOTÁ D.C.,ACEITE DE GIRASOL,2022-10-01,011501,D_city,9250.51972550764
BOGOTÁ D.C.,ACEITE DE GIRASOL,2022-11-01,011501,D_city,9324.944810843945
BOGOTÁ D.C.,ACEITE DE GIRASOL,2022-12-01,011501,D_city,9348.213427217674
BOGOTÁ D.C.,ACEITE DE GIRASOL,2023-01-01,011501,D_city,9416.730911450708
BOGOTÁ D.C.,ACEITE DE GIRASOL,2023-02-01,011501,D_city,9523.743241606226
BOGOTÁ D.C.,ACEITE DE GIRASOL,2023-03-01,011501,D_city,9580.920885742604
BOGOTÁ D.C.,ACEITE DE GIRASOL,2023-04-01,011501,D_city,9716.651567012552
BOGOTÁ D.C.,ACEITE DE GIRASOL,2023-05-01,011501,D_city,9651.298780303097
BOGOTÁ D.C.,ACEITE DE GIRASOL,2023-06-01,011501,D_city,9349.459756579008
BOGOTÁ D.C.,ACEITE DE GIRASOL,2023-07-01,011501,D_city,9240.951330397147
BOGOTÁ D.C.,ACEITE DE GIRASOL,2023-08-01,011501,D_city,9177.685623674519
BOGOTÁ D.C.,ACEITE DE GIRASOL,2023-09-01,011501,D_city,9065.588467356889
BOGOTÁ D.C.,ACEITE DE GIRASOL,2023-10-01,011501,D_city,8896.490744401026
BOGOTÁ D.C.,ACEITE DE GIRASOL,2023-11-01,011501,D_city,8748.77744051191
BOGOTÁ D.C.,ACEITE DE GIRASOL,2023-12-01,011501,D_city,8597.394598738445
BOGOTÁ D.C.,ACEITE DE GIRASOL,2024-01-01,011501,D_city,8494.466508363486
BOGOTÁ D.C.,ACEITE DE GIRASOL,2024-02-01,011501,D_city,8358.110116755852
BOGOTÁ D.C.,ACEITE DE GIRASOL,2024-03-01,011501,D_city,8242.579980407134
BOGOTÁ D.C.,ACEITE DE GIRASOL,2024-04-01,011501,D_city,8154.321018466787
BOGOTÁ D.C.,ACEITE DE GIRASOL,2024-05-01,011501,D_city,8107.821192810342
BOGOTÁ D.C.,ACEITE DE GIRASOL,2024-06-01,011501,D_city,8119.237854532281
BOGOTÁ D.C.,ACEITE DE GIRASOL,2024-07-01,011501,D_city,8084.981859590483
BOGOTÁ D.C.,ACEITE DE GIRASOL,2024-08-01,011501,D_city,7983.37608195183
BOGOTÁ D.C.,ACEITE DE GIRASOL,2024-09-01,011501,D_city,7953.286908071579
BOGOTÁ D.C.,ACEITE DE GIRASOL,2024-10-01,011501,D_city,7974.054188223458
BOGOTÁ D.C.,ACEITE DE GIRASOL,2024-11-01,011501,D_city,8005.827810361546
BOGOTÁ D.C.,ACEITE DE GIRASOL,2024-12-01,011501,D_city,8086.673937306942
BOGOTÁ D.C.,ACEITE DE SOYA O DE MAÍZ,2019-01-01,011501,D_city,3434.1769595224364
BOGOTÁ D.C.,ACEITE DE SOYA O DE MAÍZ,2019-02-01,011501,D_city,3441.7119923405767
BOGOTÁ D.C.,ACEITE DE SOYA O DE MAÍZ,2019-03-01,011501,D_city,3442.8423769936794
BOGOTÁ D.C.,ACEITE DE SOYA O DE MAÍZ,2019-04-01,011501,D_city,3436.437311355042
BOGOTÁ D.C.,ACEITE DE SOYA O DE MAÍZ,2019-05-01,011501,D_city,3436.0605766398653
BOGOTÁ D.C.,ACEITE DE SOYA O DE MAÍZ,2019-06-01,011501,D_city,3442.4655783514795
BOGOTÁ D.C.,ACEITE DE SOYA O DE MAÍZ,2019-07-01,011501,D_city,3446.233733815375
BOGOTÁ D.C.,ACEITE DE SOYA O DE MAÍZ,2019-08-01,011501,D_city,3437.944287843465
BOGOTÁ D.C.,ACEITE DE SOYA O DE MAÍZ,2019-09-01,011501,D_city,3460.9331243200572
BOGOTÁ D.C.,ACEITE DE SOYA O DE MAÍZ,2019-10-01,011501,D_city,3474.5068437121936
BOGOTÁ D.C.,ACEITE DE SOYA O DE MAÍZ,2019-11-01,011501,D_city,3509.5946185020052
BOGOTÁ D.C.,ACEITE DE SOYA O DE MAÍZ,2019-12-01,011501,D_city,3515.634457618718
BOGOTÁ D.C.,ACEITE DE SOYA O DE MAÍZ,2020-01-01,011501,D_city,3619.969402913326
BOGOTÁ D.C.,ACEITE DE SOYA O DE MAÍZ,2020-02-01,011501,D_city,3682.854307548209
BOGOTÁ D.C.,ACEITE DE SOYA O DE MAÍZ,2020-03-01,011501,D_city,3715.4718534404983
BOGOTÁ D.C.,ACEITE DE SOYA O DE MAÍZ,2020-04-01,011501,D_city,3777.364972780764
BOGOTÁ D.C.,ACEITE DE SOYA O DE MAÍZ,2020-05-01,011501,D_city,3841.253485001093
BOGOTÁ D.C.,ACEITE DE SOYA O DE MAÍZ,2020-06-01,011501,D_city,3883.899778662224
BOGOTÁ D.C.,ACEITE DE SOYA O DE MAÍZ,2020-07-01,011501,D_city,3881.6140696720327
BOGOTÁ D.C.,ACEITE DE SOYA O DE MAÍZ,2020-08-01,011501,D_city,3883.5188186506048
BOGOTÁ D.C.,ACEITE DE SOYA O DE MAÍZ,2020-09-01,011501,D_city,3883.137862043923
BOGOTÁ D.C.,ACEITE DE SOYA O DE MAÍZ,2020-10-01,011501,D_city,3892.2817598146844
BOGOTÁ D.C.,ACEITE DE SOYA O DE MAÍZ,2020-11-01,011501,D_city,3914.0063559559553
BOGOTÁ D.C.,ACEITE DE SOYA O DE MAÍZ,2020-12-01,011501,D_city,3981.5367860099286
BOGOTÁ D.C.,ACEITE DE SOYA O DE MAÍZ,2021-01-01,011501,D_city,4079.0097838014785
BOGOTÁ D.C.,ACEITE DE SOYA O DE MAÍZ,2021-02-01,011501,D_city,4188.5853050676005
BOGOTÁ D.C.,ACEITE DE SOYA O DE MAÍZ,2021-03-01,011501,D_city,4351.89804393177
BOGOTÁ D.C.,ACEITE DE SOYA O DE MAÍZ,2021-04-01,011501,D_city,4630.2262237648465
BOGOTÁ D.C.,ACEITE DE SOYA O DE MAÍZ,2021-05-01,011501,D_city,4973.173064661042
BOGOTÁ D.C.,ACEITE DE SOYA O DE MAÍZ,2021-06-01,011501,D_city,5305.746215109126
BOGOTÁ D.C.,ACEITE DE SOYA O DE MAÍZ,2021-07-01,011501,D_city,5515.417011778948
BOGOTÁ D.C.,ACEITE DE SOYA O DE MAÍZ,2021-08-01,011501,D_city,5641.41314977742
BOGOTÁ D.C.,ACEITE DE SOYA O DE MAÍZ,2021-09-01,011501,D_city,5772.010683357549
BOGOTÁ D.C.,ACEITE DE SOYA O DE MAÍZ,2021-10-01,011501,D_city,5874.784299425909
BOGOTÁ D.C.,ACEITE DE SOYA O DE MAÍZ,2021-11-01,011501,D_city,6013.392084247495
BOGOTÁ D.C.,ACEITE DE SOYA O DE MAÍZ,2021-12-01,011501,D_city,6199.5829257288315
BOGOTÁ D.C.,ACEITE DE SOYA O DE MAÍZ,2022-01-01,011501,D_city,6329.305187298318
BOGOTÁ D.C.,ACEITE DE SOYA O DE MAÍZ,2022-02-01,011501,D_city,6519.949161908355
BOGOTÁ D.C.,ACEITE DE SOYA O DE MAÍZ,2022-03-01,011501,D_city,6606.265709306679
BOGOTÁ D.C.,ACEITE DE SOYA O DE MAÍZ,2022-04-01,011501,D_city,6713.905500507803
BOGOTÁ D.C.,ACEITE DE SOYA O DE MAÍZ,2022-05-01,011501,D_city,6824.509979840021
BOGOTÁ D.C.,ACEITE DE SOYA O DE MAÍZ,2022-06-01,011501,D_city,6937.286195018695
BOGOTÁ D.C.,ACEITE DE SOYA O DE MAÍZ,2022-07-01,011501,D_city,7035.3486555094605
BOGOTÁ D.C.,ACEITE DE SOYA O DE MAÍZ,2022-08-01,011501,D_city,7180.258282257726
BOGOTÁ D.C.,ACEITE DE SOYA O DE MAÍZ,2022-09-01,011501,D_city,7212.093768382666
BOGOTÁ D.C.,ACEITE DE SOYA O DE MAÍZ,2022-10-01,011501,D_city,7247.571161046795
BOGOTÁ D.C.,ACEITE DE SOYA O DE MAÍZ,2022-11-01,011501,D_city,7319.784184706524
BOGOTÁ D.C.,ACEITE DE SOYA O DE MAÍZ,2022-12-01,011501,D_city,7342.389335524016
BOGOTÁ D.C.,ACEITE DE SOYA O DE MAÍZ,2023-01-01,011501,D_city,7409.030614238651
BOGOTÁ D.C.,ACEITE DE SOYA O DE MAÍZ,2023-02-01,011501,D_city,7513.342744404697
BOGOTÁ D.C.,ACEITE DE SOYA O DE MAÍZ,2023-03-01,011501,D_city,7569.191935343418
BOGOTÁ D.C.,ACEITE DE SOYA O DE MAÍZ,2023-04-01,011501,D_city,7702.085300923389
BOGOTÁ D.C.,ACEITE DE SOYA O DE MAÍZ,2023-05-01,011501,D_city,7638.043289370094
BOGOTÁ D.C.,ACEITE DE SOYA O DE MAÍZ,2023-06-01,011501,D_city,7343.600504885953
BOGOTÁ D.C.,ACEITE DE SOYA O DE MAÍZ,2023-07-01,011501,D_city,7238.297130088416
BOGOTÁ D.C.,ACEITE DE SOYA O DE MAÍZ,2023-08-01,011501,D_city,7177.035151608381
BOGOTÁ D.C.,ACEITE DE SOYA O DE MAÍZ,2023-09-01,011501,D_city,7068.734462704696
BOGOTÁ D.C.,ACEITE DE SOYA O DE MAÍZ,2023-10-01,011501,D_city,6905.964896081967
BOGOTÁ D.C.,ACEITE DE SOYA O DE MAÍZ,2023-11-01,011501,D_city,6764.378418729701
BOGOTÁ D.C.,ACEITE DE SOYA O DE MAÍZ,2023-12-01,011501,D_city,6619.861973127389
BOGOTÁ D.C.,ACEITE DE SOYA O DE MAÍZ,2024-01-01,011501,D_city,6521.9460586937685
BOGOTÁ D.C.,ACEITE DE SOYA O DE MAÍZ,2024-02-01,011501,D_city,6392.662942206784
BOGOTÁ D.C.,ACEITE DE SOYA O DE MAÍZ,2024-03-01,011501,D_city,6283.516348481941
BOGOTÁ D.C.,ACEITE DE SOYA O DE MAÍZ,2024-04-01,011501,D_city,6200.378019553051
BOGOTÁ D.C.,ACEITE DE SOYA O DE MAÍZ,2024-05-01,011501,D_city,6156.661681563574
BOGOTÁ D.C.,ACEITE DE SOYA O DE MAÍZ,2024-06-01,011501,D_city,6167.389444333244
BOGOTÁ D.C.,ACEITE DE SOYA O DE MAÍZ,2024-07-01,011501,D_city,6135.2112670927
BOGOTÁ D.C.,ACEITE DE SOYA O DE MAÍZ,2024-08-01,011501,D_city,6039.9590113656095
BOGOTÁ D.C.,ACEITE DE SOYA O DE MAÍZ,2024-09-01,011501,D_city,6011.806336812399
BOGOTÁ D.C.,ACEITE DE SOYA O DE MAÍZ,2024-10-01,011501,D_city,6031.2343663707825
BOGOTÁ D.C.,ACEITE DE SOYA O DE MAÍZ,2024-11-01,011501,D_city,6060.982187547738
BOGOTÁ D.C.,ACEITE DE SOYA O DE MAÍZ,2024-12-01,011501,D_city,6136.799952663802
BOGOTÁ D.C.,AGUACATE,2019-01-01,011609,D_city,2443.54987544385
BOGOTÁ D.C.,AGUACATE,2019-02-01,011609,D_city,2467.3150721804495
BOGOTÁ D.C.,AGUACATE,2019-03-01,011609,D_city,2621.3225778980177
BOGOTÁ D.C.,AGUACATE,2019-04-01,011609,D_city,2662.292921289204
BOGOTÁ D.C.,AGUACATE,2019-05-01,011609,D_city,2611.02897975183
BOGOTÁ D.C.,AGUACATE,2019-06-01,011609,D_city,2590.8358366395505
BOGOTÁ D.C.,AGUACATE,2019-07-01,011609,D_city,2677.723638967242
BOGOTÁ D.C.,AGUACATE,2019-08-01,011609,D_city,2794.903041454303
BOGOTÁ D.C.,AGUACATE,2019-09-01,011609,D_city,2892.827541167667
BOGOTÁ D.C.,AGUACATE,2019-10-01,011609,D_city,2904.6081146952065
BOGOTÁ D.C.,AGUACATE,2019-11-01,011609,D_city,2774.2270165449136
BOGOTÁ D.C.,AGUACATE,2019-12-01,011609,D_city,2700.263814136687
BOGOTÁ D.C.,AGUACATE,2020-01-01,011609,D_city,2691.6173842822204
BOGOTÁ D.C.,AGUACATE,2020-02-01,011609,D_city,2764.81620546444
BOGOTÁ D.C.,AGUACATE,2020-03-01,011609,D_city,2959.8818748131275
BOGOTÁ D.C.,AGUACATE,2020-04-01,011609,D_city,2980.5980279218156
BOGOTÁ D.C.,AGUACATE,2020-05-01,011609,D_city,2934.239192810784
BOGOTÁ D.C.,AGUACATE,2020-06-01,011609,D_city,2845.6031469636555
BOGOTÁ D.C.,AGUACATE,2020-07-01,011609,D_city,2766.5819751932063
BOGOTÁ D.C.,AGUACATE,2020-08-01,011609,D_city,2760.2519700489916
BOGOTÁ D.C.,AGUACATE,2020-09-01,011609,D_city,2841.54093015775
BOGOTÁ D.C.,AGUACATE,2020-10-01,011609,D_city,2875.2549285961577
BOGOTÁ D.C.,AGUACATE,2020-11-01,011609,D_city,2868.9038245751403
BOGOTÁ D.C.,AGUACATE,2020-12-01,011609,D_city,2795.195756896322
BOGOTÁ D.C.,AGUACATE,2021-01-01,011609,D_city,2830.20910576142
BOGOTÁ D.C.,AGUACATE,2021-02-01,011609,D_city,2837.4757506783235
BOGOTÁ D.C.,AGUACATE,2021-03-01,011609,D_city,2911.062720813865
BOGOTÁ D.C.,AGUACATE,2021-04-01,011609,D_city,3002.087829753251
BOGOTÁ D.C.,AGUACATE,2021-05-01,011609,D_city,3228.6571614594877
BOGOTÁ D.C.,AGUACATE,2021-06-01,011609,D_city,3092.561036431448
BOGOTÁ D.C.,AGUACATE,2021-07-01,011609,D_city,3084.632740071168
BOGOTÁ D.C.,AGUACATE,2021-08-01,011609,D_city,3224.440270850846
BOGOTÁ D.C.,AGUACATE,2021-09-01,011609,D_city,3306.372670550461
BOGOTÁ D.C.,AGUACATE,2021-10-01,011609,D_city,3366.5493507497495
BOGOTÁ D.C.,AGUACATE,2021-11-01,011609,D_city,3340.8079469927193
BOGOTÁ D.C.,AGUACATE,2021-12-01,011609,D_city,3299.382988737674
BOGOTÁ D.C.,AGUACATE,2022-01-01,011609,D_city,3373.6006757987116
BOGOTÁ D.C.,AGUACATE,2022-02-01,011609,D_city,3429.3481109468976
BOGOTÁ D.C.,AGUACATE,2022-03-01,011609,D_city,3502.924280150091
BOGOTÁ D.C.,AGUACATE,2022-04-01,011609,D_city,3576.3662522748323
BOGOTÁ D.C.,AGUACATE,2022-05-01,011609,D_city,3589.519542378797
BOGOTÁ D.C.,AGUACATE,2022-06-01,011609,D_city,3570.038740409352
BOGOTÁ D.C.,AGUACATE,2022-07-01,011609,D_city,3568.875922903486
BOGOTÁ D.C.,AGUACATE,2022-08-01,011609,D_city,3616.7794993813454
BOGOTÁ D.C.,AGUACATE,2022-09-01,011609,D_city,3732.1203973912084
BOGOTÁ D.C.,AGUACATE,2022-10-01,011609,D_city,3808.763438405612
BOGOTÁ D.C.,AGUACATE,2022-11-01,011609,D_city,3739.82063899823
BOGOTÁ D.C.,AGUACATE,2022-12-01,011609,D_city,3639.45899966036
BOGOTÁ D.C.,AGUACATE,2023-01-01,011609,D_city,3630.754516604239
BOGOTÁ D.C.,AGUACATE,2023-02-01,011609,D_city,3792.4960106090766
BOGOTÁ D.C.,AGUACATE,2023-03-01,011609,D_city,4075.427651830403
BOGOTÁ D.C.,AGUACATE,2023-04-01,011609,D_city,3983.6045007692464
BOGOTÁ D.C.,AGUACATE,2023-05-01,011609,D_city,3825.7438478395256
BOGOTÁ D.C.,AGUACATE,2023-06-01,011609,D_city,3845.920511684679
BOGOTÁ D.C.,AGUACATE,2023-07-01,011609,D_city,3927.8174834435795
BOGOTÁ D.C.,AGUACATE,2023-08-01,011609,D_city,4113.61719405747
BOGOTÁ D.C.,AGUACATE,2023-09-01,011609,D_city,4202.666296349021
BOGOTÁ D.C.,AGUACATE,2023-10-01,011609,D_city,4264.72699234925
BOGOTÁ D.C.,AGUACATE,2023-11-01,011609,D_city,4113.497006936705
BOGOTÁ D.C.,AGUACATE,2023-12-01,011609,D_city,3882.5241303567395
BOGOTÁ D.C.,AGUACATE,2024-01-01,011609,D_city,3893.7799261587043
BOGOTÁ D.C.,AGUACATE,2024-02-01,011609,D_city,4058.987504430708
BOGOTÁ D.C.,AGUACATE,2024-03-01,011609,D_city,4245.234913911711
BOGOTÁ D.C.,AGUACATE,2024-04-01,011609,D_city,4419.993360475097
BOGOTÁ D.C.,AGUACATE,2024-05-01,011609,D_city,4444.059798325051
BOGOTÁ D.C.,AGUACATE,2024-06-01,011609,D_city,4338.270177647391
BOGOTÁ D.C.,AGUACATE,2024-07-01,011609,D_city,4265.198963347987
BOGOTÁ D.C.,AGUACATE,2024-08-01,011609,D_city,4255.7544770229515
BOGOTÁ D.C.,AGUACATE,2024-09-01,011609,D_city,4498.542276650077
BOGOTÁ D.C.,AGUACATE,2024-10-01,011609,D_city,4520.791009304038
BOGOTÁ D.C.,AGUACATE,2024-11-01,011609,D_city,4487.051927519749
BOGOTÁ D.C.,AGUACATE,2024-12-01,011609,D_city,4354.864042769548
BOGOTÁ D.C.,AJO,2019-01-01,011716,BASE_lowR2,6756.9257357780925
BOGOTÁ D.C.,AJO,2019-02-01,011716,BASE_lowR2,6960.341889985896
BOGOTÁ D.C.,AJO,2019-03-01,011716,BASE_lowR2,6749.776925246827
BOGOTÁ D.C.,AJO,2019-04-01,011716,BASE_lowR2,7303.484795486602
BOGOTÁ D.C.,AJO,2019-05-01,011716,BASE_lowR2,7161.808368594266
BOGOTÁ D.C.,AJO,2019-06-01,011716,BASE_lowR2,7030.530211565587
BOGOTÁ D.C.,AJO,2019-07-01,011716,BASE_lowR2,7248.243986835921
BOGOTÁ D.C.,AJO,2019-08-01,011716,BASE_lowR2,7225.497771509169
BOGOTÁ D.C.,AJO,2019-09-01,011716,BASE_lowR2,7213.799717912554
BOGOTÁ D.C.,AJO,2019-10-01,011716,BASE_lowR2,7785.704560413729
BOGOTÁ D.C.,AJO,2019-11-01,011716,BASE_lowR2,7471.8067889045615
BOGOTÁ D.C.,AJO,2019-12-01,011716,BASE_lowR2,7142.961504466385
BOGOTÁ D.C.,AJO,2020-01-01,011716,BASE_lowR2,7566.0411095439595
BOGOTÁ D.C.,AJO,2020-02-01,011716,BASE_lowR2,7824.698072402445
BOGOTÁ D.C.,AJO,2020-03-01,011716,BASE_lowR2,8666.308039492244
BOGOTÁ D.C.,AJO,2020-04-01,011716,BASE_lowR2,8516.832910202163
BOGOTÁ D.C.,AJO,2020-05-01,011716,BASE_lowR2,8260.125622943113
BOGOTÁ D.C.,AJO,2020-06-01,011716,BASE_lowR2,8282.221946403386
BOGOTÁ D.C.,AJO,2020-07-01,011716,BASE_lowR2,7750.610399623885
BOGOTÁ D.C.,AJO,2020-08-01,011716,BASE_lowR2,7679.122294311237
BOGOTÁ D.C.,AJO,2020-09-01,011716,BASE_lowR2,8046.961090738129
BOGOTÁ D.C.,AJO,2020-10-01,011716,BASE_lowR2,8006.017903149977
BOGOTÁ D.C.,AJO,2020-11-01,011716,BASE_lowR2,7774.656398683592
BOGOTÁ D.C.,AJO,2020-12-01,011716,BASE_lowR2,8336.162971321111
BOGOTÁ D.C.,AJO,2021-01-01,011716,BASE_lowR2,8794.336737188529
BOGOTÁ D.C.,AJO,2021-02-01,011716,BASE_lowR2,8819.682519981196
BOGOTÁ D.C.,AJO,2021-03-01,011716,BASE_lowR2,9004.251810061121
BOGOTÁ D.C.,AJO,2021-04-01,011716,BASE_lowR2,9663.242162670429
BOGOTÁ D.C.,AJO,2021-05-01,011716,BASE_lowR2,9916.699990597086
BOGOTÁ D.C.,AJO,2021-06-01,011716,BASE_lowR2,9962.842313117068
BOGOTÁ D.C.,AJO,2021-07-01,011716,BASE_lowR2,10140.262792665728
BOGOTÁ D.C.,AJO,2021-08-01,011716,BASE_lowR2,9958.293070051715
BOGOTÁ D.C.,AJO,2021-09-01,011716,BASE_lowR2,10018.08312176775
BOGOTÁ D.C.,AJO,2021-10-01,011716,BASE_lowR2,9526.764870709922
BOGOTÁ D.C.,AJO,2021-11-01,011716,BASE_lowR2,9559.259464033852
BOGOTÁ D.C.,AJO,2021-12-01,011716,BASE_lowR2,9684.688594264224
BOGOTÁ D.C.,AJO,2022-01-01,011716,BASE_lowR2,10065.525228020688
BOGOTÁ D.C.,AJO,2022-02-01,011716,BASE_lowR2,10413.867268453223
BOGOTÁ D.C.,AJO,2022-03-01,011716,BASE_lowR2,10858.393305124591
BOGOTÁ D.C.,AJO,2022-04-01,011716,BASE_lowR2,11349.711556182418
BOGOTÁ D.C.,AJO,2022-05-01,011716,BASE_lowR2,11477.090362012224
BOGOTÁ D.C.,AJO,2022-06-01,011716,BASE_lowR2,11935.264127879645
BOGOTÁ D.C.,AJO,2022-07-01,011716,BASE_lowR2,12449.328594264223
BOGOTÁ D.C.,AJO,2022-08-01,011716,BASE_lowR2,12914.001278796428
BOGOTÁ D.C.,AJO,2022-09-01,011716,BASE_lowR2,13126.515919134934
BOGOTÁ D.C.,AJO,2022-10-01,011716,BASE_lowR2,12744.379501645511
BOGOTÁ D.C.,AJO,2022-11-01,011716,BASE_lowR2,12804.819445228022
BOGOTÁ D.C.,AJO,2022-12-01,011716,BASE_lowR2,12821.716633756465
BOGOTÁ D.C.,AJO,2023-01-01,011716,BASE_lowR2,12692.388152327223
BOGOTÁ D.C.,AJO,2023-02-01,011716,BASE_lowR2,12954.94446638458
BOGOTÁ D.C.,AJO,2023-03-01,011716,BASE_lowR2,13198.004024447582
BOGOTÁ D.C.,AJO,2023-04-01,011716,BASE_lowR2,13632.781683121771
BOGOTÁ D.C.,AJO,2023-05-01,011716,BASE_lowR2,13146.66256699577
BOGOTÁ D.C.,AJO,2023-06-01,011716,BASE_lowR2,12332.348058298074
BOGOTÁ D.C.,AJO,2023-07-01,011716,BASE_lowR2,12201.069901269395
BOGOTÁ D.C.,AJO,2023-08-01,011716,BASE_lowR2,12522.766375176307
BOGOTÁ D.C.,AJO,2023-09-01,011716,BASE_lowR2,12513.017997179126
BOGOTÁ D.C.,AJO,2023-10-01,011716,BASE_lowR2,12408.38540667607
BOGOTÁ D.C.,AJO,2023-11-01,011716,BASE_lowR2,12227.715467795018
BOGOTÁ D.C.,AJO,2023-12-01,011716,BASE_lowR2,12214.717630465444
BOGOTÁ D.C.,AJO,2024-01-01,011716,BASE_lowR2,12724.882745651154
BOGOTÁ D.C.,AJO,2024-02-01,011716,BASE_lowR2,12921.150089327692
BOGOTÁ D.C.,AJO,2024-03-01,011716,BASE_lowR2,13184.35629525153
BOGOTÁ D.C.,AJO,2024-04-01,011716,BASE_lowR2,13452.761636107194
BOGOTÁ D.C.,AJO,2024-05-01,011716,BASE_lowR2,14157.894311236485
BOGOTÁ D.C.,AJO,2024-06-01,011716,BASE_lowR2,14908.519417019279
BOGOTÁ D.C.,AJO,2024-07-01,011716,BASE_lowR2,15106.736436295252
BOGOTÁ D.C.,AJO,2024-08-01,011716,BASE_lowR2,14150.09560883874
BOGOTÁ D.C.,AJO,2024-09-01,011716,BASE_lowR2,13847.89589092619
BOGOTÁ D.C.,AJO,2024-10-01,011716,BASE_lowR2,13527.499200752234
BOGOTÁ D.C.,AJO,2024-11-01,011716,BASE_lowR2,13307.185858015986
BOGOTÁ D.C.,AJO,2024-12-01,011716,BASE_lowR2,13321.483479078515
BOGOTÁ D.C.,ARRACACHA,2019-01-01,011712,BASE,2350.7886899151745
BOGOTÁ D.C.,ARRACACHA,2019-02-01,011712,BASE,2381.3274269557023
BOGOTÁ D.C.,ARRACACHA,2019-03-01,011712,BASE,2253.6199811498586
BOGOTÁ D.C.,ARRACACHA,2019-04-01,011712,BASE,2294.1069431354067
BOGOTÁ D.C.,ARRACACHA,2019-05-01,011712,BASE,2328.3473452717562
BOGOTÁ D.C.,ARRACACHA,2019-06-01,011712,BASE,2306.6000628338047
BOGOTÁ D.C.,ARRACACHA,2019-07-01,011712,BASE,2442.4049010367576
BOGOTÁ D.C.,ARRACACHA,2019-08-01,011712,BASE,2491.6833176248824
BOGOTÁ D.C.,ARRACACHA,2019-09-01,011712,BASE,2739.4635249764374
BOGOTÁ D.C.,ARRACACHA,2019-10-01,011712,BASE,2754.732893496701
BOGOTÁ D.C.,ARRACACHA,2019-11-01,011712,BASE,2631.4211749921456
BOGOTÁ D.C.,ARRACACHA,2019-12-01,011712,BASE,2502.0942507068808
BOGOTÁ D.C.,ARRACACHA,2020-01-01,011712,BASE,2576.3589066918003
BOGOTÁ D.C.,ARRACACHA,2020-02-01,011712,BASE,2522.684762802388
BOGOTÁ D.C.,ARRACACHA,2020-03-01,011712,BASE,2637.667734841345
BOGOTÁ D.C.,ARRACACHA,2020-04-01,011712,BASE,2456.286145146089
BOGOTÁ D.C.,ARRACACHA,2020-05-01,011712,BASE,2503.7137291863023
BOGOTÁ D.C.,ARRACACHA,2020-06-01,011712,BASE,2571.5004712535347
BOGOTÁ D.C.,ARRACACHA,2020-07-01,011712,BASE,2618.696701225259
BOGOTÁ D.C.,ARRACACHA,2020-08-01,011712,BASE,2583.2995287464655
BOGOTÁ D.C.,ARRACACHA,2020-09-01,011712,BASE,2569.6496387056236
BOGOTÁ D.C.,ARRACACHA,2020-10-01,011712,BASE,2587.9266101162425
BOGOTÁ D.C.,ARRACACHA,2020-11-01,011712,BASE,2368.3715991203267
BOGOTÁ D.C.,ARRACACHA,2020-12-01,011712,BASE,2259.40383286208
BOGOTÁ D.C.,ARRACACHA,2021-01-01,011712,BASE,2270.046120012567
BOGOTÁ D.C.,ARRACACHA,2021-02-01,011712,BASE,2291.7934024505184
BOGOTÁ D.C.,ARRACACHA,2021-03-01,011712,BASE,2173.8028275212064
BOGOTÁ D.C.,ARRACACHA,2021-04-01,011712,BASE,2001.2126924285265
BOGOTÁ D.C.,ARRACACHA,2021-05-01,011712,BASE,2394.051900722589
BOGOTÁ D.C.,ARRACACHA,2021-06-01,011712,BASE,2288.785799560164
BOGOTÁ D.C.,ARRACACHA,2021-07-01,011712,BASE,2039.3861137291865
BOGOTÁ D.C.,ARRACACHA,2021-08-01,011712,BASE,1983.861137291863
BOGOTÁ D.C.,ARRACACHA,2021-09-01,011712,BASE,2039.848821866164
BOGOTÁ D.C.,ARRACACHA,2021-10-01,011712,BASE,2041.0055922086083
BOGOTÁ D.C.,ARRACACHA,2021-11-01,011712,BASE,2084.962865221489
BOGOTÁ D.C.,ARRACACHA,2021-12-01,011712,BASE,2050.491109016651
BOGOTÁ D.C.,ARRACACHA,2022-01-01,011712,BASE,2293.875589066918
BOGOTÁ D.C.,ARRACACHA,2022-02-01,011712,BASE,2362.125039271128
BOGOTÁ D.C.,ARRACACHA,2022-03-01,011712,BASE,2467.8538485705312
BOGOTÁ D.C.,ARRACACHA,2022-04-01,011712,BASE,2619.6221174992147
BOGOTÁ D.C.,ARRACACHA,2022-05-01,011712,BASE,2695.5062519635567
BOGOTÁ D.C.,ARRACACHA,2022-06-01,011712,BASE,2728.8212378259504
BOGOTÁ D.C.,ARRACACHA,2022-07-01,011712,BASE,2928.7111530003144
BOGOTÁ D.C.,ARRACACHA,2022-08-01,011712,BASE,3331.035878102419
BOGOTÁ D.C.,ARRACACHA,2022-09-01,011712,BASE,3887.4424128180963
BOGOTÁ D.C.,ARRACACHA,2022-10-01,011712,BASE,4270.796104304116
BOGOTÁ D.C.,ARRACACHA,2022-11-01,011712,BASE,4461.6632108074145
BOGOTÁ D.C.,ARRACACHA,2022-12-01,011712,BASE,4743.683820295319
BOGOTÁ D.C.,ARRACACHA,2023-01-01,011712,BASE,5028.943386742068
BOGOTÁ D.C.,ARRACACHA,2023-02-01,011712,BASE,4871.159912032674
BOGOTÁ D.C.,ARRACACHA,2023-03-01,011712,BASE,5100.66314797361
BOGOTÁ D.C.,ARRACACHA,2023-04-01,011712,BASE,5070.124410933082
BOGOTÁ D.C.,ARRACACHA,2023-05-01,011712,BASE,4989.150486961986
BOGOTÁ D.C.,ARRACACHA,2023-06-01,011712,BASE,4855.1964813069435
BOGOTÁ D.C.,ARRACACHA,2023-07-01,011712,BASE,4738.594030788565
BOGOTÁ D.C.,ARRACACHA,2023-08-01,011712,BASE,4833.91190700597
BOGOTÁ D.C.,ARRACACHA,2023-09-01,011712,BASE,4893.601256676092
BOGOTÁ D.C.,ARRACACHA,2023-10-01,011712,BASE,4832.986490732014
BOGOTÁ D.C.,ARRACACHA,2023-11-01,011712,BASE,4859.360854539742
BOGOTÁ D.C.,ARRACACHA,2023-12-01,011712,BASE,4745.997360980207
BOGOTÁ D.C.,ARRACACHA,2024-01-01,011712,BASE,4908.870625196356
BOGOTÁ D.C.,ARRACACHA,2024-02-01,011712,BASE,4685.613949104619
BOGOTÁ D.C.,ARRACACHA,2024-03-01,011712,BASE,4602.326484448634
BOGOTÁ D.C.,ARRACACHA,2024-04-01,011712,BASE,4900.310524662268
BOGOTÁ D.C.,ARRACACHA,2024-05-01,011712,BASE,4791.805466540999
BOGOTÁ D.C.,ARRACACHA,2024-06-01,011712,BASE,4498.217153628652
BOGOTÁ D.C.,ARRACACHA,2024-07-01,011712,BASE,4412.38479421929
BOGOTÁ D.C.,ARRACACHA,2024-08-01,011712,BASE,3993.4025761859884
BOGOTÁ D.C.,ARRACACHA,2024-09-01,011712,BASE,3647.2968897266733
BOGOTÁ D.C.,ARRACACHA,2024-10-01,011712,BASE,3123.9739868049014
BOGOTÁ D.C.,ARRACACHA,2024-11-01,011712,BASE,2767.9200754005656
BOGOTÁ D.C.,ARRACACHA,2024-12-01,011712,BASE,2523.378825007854
BOGOTÁ D.C.,ARROZ INTEGRAL,2019-01-01,011101,D_city,1997.6154257638775
BOGOTÁ D.C.,ARROZ INTEGRAL,2019-02-01,011101,D_city,2012.9507590531844
BOGOTÁ D.C.,ARROZ INTEGRAL,2019-03-01,011101,D_city,2019.0131006700637
BOGOTÁ D.C.,ARROZ INTEGRAL,2019-04-01,011101,D_city,2019.1725758322052
BOGOTÁ D.C.,ARROZ INTEGRAL,2019-05-01,011101,D_city,2023.1584550058797
BOGOTÁ D.C.,ARROZ INTEGRAL,2019-06-01,011101,D_city,2042.7411399578184
BOGOTÁ D.C.,ARROZ INTEGRAL,2019-07-01,011101,D_city,2091.736074157017
BOGOTÁ D.C.,ARROZ INTEGRAL,2019-08-01,011101,D_city,2132.7450319836234
BOGOTÁ D.C.,ARROZ INTEGRAL,2019-09-01,011101,D_city,2135.7342497590334
BOGOTÁ D.C.,ARROZ INTEGRAL,2019-10-01,011101,D_city,2134.633078080741
BOGOTÁ D.C.,ARROZ INTEGRAL,2019-11-01,011101,D_city,2177.633442987596
BOGOTÁ D.C.,ARROZ INTEGRAL,2019-12-01,011101,D_city,2276.0385975021545
BOGOTÁ D.C.,ARROZ INTEGRAL,2020-01-01,011101,D_city,2413.341959111
BOGOTÁ D.C.,ARROZ INTEGRAL,2020-02-01,011101,D_city,2516.0185190413813
BOGOTÁ D.C.,ARROZ INTEGRAL,2020-03-01,011101,D_city,2604.951142926015
BOGOTÁ D.C.,ARROZ INTEGRAL,2020-04-01,011101,D_city,2661.741603687331
BOGOTÁ D.C.,ARROZ INTEGRAL,2020-05-01,011101,D_city,2672.4684045691783
BOGOTÁ D.C.,ARROZ INTEGRAL,2020-06-01,011101,D_city,2667.8512137392786
BOGOTÁ D.C.,ARROZ INTEGRAL,2020-07-01,011101,D_city,2598.056053635729
BOGOTÁ D.C.,ARROZ INTEGRAL,2020-08-01,011101,D_city,2495.4452198608783
BOGOTÁ D.C.,ARROZ INTEGRAL,2020-09-01,011101,D_city,2439.109657787714
BOGOTÁ D.C.,ARROZ INTEGRAL,2020-10-01,011101,D_city,2390.1086990855865
BOGOTÁ D.C.,ARROZ INTEGRAL,2020-11-01,011101,D_city,2390.414757467288
BOGOTÁ D.C.,ARROZ INTEGRAL,2020-12-01,011101,D_city,2369.1207918602454
BOGOTÁ D.C.,ARROZ INTEGRAL,2021-01-01,011101,D_city,2364.979133894322
BOGOTÁ D.C.,ARROZ INTEGRAL,2021-02-01,011101,D_city,2355.4619381699763
BOGOTÁ D.C.,ARROZ INTEGRAL,2021-03-01,011101,D_city,2327.0076929892502
BOGOTÁ D.C.,ARROZ INTEGRAL,2021-04-01,011101,D_city,2314.0598545796497
BOGOTÁ D.C.,ARROZ INTEGRAL,2021-05-01,011101,D_city,2333.3210739841143
BOGOTÁ D.C.,ARROZ INTEGRAL,2021-06-01,011101,D_city,2320.073547866909
BOGOTÁ D.C.,ARROZ INTEGRAL,2021-07-01,011101,D_city,2280.374011908441
BOGOTÁ D.C.,ARROZ INTEGRAL,2021-08-01,011101,D_city,2220.7388047054915
BOGOTÁ D.C.,ARROZ INTEGRAL,2021-09-01,011101,D_city,2183.267638700232
BOGOTÁ D.C.,ARROZ INTEGRAL,2021-10-01,011101,D_city,2102.6382391448788
BOGOTÁ D.C.,ARROZ INTEGRAL,2021-11-01,011101,D_city,2072.7425906120593
BOGOTÁ D.C.,ARROZ INTEGRAL,2021-12-01,011101,D_city,2072.267209501805
BOGOTÁ D.C.,ARROZ INTEGRAL,2022-01-01,011101,D_city,2097.5838854488593
BOGOTÁ D.C.,ARROZ INTEGRAL,2022-02-01,011101,D_city,2140.9236199494926
BOGOTÁ D.C.,ARROZ INTEGRAL,2022-03-01,011101,D_city,2267.5167185930345
BOGOTÁ D.C.,ARROZ INTEGRAL,2022-04-01,011101,D_city,2390.5677830653212
BOGOTÁ D.C.,ARROZ INTEGRAL,2022-05-01,011101,D_city,2527.6484053448203
BOGOTÁ D.C.,ARROZ INTEGRAL,2022-06-01,011101,D_city,2613.0396894218015
BOGOTÁ D.C.,ARROZ INTEGRAL,2022-07-01,011101,D_city,2631.590284171176
BOGOTÁ D.C.,ARROZ INTEGRAL,2022-08-01,011101,D_city,2658.9091584209827
BOGOTÁ D.C.,ARROZ INTEGRAL,2022-09-01,011101,D_city,2690.3230668844885
BOGOTÁ D.C.,ARROZ INTEGRAL,2022-10-01,011101,D_city,2736.166369970359
BOGOTÁ D.C.,ARROZ INTEGRAL,2022-11-01,011101,D_city,2803.183917821841
BOGOTÁ D.C.,ARROZ INTEGRAL,2022-12-01,011101,D_city,2907.798778756213
BOGOTÁ D.C.,ARROZ INTEGRAL,2023-01-01,011101,D_city,2957.0011785970646
BOGOTÁ D.C.,ARROZ INTEGRAL,2023-02-01,011101,D_city,2994.713258494749
BOGOTÁ D.C.,ARROZ INTEGRAL,2023-03-01,011101,D_city,3002.675907229389
BOGOTÁ D.C.,ARROZ INTEGRAL,2023-04-01,011101,D_city,3017.863017852141
BOGOTÁ D.C.,ARROZ INTEGRAL,2023-05-01,011101,D_city,3030.4324793849623
BOGOTÁ D.C.,ARROZ INTEGRAL,2023-06-01,011101,D_city,3001.6627661690472
BOGOTÁ D.C.,ARROZ INTEGRAL,2023-07-01,011101,D_city,2992.830421800678
BOGOTÁ D.C.,ARROZ INTEGRAL,2023-08-01,011101,D_city,2983.266930835724
BOGOTÁ D.C.,ARROZ INTEGRAL,2023-09-01,011101,D_city,2982.107210775973
BOGOTÁ D.C.,ARROZ INTEGRAL,2023-10-01,011101,D_city,2989.643422776162
BOGOTÁ D.C.,ARROZ INTEGRAL,2023-11-01,011101,D_city,2988.9189889898043
BOGOTÁ D.C.,ARROZ INTEGRAL,2023-12-01,011101,D_city,2976.16191322638
BOGOTÁ D.C.,ARROZ INTEGRAL,2024-01-01,011101,D_city,2989.7883043830006
BOGOTÁ D.C.,ARROZ INTEGRAL,2024-02-01,011101,D_city,3031.732040387106
BOGOTÁ D.C.,ARROZ INTEGRAL,2024-03-01,011101,D_city,3012.94733677867
BOGOTÁ D.C.,ARROZ INTEGRAL,2024-04-01,011101,D_city,3011.6457989253922
BOGOTÁ D.C.,ARROZ INTEGRAL,2024-05-01,011101,D_city,3012.3688924849334
BOGOTÁ D.C.,ARROZ INTEGRAL,2024-06-01,011101,D_city,3027.3996402875946
BOGOTÁ D.C.,ARROZ INTEGRAL,2024-07-01,011101,D_city,3020.175602123951
BOGOTÁ D.C.,ARROZ INTEGRAL,2024-08-01,011101,D_city,2988.629203455272
BOGOTÁ D.C.,ARROZ INTEGRAL,2024-09-01,011101,D_city,2955.548372554979
BOGOTÁ D.C.,ARROZ INTEGRAL,2024-10-01,011101,D_city,2968.6173558497467
BOGOTÁ D.C.,ARROZ INTEGRAL,2024-11-01,011101,D_city,2966.8756386368946
BOGOTÁ D.C.,ARROZ INTEGRAL,2024-12-01,011101,D_city,2963.827031755614
BOGOTÁ D.C.,ARROZ PARA SECO,2019-01-01,011101,D_city,1389.324171877502
BOGOTÁ D.C.,ARROZ PARA SECO,2019-02-01,011101,D_city,1404.1113130608007
BOGOTÁ D.C.,ARROZ PARA SECO,2019-03-01,011101,D_city,1409.9689160358398
BOGOTÁ D.C.,ARROZ PARA SECO,2019-04-01,011101,D_city,1410.1230967414854
BOGOTÁ D.C.,ARROZ PARA SECO,2019-05-01,011101,D_city,1413.9781676670293
BOGOTÁ D.C.,ARROZ PARA SECO,2019-06-01,011101,D_city,1432.9605453327708
BOGOTÁ D.C.,ARROZ PARA SECO,2019-07-01,011101,D_city,1480.75965085896
BOGOTÁ D.C.,ARROZ PARA SECO,2019-08-01,011101,D_city,1521.1003361297114
BOGOTÁ D.C.,ARROZ PARA SECO,2019-09-01,011101,D_city,1524.0525879758459
BOGOTÁ D.C.,ARROZ PARA SECO,2019-10-01,011101,D_city,1522.964848945319
BOGOTÁ D.C.,ARROZ PARA SECO,2019-11-01,011101,D_city,1565.6002243580915
BOGOTÁ D.C.,ARROZ PARA SECO,2019-12-01,011101,D_city,1664.386252562808
BOGOTÁ D.C.,ARROZ PARA SECO,2020-01-01,011101,D_city,1804.9786735222287
BOGOTÁ D.C.,ARROZ PARA SECO,2020-02-01,011101,D_city,1912.153083426862
BOGOTÁ D.C.,ARROZ PARA SECO,2020-03-01,011101,D_city,2006.3527502883846
BOGOTÁ D.C.,ARROZ PARA SECO,2020-04-01,011101,D_city,2067.1593864741526
BOGOTÁ D.C.,ARROZ PARA SECO,2020-05-01,011101,D_city,2078.7012052071354
BOGOTÁ D.C.,ARROZ PARA SECO,2020-06-01,011101,D_city,2073.731014998599
BOGOTÁ D.C.,ARROZ PARA SECO,2020-07-01,011101,D_city,1999.0044571839776
BOGOTÁ D.C.,ARROZ PARA SECO,2020-08-01,011101,D_city,1890.5414033161762
BOGOTÁ D.C.,ARROZ PARA SECO,2020-09-01,011101,D_city,1831.7134896134723
BOGOTÁ D.C.,ARROZ PARA SECO,2020-10-01,011101,D_city,1780.9672760674177
BOGOTÁ D.C.,ARROZ PARA SECO,2020-11-01,011101,D_city,1781.2830041667278
BOGOTÁ D.C.,ARROZ PARA SECO,2020-12-01,011101,D_city,1759.353408154119
BOGOTÁ D.C.,ARROZ PARA SECO,2021-01-01,011101,D_city,1755.0968938541578
BOGOTÁ D.C.,ARROZ PARA SECO,2021-02-01,011101,D_city,1745.326626304962
BOGOTÁ D.C.,ARROZ PARA SECO,2021-03-01,011101,D_city,1716.20633906112
BOGOTÁ D.C.,ARROZ PARA SECO,2021-04-01,011101,D_city,1703.0005695397952
BOGOTÁ D.C.,ARROZ PARA SECO,2021-05-01,011101,D_city,1722.6557483843499
BOGOTÁ D.C.,ARROZ PARA SECO,2021-06-01,011101,D_city,1709.130537598656
BOGOTÁ D.C.,ARROZ PARA SECO,2021-07-01,011101,D_city,1668.7768538426114
BOGOTÁ D.C.,ARROZ PARA SECO,2021-08-01,011101,D_city,1608.6657612128774
BOGOTÁ D.C.,ARROZ PARA SECO,2021-09-01,011101,D_city,1571.2107532494565
BOGOTÁ D.C.,ARROZ PARA SECO,2021-10-01,011101,D_city,1491.4547492660195
BOGOTÁ D.C.,ARROZ PARA SECO,2021-11-01,011101,D_city,1462.1780862545763
BOGOTÁ D.C.,ARROZ PARA SECO,2021-12-01,011101,D_city,1461.7138514927547
BOGOTÁ D.C.,ARROZ PARA SECO,2022-01-01,011101,D_city,1486.493736522133
BOGOTÁ D.C.,ARROZ PARA SECO,2022-02-01,011101,D_city,1529.181556594466
BOGOTÁ D.C.,ARROZ PARA SECO,2022-03-01,011101,D_city,1655.7652661971933
BOGOTÁ D.C.,ARROZ PARA SECO,2022-04-01,011101,D_city,1781.4408703371987
BOGOTÁ D.C.,ARROZ PARA SECO,2022-05-01,011101,D_city,1924.4000791904114
BOGOTÁ D.C.,ARROZ PARA SECO,2022-06-01,011101,D_city,2014.98247846984
BOGOTÁ D.C.,ARROZ PARA SECO,2022-07-01,011101,D_city,2034.81301206097
BOGOTÁ D.C.,ARROZ PARA SECO,2022-08-01,011101,D_city,2064.1147129704714
BOGOTÁ D.C.,ARROZ PARA SECO,2022-09-01,011101,D_city,2097.9519552119855
BOGOTÁ D.C.,ARROZ PARA SECO,2022-10-01,011101,D_city,2147.604564887008
BOGOTÁ D.C.,ARROZ PARA SECO,2022-11-01,011101,D_city,2220.7672886108608
BOGOTÁ D.C.,ARROZ PARA SECO,2022-12-01,011101,D_city,2336.321420718886
BOGOTÁ D.C.,ARROZ PARA SECO,2023-01-01,011101,D_city,2391.227413664352
BOGOTÁ D.C.,ARROZ PARA SECO,2023-02-01,011101,D_city,2433.549816902288
BOGOTÁ D.C.,ARROZ PARA SECO,2023-03-01,011101,D_city,2442.5122163735364
BOGOTÁ D.C.,ARROZ PARA SECO,2023-04-01,011101,D_city,2459.6314753890515
BOGOTÁ D.C.,ARROZ PARA SECO,2023-05-01,011101,D_city,2473.825135279125
BOGOTÁ D.C.,ARROZ PARA SECO,2023-06-01,011101,D_city,2441.371362510144
BOGOTÁ D.C.,ARROZ PARA SECO,2023-07-01,011101,D_city,2431.431918405198
BOGOTÁ D.C.,ARROZ PARA SECO,2023-08-01,011101,D_city,2420.6823889447473
BOGOTÁ D.C.,ARROZ PARA SECO,2023-09-01,011101,D_city,2419.379742987666
BOGOTÁ D.C.,ARROZ PARA SECO,2023-10-01,011101,D_city,2427.848207217885
BOGOTÁ D.C.,ARROZ PARA SECO,2023-11-01,011101,D_city,2427.0338019215073
BOGOTÁ D.C.,ARROZ PARA SECO,2023-12-01,011101,D_city,2412.7047955006515
BOGOTÁ D.C.,ARROZ PARA SECO,2024-01-01,011101,D_city,2428.011091590353
BOGOTÁ D.C.,ARROZ PARA SECO,2024-02-01,011101,D_city,2475.2939155455742
BOGOTÁ D.C.,ARROZ PARA SECO,2024-03-01,011101,D_city,2454.086773883149
BOGOTÁ D.C.,ARROZ PARA SECO,2024-04-01,011101,D_city,2452.619270545927
BOGOTÁ D.C.,ARROZ PARA SECO,2024-05-01,011101,D_city,2453.4345392263235
BOGOTÁ D.C.,ARROZ PARA SECO,2024-06-01,011101,D_city,2470.398324088494
BOGOTÁ D.C.,ARROZ PARA SECO,2024-07-01,011101,D_city,2462.2411839921033
BOGOTÁ D.C.,ARROZ PARA SECO,2024-08-01,011101,D_city,2426.7080475348434
BOGOTÁ D.C.,ARROZ PARA SECO,2024-09-01,011101,D_city,2389.601131170471
BOGOTÁ D.C.,ARROZ PARA SECO,2024-10-01,011101,D_city,2404.2416925835905
BOGOTÁ D.C.,ARROZ PARA SECO,2024-11-01,011101,D_city,2402.289095903559
BOGOTÁ D.C.,ARROZ PARA SECO,2024-12-01,011101,D_city,2398.8724376674422
BOGOTÁ D.C.,ARROZ PARA SOPA,2019-01-01,011101,D_city,947.4442287731924
BOGOTÁ D.C.,ARROZ PARA SOPA,2019-02-01,011101,D_city,953.6647437015831
BOGOTÁ D.C.,ARROZ PARA SOPA,2019-03-01,011101,D_city,956.1219405544266
BOGOTÁ D.C.,ARROZ PARA SOPA,2019-04-01,011101,D_city,956.1865648693349
BOGOTÁ D.C.,ARROZ PARA SOPA,2019-05-01,011101,D_city,957.8015285154689
BOGOTÁ D.C.,ARROZ PARA SOPA,2019-06-01,011101,D_city,965.7292219378387
BOGOTÁ D.C.,ARROZ PARA SOPA,2019-07-01,011101,D_city,985.5161848613785
BOGOTÁ D.C.,ARROZ PARA SOPA,2019-08-01,011101,D_city,1002.0265514326038
BOGOTÁ D.C.,ARROZ PARA SOPA,2019-09-01,011101,D_city,1003.2282213330298
BOGOTÁ D.C.,ARROZ PARA SOPA,2019-10-01,011101,D_city,1002.7855769629892
BOGOTÁ D.C.,ARROZ PARA SOPA,2019-11-01,011101,D_city,1020.046397506661
BOGOTÁ D.C.,ARROZ PARA SOPA,2019-12-01,011101,D_city,1059.3642722255408
BOGOTÁ D.C.,ARROZ PARA SOPA,2020-01-01,011101,D_city,1113.8178318990254
BOGOTÁ D.C.,ARROZ PARA SOPA,2020-02-01,011101,D_city,1154.2459987663187
BOGOTÁ D.C.,ARROZ PARA SOPA,2020-03-01,011101,D_city,1189.0703262933453
BOGOTÁ D.C.,ARROZ PARA SOPA,2020-04-01,011101,D_city,1211.2184344112688
BOGOTÁ D.C.,ARROZ PARA SOPA,2020-05-01,011101,D_city,1215.3941598968017
BOGOTÁ D.C.,ARROZ PARA SOPA,2020-06-01,011101,D_city,1213.597078376312
BOGOTÁ D.C.,ARROZ PARA SOPA,2020-07-01,011101,D_city,1186.3765465369436
BOGOTÁ D.C.,ARROZ PARA SOPA,2020-08-01,011101,D_city,1146.1647844537156
BOGOTÁ D.C.,ARROZ PARA SOPA,2020-09-01,011101,D_city,1123.986612366382
BOGOTÁ D.C.,ARROZ PARA SOPA,2020-10-01,011101,D_city,1104.6357892272986
BOGOTÁ D.C.,ARROZ PARA SOPA,2020-11-01,011101,D_city,1104.7568303519247
BOGOTÁ D.C.,ARROZ PARA SOPA,2020-12-01,011101,D_city,1096.330059908491
BOGOTÁ D.C.,ARROZ PARA SOPA,2021-01-01,011101,D_city,1094.6897935442541
BOGOTÁ D.C.,ARROZ PARA SOPA,2021-02-01,011101,D_city,1090.9190218476654
BOGOTÁ D.C.,ARROZ PARA SOPA,2021-03-01,011101,D_city,1079.6321191486065
BOGOTÁ D.C.,ARROZ PARA SOPA,2021-04-01,011101,D_city,1074.489538192784
BOGOTÁ D.C.,ARROZ PARA SOPA,2021-05-01,011101,D_city,1082.1381492358532
BOGOTÁ D.C.,ARROZ PARA SOPA,2021-06-01,011101,D_city,1076.8785525392082
BOGOTÁ D.C.,ARROZ PARA SOPA,2021-07-01,011101,D_city,1061.0907774782881
BOGOTÁ D.C.,ARROZ PARA SOPA,2021-08-01,011101,D_city,1037.3000758726666
BOGOTÁ D.C.,ARROZ PARA SOPA,2021-09-01,011101,D_city,1022.3043630811544
BOGOTÁ D.C.,ARROZ PARA SOPA,2021-10-01,011101,D_city,989.9099602452036
BOGOTÁ D.C.,ARROZ PARA SOPA,2021-11-01,011101,D_city,977.8535503929986
BOGOTÁ D.C.,ARROZ PARA SOPA,2021-12-01,011101,D_city,977.66163545532
BOGOTÁ D.C.,ARROZ PARA SOPA,2022-01-01,011101,D_city,987.8733713694461
BOGOTÁ D.C.,ARROZ PARA SOPA,2022-02-01,011101,D_city,1005.3137796888165
BOGOTÁ D.C.,ARROZ PARA SOPA,2022-03-01,011101,D_city,1055.969194331808
BOGOTÁ D.C.,ARROZ PARA SOPA,2022-04-01,011101,D_city,1104.817348654848
BOGOTÁ D.C.,ARROZ PARA SOPA,2022-05-01,011101,D_city,1158.8100094484348
BOGOTÁ D.C.,ARROZ PARA SOPA,2022-06-01,011101,D_city,1192.2290562129222
BOGOTÁ D.C.,ARROZ PARA SOPA,2022-07-01,011101,D_city,1199.4680946650062
BOGOTÁ D.C.,ARROZ PARA SOPA,2022-08-01,011101,D_city,1210.1154161961126
BOGOTÁ D.C.,ARROZ PARA SOPA,2022-09-01,011101,D_city,1222.3392614255808
BOGOTÁ D.C.,ARROZ PARA SOPA,2022-10-01,011101,D_city,1240.1410525257518
BOGOTÁ D.C.,ARROZ PARA SOPA,2022-11-01,011101,D_city,1266.0880659228997
BOGOTÁ D.C.,ARROZ PARA SOPA,2022-12-01,011101,D_city,1306.4138177938462
BOGOTÁ D.C.,ARROZ PARA SOPA,2023-01-01,011101,D_city,1325.3070762722887
BOGOTÁ D.C.,ARROZ PARA SOPA,2023-02-01,011101,D_city,1339.7574443844665
BOGOTÁ D.C.,ARROZ PARA SOPA,2023-03-01,011101,D_city,1342.8051743889769
BOGOTÁ D.C.,ARROZ PARA SOPA,2023-04-01,011101,D_city,1348.6148614872052
BOGOTÁ D.C.,ARROZ PARA SOPA,2023-05-01,011101,D_city,1353.4200011461662
BOGOTÁ D.C.,ARROZ PARA SOPA,2023-06-01,011101,D_city,1342.4174561219281
BOGOTÁ D.C.,ARROZ PARA SOPA,2023-07-01,011101,D_city,1339.0366116239259
BOGOTÁ D.C.,ARROZ PARA SOPA,2023-08-01,011101,D_city,1335.3742751182306
BOGOTÁ D.C.,ARROZ PARA SOPA,2023-09-01,011101,D_city,1334.9300455431028
BOGOTÁ D.C.,ARROZ PARA SOPA,2023-10-01,011101,D_city,1337.8163389825659
BOGOTÁ D.C.,ARROZ PARA SOPA,2023-11-01,011101,D_city,1337.5389337687936
BOGOTÁ D.C.,ARROZ PARA SOPA,2023-12-01,011101,D_city,1332.6523137606157
BOGOTÁ D.C.,ARROZ PARA SOPA,2024-01-01,011101,D_city,1337.871816889248
BOGOTÁ D.C.,ARROZ PARA SOPA,2024-02-01,011101,D_city,1353.9166420002446
BOGOTÁ D.C.,ARROZ PARA SOPA,2024-03-01,011101,D_city,1346.7348763977354
BOGOTÁ D.C.,ARROZ PARA SOPA,2024-04-01,011101,D_city,1346.237033709572
BOGOTÁ D.C.,ARROZ PARA SOPA,2024-05-01,011101,D_city,1346.5136233050323
BOGOTÁ D.C.,ARROZ PARA SOPA,2024-06-01,011101,D_city,1352.2608503407216
BOGOTÁ D.C.,ARROZ PARA SOPA,2024-07-01,011101,D_city,1349.4991484269228
BOGOTÁ D.C.,ARROZ PARA SOPA,2024-08-01,011101,D_city,1337.4279643642385
BOGOTÁ D.C.,ARROZ PARA SOPA,2024-09-01,011101,D_city,1324.749865788407
BOGOTÁ D.C.,ARROZ PARA SOPA,2024-10-01,011101,D_city,1329.7609363258507
BOGOTÁ D.C.,ARROZ PARA SOPA,2024-11-01,011101,D_city,1329.093289782407
BOGOTÁ D.C.,ARROZ PARA SOPA,2024-12-01,011101,D_city,1327.9245415148152
BOGOTÁ D.C.,ARVEJA FRESCA,2019-01-01,011716,D_city,2725.795942602909
BOGOTÁ D.C.,ARVEJA FRESCA,2019-02-01,011716,D_city,2881.8271546590604
BOGOTÁ D.C.,ARVEJA FRESCA,2019-03-01,011716,D_city,2720.386261917556
BOGOTÁ D.C.,ARVEJA FRESCA,2019-04-01,011716,D_city,3154.2067129402176
BOGOTÁ D.C.,ARVEJA FRESCA,2019-05-01,011716,D_city,3040.3546221442016
BOGOTÁ D.C.,ARVEJA FRESCA,2019-06-01,011716,D_city,2936.6058951687787
BOGOTÁ D.C.,ARVEJA FRESCA,2019-07-01,011716,D_city,3109.582310380063
BOGOTÁ D.C.,ARVEJA FRESCA,2019-08-01,011716,D_city,3091.2939148334076
BOGOTÁ D.C.,ARVEJA FRESCA,2019-09-01,011716,D_city,3081.908079949345
BOGOTÁ D.C.,ARVEJA FRESCA,2019-10-01,011716,D_city,3556.3295265157963
BOGOTÁ D.C.,ARVEJA FRESCA,2019-11-01,011716,D_city,3292.009309060812
BOGOTÁ D.C.,ARVEJA FRESCA,2019-12-01,011716,D_city,3025.3565845236108
BOGOTÁ D.C.,ARVEJA FRESCA,2020-01-01,011716,D_city,3370.358187345198
BOGOTÁ D.C.,ARVEJA FRESCA,2020-02-01,011716,D_city,3589.8294458600053
BOGOTÁ D.C.,ARVEJA FRESCA,2020-03-01,011716,D_city,4348.470608890534
BOGOTÁ D.C.,ARVEJA FRESCA,2020-04-01,011716,D_city,4208.7797094622365
BOGOTÁ D.C.,ARVEJA FRESCA,2020-05-01,011716,D_city,3973.8554841325313
BOGOTÁ D.C.,ARVEJA FRESCA,2020-06-01,011716,D_city,3993.8287673397954
BOGOTÁ D.C.,ARVEJA FRESCA,2020-07-01,011716,D_city,3526.305084980699
BOGOTÁ D.C.,ARVEJA FRESCA,2020-08-01,011716,D_city,3465.5122023449458
BOGOTÁ D.C.,ARVEJA FRESCA,2020-09-01,011716,D_city,3783.57716099478
BOGOTÁ D.C.,ARVEJA FRESCA,2020-10-01,011716,D_city,3747.529461502649
BOGOTÁ D.C.,ARVEJA FRESCA,2020-11-01,011716,D_city,3546.8645623886687
BOGOTÁ D.C.,ARVEJA FRESCA,2020-12-01,011716,D_city,4042.7834983291223
BOGOTÁ D.C.,ARVEJA FRESCA,2021-01-01,011716,D_city,4469.81131566345
BOGOTÁ D.C.,ARVEJA FRESCA,2021-02-01,011716,D_city,4494.017993090174
BOGOTÁ D.C.,ARVEJA FRESCA,2021-03-01,011716,D_city,4672.1323035616115
BOGOTÁ D.C.,ARVEJA FRESCA,2021-04-01,011716,D_city,5334.372929456471
BOGOTÁ D.C.,ARVEJA FRESCA,2021-05-01,011716,D_city,5599.9685324981965
BOGOTÁ D.C.,ARVEJA FRESCA,2021-06-01,011716,D_city,5648.968717006352
BOGOTÁ D.C.,ARVEJA FRESCA,2021-07-01,011716,D_city,5839.233922839424
BOGOTÁ D.C.,ARVEJA FRESCA,2021-08-01,011716,D_city,5644.128852149586
BOGOTÁ D.C.,ARVEJA FRESCA,2021-09-01,011716,D_city,5707.893107448514
BOGOTÁ D.C.,ARVEJA FRESCA,2021-10-01,011716,D_city,5193.859644899346
BOGOTÁ D.C.,ARVEJA FRESCA,2021-11-01,011716,D_city,5227.156234341473
BOGOTÁ D.C.,ARVEJA FRESCA,2021-12-01,011716,D_city,5356.61283501838
BOGOTÁ D.C.,ARVEJA FRESCA,2022-01-01,011716,D_city,5758.726689343557
BOGOTÁ D.C.,ARVEJA FRESCA,2022-02-01,011716,D_city,6138.409337473503
BOGOTÁ D.C.,ARVEJA FRESCA,2022-03-01,011716,D_city,6639.335223166838
BOGOTÁ D.C.,ARVEJA FRESCA,2022-04-01,011716,D_city,7214.286690549547
BOGOTÁ D.C.,ARVEJA FRESCA,2022-05-01,011716,D_city,7366.983943424205
BOGOTÁ D.C.,ARVEJA FRESCA,2022-06-01,011716,D_city,7928.555687132065
BOGOTÁ D.C.,ARVEJA FRESCA,2022-07-01,011716,D_city,8581.511520697542
BOGOTÁ D.C.,ARVEJA FRESCA,2022-08-01,011716,D_city,9192.45032139443
BOGOTÁ D.C.,ARVEJA FRESCA,2022-09-01,011716,D_city,9478.389660737155
BOGOTÁ D.C.,ARVEJA FRESCA,2022-10-01,011716,D_city,8967.162297014273
BOGOTÁ D.C.,ARVEJA FRESCA,2022-11-01,011716,D_city,9047.13784644756
BOGOTÁ D.C.,ARVEJA FRESCA,2022-12-01,011716,D_city,9069.555928095651
BOGOTÁ D.C.,ARVEJA FRESCA,2023-01-01,011716,D_city,8898.63161101365
BOGOTÁ D.C.,ARVEJA FRESCA,2023-02-01,011716,D_city,9247.221275673488
BOGOTÁ D.C.,ARVEJA FRESCA,2023-03-01,011716,D_city,9575.496387832656
BOGOTÁ D.C.,ARVEJA FRESCA,2023-04-01,011716,D_city,10176.02491157535
BOGOTÁ D.C.,ARVEJA FRESCA,2023-05-01,011716,D_city,9505.70930707058
BOGOTÁ D.C.,ARVEJA FRESCA,2023-06-01,011716,D_city,8430.804547616746
BOGOTÁ D.C.,ARVEJA FRESCA,2023-07-01,011716,D_city,8263.164153354259
BOGOTÁ D.C.,ARVEJA FRESCA,2023-08-01,011716,D_city,8676.759068359283
BOGOTÁ D.C.,ARVEJA FRESCA,2023-09-01,011716,D_city,8664.087320783863
BOGOTÁ D.C.,ARVEJA FRESCA,2023-10-01,011716,D_city,8528.622199112699
BOGOTÁ D.C.,ARVEJA FRESCA,2023-11-01,011716,D_city,8297.062932463472
BOGOTÁ D.C.,ARVEJA FRESCA,2023-12-01,011716,D_city,8280.518843496819
BOGOTÁ D.C.,ARVEJA FRESCA,2024-01-01,011716,D_city,8941.434508621014
BOGOTÁ D.C.,ARVEJA FRESCA,2024-02-01,011716,D_city,9202.002550759804
BOGOTÁ D.C.,ARVEJA FRESCA,2024-03-01,011716,D_city,9556.922122614342
BOGOTÁ D.C.,ARVEJA FRESCA,2024-04-01,011716,D_city,9925.305983024005
BOGOTÁ D.C.,ARVEJA FRESCA,2024-05-01,011716,D_city,10924.024947309785
BOGOTÁ D.C.,ARVEJA FRESCA,2024-06-01,011716,D_city,12036.163187792059
BOGOTÁ D.C.,ARVEJA FRESCA,2024-07-01,011716,D_city,12338.23625983073
BOGOTÁ D.C.,ARVEJA FRESCA,2024-08-01,011716,D_city,10912.734878101095
BOGOTÁ D.C.,ARVEJA FRESCA,2024-09-01,011716,D_city,10479.448655948772
BOGOTÁ D.C.,ARVEJA FRESCA,2024-10-01,011716,D_city,10029.040340423562
BOGOTÁ D.C.,ARVEJA FRESCA,2024-11-01,011716,D_city,9724.696807184007
BOGOTÁ D.C.,ARVEJA FRESCA,2024-12-01,011716,D_city,9744.31473960174
BOGOTÁ D.C.,ARVEJA SECA,2019-01-01,011716,BASE_lowR2,1257.2402388340386
BOGOTÁ D.C.,ARVEJA SECA,2019-02-01,011716,BASE_lowR2,1295.0892524682652
BOGOTÁ D.C.,ARVEJA SECA,2019-03-01,011716,BASE_lowR2,1255.9100818053598
BOGOTÁ D.C.,ARVEJA SECA,2019-04-01,011716,BASE_lowR2,1358.936789844852
BOGOTÁ D.C.,ARVEJA SECA,2019-05-01,011716,BASE_lowR2,1332.5754960037614
BOGOTÁ D.C.,ARVEJA SECA,2019-06-01,011716,BASE_lowR2,1308.1489760225672
BOGOTÁ D.C.,ARVEJA SECA,2019-07-01,011716,BASE_lowR2,1348.6583037141515
BOGOTÁ D.C.,ARVEJA SECA,2019-08-01,011716,BASE_lowR2,1344.4259858956277
BOGOTÁ D.C.,ARVEJA SECA,2019-09-01,011716,BASE_lowR2,1342.249365303244
BOGOTÁ D.C.,ARVEJA SECA,2019-10-01,011716,BASE_lowR2,1448.6619275975552
BOGOTÁ D.C.,ARVEJA SECA,2019-11-01,011716,BASE_lowR2,1390.2559417019277
BOGOTÁ D.C.,ARVEJA SECA,2019-12-01,011716,BASE_lowR2,1329.0687183826988
BOGOTÁ D.C.,ARVEJA SECA,2020-01-01,011716,BASE_lowR2,1407.7898298072403
BOGOTÁ D.C.,ARVEJA SECA,2020-02-01,011716,BASE_lowR2,1455.9173295721673
BOGOTÁ D.C.,ARVEJA SECA,2020-03-01,011716,BASE_lowR2,1612.5130888575459
BOGOTÁ D.C.,ARVEJA SECA,2020-04-01,011716,BASE_lowR2,1584.7007146215328
BOGOTÁ D.C.,ARVEJA SECA,2020-05-01,011716,BASE_lowR2,1536.935984955336
BOGOTÁ D.C.,ARVEJA SECA,2020-06-01,011716,BASE_lowR2,1541.0473794076163
BOGOTÁ D.C.,ARVEJA SECA,2020-07-01,011716,BASE_lowR2,1442.1320658204045
BOGOTÁ D.C.,ARVEJA SECA,2020-08-01,011716,BASE_lowR2,1428.8304955336152
BOGOTÁ D.C.,ARVEJA SECA,2020-09-01,011716,BASE_lowR2,1497.2731208274565
BOGOTÁ D.C.,ARVEJA SECA,2020-10-01,011716,BASE_lowR2,1489.6549487541138
BOGOTÁ D.C.,ARVEJA SECA,2020-11-01,011716,BASE_lowR2,1446.606230371415
BOGOTÁ D.C.,ARVEJA SECA,2020-12-01,011716,BASE_lowR2,1551.08401880583
BOGOTÁ D.C.,ARVEJA SECA,2021-01-01,011716,BASE_lowR2,1636.3349920075225
BOGOTÁ D.C.,ARVEJA SECA,2021-02-01,011716,BASE_lowR2,1641.0510032910204
BOGOTÁ D.C.,ARVEJA SECA,2021-03-01,011716,BASE_lowR2,1675.3932393041846
BOGOTÁ D.C.,ARVEJA SECA,2021-04-01,011716,BASE_lowR2,1798.0095326751295
BOGOTÁ D.C.,ARVEJA SECA,2021-05-01,011716,BASE_lowR2,1845.1696455101082
BOGOTÁ D.C.,ARVEJA SECA,2021-06-01,011716,BASE_lowR2,1853.7552045133993
BOGOTÁ D.C.,ARVEJA SECA,2021-07-01,011716,BASE_lowR2,1886.7672834978844
BOGOTÁ D.C.,ARVEJA SECA,2021-08-01,011716,BASE_lowR2,1852.9087409496942
BOGOTÁ D.C.,ARVEJA SECA,2021-09-01,011716,BASE_lowR2,1864.0336906440998
BOGOTÁ D.C.,ARVEJA SECA,2021-10-01,011716,BASE_lowR2,1772.615625763987
BOGOTÁ D.C.,ARVEJA SECA,2021-11-01,011716,BASE_lowR2,1778.6617940761637
BOGOTÁ D.C.,ARVEJA SECA,2021-12-01,011716,BASE_lowR2,1802.000003761166
BOGOTÁ D.C.,ARVEJA SECA,2022-01-01,011716,BASE_lowR2,1872.8610963798778
BOGOTÁ D.C.,ARVEJA SECA,2022-02-01,011716,BASE_lowR2,1937.676020686413
BOGOTÁ D.C.,ARVEJA SECA,2022-03-01,011716,BASE_lowR2,2020.3876031969912
BOGOTÁ D.C.,ARVEJA SECA,2022-04-01,011716,BASE_lowR2,2111.8056680771037
BOGOTÁ D.C.,ARVEJA SECA,2022-05-01,011716,BASE_lowR2,2135.506647860837
BOGOTÁ D.C.,ARVEJA SECA,2022-06-01,011716,BASE_lowR2,2220.75762106253
BOGOTÁ D.C.,ARVEJA SECA,2022-07-01,011716,BASE_lowR2,2316.408003761166
BOGOTÁ D.C.,ARVEJA SECA,2022-08-01,011716,BASE_lowR2,2402.868210625294
BOGOTÁ D.C.,ARVEJA SECA,2022-09-01,011716,BASE_lowR2,2442.41015138693
BOGOTÁ D.C.,ARVEJA SECA,2022-10-01,011716,BASE_lowR2,2371.307212035731
BOGOTÁ D.C.,ARVEJA SECA,2022-11-01,011716,BASE_lowR2,2382.55308509638
BOGOTÁ D.C.,ARVEJA SECA,2022-12-01,011716,BASE_lowR2,2385.697092618712
BOGOTÁ D.C.,ARVEJA SECA,2023-01-01,011716,BASE_lowR2,2361.6333427362483
BOGOTÁ D.C.,ARVEJA SECA,2023-02-01,011716,BASE_lowR2,2410.4863826986366
BOGOTÁ D.C.,ARVEJA SECA,2023-03-01,011716,BASE_lowR2,2455.7117216737192
BOGOTÁ D.C.,ARVEJA SECA,2023-04-01,011716,BASE_lowR2,2536.6094536906444
BOGOTÁ D.C.,ARVEJA SECA,2023-05-01,011716,BASE_lowR2,2446.1587757404795
BOGOTÁ D.C.,ARVEJA SECA,2023-06-01,011716,BASE_lowR2,2294.6417978373297
BOGOTÁ D.C.,ARVEJA SECA,2023-07-01,011716,BASE_lowR2,2270.215277856136
BOGOTÁ D.C.,ARVEJA SECA,2023-08-01,011716,BASE_lowR2,2330.0723441466857
BOGOTÁ D.C.,ARVEJA SECA,2023-09-01,011716,BASE_lowR2,2328.2584936530325
BOGOTÁ D.C.,ARVEJA SECA,2023-10-01,011716,BASE_lowR2,2308.789831687823
BOGOTÁ D.C.,ARVEJA SECA,2023-11-01,011716,BASE_lowR2,2275.1731358721204
BOGOTÁ D.C.,ARVEJA SECA,2023-12-01,011716,BASE_lowR2,2272.7546685472494
BOGOTÁ D.C.,ARVEJA SECA,2024-01-01,011716,BASE_lowR2,2367.6795110484254
BOGOTÁ D.C.,ARVEJA SECA,2024-02-01,011716,BASE_lowR2,2404.1983676539726
BOGOTÁ D.C.,ARVEJA SECA,2024-03-01,011716,BASE_lowR2,2453.1723309826048
BOGOTÁ D.C.,ARVEJA SECA,2024-04-01,011716,BASE_lowR2,2503.1136812411846
BOGOTÁ D.C.,ARVEJA SECA,2024-05-01,011716,BASE_lowR2,2634.315533615421
BOGOTÁ D.C.,ARVEJA SECA,2024-06-01,011716,BASE_lowR2,2773.9820216267044
BOGOTÁ D.C.,ARVEJA SECA,2024-07-01,011716,BASE_lowR2,2810.8636483309824
BOGOTÁ D.C.,ARVEJA SECA,2024-08-01,011716,BASE_lowR2,2632.864453220498
BOGOTÁ D.C.,ARVEJA SECA,2024-09-01,011716,BASE_lowR2,2576.6350879172546
BOGOTÁ D.C.,ARVEJA SECA,2024-10-01,011716,BASE_lowR2,2517.0198683591916
BOGOTÁ D.C.,ARVEJA SECA,2024-11-01,011716,BASE_lowR2,2476.026847202633
BOGOTÁ D.C.,ARVEJA SECA,2024-12-01,011716,BASE_lowR2,2478.6871612599907
BOGOTÁ D.C.,ARVEJA TARRO,2019-01-01,011703,D_city,4279.199707572063
BOGOTÁ D.C.,ARVEJA TARRO,2019-02-01,011703,D_city,4262.131985893235
BOGOTÁ D.C.,ARVEJA TARRO,2019-03-01,011703,D_city,4221.000768332666
BOGOTÁ D.C.,ARVEJA TARRO,2019-04-01,011703,D_city,4292.767457541216
BOGOTÁ D.C.,ARVEJA TARRO,2019-05-01,011703,D_city,4285.76462650024
BOGOTÁ D.C.,ARVEJA TARRO,2019-06-01,011703,D_city,4357.5558493424205
BOGOTÁ D.C.,ARVEJA TARRO,2019-07-01,011703,D_city,4471.425916642187
BOGOTÁ D.C.,ARVEJA TARRO,2019-08-01,011703,D_city,4505.161651265539
BOGOTÁ D.C.,ARVEJA TARRO,2019-09-01,011703,D_city,4482.378447830554
BOGOTÁ D.C.,ARVEJA TARRO,2019-10-01,011703,D_city,4474.492564238308
BOGOTÁ D.C.,ARVEJA TARRO,2019-11-01,011703,D_city,4446.894452031247
BOGOTÁ D.C.,ARVEJA TARRO,2019-12-01,011703,D_city,4430.249844107391
BOGOTÁ D.C.,ARVEJA TARRO,2020-01-01,011703,D_city,4457.407562823743
BOGOTÁ D.C.,ARVEJA TARRO,2020-02-01,011703,D_city,4423.679993409568
BOGOTÁ D.C.,ARVEJA TARRO,2020-03-01,011703,D_city,4348.361566981768
BOGOTÁ D.C.,ARVEJA TARRO,2020-04-01,011703,D_city,4413.606651318884
BOGOTÁ D.C.,ARVEJA TARRO,2020-05-01,011703,D_city,4487.1977535237465
BOGOTÁ D.C.,ARVEJA TARRO,2020-06-01,011703,D_city,4501.218217543904
BOGOTÁ D.C.,ARVEJA TARRO,2020-07-01,011703,D_city,4513.48693447418
BOGOTÁ D.C.,ARVEJA TARRO,2020-08-01,011703,D_city,4479.31167798213
BOGOTÁ D.C.,ARVEJA TARRO,2020-09-01,011703,D_city,4474.054468811585
BOGOTÁ D.C.,ARVEJA TARRO,2020-10-01,011703,D_city,4513.925116907455
BOGOTÁ D.C.,ARVEJA TARRO,2020-11-01,011703,D_city,4536.273695520495
BOGOTÁ D.C.,ARVEJA TARRO,2020-12-01,011703,D_city,4544.162024751745
BOGOTÁ D.C.,ARVEJA TARRO,2021-01-01,011703,D_city,4541.0943043067255
BOGOTÁ D.C.,ARVEJA TARRO,2021-02-01,011703,D_city,4634.899958370745
BOGOTÁ D.C.,ARVEJA TARRO,2021-03-01,011703,D_city,4634.899958370745
BOGOTÁ D.C.,ARVEJA TARRO,2021-04-01,011703,D_city,4680.06478462167
BOGOTÁ D.C.,ARVEJA TARRO,2021-05-01,011703,D_city,4694.975732678059
BOGOTÁ D.C.,ARVEJA TARRO,2021-06-01,011703,D_city,4745.856425933157
BOGOTÁ D.C.,ARVEJA TARRO,2021-07-01,011703,D_city,4754.6302108556
BOGOTÁ D.C.,ARVEJA TARRO,2021-08-01,011703,D_city,4852.043686544878
BOGOTÁ D.C.,ARVEJA TARRO,2021-09-01,011703,D_city,4762.965645947332
BOGOTÁ D.C.,ARVEJA TARRO,2021-10-01,011703,D_city,4800.259784795683
BOGOTÁ D.C.,ARVEJA TARRO,2021-11-01,011703,D_city,4831.855246803714
BOGOTÁ D.C.,ARVEJA TARRO,2021-12-01,011703,D_city,4848.532516760723
BOGOTÁ D.C.,ARVEJA TARRO,2022-01-01,011703,D_city,5004.83469260843
BOGOTÁ D.C.,ARVEJA TARRO,2022-02-01,011703,D_city,5120.81575246835
BOGOTÁ D.C.,ARVEJA TARRO,2022-03-01,011703,D_city,5187.619792434816
BOGOTÁ D.C.,ARVEJA TARRO,2022-04-01,011703,D_city,5301.934879249599
BOGOTÁ D.C.,ARVEJA TARRO,2022-05-01,011703,D_city,5340.198985184822
BOGOTÁ D.C.,ARVEJA TARRO,2022-06-01,011703,D_city,5556.7046711534995
BOGOTÁ D.C.,ARVEJA TARRO,2022-07-01,011703,D_city,5631.117952657834
BOGOTÁ D.C.,ARVEJA TARRO,2022-08-01,011703,D_city,5662.827431287683
BOGOTÁ D.C.,ARVEJA TARRO,2022-09-01,011703,D_city,5764.58903437838
BOGOTÁ D.C.,ARVEJA TARRO,2022-10-01,011703,D_city,5889.313379658064
BOGOTÁ D.C.,ARVEJA TARRO,2022-11-01,011703,D_city,6208.665612962354
BOGOTÁ D.C.,ARVEJA TARRO,2022-12-01,011703,D_city,6498.34545335859
BOGOTÁ D.C.,ARVEJA TARRO,2023-01-01,011703,D_city,6580.092137123455
BOGOTÁ D.C.,ARVEJA TARRO,2023-02-01,011703,D_city,6873.241527052341
BOGOTÁ D.C.,ARVEJA TARRO,2023-03-01,011703,D_city,7053.3400684105045
BOGOTÁ D.C.,ARVEJA TARRO,2023-04-01,011703,D_city,7444.424582471894
BOGOTÁ D.C.,ARVEJA TARRO,2023-05-01,011703,D_city,7471.459211726682
BOGOTÁ D.C.,ARVEJA TARRO,2023-06-01,011703,D_city,7550.359775003377
BOGOTÁ D.C.,ARVEJA TARRO,2023-07-01,011703,D_city,7488.744807582745
BOGOTÁ D.C.,ARVEJA TARRO,2023-08-01,011703,D_city,7532.627678840727
BOGOTÁ D.C.,ARVEJA TARRO,2023-09-01,011703,D_city,7631.9395245253045
BOGOTÁ D.C.,ARVEJA TARRO,2023-10-01,011703,D_city,7668.302088196796
BOGOTÁ D.C.,ARVEJA TARRO,2023-11-01,011703,D_city,7977.539704109855
BOGOTÁ D.C.,ARVEJA TARRO,2023-12-01,011703,D_city,8125.822173931293
BOGOTÁ D.C.,ARVEJA TARRO,2024-01-01,011703,D_city,8394.572943169427
BOGOTÁ D.C.,ARVEJA TARRO,2024-02-01,011703,D_city,8227.524365405132
BOGOTÁ D.C.,ARVEJA TARRO,2024-03-01,011703,D_city,8136.923639001679
BOGOTÁ D.C.,ARVEJA TARRO,2024-04-01,011703,D_city,8304.819312199315
BOGOTÁ D.C.,ARVEJA TARRO,2024-05-01,011703,D_city,8196.87746252669
BOGOTÁ D.C.,ARVEJA TARRO,2024-06-01,011703,D_city,8096.071941354892
BOGOTÁ D.C.,ARVEJA TARRO,2024-07-01,011703,D_city,8171.118303299049
BOGOTÁ D.C.,ARVEJA TARRO,2024-08-01,011703,D_city,8340.807006344707
BOGOTÁ D.C.,ARVEJA TARRO,2024-09-01,011703,D_city,8418.125769828046
BOGOTÁ D.C.,ARVEJA TARRO,2024-10-01,011703,D_city,8169.7859829306935
BOGOTÁ D.C.,ARVEJA TARRO,2024-11-01,011703,D_city,8185.77415166903
BOGOTÁ D.C.,ARVEJA TARRO,2024-12-01,011703,D_city,8072.539927381102
BOGOTÁ D.C.,AVENA HOJUELAS,2019-01-01,011103,D_city,5138.02771679898
BOGOTÁ D.C.,AVENA HOJUELAS,2019-02-01,011103,D_city,5035.111482402419
BOGOTÁ D.C.,AVENA HOJUELAS,2019-03-01,011103,D_city,4997.392891335823
BOGOTÁ D.C.,AVENA HOJUELAS,2019-04-01,011103,D_city,4986.932260374607
BOGOTÁ D.C.,AVENA HOJUELAS,2019-05-01,011103,D_city,4964.63420320873
BOGOTÁ D.C.,AVENA HOJUELAS,2019-06-01,011103,D_city,4967.820673104784
BOGOTÁ D.C.,AVENA HOJUELAS,2019-07-01,011103,D_city,4962.813208311044
BOGOTÁ D.C.,AVENA HOJUELAS,2019-08-01,011103,D_city,4995.573916801277
BOGOTÁ D.C.,AVENA HOJUELAS,2019-09-01,011103,D_city,5015.576500882184
BOGOTÁ D.C.,AVENA HOJUELAS,2019-10-01,011103,D_city,4997.392891335823
BOGOTÁ D.C.,AVENA HOJUELAS,2019-11-01,011103,D_city,4991.48081533021
BOGOTÁ D.C.,AVENA HOJUELAS,2019-12-01,011103,D_city,4995.11915570458
BOGOTÁ D.C.,AVENA HOJUELAS,2020-01-01,011103,D_city,5020.1206639495695
BOGOTÁ D.C.,AVENA HOJUELAS,2020-02-01,011103,D_city,4975.1027382910515
BOGOTÁ D.C.,AVENA HOJUELAS,2020-03-01,011103,D_city,5020.57504207011
BOGOTÁ D.C.,AVENA HOJUELAS,2020-04-01,011103,D_city,5055.995220752857
BOGOTÁ D.C.,AVENA HOJUELAS,2020-05-01,011103,D_city,5085.933456829357
BOGOTÁ D.C.,AVENA HOJUELAS,2020-06-01,011103,D_city,5128.521528399922
BOGOTÁ D.C.,AVENA HOJUELAS,2020-07-01,011103,D_city,5161.101835812616
BOGOTÁ D.C.,AVENA HOJUELAS,2020-08-01,011103,D_city,5205.391598642549
BOGOTÁ D.C.,AVENA HOJUELAS,2020-09-01,011103,D_city,5260.439180662186
BOGOTÁ D.C.,AVENA HOJUELAS,2020-10-01,011103,D_city,5295.132289371152
BOGOTÁ D.C.,AVENA HOJUELAS,2020-11-01,011103,D_city,5317.639742166843
BOGOTÁ D.C.,AVENA HOJUELAS,2020-12-01,011103,D_city,5316.739753110517
BOGOTÁ D.C.,AVENA HOJUELAS,2021-01-01,011103,D_city,5427.247287808723
BOGOTÁ D.C.,AVENA HOJUELAS,2021-02-01,011103,D_city,5433.973206299942
BOGOTÁ D.C.,AVENA HOJUELAS,2021-03-01,011103,D_city,5583.377346332029
BOGOTÁ D.C.,AVENA HOJUELAS,2021-04-01,011103,D_city,5610.5904838308825
BOGOTÁ D.C.,AVENA HOJUELAS,2021-05-01,011103,D_city,5667.176105243958
BOGOTÁ D.C.,AVENA HOJUELAS,2021-06-01,011103,D_city,5704.995119642101
BOGOTÁ D.C.,AVENA HOJUELAS,2021-07-01,011103,D_city,5710.330861688406
BOGOTÁ D.C.,AVENA HOJUELAS,2021-08-01,011103,D_city,5696.100343955119
BOGOTÁ D.C.,AVENA HOJUELAS,2021-09-01,011103,D_city,5732.109755470919
BOGOTÁ D.C.,AVENA HOJUELAS,2021-10-01,011103,D_city,5728.110598798949
BOGOTÁ D.C.,AVENA HOJUELAS,2021-11-01,011103,D_city,5744.9927266257555
BOGOTÁ D.C.,AVENA HOJUELAS,2021-12-01,011103,D_city,5759.202763755518
BOGOTÁ D.C.,AVENA HOJUELAS,2022-01-01,011103,D_city,5866.918635073598
BOGOTÁ D.C.,AVENA HOJUELAS,2022-02-01,011103,D_city,5907.170608620194
BOGOTÁ D.C.,AVENA HOJUELAS,2022-03-01,011103,D_city,5960.620925917144
BOGOTÁ D.C.,AVENA HOJUELAS,2022-04-01,011103,D_city,5965.476026302693
BOGOTÁ D.C.,AVENA HOJUELAS,2022-05-01,011103,D_city,5965.034681102126
BOGOTÁ D.C.,AVENA HOJUELAS,2022-06-01,011103,D_city,6018.397602694162
BOGOTÁ D.C.,AVENA HOJUELAS,2022-07-01,011103,D_city,6040.425063053494
BOGOTÁ D.C.,AVENA HOJUELAS,2022-08-01,011103,D_city,6029.413030424629
BOGOTÁ D.C.,AVENA HOJUELAS,2022-09-01,011103,D_city,6173.185223712594
BOGOTÁ D.C.,AVENA HOJUELAS,2022-10-01,011103,D_city,6249.89518452628
BOGOTÁ D.C.,AVENA HOJUELAS,2022-11-01,011103,D_city,6310.274518821136
BOGOTÁ D.C.,AVENA HOJUELAS,2022-12-01,011103,D_city,6330.379270959815
BOGOTÁ D.C.,AVENA HOJUELAS,2023-01-01,011103,D_city,6503.449224269075
BOGOTÁ D.C.,AVENA HOJUELAS,2023-02-01,011103,D_city,6702.5848737937295
BOGOTÁ D.C.,AVENA HOJUELAS,2023-03-01,011103,D_city,6770.036763942213
BOGOTÁ D.C.,AVENA HOJUELAS,2023-04-01,011103,D_city,6824.434410286383
BOGOTÁ D.C.,AVENA HOJUELAS,2023-05-01,011103,D_city,6957.100353295437
BOGOTÁ D.C.,AVENA HOJUELAS,2023-06-01,011103,D_city,6979.45621233354
BOGOTÁ D.C.,AVENA HOJUELAS,2023-07-01,011103,D_city,7048.1679402237705
BOGOTÁ D.C.,AVENA HOJUELAS,2023-08-01,011103,D_city,7125.333804212823
BOGOTÁ D.C.,AVENA HOJUELAS,2023-09-01,011103,D_city,7171.137780089289
BOGOTÁ D.C.,AVENA HOJUELAS,2023-10-01,011103,D_city,7207.488944745444
BOGOTÁ D.C.,AVENA HOJUELAS,2023-11-01,011103,D_city,7196.800644055872
BOGOTÁ D.C.,AVENA HOJUELAS,2023-12-01,011103,D_city,7204.068979724757
BOGOTÁ D.C.,AVENA HOJUELAS,2024-01-01,011103,D_city,7207.916421115697
BOGOTÁ D.C.,AVENA HOJUELAS,2024-02-01,011103,D_city,7156.160619385319
BOGOTÁ D.C.,AVENA HOJUELAS,2024-03-01,011103,D_city,7162.152117836048
BOGOTÁ D.C.,AVENA HOJUELAS,2024-04-01,011103,D_city,7127.903563939612
BOGOTÁ D.C.,AVENA HOJUELAS,2024-05-01,011103,D_city,7088.912035831945
BOGOTÁ D.C.,AVENA HOJUELAS,2024-06-01,011103,D_city,7121.478871330034
BOGOTÁ D.C.,AVENA HOJUELAS,2024-07-01,011103,D_city,7074.334490765289
BOGOTÁ D.C.,AVENA HOJUELAS,2024-08-01,011103,D_city,6994.926267278397
BOGOTÁ D.C.,AVENA HOJUELAS,2024-09-01,011103,D_city,6917.948381436571
BOGOTÁ D.C.,AVENA HOJUELAS,2024-10-01,011103,D_city,6898.573703179458
BOGOTÁ D.C.,AVENA HOJUELAS,2024-11-01,011103,D_city,6683.106341422964
BOGOTÁ D.C.,AVENA HOJUELAS,2024-12-01,011103,D_city,6714.700028295778
BOGOTÁ D.C.,AVENA MOLIDA,2019-01-01,011103,D_city,6325.297931926653
BOGOTÁ D.C.,AVENA MOLIDA,2019-02-01,011103,D_city,6247.321115361861
BOGOTÁ D.C.,AVENA MOLIDA,2019-03-01,011103,D_city,6218.588645730265
BOGOTÁ D.C.,AVENA MOLIDA,2019-04-01,011103,D_city,6210.605320428471
BOGOTÁ D.C.,AVENA MOLIDA,2019-05-01,011103,D_city,6193.566269855106
BOGOTÁ D.C.,AVENA MOLIDA,2019-06-01,011103,D_city,6196.003020185643
BOGOTÁ D.C.,AVENA MOLIDA,2019-07-01,011103,D_city,6192.173450855369
BOGOTÁ D.C.,AVENA MOLIDA,2019-08-01,011103,D_city,6217.200908826579
BOGOTÁ D.C.,AVENA MOLIDA,2019-09-01,011103,D_city,6232.450607771822
BOGOTÁ D.C.,AVENA MOLIDA,2019-10-01,011103,D_city,6218.588645730265
BOGOTÁ D.C.,AVENA MOLIDA,2019-11-01,011103,D_city,6214.077473737929
BOGOTÁ D.C.,AVENA MOLIDA,2019-12-01,011103,D_city,6216.853930727778
BOGOTÁ D.C.,AVENA MOLIDA,2020-01-01,011103,D_city,6235.911733610988
BOGOTÁ D.C.,AVENA MOLIDA,2020-02-01,011103,D_city,6201.569476043743
BOGOTÁ D.C.,AVENA MOLIDA,2020-03-01,011103,D_city,6236.257750427116
BOGOTÁ D.C.,AVENA MOLIDA,2020-04-01,011103,D_city,6263.193661877269
BOGOTÁ D.C.,AVENA MOLIDA,2020-05-01,011103,D_city,6285.903839652419
BOGOTÁ D.C.,AVENA MOLIDA,2020-06-01,011103,D_city,6318.120846438523
BOGOTÁ D.C.,AVENA MOLIDA,2020-07-01,011103,D_city,6342.6973430400985
BOGOTÁ D.C.,AVENA MOLIDA,2020-08-01,011103,D_city,6376.010647946903
BOGOTÁ D.C.,AVENA MOLIDA,2020-09-01,011103,D_city,6417.2631533270705
BOGOTÁ D.C.,AVENA MOLIDA,2020-10-01,011103,D_city,6443.176281740306
BOGOTÁ D.C.,AVENA MOLIDA,2020-11-01,011103,D_city,6459.952518543576
BOGOTÁ D.C.,AVENA MOLIDA,2020-12-01,011103,D_city,6459.282227431596
BOGOTÁ D.C.,AVENA MOLIDA,2021-01-01,011103,D_city,6541.2605551804745
BOGOTÁ D.C.,AVENA MOLIDA,2021-02-01,011103,D_city,6546.229119915621
BOGOTÁ D.C.,AVENA MOLIDA,2021-03-01,011103,D_city,6655.990773062262
BOGOTÁ D.C.,AVENA MOLIDA,2021-04-01,011103,D_city,6675.86028250277
BOGOTÁ D.C.,AVENA MOLIDA,2021-05-01,011103,D_city,6717.0569459419075
BOGOTÁ D.C.,AVENA MOLIDA,2021-06-01,011103,D_city,6744.502042984906
BOGOTÁ D.C.,AVENA MOLIDA,2021-07-01,011103,D_city,6748.368493686574
BOGOTÁ D.C.,AVENA MOLIDA,2021-08-01,011103,D_city,6738.053489782203
BOGOTÁ D.C.,AVENA MOLIDA,2021-09-01,011103,D_city,6764.135705982466
BOGOTÁ D.C.,AVENA MOLIDA,2021-10-01,011103,D_city,6761.2421861359135
BOGOTÁ D.C.,AVENA MOLIDA,2021-11-01,011103,D_city,6773.451647574561
BOGOTÁ D.C.,AVENA MOLIDA,2021-12-01,011103,D_city,6783.7178475488045
BOGOTÁ D.C.,AVENA MOLIDA,2022-01-01,011103,D_city,6861.222152941943
BOGOTÁ D.C.,AVENA MOLIDA,2022-02-01,011103,D_city,6890.042895136097
BOGOTÁ D.C.,AVENA MOLIDA,2022-03-01,011103,D_city,6928.196583030258
BOGOTÁ D.C.,AVENA MOLIDA,2022-04-01,011103,D_city,6931.655658918106
BOGOTÁ D.C.,AVENA MOLIDA,2022-05-01,011103,D_city,6931.341262132923
BOGOTÁ D.C.,AVENA MOLIDA,2022-06-01,011103,D_city,6969.289907798749
BOGOTÁ D.C.,AVENA MOLIDA,2022-07-01,011103,D_city,6984.916582185614
BOGOTÁ D.C.,AVENA MOLIDA,2022-08-01,011103,D_city,6977.1072105556905
BOGOTÁ D.C.,AVENA MOLIDA,2022-09-01,011103,D_city,7078.636313452193
BOGOTÁ D.C.,AVENA MOLIDA,2022-10-01,011103,D_city,7132.432842894405
BOGOTÁ D.C.,AVENA MOLIDA,2022-11-01,011103,D_city,7174.597249057726
BOGOTÁ D.C.,AVENA MOLIDA,2022-12-01,011103,D_city,7188.6022197132515
BOGOTÁ D.C.,AVENA MOLIDA,2023-01-01,011103,D_city,7308.45923386168
BOGOTÁ D.C.,AVENA MOLIDA,2023-02-01,011103,D_city,7444.851020817905
BOGOTÁ D.C.,AVENA MOLIDA,2023-03-01,011103,D_city,7490.693376782902
BOGOTÁ D.C.,AVENA MOLIDA,2023-04-01,011103,D_city,7527.535066473216
BOGOTÁ D.C.,AVENA MOLIDA,2023-05-01,011103,D_city,7616.911959527589
BOGOTÁ D.C.,AVENA MOLIDA,2023-06-01,011103,D_city,7631.907908147244
BOGOTÁ D.C.,AVENA MOLIDA,2023-07-01,011103,D_city,7677.882699175644
BOGOTÁ D.C.,AVENA MOLIDA,2023-08-01,011103,D_city,7729.307875652681
BOGOTÁ D.C.,AVENA MOLIDA,2023-09-01,011103,D_city,7759.730824032457
BOGOTÁ D.C.,AVENA MOLIDA,2023-10-01,011103,D_city,7783.821743760455
BOGOTÁ D.C.,AVENA MOLIDA,2023-11-01,011103,D_city,7776.74320155695
BOGOTÁ D.C.,AVENA MOLIDA,2023-12-01,011103,D_city,7781.557245281344
BOGOTÁ D.C.,AVENA MOLIDA,2024-01-01,011103,D_city,7784.104764083824
BOGOTÁ D.C.,AVENA MOLIDA,2024-02-01,011103,D_city,7749.791306697641
BOGOTÁ D.C.,AVENA MOLIDA,2024-03-01,011103,D_city,7753.768499533837
BOGOTÁ D.C.,AVENA MOLIDA,2024-04-01,011103,D_city,7731.016707020904
BOGOTÁ D.C.,AVENA MOLIDA,2024-05-01,011103,D_city,7705.062533683695
BOGOTÁ D.C.,AVENA MOLIDA,2024-06-01,011103,D_city,7726.743986314737
BOGOTÁ D.C.,AVENA MOLIDA,2024-07-01,011103,D_city,7695.345012768056
BOGOTÁ D.C.,AVENA MOLIDA,2024-08-01,011103,D_city,7642.274091797153
BOGOTÁ D.C.,AVENA MOLIDA,2024-09-01,011103,D_city,7590.604450253328
BOGOTÁ D.C.,AVENA MOLIDA,2024-10-01,011103,D_city,7577.564657184435
BOGOTÁ D.C.,AVENA MOLIDA,2024-11-01,011103,D_city,7431.579644647232
BOGOTÁ D.C.,AVENA MOLIDA,2024-12-01,011103,D_city,7453.097953846858
BOGOTÁ D.C.,AZÚCAR NATURAL O MORENA,2019-01-01,011801,D_city,1493.7796392969785
BOGOTÁ D.C.,AZÚCAR NATURAL O MORENA,2019-02-01,011801,D_city,1487.5663198135958
BOGOTÁ D.C.,AZÚCAR NATURAL O MORENA,2019-03-01,011801,D_city,1478.098158065486
BOGOTÁ D.C.,AZÚCAR NATURAL O MORENA,2019-04-01,011801,D_city,1511.5312800604445
BOGOTÁ D.C.,AZÚCAR NATURAL O MORENA,2019-05-01,011801,D_city,1572.9145190007332
BOGOTÁ D.C.,AZÚCAR NATURAL O MORENA,2019-06-01,011801,D_city,1610.1824007950026
BOGOTÁ D.C.,AZÚCAR NATURAL O MORENA,2019-07-01,011801,D_city,1605.006562790563
BOGOTÁ D.C.,AZÚCAR NATURAL O MORENA,2019-08-01,011801,D_city,1619.2029510335547
BOGOTÁ D.C.,AZÚCAR NATURAL O MORENA,2019-09-01,011801,D_city,1606.041736969551
BOGOTÁ D.C.,AZÚCAR NATURAL O MORENA,2019-10-01,011801,D_city,1574.541381794565
BOGOTÁ D.C.,AZÚCAR NATURAL O MORENA,2019-11-01,011801,D_city,1579.8656021031288
BOGOTÁ D.C.,AZÚCAR NATURAL O MORENA,2019-12-01,011801,D_city,1573.210312853084
BOGOTÁ D.C.,AZÚCAR NATURAL O MORENA,2020-01-01,011801,D_city,1571.2876479068027
BOGOTÁ D.C.,AZÚCAR NATURAL O MORENA,2020-02-01,011801,D_city,1568.3296791702671
BOGOTÁ D.C.,AZÚCAR NATURAL O MORENA,2020-03-01,011801,D_city,1563.005266060434
BOGOTÁ D.C.,AZÚCAR NATURAL O MORENA,2020-04-01,011801,D_city,1592.8799908686483
BOGOTÁ D.C.,AZÚCAR NATURAL O MORENA,2020-05-01,011801,D_city,1592.2884391540344
BOGOTÁ D.C.,AZÚCAR NATURAL O MORENA,2020-06-01,011801,D_city,1595.5419601802041
BOGOTÁ D.C.,AZÚCAR NATURAL O MORENA,2020-07-01,011801,D_city,1598.795448481411
BOGOTÁ D.C.,AZÚCAR NATURAL O MORENA,2020-08-01,011801,D_city,1589.4785536986317
BOGOTÁ D.C.,AZÚCAR NATURAL O MORENA,2020-09-01,011801,D_city,1589.182774857678
BOGOTÁ D.C.,AZÚCAR NATURAL O MORENA,2020-10-01,011801,D_city,1582.971356391543
BOGOTÁ D.C.,AZÚCAR NATURAL O MORENA,2020-11-01,011801,D_city,1585.7812986564181
BOGOTÁ D.C.,AZÚCAR NATURAL O MORENA,2020-12-01,011801,D_city,1592.4363271843013
BOGOTÁ D.C.,AZÚCAR NATURAL O MORENA,2021-01-01,011801,D_city,1595.3940735712847
BOGOTÁ D.C.,AZÚCAR NATURAL O MORENA,2021-02-01,011801,D_city,1598.0560221921285
BOGOTÁ D.C.,AZÚCAR NATURAL O MORENA,2021-03-01,011801,D_city,1586.5207530633509
BOGOTÁ D.C.,AZÚCAR NATURAL O MORENA,2021-04-01,011801,D_city,1625.7094234715225
BOGOTÁ D.C.,AZÚCAR NATURAL O MORENA,2021-05-01,011801,D_city,1650.551141183185
BOGOTÁ D.C.,AZÚCAR NATURAL O MORENA,2021-06-01,011801,D_city,1758.3254383671729
BOGOTÁ D.C.,AZÚCAR NATURAL O MORENA,2021-07-01,011801,D_city,1757.1429106107523
BOGOTÁ D.C.,AZÚCAR NATURAL O MORENA,2021-08-01,011801,D_city,1765.5683353756501
BOGOTÁ D.C.,AZÚCAR NATURAL O MORENA,2021-09-01,011801,D_city,1760.5426673391373
BOGOTÁ D.C.,AZÚCAR NATURAL O MORENA,2021-10-01,011801,D_city,1761.429555070257
BOGOTÁ D.C.,AZÚCAR NATURAL O MORENA,2021-11-01,011801,D_city,1762.4642546393418
BOGOTÁ D.C.,AZÚCAR NATURAL O MORENA,2021-12-01,011801,D_city,1772.5154662176242
BOGOTÁ D.C.,AZÚCAR NATURAL O MORENA,2022-01-01,011801,D_city,1789.3653968763922
BOGOTÁ D.C.,AZÚCAR NATURAL O MORENA,2022-02-01,011801,D_city,1784.1922561542326
BOGOTÁ D.C.,AZÚCAR NATURAL O MORENA,2022-03-01,011801,D_city,1797.4944690455172
BOGOTÁ D.C.,AZÚCAR NATURAL O MORENA,2022-04-01,011801,D_city,1816.1167521429688
BOGOTÁ D.C.,AZÚCAR NATURAL O MORENA,2022-05-01,011801,D_city,1879.3664199559248
BOGOTÁ D.C.,AZÚCAR NATURAL O MORENA,2022-06-01,011801,D_city,1989.8805554158603
BOGOTÁ D.C.,AZÚCAR NATURAL O MORENA,2022-07-01,011801,D_city,2104.056546351864
BOGOTÁ D.C.,AZÚCAR NATURAL O MORENA,2022-08-01,011801,D_city,2242.4153319091574
BOGOTÁ D.C.,AZÚCAR NATURAL O MORENA,2022-09-01,011801,D_city,2393.572582049165
BOGOTÁ D.C.,AZÚCAR NATURAL O MORENA,2022-10-01,011801,D_city,2458.065606853444
BOGOTÁ D.C.,AZÚCAR NATURAL O MORENA,2022-11-01,011801,D_city,2517.2383563049416
BOGOTÁ D.C.,AZÚCAR NATURAL O MORENA,2022-12-01,011801,D_city,2548.666467704096
BOGOTÁ D.C.,AZÚCAR NATURAL O MORENA,2023-01-01,011801,D_city,2561.502750741424
BOGOTÁ D.C.,AZÚCAR NATURAL O MORENA,2023-02-01,011801,D_city,2553.0928081415045
BOGOTÁ D.C.,AZÚCAR NATURAL O MORENA,2023-03-01,011801,D_city,2528.599914470983
BOGOTÁ D.C.,AZÚCAR NATURAL O MORENA,2023-04-01,011801,D_city,2533.026427346149
BOGOTÁ D.C.,AZÚCAR NATURAL O MORENA,2023-05-01,011801,D_city,2554.420702888319
BOGOTÁ D.C.,AZÚCAR NATURAL O MORENA,2023-06-01,011801,D_city,2528.0097098677643
BOGOTÁ D.C.,AZÚCAR NATURAL O MORENA,2023-07-01,011801,D_city,2527.567055969312
BOGOTÁ D.C.,AZÚCAR NATURAL O MORENA,2023-08-01,011801,D_city,2527.7146073112813
BOGOTÁ D.C.,AZÚCAR NATURAL O MORENA,2023-09-01,011801,D_city,2512.221483948172
BOGOTÁ D.C.,AZÚCAR NATURAL O MORENA,2023-10-01,011801,D_city,2505.581429823718
BOGOTÁ D.C.,AZÚCAR NATURAL O MORENA,2023-11-01,011801,D_city,2548.0762861155163
BOGOTÁ D.C.,AZÚCAR NATURAL O MORENA,2023-12-01,011801,D_city,2588.9447763412413
BOGOTÁ D.C.,AZÚCAR NATURAL O MORENA,2024-01-01,011801,D_city,2608.418890941449
BOGOTÁ D.C.,AZÚCAR NATURAL O MORENA,2024-02-01,011801,D_city,2647.807526863662
BOGOTÁ D.C.,AZÚCAR NATURAL O MORENA,2024-03-01,011801,D_city,2626.4170559943245
BOGOTÁ D.C.,AZÚCAR NATURAL O MORENA,2024-04-01,011801,D_city,2650.3153192141567
BOGOTÁ D.C.,AZÚCAR NATURAL O MORENA,2024-05-01,011801,D_city,2648.397596705642
BOGOTÁ D.C.,AZÚCAR NATURAL O MORENA,2024-06-01,011801,D_city,2653.413164194157
BOGOTÁ D.C.,AZÚCAR NATURAL O MORENA,2024-07-01,011801,D_city,2643.08694476443
BOGOTÁ D.C.,AZÚCAR NATURAL O MORENA,2024-08-01,011801,D_city,2628.334857313317
BOGOTÁ D.C.,AZÚCAR NATURAL O MORENA,2024-09-01,011801,D_city,2614.172469132079
BOGOTÁ D.C.,AZÚCAR NATURAL O MORENA,2024-10-01,011801,D_city,2615.647735524271
BOGOTÁ D.C.,AZÚCAR NATURAL O MORENA,2024-11-01,011801,D_city,2594.8460992457785
BOGOTÁ D.C.,AZÚCAR NATURAL O MORENA,2024-12-01,011801,D_city,2596.026355877659
BOGOTÁ D.C.,AZÚCAR REFINADA,2019-01-01,011801,D_city,1491.24638446362
BOGOTÁ D.C.,AZÚCAR REFINADA,2019-02-01,011801,D_city,1485.0412708334893
BOGOTÁ D.C.,AZÚCAR REFINADA,2019-03-01,011801,D_city,1475.5856323515143
BOGOTÁ D.C.,AZÚCAR REFINADA,2019-04-01,011801,D_city,1508.9746342766807
BOGOTÁ D.C.,AZÚCAR REFINADA,2019-05-01,011801,D_city,1570.277588518981
BOGOTÁ D.C.,AZÚCAR REFINADA,2019-06-01,011801,D_city,1607.4971685984208
BOGOTÁ D.C.,AZÚCAR REFINADA,2019-07-01,011801,D_city,1602.3280192606214
BOGOTÁ D.C.,AZÚCAR REFINADA,2019-08-01,011801,D_city,1616.5060766444533
BOGOTÁ D.C.,AZÚCAR REFINADA,2019-09-01,011801,D_city,1603.3618551962013
BOGOTÁ D.C.,AZÚCAR REFINADA,2019-10-01,011801,D_city,1571.9023359117766
BOGOTÁ D.C.,AZÚCAR REFINADA,2019-11-01,011801,D_city,1577.219637581766
BOGOTÁ D.C.,AZÚCAR REFINADA,2019-12-01,011801,D_city,1570.572997705105
BOGOTÁ D.C.,AZÚCAR REFINADA,2020-01-01,011801,D_city,1568.6528334697564
BOGOTÁ D.C.,AZÚCAR REFINADA,2020-02-01,011801,D_city,1565.6987137385083
BOGOTÁ D.C.,AZÚCAR REFINADA,2020-03-01,011801,D_city,1560.3812342189867
BOGOTÁ D.C.,AZÚCAR REFINADA,2020-04-01,011801,D_city,1590.2171429664818
BOGOTÁ D.C.,AZÚCAR REFINADA,2020-05-01,011801,D_city,1589.6263577933805
BOGOTÁ D.C.,AZÚCAR REFINADA,2020-06-01,011801,D_city,1592.8756638806624
BOGOTÁ D.C.,AZÚCAR REFINADA,2020-07-01,011801,D_city,1596.1249397806287
BOGOTÁ D.C.,AZÚCAR REFINADA,2020-08-01,011801,D_city,1586.8201145586888
BOGOTÁ D.C.,AZÚCAR REFINADA,2020-09-01,011801,D_city,1586.5247192198606
BOGOTÁ D.C.,AZÚCAR REFINADA,2020-10-01,011801,D_city,1580.3213591687506
BOGOTÁ D.C.,AZÚCAR REFINADA,2020-11-01,011801,D_city,1583.1276548075432
BOGOTÁ D.C.,AZÚCAR REFINADA,2020-12-01,011801,D_city,1589.7740541803898
BOGOTÁ D.C.,AZÚCAR REFINADA,2021-01-01,011801,D_city,1592.727968804782
BOGOTÁ D.C.,AZÚCAR REFINADA,2021-02-01,011801,D_city,1595.3864706327056
BOGOTÁ D.C.,AZÚCAR REFINADA,2021-03-01,011801,D_city,1583.8661498927213
BOGOTÁ D.C.,AZÚCAR REFINADA,2021-04-01,011801,D_city,1623.0041633736607
BOGOTÁ D.C.,AZÚCAR REFINADA,2021-05-01,011801,D_city,1647.8139541895223
BOGOTÁ D.C.,AZÚCAR REFINADA,2021-06-01,011801,D_city,1755.4513405784905
BOGOTÁ D.C.,AZÚCAR REFINADA,2021-07-01,011801,D_city,1754.2703012742145
BOGOTÁ D.C.,AZÚCAR REFINADA,2021-08-01,011801,D_city,1762.6851274447017
BOGOTÁ D.C.,AZÚCAR REFINADA,2021-09-01,011801,D_city,1757.665779522076
BOGOTÁ D.C.,AZÚCAR REFINADA,2021-10-01,011801,D_city,1758.5515515408542
BOGOTÁ D.C.,AZÚCAR REFINADA,2021-11-01,011801,D_city,1759.5849496613205
BOGOTÁ D.C.,AZÚCAR REFINADA,2021-12-01,011801,D_city,1769.6235306613469
BOGOTÁ D.C.,AZÚCAR REFINADA,2022-01-01,011801,D_city,1786.4523353514658
BOGOTÁ D.C.,AZÚCAR REFINADA,2022-02-01,011801,D_city,1781.285674192561
BOGOTÁ D.C.,AZÚCAR REFINADA,2022-03-01,011801,D_city,1794.5712368953007
BOGOTÁ D.C.,AZÚCAR REFINADA,2022-04-01,011801,D_city,1813.1702728898526
BOGOTÁ D.C.,AZÚCAR REFINADA,2022-05-01,011801,D_city,1876.3415149996945
BOGOTÁ D.C.,AZÚCAR REFINADA,2022-06-01,011801,D_city,1986.7205261245908
BOGOTÁ D.C.,AZÚCAR REFINADA,2022-07-01,011801,D_city,2100.7593399271377
BOGOTÁ D.C.,AZÚCAR REFINADA,2022-08-01,011801,D_city,2238.9550070459995
BOGOTÁ D.C.,AZÚCAR REFINADA,2022-09-01,011801,D_city,2389.9377160996255
BOGOTÁ D.C.,AZÚCAR REFINADA,2022-10-01,011801,D_city,2454.3573775266814
BOGOTÁ D.C.,AZÚCAR REFINADA,2022-11-01,011801,D_city,2513.463376027127
BOGOTÁ D.C.,AZÚCAR REFINADA,2022-12-01,011801,D_city,2544.856247902006
BOGOTÁ D.C.,AZÚCAR REFINADA,2023-01-01,011801,D_city,2557.6781799839437
BOGOTÁ D.C.,AZÚCAR REFINADA,2023-02-01,011801,D_city,2549.27763695289
BOGOTÁ D.C.,AZÚCAR REFINADA,2023-03-01,011801,D_city,2524.812177833788
BOGOTÁ D.C.,AZÚCAR REFINADA,2023-04-01,011801,D_city,2529.23372597867
BOGOTÁ D.C.,AZÚCAR REFINADA,2023-05-01,011801,D_city,2550.6040468551637
BOGOTÁ D.C.,AZÚCAR REFINADA,2023-06-01,011801,D_city,2524.22263541798
BOGOTÁ D.C.,AZÚCAR REFINADA,2023-07-01,011801,D_city,2523.7804781946024
BOGOTÁ D.C.,AZÚCAR REFINADA,2023-08-01,011801,D_city,2523.9278639749255
BOGOTÁ D.C.,AZÚCAR REFINADA,2023-09-01,011801,D_city,2508.452142573401
BOGOTÁ D.C.,AZÚCAR REFINADA,2023-10-01,011801,D_city,2501.8195575847935
BOGOTÁ D.C.,AZÚCAR REFINADA,2023-11-01,011801,D_city,2544.2667267198863
BOGOTÁ D.C.,AZÚCAR REFINADA,2023-12-01,011801,D_city,2585.089606429103
BOGOTÁ D.C.,AZÚCAR REFINADA,2024-01-01,011801,D_city,2604.5420729194066
BOGOTÁ D.C.,AZÚCAR REFINADA,2024-02-01,011801,D_city,2643.8870898180794
BOGOTÁ D.C.,AZÚCAR REFINADA,2024-03-01,011801,D_city,2622.520279222563
BOGOTÁ D.C.,AZÚCAR REFINADA,2024-04-01,011801,D_city,2646.392112534907
BOGOTÁ D.C.,AZÚCAR REFINADA,2024-05-01,011801,D_city,2644.476507900032
BOGOTÁ D.C.,AZÚCAR REFINADA,2024-06-01,011801,D_city,2649.486537452913
BOGOTÁ D.C.,AZÚCAR REFINADA,2024-07-01,011801,D_city,2639.1717236066697
BOGOTÁ D.C.,AZÚCAR REFINADA,2024-08-01,011801,D_city,2624.4359565703526
BOGOTÁ D.C.,AZÚCAR REFINADA,2024-09-01,011801,D_city,2610.289265715536
BOGOTÁ D.C.,AZÚCAR REFINADA,2024-10-01,011801,D_city,2611.762895606
BOGOTÁ D.C.,AZÚCAR REFINADA,2024-11-01,011801,D_city,2590.9843634154736
BOGOTÁ D.C.,AZÚCAR REFINADA,2024-12-01,011801,D_city,2592.1633074787837
BOGOTÁ D.C.,BANANOS,2019-01-01,011606,BASE,894.2970297029702
BOGOTÁ D.C.,BANANOS,2019-02-01,011606,BASE,864.0855445544554
BOGOTÁ D.C.,BANANOS,2019-03-01,011606,BASE,935.4439603960395
BOGOTÁ D.C.,BANANOS,2019-04-01,011606,BASE,996.97900990099
BOGOTÁ D.C.,BANANOS,2019-05-01,011606,BASE,1002.4467326732672
BOGOTÁ D.C.,BANANOS,2019-06-01,011606,BASE,955.1833663366336
BOGOTÁ D.C.,BANANOS,2019-07-01,011606,BASE,986.7849504950495
BOGOTÁ D.C.,BANANOS,2019-08-01,011606,BASE,1011.7140594059405
BOGOTÁ D.C.,BANANOS,2019-09-01,011606,BASE,1029.3219801980197
BOGOTÁ D.C.,BANANOS,2019-10-01,011606,BASE,1086.5013861386137
BOGOTÁ D.C.,BANANOS,2019-11-01,011606,BASE,1118.65900990099
BOGOTÁ D.C.,BANANOS,2019-12-01,011606,BASE,1212.6297029702969
BOGOTÁ D.C.,BANANOS,2020-01-01,011606,BASE,1130.5211881188118
BOGOTÁ D.C.,BANANOS,2020-02-01,011606,BASE,1098.6415841584158
BOGOTÁ D.C.,BANANOS,2020-03-01,011606,BASE,1174.5409900990098
BOGOTÁ D.C.,BANANOS,2020-04-01,011606,BASE,1306.4150495049505
BOGOTÁ D.C.,BANANOS,2020-05-01,011606,BASE,1279.817821782178
BOGOTÁ D.C.,BANANOS,2020-06-01,011606,BASE,1239.0415841584156
BOGOTÁ D.C.,BANANOS,2020-07-01,011606,BASE,1260.449108910891
BOGOTÁ D.C.,BANANOS,2020-08-01,011606,BASE,1269.3457425742572
BOGOTÁ D.C.,BANANOS,2020-09-01,011606,BASE,1252.1085148514853
BOGOTÁ D.C.,BANANOS,2020-10-01,011606,BASE,1235.3346534653465
BOGOTÁ D.C.,BANANOS,2020-11-01,011606,BASE,1254.3326732673268
BOGOTÁ D.C.,BANANOS,2020-12-01,011606,BASE,1298.7231683168316
BOGOTÁ D.C.,BANANOS,2021-01-01,011606,BASE,1281.671287128713
BOGOTÁ D.C.,BANANOS,2021-02-01,011606,BASE,1280.0031683168318
BOGOTÁ D.C.,BANANOS,2021-03-01,011606,BASE,1216.9853465346532
BOGOTÁ D.C.,BANANOS,2021-04-01,011606,BASE,1301.410693069307
BOGOTÁ D.C.,BANANOS,2021-05-01,011606,BASE,1385.9287128712872
BOGOTÁ D.C.,BANANOS,2021-06-01,011606,BASE,1329.0273267326731
BOGOTÁ D.C.,BANANOS,2021-07-01,011606,BASE,1208.6447524752473
BOGOTÁ D.C.,BANANOS,2021-08-01,011606,BASE,1245.8067326732673
BOGOTÁ D.C.,BANANOS,2021-09-01,011606,BASE,1298.0744554455443
BOGOTÁ D.C.,BANANOS,2021-10-01,011606,BASE,1284.8221782178216
BOGOTÁ D.C.,BANANOS,2021-11-01,011606,BASE,1254.5180198019802
BOGOTÁ D.C.,BANANOS,2021-12-01,011606,BASE,1270.7358415841584
BOGOTÁ D.C.,BANANOS,2022-01-01,011606,BASE,1294.9235643564355
BOGOTÁ D.C.,BANANOS,2022-02-01,011606,BASE,1301.9667326732674
BOGOTÁ D.C.,BANANOS,2022-03-01,011606,BASE,1249.4209900990097
BOGOTÁ D.C.,BANANOS,2022-04-01,011606,BASE,1360.0728712871285
BOGOTÁ D.C.,BANANOS,2022-05-01,011606,BASE,1367.1160396039604
BOGOTÁ D.C.,BANANOS,2022-06-01,011606,BASE,1326.1544554455445
BOGOTÁ D.C.,BANANOS,2022-07-01,011606,BASE,1280.281188118812
BOGOTÁ D.C.,BANANOS,2022-08-01,011606,BASE,1436.4356435643565
BOGOTÁ D.C.,BANANOS,2022-09-01,011606,BASE,1417.4376237623762
BOGOTÁ D.C.,BANANOS,2022-10-01,011606,BASE,1536.7081188118811
BOGOTÁ D.C.,BANANOS,2022-11-01,011606,BASE,1476.7485148514852
BOGOTÁ D.C.,BANANOS,2022-12-01,011606,BASE,1497.1366336633664
BOGOTÁ D.C.,BANANOS,2023-01-01,011606,BASE,1491.6689108910891
BOGOTÁ D.C.,BANANOS,2023-02-01,011606,BASE,1561.9152475247524
BOGOTÁ D.C.,BANANOS,2023-03-01,011606,BASE,1589.809900990099
BOGOTÁ D.C.,BANANOS,2023-04-01,011606,BASE,1657.5540594059405
BOGOTÁ D.C.,BANANOS,2023-05-01,011606,BASE,1640.9655445544552
BOGOTÁ D.C.,BANANOS,2023-06-01,011606,BASE,1595.0922772277227
BOGOTÁ D.C.,BANANOS,2023-07-01,011606,BASE,1546.0681188118813
BOGOTÁ D.C.,BANANOS,2023-08-01,011606,BASE,1583.3227722772276
BOGOTÁ D.C.,BANANOS,2023-09-01,011606,BASE,1527.1627722772275
BOGOTÁ D.C.,BANANOS,2023-10-01,011606,BASE,1509.2768316831684
BOGOTÁ D.C.,BANANOS,2023-11-01,011606,BASE,1579.0598019801978
BOGOTÁ D.C.,BANANOS,2023-12-01,011606,BASE,1561.359207920792
BOGOTÁ D.C.,BANANOS,2024-01-01,011606,BASE,1553.2039603960395
BOGOTÁ D.C.,BANANOS,2024-02-01,011606,BASE,1582.210693069307
BOGOTÁ D.C.,BANANOS,2024-03-01,011606,BASE,1614.2756435643564
BOGOTÁ D.C.,BANANOS,2024-04-01,011606,BASE,1677.0154455445545
BOGOTÁ D.C.,BANANOS,2024-05-01,011606,BASE,1753.007524752475
BOGOTÁ D.C.,BANANOS,2024-06-01,011606,BASE,1737.3457425742574
BOGOTÁ D.C.,BANANOS,2024-07-01,011606,BASE,1717.2356435643565
BOGOTÁ D.C.,BANANOS,2024-08-01,011606,BASE,1789.3354455445544
BOGOTÁ D.C.,BANANOS,2024-09-01,011606,BASE,1776.7318811881187
BOGOTÁ D.C.,BANANOS,2024-10-01,011606,BASE,1755.6023762376237
BOGOTÁ D.C.,BANANOS,2024-11-01,011606,BASE,1844.2906930693066
BOGOTÁ D.C.,BANANOS,2024-12-01,011606,BASE,1933.4423762376236
BOGOTÁ D.C.,CAFÉ MOLIDO,2019-01-01,012101,BASE,8776.711410999289
BOGOTÁ D.C.,CAFÉ MOLIDO,2019-02-01,012101,BASE,8849.594557283724
BOGOTÁ D.C.,CAFÉ MOLIDO,2019-03-01,012101,BASE,8922.47770356816
BOGOTÁ D.C.,CAFÉ MOLIDO,2019-04-01,012101,BASE,8897.012507878415
BOGOTÁ D.C.,CAFÉ MOLIDO,2019-05-01,012101,BASE,8893.500067093626
BOGOTÁ D.C.,CAFÉ MOLIDO,2019-06-01,012101,BASE,8874.181642777268
BOGOTÁ D.C.,CAFÉ MOLIDO,2019-07-01,012101,BASE,8810.95770865101
BOGOTÁ D.C.,CAFÉ MOLIDO,2019-08-01,012101,BASE,8805.689047473821
BOGOTÁ D.C.,CAFÉ MOLIDO,2019-09-01,012101,BASE,8821.495031005386
BOGOTÁ D.C.,CAFÉ MOLIDO,2019-10-01,012101,BASE,8868.034871403883
BOGOTÁ D.C.,CAFÉ MOLIDO,2019-11-01,012101,BASE,8914.574711802376
BOGOTÁ D.C.,CAFÉ MOLIDO,2019-12-01,012101,BASE,8965.505103181862
BOGOTÁ D.C.,CAFÉ MOLIDO,2020-01-01,012101,BASE,8947.064789061704
BOGOTÁ D.C.,CAFÉ MOLIDO,2020-02-01,012101,BASE,8870.669201992476
BOGOTÁ D.C.,CAFÉ MOLIDO,2020-03-01,012101,BASE,8991.848409067805
BOGOTÁ D.C.,CAFÉ MOLIDO,2020-04-01,012101,BASE,9006.776282403169
BOGOTÁ D.C.,CAFÉ MOLIDO,2020-05-01,012101,BASE,8984.82352749822
BOGOTÁ D.C.,CAFÉ MOLIDO,2020-06-01,012101,BASE,8990.092188675408
BOGOTÁ D.C.,CAFÉ MOLIDO,2020-07-01,012101,BASE,9010.288723187961
BOGOTÁ D.C.,CAFÉ MOLIDO,2020-08-01,012101,BASE,9007.654392599368
BOGOTÁ D.C.,CAFÉ MOLIDO,2020-09-01,012101,BASE,8991.848409067805
BOGOTÁ D.C.,CAFÉ MOLIDO,2020-10-01,012101,BASE,8895.256287486021
BOGOTÁ D.C.,CAFÉ MOLIDO,2020-11-01,012101,BASE,8939.161797295923
BOGOTÁ D.C.,CAFÉ MOLIDO,2020-12-01,012101,BASE,8969.895654162854
BOGOTÁ D.C.,CAFÉ MOLIDO,2021-01-01,012101,BASE,8980.43297651723
BOGOTÁ D.C.,CAFÉ MOLIDO,2021-02-01,012101,BASE,8973.408094947647
BOGOTÁ D.C.,CAFÉ MOLIDO,2021-03-01,012101,BASE,9000.629511029783
BOGOTÁ D.C.,CAFÉ MOLIDO,2021-04-01,012101,BASE,9162.201787130221
BOGOTÁ D.C.,CAFÉ MOLIDO,2021-05-01,012101,BASE,9273.721782047372
BOGOTÁ D.C.,CAFÉ MOLIDO,2021-06-01,012101,BASE,9293.918316559926
BOGOTÁ D.C.,CAFÉ MOLIDO,2021-07-01,012101,BASE,9386.997997356917
BOGOTÁ D.C.,CAFÉ MOLIDO,2021-08-01,012101,BASE,9455.490592660362
BOGOTÁ D.C.,CAFÉ MOLIDO,2021-09-01,012101,BASE,9912.986004879534
BOGOTÁ D.C.,CAFÉ MOLIDO,2021-10-01,012101,BASE,10330.966458269797
BOGOTÁ D.C.,CAFÉ MOLIDO,2021-11-01,012101,BASE,10529.419362610552
BOGOTÁ D.C.,CAFÉ MOLIDO,2021-12-01,012101,BASE,10772.655886957406
BOGOTÁ D.C.,CAFÉ MOLIDO,2022-01-01,012101,BASE,11053.651149740774
BOGOTÁ D.C.,CAFÉ MOLIDO,2022-02-01,012101,BASE,11410.163889397172
BOGOTÁ D.C.,CAFÉ MOLIDO,2022-03-01,012101,BASE,11856.243869065771
BOGOTÁ D.C.,CAFÉ MOLIDO,2022-04-01,012101,BASE,12361.157231879637
BOGOTÁ D.C.,CAFÉ MOLIDO,2022-05-01,012101,BASE,12874.851696655483
BOGOTÁ D.C.,CAFÉ MOLIDO,2022-06-01,012101,BASE,13073.304600996236
BOGOTÁ D.C.,CAFÉ MOLIDO,2022-07-01,012101,BASE,13241.023648470058
BOGOTÁ D.C.,CAFÉ MOLIDO,2022-08-01,012101,BASE,13840.772912473312
BOGOTÁ D.C.,CAFÉ MOLIDO,2022-09-01,012101,BASE,14213.969745857476
BOGOTÁ D.C.,CAFÉ MOLIDO,2022-10-01,012101,BASE,15106.129705194671
BOGOTÁ D.C.,CAFÉ MOLIDO,2022-11-01,012101,BASE,16081.71013317068
BOGOTÁ D.C.,CAFÉ MOLIDO,2022-12-01,012101,BASE,16635.797666971634
BOGOTÁ D.C.,CAFÉ MOLIDO,2023-01-01,012101,BASE,16830.738130527596
BOGOTÁ D.C.,CAFÉ MOLIDO,2023-02-01,012101,BASE,16995.822847412826
BOGOTÁ D.C.,CAFÉ MOLIDO,2023-03-01,012101,BASE,17005.482059571004
BOGOTÁ D.C.,CAFÉ MOLIDO,2023-04-01,012101,BASE,17062.55922232388
BOGOTÁ D.C.,CAFÉ MOLIDO,2023-05-01,012101,BASE,17094.171189387005
BOGOTÁ D.C.,CAFÉ MOLIDO,2023-06-01,012101,BASE,16971.235761919284
BOGOTÁ D.C.,CAFÉ MOLIDO,2023-07-01,012101,BASE,17062.55922232388
BOGOTÁ D.C.,CAFÉ MOLIDO,2023-08-01,012101,BASE,17109.97717291857
BOGOTÁ D.C.,CAFÉ MOLIDO,2023-09-01,012101,BASE,17102.95229134899
BOGOTÁ D.C.,CAFÉ MOLIDO,2023-10-01,012101,BASE,17094.171189387005
BOGOTÁ D.C.,CAFÉ MOLIDO,2023-11-01,012101,BASE,17175.83543763342
BOGOTÁ D.C.,CAFÉ MOLIDO,2023-12-01,012101,BASE,17160.029454101856
BOGOTÁ D.C.,CAFÉ MOLIDO,2024-01-01,012101,BASE,17136.32047880451
BOGOTÁ D.C.,CAFÉ MOLIDO,2024-02-01,012101,BASE,17171.444886652433
BOGOTÁ D.C.,CAFÉ MOLIDO,2024-03-01,012101,BASE,17156.517013317065
BOGOTÁ D.C.,CAFÉ MOLIDO,2024-04-01,012101,BASE,17149.492131747484
BOGOTÁ D.C.,CAFÉ MOLIDO,2024-05-01,012101,BASE,17211.837955677544
BOGOTÁ D.C.,CAFÉ MOLIDO,2024-06-01,012101,BASE,17311.942518044118
BOGOTÁ D.C.,CAFÉ MOLIDO,2024-07-01,012101,BASE,17289.111652942967
BOGOTÁ D.C.,CAFÉ MOLIDO,2024-08-01,012101,BASE,17029.191034868352
BOGOTÁ D.C.,CAFÉ MOLIDO,2024-09-01,012101,BASE,17050.265679577104
BOGOTÁ D.C.,CAFÉ MOLIDO,2024-10-01,012101,BASE,17152.126462336077
BOGOTÁ D.C.,CAFÉ MOLIDO,2024-11-01,012101,BASE,17237.303151367283
BOGOTÁ D.C.,CAFÉ MOLIDO,2024-12-01,012101,BASE,17417.315741587878
BOGOTÁ D.C.,CAMARONES O VARIEDAD DISPONIBLE,2019-01-01,011303,D_city,35334.43662600495
BOGOTÁ D.C.,CAMARONES O VARIEDAD DISPONIBLE,2019-02-01,011303,D_city,35715.3654708447
BOGOTÁ D.C.,CAMARONES O VARIEDAD DISPONIBLE,2019-03-01,011303,D_city,35715.3654708447
BOGOTÁ D.C.,CAMARONES O VARIEDAD DISPONIBLE,2019-04-01,011303,D_city,35690.33193653476
BOGOTÁ D.C.,CAMARONES O VARIEDAD DISPONIBLE,2019-05-01,011303,D_city,36028.930619900406
BOGOTÁ D.C.,CAMARONES O VARIEDAD DISPONIBLE,2019-06-01,011303,D_city,36293.24914263648
BOGOTÁ D.C.,CAMARONES O VARIEDAD DISPONIBLE,2019-07-01,011303,D_city,35784.24717758785
BOGOTÁ D.C.,CAMARONES O VARIEDAD DISPONIBLE,2019-08-01,011303,D_city,36299.55271408403
BOGOTÁ D.C.,CAMARONES O VARIEDAD DISPONIBLE,2019-09-01,011303,D_city,36413.09867185872
BOGOTÁ D.C.,CAMARONES O VARIEDAD DISPONIBLE,2019-10-01,011303,D_city,36337.384173516104
BOGOTÁ D.C.,CAMARONES O VARIEDAD DISPONIBLE,2019-11-01,011303,D_city,36792.70216181135
BOGOTÁ D.C.,CAMARONES O VARIEDAD DISPONIBLE,2019-12-01,011303,D_city,36849.79080325733
BOGOTÁ D.C.,CAMARONES O VARIEDAD DISPONIBLE,2020-01-01,011303,D_city,36786.36136355016
BOGOTÁ D.C.,CAMARONES O VARIEDAD DISPONIBLE,2020-02-01,011303,D_city,36818.0701232738
BOGOTÁ D.C.,CAMARONES O VARIEDAD DISPONIBLE,2020-03-01,011303,D_city,37256.86773595045
BOGOTÁ D.C.,CAMARONES O VARIEDAD DISPONIBLE,2020-04-01,011303,D_city,39772.98208530475
BOGOTÁ D.C.,CAMARONES O VARIEDAD DISPONIBLE,2020-05-01,011303,D_city,40669.5377748502
BOGOTÁ D.C.,CAMARONES O VARIEDAD DISPONIBLE,2020-06-01,011303,D_city,40881.758501989345
BOGOTÁ D.C.,CAMARONES O VARIEDAD DISPONIBLE,2020-07-01,011303,D_city,40696.03900701311
BOGOTÁ D.C.,CAMARONES O VARIEDAD DISPONIBLE,2020-08-01,011303,D_city,41194.33108222717
BOGOTÁ D.C.,CAMARONES O VARIEDAD DISPONIBLE,2020-09-01,011303,D_city,41187.66978729372
BOGOTÁ D.C.,CAMARONES O VARIEDAD DISPONIBLE,2020-10-01,011303,D_city,41181.00896241068
BOGOTÁ D.C.,CAMARONES O VARIEDAD DISPONIBLE,2020-11-01,011303,D_city,41635.015345135966
BOGOTÁ D.C.,CAMARONES O VARIEDAD DISPONIBLE,2020-12-01,011303,D_city,41970.22848158322
BOGOTÁ D.C.,CAMARONES O VARIEDAD DISPONIBLE,2021-01-01,011303,D_city,42097.916918818526
BOGOTÁ D.C.,CAMARONES O VARIEDAD DISPONIBLE,2021-02-01,011303,D_city,42178.64943812769
BOGOTÁ D.C.,CAMARONES O VARIEDAD DISPONIBLE,2021-03-01,011303,D_city,42131.547266455476
BOGOTÁ D.C.,CAMARONES O VARIEDAD DISPONIBLE,2021-04-01,011303,D_city,41983.661399118675
BOGOTÁ D.C.,CAMARONES O VARIEDAD DISPONIBLE,2021-05-01,011303,D_city,41990.378561250545
BOGOTÁ D.C.,CAMARONES O VARIEDAD DISPONIBLE,2021-06-01,011303,D_city,41990.378561250545
BOGOTÁ D.C.,CAMARONES O VARIEDAD DISPONIBLE,2021-07-01,011303,D_city,43145.90095905094
BOGOTÁ D.C.,CAMARONES O VARIEDAD DISPONIBLE,2021-08-01,011303,D_city,44852.92523028274
BOGOTÁ D.C.,CAMARONES O VARIEDAD DISPONIBLE,2021-09-01,011303,D_city,45671.95332812608
BOGOTÁ D.C.,CAMARONES O VARIEDAD DISPONIBLE,2021-10-01,011303,D_city,46602.83772346392
BOGOTÁ D.C.,CAMARONES O VARIEDAD DISPONIBLE,2021-11-01,011303,D_city,46933.755240627645
BOGOTÁ D.C.,CAMARONES O VARIEDAD DISPONIBLE,2021-12-01,011303,D_city,47103.12833506729
BOGOTÁ D.C.,CAMARONES O VARIEDAD DISPONIBLE,2022-01-01,011303,D_city,47442.672888829955
BOGOTÁ D.C.,CAMARONES O VARIEDAD DISPONIBLE,2022-02-01,011303,D_city,48876.05749697599
BOGOTÁ D.C.,CAMARONES O VARIEDAD DISPONIBLE,2022-03-01,011303,D_city,50852.6374221138
BOGOTÁ D.C.,CAMARONES O VARIEDAD DISPONIBLE,2022-04-01,011303,D_city,51945.82770106252
BOGOTÁ D.C.,CAMARONES O VARIEDAD DISPONIBLE,2022-05-01,011303,D_city,52418.498127965955
BOGOTÁ D.C.,CAMARONES O VARIEDAD DISPONIBLE,2022-06-01,011303,D_city,54470.72501013613
BOGOTÁ D.C.,CAMARONES O VARIEDAD DISPONIBLE,2022-07-01,011303,D_city,55726.13823192428
BOGOTÁ D.C.,CAMARONES O VARIEDAD DISPONIBLE,2022-08-01,011303,D_city,56871.26835298031
BOGOTÁ D.C.,CAMARONES O VARIEDAD DISPONIBLE,2022-09-01,011303,D_city,60951.08585875555
BOGOTÁ D.C.,CAMARONES O VARIEDAD DISPONIBLE,2022-10-01,011303,D_city,61982.30527286115
BOGOTÁ D.C.,CAMARONES O VARIEDAD DISPONIBLE,2022-11-01,011303,D_city,63293.98363460102
BOGOTÁ D.C.,CAMARONES O VARIEDAD DISPONIBLE,2022-12-01,011303,D_city,66863.9396199009
BOGOTÁ D.C.,CAMARONES O VARIEDAD DISPONIBLE,2023-01-01,011303,D_city,68260.9876670051
BOGOTÁ D.C.,CAMARONES O VARIEDAD DISPONIBLE,2023-02-01,011303,D_city,69285.69132066847
BOGOTÁ D.C.,CAMARONES O VARIEDAD DISPONIBLE,2023-03-01,011303,D_city,70333.8757141895
BOGOTÁ D.C.,CAMARONES O VARIEDAD DISPONIBLE,2023-04-01,011303,D_city,71355.05335732232
BOGOTÁ D.C.,CAMARONES O VARIEDAD DISPONIBLE,2023-05-01,011303,D_city,72076.24745530348
BOGOTÁ D.C.,CAMARONES O VARIEDAD DISPONIBLE,2023-06-01,011303,D_city,70923.8566183001
BOGOTÁ D.C.,CAMARONES O VARIEDAD DISPONIBLE,2023-07-01,011303,D_city,71202.7360564601
BOGOTÁ D.C.,CAMARONES O VARIEDAD DISPONIBLE,2023-08-01,011303,D_city,70670.74435101876
BOGOTÁ D.C.,CAMARONES O VARIEDAD DISPONIBLE,2023-09-01,011303,D_city,70350.70246408728
BOGOTÁ D.C.,CAMARONES O VARIEDAD DISPONIBLE,2023-10-01,011303,D_city,70797.25112808398
BOGOTÁ D.C.,CAMARONES O VARIEDAD DISPONIBLE,2023-11-01,011303,D_city,70006.10521127594
BOGOTÁ D.C.,CAMARONES O VARIEDAD DISPONIBLE,2023-12-01,011303,D_city,70266.5862788159
BOGOTÁ D.C.,CAMARONES O VARIEDAD DISPONIBLE,2024-01-01,011303,D_city,70392.7770225917
BOGOTÁ D.C.,CAMARONES O VARIEDAD DISPONIBLE,2024-02-01,011303,D_city,69611.98770271044
BOGOTÁ D.C.,CAMARONES O VARIEDAD DISPONIBLE,2024-03-01,011303,D_city,68810.00037444045
BOGOTÁ D.C.,CAMARONES O VARIEDAD DISPONIBLE,2024-04-01,011303,D_city,70527.489365295
BOGOTÁ D.C.,CAMARONES O VARIEDAD DISPONIBLE,2024-05-01,011303,D_city,69444.5726624021
BOGOTÁ D.C.,CAMARONES O VARIEDAD DISPONIBLE,2024-06-01,011303,D_city,70578.03546521228
BOGOTÁ D.C.,CAMARONES O VARIEDAD DISPONIBLE,2024-07-01,011303,D_city,71075.91347630696
BOGOTÁ D.C.,CAMARONES O VARIEDAD DISPONIBLE,2024-08-01,011303,D_city,72008.23548119274
BOGOTÁ D.C.,CAMARONES O VARIEDAD DISPONIBLE,2024-09-01,011303,D_city,71651.6323631602
BOGOTÁ D.C.,CAMARONES O VARIEDAD DISPONIBLE,2024-10-01,011303,D_city,73211.04830218233
BOGOTÁ D.C.,CAMARONES O VARIEDAD DISPONIBLE,2024-11-01,011303,D_city,73313.81664242131
BOGOTÁ D.C.,CAMARONES O VARIEDAD DISPONIBLE,2024-12-01,011303,D_city,73151.12915393784
BOGOTÁ D.C.,CARNE DE CERDO CON HUESO,2019-01-01,011202,D_city,7385.998152051428
BOGOTÁ D.C.,CARNE DE CERDO CON HUESO,2019-02-01,011202,D_city,7377.215276942889
BOGOTÁ D.C.,CARNE DE CERDO CON HUESO,2019-03-01,011202,D_city,7290.635003836191
BOGOTÁ D.C.,CARNE DE CERDO CON HUESO,2019-04-01,011202,D_city,7299.91854705196
BOGOTÁ D.C.,CARNE DE CERDO CON HUESO,2019-05-01,011202,D_city,7266.963617200629
BOGOTÁ D.C.,CARNE DE CERDO CON HUESO,2019-06-01,011202,D_city,7301.18379125363
BOGOTÁ D.C.,CARNE DE CERDO CON HUESO,2019-07-01,011202,D_city,7300.3403135921535
BOGOTÁ D.C.,CARNE DE CERDO CON HUESO,2019-08-01,011202,D_city,7280.074631514682
BOGOTÁ D.C.,CARNE DE CERDO CON HUESO,2019-09-01,011202,D_city,7280.074631514682
BOGOTÁ D.C.,CARNE DE CERDO CON HUESO,2019-10-01,011202,D_city,7263.153833435578
BOGOTÁ D.C.,CARNE DE CERDO CON HUESO,2019-11-01,011202,D_city,7315.9327110565355
BOGOTÁ D.C.,CARNE DE CERDO CON HUESO,2019-12-01,011202,D_city,7315.5116262660695
BOGOTÁ D.C.,CARNE DE CERDO CON HUESO,2020-01-01,011202,D_city,7255.105976555848
BOGOTÁ D.C.,CARNE DE CERDO CON HUESO,2020-02-01,011202,D_city,7278.383894039239
BOGOTÁ D.C.,CARNE DE CERDO CON HUESO,2020-03-01,011202,D_city,7211.359731398457
BOGOTÁ D.C.,CARNE DE CERDO CON HUESO,2020-04-01,011202,D_city,7274.578645510345
BOGOTÁ D.C.,CARNE DE CERDO CON HUESO,2020-05-01,011202,D_city,7258.918962560011
BOGOTÁ D.C.,CARNE DE CERDO CON HUESO,2020-06-01,011202,D_city,7261.883568782272
BOGOTÁ D.C.,CARNE DE CERDO CON HUESO,2020-07-01,011202,D_city,7256.80082453347
BOGOTÁ D.C.,CARNE DE CERDO CON HUESO,2020-08-01,011202,D_city,7244.9305774370805
BOGOTÁ D.C.,CARNE DE CERDO CON HUESO,2020-09-01,011202,D_city,7272.04097452826
BOGOTÁ D.C.,CARNE DE CERDO CON HUESO,2020-10-01,011202,D_city,7304.5569633743535
BOGOTÁ D.C.,CARNE DE CERDO CON HUESO,2020-11-01,011202,D_city,7408.546417299862
BOGOTÁ D.C.,CARNE DE CERDO CON HUESO,2020-12-01,011202,D_city,7521.3415656577545
BOGOTÁ D.C.,CARNE DE CERDO CON HUESO,2021-01-01,011202,D_city,7575.620403451113
BOGOTÁ D.C.,CARNE DE CERDO CON HUESO,2021-02-01,011202,D_city,7593.238561687236
BOGOTÁ D.C.,CARNE DE CERDO CON HUESO,2021-03-01,011202,D_city,7599.377142834421
BOGOTÁ D.C.,CARNE DE CERDO CON HUESO,2021-04-01,011202,D_city,7685.7374811578065
BOGOTÁ D.C.,CARNE DE CERDO CON HUESO,2021-05-01,011202,D_city,7888.950309072085
BOGOTÁ D.C.,CARNE DE CERDO CON HUESO,2021-06-01,011202,D_city,7891.336094176926
BOGOTÁ D.C.,CARNE DE CERDO CON HUESO,2021-07-01,011202,D_city,7932.207164442297
BOGOTÁ D.C.,CARNE DE CERDO CON HUESO,2021-08-01,011202,D_city,8032.712825848896
BOGOTÁ D.C.,CARNE DE CERDO CON HUESO,2021-09-01,011202,D_city,8124.109778541839
BOGOTÁ D.C.,CARNE DE CERDO CON HUESO,2021-10-01,011202,D_city,8206.24584238847
BOGOTÁ D.C.,CARNE DE CERDO CON HUESO,2021-11-01,011202,D_city,8273.196476955658
BOGOTÁ D.C.,CARNE DE CERDO CON HUESO,2021-12-01,011202,D_city,8400.194677384181
BOGOTÁ D.C.,CARNE DE CERDO CON HUESO,2022-01-01,011202,D_city,8490.829284202962
BOGOTÁ D.C.,CARNE DE CERDO CON HUESO,2022-02-01,011202,D_city,8524.62861894065
BOGOTÁ D.C.,CARNE DE CERDO CON HUESO,2022-03-01,011202,D_city,8543.736544153395
BOGOTÁ D.C.,CARNE DE CERDO CON HUESO,2022-04-01,011202,D_city,8518.252091009686
BOGOTÁ D.C.,CARNE DE CERDO CON HUESO,2022-05-01,011202,D_city,8505.863781859643
BOGOTÁ D.C.,CARNE DE CERDO CON HUESO,2022-06-01,011202,D_city,8539.992447242435
BOGOTÁ D.C.,CARNE DE CERDO CON HUESO,2022-07-01,011202,D_city,8541.115806974436
BOGOTÁ D.C.,CARNE DE CERDO CON HUESO,2022-08-01,011202,D_city,8607.941513728474
BOGOTÁ D.C.,CARNE DE CERDO CON HUESO,2022-09-01,011202,D_city,8669.56431818222
BOGOTÁ D.C.,CARNE DE CERDO CON HUESO,2022-10-01,011202,D_city,8713.904885438225
BOGOTÁ D.C.,CARNE DE CERDO CON HUESO,2022-11-01,011202,D_city,8813.782634942198
BOGOTÁ D.C.,CARNE DE CERDO CON HUESO,2022-12-01,011202,D_city,9053.35888099797
BOGOTÁ D.C.,CARNE DE CERDO CON HUESO,2023-01-01,011202,D_city,9170.29595686955
BOGOTÁ D.C.,CARNE DE CERDO CON HUESO,2023-02-01,011202,D_city,9281.543772809515
BOGOTÁ D.C.,CARNE DE CERDO CON HUESO,2023-03-01,011202,D_city,9411.634171204692
BOGOTÁ D.C.,CARNE DE CERDO CON HUESO,2023-04-01,011202,D_city,9491.388444501466
BOGOTÁ D.C.,CARNE DE CERDO CON HUESO,2023-05-01,011202,D_city,9532.453747120628
BOGOTÁ D.C.,CARNE DE CERDO CON HUESO,2023-06-01,011202,D_city,9490.005758609615
BOGOTÁ D.C.,CARNE DE CERDO CON HUESO,2023-07-01,011202,D_city,9520.389659964765
BOGOTÁ D.C.,CARNE DE CERDO CON HUESO,2023-08-01,011202,D_city,9521.424178656795
BOGOTÁ D.C.,CARNE DE CERDO CON HUESO,2023-09-01,011202,D_city,9577.162251559424
BOGOTÁ D.C.,CARNE DE CERDO CON HUESO,2023-10-01,011202,D_city,9541.752424799506
BOGOTÁ D.C.,CARNE DE CERDO CON HUESO,2023-11-01,011202,D_city,9540.030965923113
BOGOTÁ D.C.,CARNE DE CERDO CON HUESO,2023-12-01,011202,D_city,9522.803404360617
BOGOTÁ D.C.,CARNE DE CERDO CON HUESO,2024-01-01,011202,D_city,9564.110003901591
BOGOTÁ D.C.,CARNE DE CERDO CON HUESO,2024-02-01,011202,D_city,9548.979982312527
BOGOTÁ D.C.,CARNE DE CERDO CON HUESO,2024-03-01,011202,D_city,9594.658575058505
BOGOTÁ D.C.,CARNE DE CERDO CON HUESO,2024-04-01,011202,D_city,9538.30927149916
BOGOTÁ D.C.,CARNE DE CERDO CON HUESO,2024-05-01,011202,D_city,9531.420136186465
BOGOTÁ D.C.,CARNE DE CERDO CON HUESO,2024-06-01,011202,D_city,9588.143166227066
BOGOTÁ D.C.,CARNE DE CERDO CON HUESO,2024-07-01,011202,D_city,9603.568965621324
BOGOTÁ D.C.,CARNE DE CERDO CON HUESO,2024-08-01,011202,D_city,9590.543970444645
BOGOTÁ D.C.,CARNE DE CERDO CON HUESO,2024-09-01,011202,D_city,9598.771842272734
BOGOTÁ D.C.,CARNE DE CERDO CON HUESO,2024-10-01,011202,D_city,9611.103633921148
BOGOTÁ D.C.,CARNE DE CERDO CON HUESO,2024-11-01,011202,D_city,9600.827974805612
BOGOTÁ D.C.,CARNE DE CERDO CON HUESO,2024-12-01,011202,D_city,9717.481221095024
BOGOTÁ D.C.,CARNE DE CERDO SIN HUESO,2019-01-01,011202,D_city,8579.593345789595
BOGOTÁ D.C.,CARNE DE CERDO SIN HUESO,2019-02-01,011202,D_city,8560.525275669139
BOGOTÁ D.C.,CARNE DE CERDO SIN HUESO,2019-03-01,011202,D_city,8373.611977421177
BOGOTÁ D.C.,CARNE DE CERDO SIN HUESO,2019-04-01,011202,D_city,8393.561795958452
BOGOTÁ D.C.,CARNE DE CERDO SIN HUESO,2019-05-01,011202,D_city,8322.843455311813
BOGOTÁ D.C.,CARNE DE CERDO SIN HUESO,2019-06-01,011202,D_city,8396.282445558978
BOGOTÁ D.C.,CARNE DE CERDO SIN HUESO,2019-07-01,011202,D_city,8394.468673301571
BOGOTÁ D.C.,CARNE DE CERDO SIN HUESO,2019-08-01,011202,D_city,8350.945178090453
BOGOTÁ D.C.,CARNE DE CERDO SIN HUESO,2019-09-01,011202,D_city,8350.945178090453
BOGOTÁ D.C.,CARNE DE CERDO SIN HUESO,2019-10-01,011202,D_city,8314.68595217641
BOGOTÁ D.C.,CARNE DE CERDO SIN HUESO,2019-11-01,011202,D_city,8428.027247947386
BOGOTÁ D.C.,CARNE DE CERDO SIN HUESO,2019-12-01,011202,D_city,8427.120154256438
BOGOTÁ D.C.,CARNE DE CERDO SIN HUESO,2020-01-01,011202,D_city,8297.466128353082
BOGOTÁ D.C.,CARNE DE CERDO SIN HUESO,2020-02-01,011202,D_city,8347.318831247941
BOGOTÁ D.C.,CARNE DE CERDO SIN HUESO,2020-03-01,011202,D_city,8204.153837322738
BOGOTÁ D.C.,CARNE DE CERDO SIN HUESO,2020-04-01,011202,D_city,8339.159895259369
BOGOTÁ D.C.,CARNE DE CERDO SIN HUESO,2020-05-01,011202,D_city,8305.622620957998
BOGOTÁ D.C.,CARNE DE CERDO SIN HUESO,2020-06-01,011202,D_city,8311.966890764761
BOGOTÁ D.C.,CARNE DE CERDO SIN HUESO,2020-07-01,011202,D_city,8301.091177027252
BOGOTÁ D.C.,CARNE DE CERDO SIN HUESO,2020-08-01,011202,D_city,8275.71782586034
BOGOTÁ D.C.,CARNE DE CERDO SIN HUESO,2020-09-01,011202,D_city,8333.720869689414
BOGOTÁ D.C.,CARNE DE CERDO SIN HUESO,2020-10-01,011202,D_city,8403.537768789232
BOGOTÁ D.C.,CARNE DE CERDO SIN HUESO,2020-11-01,011202,D_city,8628.63714950905
BOGOTÁ D.C.,CARNE DE CERDO SIN HUESO,2020-12-01,011202,D_city,8875.924392769253
BOGOTÁ D.C.,CARNE DE CERDO SIN HUESO,2021-01-01,011202,D_city,8996.080769569842
BOGOTÁ D.C.,CARNE DE CERDO SIN HUESO,2021-02-01,011202,D_city,9035.243409790706
BOGOTÁ D.C.,CARNE DE CERDO SIN HUESO,2021-03-01,011202,D_city,9048.907186014576
BOGOTÁ D.C.,CARNE DE CERDO SIN HUESO,2021-04-01,011202,D_city,9242.153052500204
BOGOTÁ D.C.,CARNE DE CERDO SIN HUESO,2021-05-01,011202,D_city,9704.360327648277
BOGOTÁ D.C.,CARNE DE CERDO SIN HUESO,2021-06-01,011202,D_city,9709.849076752882
BOGOTÁ D.C.,CARNE DE CERDO SIN HUESO,2021-07-01,011202,D_city,9804.101450371509
BOGOTÁ D.C.,CARNE DE CERDO SIN HUESO,2021-08-01,011202,D_city,10037.67694959292
BOGOTÁ D.C.,CARNE DE CERDO SIN HUESO,2021-09-01,011202,D_city,10252.303306337913
BOGOTÁ D.C.,CARNE DE CERDO SIN HUESO,2021-10-01,011202,D_city,10446.983477011774
BOGOTÁ D.C.,CARNE DE CERDO SIN HUESO,2021-11-01,011202,D_city,10606.9305520534
BOGOTÁ D.C.,CARNE DE CERDO SIN HUESO,2021-12-01,011202,D_city,10913.436974364271
BOGOTÁ D.C.,CARNE DE CERDO SIN HUESO,2022-01-01,011202,D_city,11134.662927212568
BOGOTÁ D.C.,CARNE DE CERDO SIN HUESO,2022-02-01,011202,D_city,11217.690736995533
BOGOTÁ D.C.,CARNE DE CERDO SIN HUESO,2022-03-01,011202,D_city,11264.75616003592
BOGOTÁ D.C.,CARNE DE CERDO SIN HUESO,2022-04-01,011202,D_city,11202.004883304016
BOGOTÁ D.C.,CARNE DE CERDO SIN HUESO,2022-05-01,011202,D_city,11171.55962288485
BOGOTÁ D.C.,CARNE DE CERDO SIN HUESO,2022-06-01,011202,D_city,11255.526717541938
BOGOTÁ D.C.,CARNE DE CERDO SIN HUESO,2022-07-01,011202,D_city,11258.295502799949
BOGOTÁ D.C.,CARNE DE CERDO SIN HUESO,2022-08-01,011202,D_city,11423.573060132605
BOGOTÁ D.C.,CARNE DE CERDO SIN HUESO,2022-09-01,011202,D_city,11576.975135861605
BOGOTÁ D.C.,CARNE DE CERDO SIN HUESO,2022-10-01,011202,D_city,11687.944021420031
BOGOTÁ D.C.,CARNE DE CERDO SIN HUESO,2022-11-01,011202,D_city,11939.706007057726
BOGOTÁ D.C.,CARNE DE CERDO SIN HUESO,2022-12-01,011202,D_city,12553.766696256664
BOGOTÁ D.C.,CARNE DE CERDO SIN HUESO,2023-01-01,011202,D_city,12858.686544287251
BOGOTÁ D.C.,CARNE DE CERDO SIN HUESO,2023-02-01,011202,D_city,13151.928794780348
BOGOTÁ D.C.,CARNE DE CERDO SIN HUESO,2023-03-01,011202,D_city,13498.737431775213
BOGOTÁ D.C.,CARNE DE CERDO SIN HUESO,2023-04-01,011202,D_city,13713.429817363669
BOGOTÁ D.C.,CARNE DE CERDO SIN HUESO,2023-05-01,011202,D_city,13824.588920968286
BOGOTÁ D.C.,CARNE DE CERDO SIN HUESO,2023-06-01,011202,D_city,13709.694310087996
BOGOTÁ D.C.,CARNE DE CERDO SIN HUESO,2023-07-01,011202,D_city,13791.88950040728
BOGOTÁ D.C.,CARNE DE CERDO SIN HUESO,2023-08-01,011202,D_city,13794.69212643322
BOGOTÁ D.C.,CARNE DE CERDO SIN HUESO,2023-09-01,011202,D_city,13946.084324668458
BOGOTÁ D.C.,CARNE DE CERDO SIN HUESO,2023-10-01,011202,D_city,13849.817348602724
BOGOTÁ D.C.,CARNE DE CERDO SIN HUESO,2023-11-01,011202,D_city,13845.145210124965
BOGOTÁ D.C.,CARNE DE CERDO SIN HUESO,2023-12-01,011202,D_city,13798.42901408704
BOGOTÁ D.C.,CARNE DE CERDO SIN HUESO,2024-01-01,011202,D_city,13910.56371344793
BOGOTÁ D.C.,CARNE DE CERDO SIN HUESO,2024-02-01,011202,D_city,13869.441358859694
BOGOTÁ D.C.,CARNE DE CERDO SIN HUESO,2024-03-01,011202,D_city,13993.765223837006
BOGOTÁ D.C.,CARNE DE CERDO SIN HUESO,2024-04-01,011202,D_city,13840.47316590378
BOGOTÁ D.C.,CARNE DE CERDO SIN HUESO,2024-05-01,011202,D_city,13821.785932145369
BOGOTÁ D.C.,CARNE DE CERDO SIN HUESO,2024-06-01,011202,D_city,13976.000614600622
BOGOTÁ D.C.,CARNE DE CERDO SIN HUESO,2024-07-01,011202,D_city,14018.076873775775
BOGOTÁ D.C.,CARNE DE CERDO SIN HUESO,2024-08-01,011202,D_city,13982.545313670216
BOGOTÁ D.C.,CARNE DE CERDO SIN HUESO,2024-09-01,011202,D_city,14004.985671841909
BOGOTÁ D.C.,CARNE DE CERDO SIN HUESO,2024-10-01,011202,D_city,14038.650239094046
BOGOTÁ D.C.,CARNE DE CERDO SIN HUESO,2024-11-01,011202,D_city,14010.596097415068
BOGOTÁ D.C.,CARNE DE CERDO SIN HUESO,2024-12-01,011202,D_city,14330.610935361621
BOGOTÁ D.C.,CARNE DE RES CON HUESO,2019-01-01,011201,D_city,4680.635606882176
BOGOTÁ D.C.,CARNE DE RES CON HUESO,2019-02-01,011201,D_city,4651.208498445402
BOGOTÁ D.C.,CARNE DE RES CON HUESO,2019-03-01,011201,D_city,4665.458229366337
BOGOTÁ D.C.,CARNE DE RES CON HUESO,2019-04-01,011201,D_city,4650.574704787954
BOGOTÁ D.C.,CARNE DE RES CON HUESO,2019-05-01,011201,D_city,4704.304438709765
BOGOTÁ D.C.,CARNE DE RES CON HUESO,2019-06-01,011201,D_city,4785.618130887054
BOGOTÁ D.C.,CARNE DE RES CON HUESO,2019-07-01,011201,D_city,4782.49060502261
BOGOTÁ D.C.,CARNE DE RES CON HUESO,2019-08-01,011201,D_city,4758.690143776754
BOGOTÁ D.C.,CARNE DE RES CON HUESO,2019-09-01,011201,D_city,4766.83864110767
BOGOTÁ D.C.,CARNE DE RES CON HUESO,2019-10-01,011201,D_city,4734.834043289895
BOGOTÁ D.C.,CARNE DE RES CON HUESO,2019-11-01,011201,D_city,4750.535134729929
BOGOTÁ D.C.,CARNE DE RES CON HUESO,2019-12-01,011201,D_city,4759.0036677912185
BOGOTÁ D.C.,CARNE DE RES CON HUESO,2020-01-01,011201,D_city,4765.585449110745
BOGOTÁ D.C.,CARNE DE RES CON HUESO,2020-02-01,011201,D_city,4789.6824902209055
BOGOTÁ D.C.,CARNE DE RES CON HUESO,2020-03-01,011201,D_city,4785.930831048406
BOGOTÁ D.C.,CARNE DE RES CON HUESO,2020-04-01,011201,D_city,4822.1397103406025
BOGOTÁ D.C.,CARNE DE RES CON HUESO,2020-05-01,011201,D_city,4814.346815938354
BOGOTÁ D.C.,CARNE DE RES CON HUESO,2020-06-01,011201,D_city,4811.53993386157
BOGOTÁ D.C.,CARNE DE RES CON HUESO,2020-07-01,011201,D_city,4824.943714811943
BOGOTÁ D.C.,CARNE DE RES CON HUESO,2020-08-01,011201,D_city,4791.870325350274
BOGOTÁ D.C.,CARNE DE RES CON HUESO,2020-09-01,011201,D_city,4812.475646041379
BOGOTÁ D.C.,CARNE DE RES CON HUESO,2020-10-01,011201,D_city,4844.861443444353
BOGOTÁ D.C.,CARNE DE RES CON HUESO,2020-11-01,011201,D_city,4859.464237818112
BOGOTÁ D.C.,CARNE DE RES CON HUESO,2020-12-01,011201,D_city,4881.175235763783
BOGOTÁ D.C.,CARNE DE RES CON HUESO,2021-01-01,011201,D_city,4933.715612336854
BOGOTÁ D.C.,CARNE DE RES CON HUESO,2021-02-01,011201,D_city,4946.655974618147
BOGOTÁ D.C.,CARNE DE RES CON HUESO,2021-03-01,011201,D_city,4969.724601145798
BOGOTÁ D.C.,CARNE DE RES CON HUESO,2021-04-01,011201,D_city,5103.464281732941
BOGOTÁ D.C.,CARNE DE RES CON HUESO,2021-05-01,011201,D_city,5400.808964427092
BOGOTÁ D.C.,CARNE DE RES CON HUESO,2021-06-01,011201,D_city,5426.788997308257
BOGOTÁ D.C.,CARNE DE RES CON HUESO,2021-07-01,011201,D_city,5484.739855390674
BOGOTÁ D.C.,CARNE DE RES CON HUESO,2021-08-01,011201,D_city,5550.5801341819215
BOGOTÁ D.C.,CARNE DE RES CON HUESO,2021-09-01,011201,D_city,5581.472205117202
BOGOTÁ D.C.,CARNE DE RES CON HUESO,2021-10-01,011201,D_city,5645.045455012931
BOGOTÁ D.C.,CARNE DE RES CON HUESO,2021-11-01,011201,D_city,5718.363301725313
BOGOTÁ D.C.,CARNE DE RES CON HUESO,2021-12-01,011201,D_city,5836.651344590178
BOGOTÁ D.C.,CARNE DE RES CON HUESO,2022-01-01,011201,D_city,5941.964530942827
BOGOTÁ D.C.,CARNE DE RES CON HUESO,2022-02-01,011201,D_city,5996.406866946237
BOGOTÁ D.C.,CARNE DE RES CON HUESO,2022-03-01,011201,D_city,6042.207717224512
BOGOTÁ D.C.,CARNE DE RES CON HUESO,2022-04-01,011201,D_city,6117.162590084508
BOGOTÁ D.C.,CARNE DE RES CON HUESO,2022-05-01,011201,D_city,6230.458625215952
BOGOTÁ D.C.,CARNE DE RES CON HUESO,2022-06-01,011201,D_city,6329.633457391993
BOGOTÁ D.C.,CARNE DE RES CON HUESO,2022-07-01,011201,D_city,6393.436776650203
BOGOTÁ D.C.,CARNE DE RES CON HUESO,2022-08-01,011201,D_city,6458.847991918719
BOGOTÁ D.C.,CARNE DE RES CON HUESO,2022-09-01,011201,D_city,6506.89143431617
BOGOTÁ D.C.,CARNE DE RES CON HUESO,2022-10-01,011201,D_city,6518.5380269214875
BOGOTÁ D.C.,CARNE DE RES CON HUESO,2022-11-01,011201,D_city,6533.9615947132415
BOGOTÁ D.C.,CARNE DE RES CON HUESO,2022-12-01,011201,D_city,6653.528421619685
BOGOTÁ D.C.,CARNE DE RES CON HUESO,2023-01-01,011201,D_city,6681.925430130004
BOGOTÁ D.C.,CARNE DE RES CON HUESO,2023-02-01,011201,D_city,6740.683888484895
BOGOTÁ D.C.,CARNE DE RES CON HUESO,2023-03-01,011201,D_city,6771.037630542709
BOGOTÁ D.C.,CARNE DE RES CON HUESO,2023-04-01,011201,D_city,6828.3767794726145
BOGOTÁ D.C.,CARNE DE RES CON HUESO,2023-05-01,011201,D_city,6850.6147381638975
BOGOTÁ D.C.,CARNE DE RES CON HUESO,2023-06-01,011201,D_city,6851.408328084316
BOGOTÁ D.C.,CARNE DE RES CON HUESO,2023-07-01,011201,D_city,6880.477105261737
BOGOTÁ D.C.,CARNE DE RES CON HUESO,2023-08-01,011201,D_city,6883.644778505999
BOGOTÁ D.C.,CARNE DE RES CON HUESO,2023-09-01,011201,D_city,6887.603414452778
BOGOTÁ D.C.,CARNE DE RES CON HUESO,2023-10-01,011201,D_city,6845.0584077865105
BOGOTÁ D.C.,CARNE DE RES CON HUESO,2023-11-01,011201,D_city,6884.700518536649
BOGOTÁ D.C.,CARNE DE RES CON HUESO,2023-12-01,011201,D_city,6886.547881960543
BOGOTÁ D.C.,CARNE DE RES CON HUESO,2024-01-01,011201,D_city,6920.287620471555
BOGOTÁ D.C.,CARNE DE RES CON HUESO,2024-02-01,011201,D_city,6906.853655790766
BOGOTÁ D.C.,CARNE DE RES CON HUESO,2024-03-01,011201,D_city,6914.494069676603
BOGOTÁ D.C.,CARNE DE RES CON HUESO,2024-04-01,011201,D_city,6885.228360242543
BOGOTÁ D.C.,CARNE DE RES CON HUESO,2024-05-01,011201,D_city,6882.3249972784815
BOGOTÁ D.C.,CARNE DE RES CON HUESO,2024-06-01,011201,D_city,6868.3280512338215
BOGOTÁ D.C.,CARNE DE RES CON HUESO,2024-07-01,011201,D_city,6870.705828162207
BOGOTÁ D.C.,CARNE DE RES CON HUESO,2024-08-01,011201,D_city,6839.499973417607
BOGOTÁ D.C.,CARNE DE RES CON HUESO,2024-09-01,011201,D_city,6841.882417419152
BOGOTÁ D.C.,CARNE DE RES CON HUESO,2024-10-01,011201,D_city,6832.08544900154
BOGOTÁ D.C.,CARNE DE RES CON HUESO,2024-11-01,011201,D_city,6846.910751526151
BOGOTÁ D.C.,CARNE DE RES CON HUESO,2024-12-01,011201,D_city,6867.006898176056
BOGOTÁ D.C.,CARNE DE RES SIN HUESO,2019-01-01,011201,D_city,10598.933449583874
BOGOTÁ D.C.,CARNE DE RES SIN HUESO,2019-02-01,011201,D_city,10498.18397028315
BOGOTÁ D.C.,CARNE DE RES SIN HUESO,2019-03-01,011201,D_city,10546.929902787038
BOGOTÁ D.C.,CARNE DE RES SIN HUESO,2019-04-01,011201,D_city,10496.017650947879
BOGOTÁ D.C.,CARNE DE RES SIN HUESO,2019-05-01,011201,D_city,10680.2051997588
BOGOTÁ D.C.,CARNE DE RES SIN HUESO,2019-06-01,011201,D_city,10961.013812105157
BOGOTÁ D.C.,CARNE DE RES SIN HUESO,2019-07-01,011201,D_city,10950.167501978174
BOGOTÁ D.C.,CARNE DE RES SIN HUESO,2019-08-01,011201,D_city,10867.746715802861
BOGOTÁ D.C.,CARNE DE RES SIN HUESO,2019-09-01,011201,D_city,10895.941074558574
BOGOTÁ D.C.,CARNE DE RES SIN HUESO,2019-10-01,011201,D_city,10785.345773068622
BOGOTÁ D.C.,CARNE DE RES SIN HUESO,2019-11-01,011201,D_city,10839.554679426808
BOGOTÁ D.C.,CARNE DE RES SIN HUESO,2019-12-01,011201,D_city,10868.831071309245
BOGOTÁ D.C.,CARNE DE RES SIN HUESO,2020-01-01,011201,D_city,10891.603329968802
BOGOTÁ D.C.,CARNE DE RES SIN HUESO,2020-02-01,011201,D_city,10975.114524731982
BOGOTÁ D.C.,CARNE DE RES SIN HUESO,2020-03-01,011201,D_city,10962.09846186754
BOGOTÁ D.C.,CARNE DE RES SIN HUESO,2020-04-01,011201,D_city,11087.940877737949
BOGOTÁ D.C.,CARNE DE RES SIN HUESO,2020-05-01,011201,D_city,11060.815815685668
BOGOTÁ D.C.,CARNE DE RES SIN HUESO,2020-06-01,011201,D_city,11051.05131012365
BOGOTÁ D.C.,CARNE DE RES SIN HUESO,2020-07-01,011201,D_city,11097.7064161744
BOGOTÁ D.C.,CARNE DE RES SIN HUESO,2020-08-01,011201,D_city,10982.707454469553
BOGOTÁ D.C.,CARNE DE RES SIN HUESO,2020-09-01,011201,D_city,11054.306114883497
BOGOTÁ D.C.,CARNE DE RES SIN HUESO,2020-10-01,011201,D_city,11167.15810130527
BOGOTÁ D.C.,CARNE DE RES SIN HUESO,2020-11-01,011201,D_city,11218.170423335017
BOGOTÁ D.C.,CARNE DE RES SIN HUESO,2020-12-01,011201,D_city,11294.159868978404
BOGOTÁ D.C.,CARNE DE RES SIN HUESO,2021-01-01,011201,D_city,11478.773067282138
BOGOTÁ D.C.,CARNE DE RES SIN HUESO,2021-02-01,011201,D_city,11524.397973213108
BOGOTÁ D.C.,CARNE DE RES SIN HUESO,2021-03-01,011201,D_city,11605.885273067328
BOGOTÁ D.C.,CARNE DE RES SIN HUESO,2021-04-01,011201,D_city,12082.13025843767
BOGOTÁ D.C.,CARNE DE RES SIN HUESO,2021-05-01,011201,D_city,13164.014122530023
BOGOTÁ D.C.,CARNE DE RES SIN HUESO,2021-06-01,011201,D_city,13260.030924174007
BOGOTÁ D.C.,CARNE DE RES SIN HUESO,2021-07-01,011201,D_city,13475.05745383931
BOGOTÁ D.C.,CARNE DE RES SIN HUESO,2021-08-01,011201,D_city,13720.779390598225
BOGOTÁ D.C.,CARNE DE RES SIN HUESO,2021-09-01,011201,D_city,13836.590318748922
BOGOTÁ D.C.,CARNE DE RES SIN HUESO,2021-10-01,011201,D_city,14075.957309453324
BOGOTÁ D.C.,CARNE DE RES SIN HUESO,2021-11-01,011201,D_city,14353.741143956746
BOGOTÁ D.C.,CARNE DE RES SIN HUESO,2021-12-01,011201,D_city,14805.776598119895
BOGOTÁ D.C.,CARNE DE RES SIN HUESO,2022-01-01,011201,D_city,15212.216764619847
BOGOTÁ D.C.,CARNE DE RES SIN HUESO,2022-02-01,011201,D_city,15423.79031354326
BOGOTÁ D.C.,CARNE DE RES SIN HUESO,2022-03-01,011201,D_city,15602.548644086148
BOGOTÁ D.C.,CARNE DE RES SIN HUESO,2022-04-01,011201,D_city,15896.599138183728
BOGOTÁ D.C.,CARNE DE RES SIN HUESO,2022-05-01,011201,D_city,16344.588936418595
BOGOTÁ D.C.,CARNE DE RES SIN HUESO,2022-06-01,011201,D_city,16740.198482881093
BOGOTÁ D.C.,CARNE DE RES SIN HUESO,2022-07-01,011201,D_city,16996.404560747313
BOGOTÁ D.C.,CARNE DE RES SIN HUESO,2022-08-01,011201,D_city,17260.43607908789
BOGOTÁ D.C.,CARNE DE RES SIN HUESO,2022-09-01,011201,D_city,17455.241636906874
BOGOTÁ D.C.,CARNE DE RES SIN HUESO,2022-10-01,011201,D_city,17502.577734842424
BOGOTÁ D.C.,CARNE DE RES SIN HUESO,2022-11-01,011201,D_city,17565.33185018987
BOGOTÁ D.C.,CARNE DE RES SIN HUESO,2022-12-01,011201,D_city,18054.395285280225
BOGOTÁ D.C.,CARNE DE RES SIN HUESO,2023-01-01,011201,D_city,18171.216335434856
BOGOTÁ D.C.,CARNE DE RES SIN HUESO,2023-02-01,011201,D_city,18413.751081289472
BOGOTÁ D.C.,CARNE DE RES SIN HUESO,2023-03-01,011201,D_city,18539.468172798646
BOGOTÁ D.C.,CARNE DE RES SIN HUESO,2023-04-01,011201,D_city,18777.743088519845
BOGOTÁ D.C.,CARNE DE RES SIN HUESO,2023-05-01,011201,D_city,18870.431556970758
BOGOTÁ D.C.,CARNE DE RES SIN HUESO,2023-06-01,011201,D_city,18873.74212721888
BOGOTÁ D.C.,CARNE DE RES SIN HUESO,2023-07-01,011201,D_city,18995.142411236182
BOGOTÁ D.C.,CARNE DE RES SIN HUESO,2023-08-01,011201,D_city,19008.38757195617
BOGOTÁ D.C.,CARNE DE RES SIN HUESO,2023-09-01,011201,D_city,19024.944434954952
BOGOTÁ D.C.,CARNE DE RES SIN HUESO,2023-10-01,011201,D_city,18847.258081776024
BOGOTÁ D.C.,CARNE DE RES SIN HUESO,2023-11-01,011201,D_city,19012.802690664266
BOGOTÁ D.C.,CARNE DE RES SIN HUESO,2023-12-01,011201,D_city,19020.52922673604
BOGOTÁ D.C.,CARNE DE RES SIN HUESO,2024-01-01,011201,D_city,19161.831992703363
BOGOTÁ D.C.,CARNE DE RES SIN HUESO,2024-02-01,011201,D_city,19105.52769299533
BOGOTÁ D.C.,CARNE DE RES SIN HUESO,2024-03-01,011201,D_city,19137.54321822204
BOGOTÁ D.C.,CARNE DE RES SIN HUESO,2024-04-01,011201,D_city,19015.010262227093
BOGOTÁ D.C.,CARNE DE RES SIN HUESO,2024-05-01,011201,D_city,19002.868719363112
BOGOTÁ D.C.,CARNE DE RES SIN HUESO,2024-06-01,011201,D_city,18944.372013505334
BOGOTÁ D.C.,CARNE DE RES SIN HUESO,2024-07-01,011201,D_city,18954.305012603974
BOGOTÁ D.C.,CARNE DE RES SIN HUESO,2024-08-01,011201,D_city,18824.085511273614
BOGOTÁ D.C.,CARNE DE RES SIN HUESO,2024-09-01,011201,D_city,18834.016502072012
BOGOTÁ D.C.,CARNE DE RES SIN HUESO,2024-10-01,011201,D_city,18793.190159705806
BOGOTÁ D.C.,CARNE DE RES SIN HUESO,2024-11-01,011201,D_city,18854.982473037668
BOGOTÁ D.C.,CARNE DE RES SIN HUESO,2024-12-01,011201,D_city,18938.853752123774
BOGOTÁ D.C.,CEBOLLA CABEZONA,2019-01-01,011714,D_city,2424.047818897194
BOGOTÁ D.C.,CEBOLLA CABEZONA,2019-02-01,011714,D_city,2344.257508457351
BOGOTÁ D.C.,CEBOLLA CABEZONA,2019-03-01,011714,D_city,2174.1536528553106
BOGOTÁ D.C.,CEBOLLA CABEZONA,2019-04-01,011714,D_city,2088.352256973826
BOGOTÁ D.C.,CEBOLLA CABEZONA,2019-05-01,011714,D_city,1908.2779543719266
BOGOTÁ D.C.,CEBOLLA CABEZONA,2019-06-01,011714,D_city,1880.2471607481098
BOGOTÁ D.C.,CEBOLLA CABEZONA,2019-07-01,011714,D_city,2399.928426811154
BOGOTÁ D.C.,CEBOLLA CABEZONA,2019-08-01,011714,D_city,2351.401091132602
BOGOTÁ D.C.,CEBOLLA CABEZONA,2019-09-01,011714,D_city,2286.379407517574
BOGOTÁ D.C.,CEBOLLA CABEZONA,2019-10-01,011714,D_city,2138.021759307807
BOGOTÁ D.C.,CEBOLLA CABEZONA,2019-11-01,011714,D_city,1891.8417152987436
BOGOTÁ D.C.,CEBOLLA CABEZONA,2019-12-01,011714,D_city,1674.498038018334
BOGOTÁ D.C.,CEBOLLA CABEZONA,2020-01-01,011714,D_city,1686.2048055330642
BOGOTÁ D.C.,CEBOLLA CABEZONA,2020-02-01,011714,D_city,1561.8552111906438
BOGOTÁ D.C.,CEBOLLA CABEZONA,2020-03-01,011714,D_city,1873.9101398414932
BOGOTÁ D.C.,CEBOLLA CABEZONA,2020-04-01,011714,D_city,2004.7112993489231
BOGOTÁ D.C.,CEBOLLA CABEZONA,2020-05-01,011714,D_city,2154.263323245725
BOGOTÁ D.C.,CEBOLLA CABEZONA,2020-06-01,011714,D_city,2616.669321084309
BOGOTÁ D.C.,CEBOLLA CABEZONA,2020-07-01,011714,D_city,2624.474758255699
BOGOTÁ D.C.,CEBOLLA CABEZONA,2020-08-01,011714,D_city,2564.774625185541
BOGOTÁ D.C.,CEBOLLA CABEZONA,2020-09-01,011714,D_city,2348.635221364824
BOGOTÁ D.C.,CEBOLLA CABEZONA,2020-10-01,011714,D_city,2142.079414304766
BOGOTÁ D.C.,CEBOLLA CABEZONA,2020-11-01,011714,D_city,2099.7898267840396
BOGOTÁ D.C.,CEBOLLA CABEZONA,2020-12-01,011714,D_city,2074.4677631596596
BOGOTÁ D.C.,CEBOLLA CABEZONA,2021-01-01,011714,D_city,2352.784315707147
BOGOTÁ D.C.,CEBOLLA CABEZONA,2021-02-01,011714,D_city,2659.5486562768438
BOGOTÁ D.C.,CEBOLLA CABEZONA,2021-03-01,011714,D_city,2780.7706041312445
BOGOTÁ D.C.,CEBOLLA CABEZONA,2021-04-01,011714,D_city,2938.45137371242
BOGOTÁ D.C.,CEBOLLA CABEZONA,2021-05-01,011714,D_city,2950.6095435998745
BOGOTÁ D.C.,CEBOLLA CABEZONA,2021-06-01,011714,D_city,2033.6148386174682
BOGOTÁ D.C.,CEBOLLA CABEZONA,2021-07-01,011714,D_city,1595.4100590029182
BOGOTÁ D.C.,CEBOLLA CABEZONA,2021-08-01,011714,D_city,1489.4638849981898
BOGOTÁ D.C.,CEBOLLA CABEZONA,2021-09-01,011714,D_city,1488.843381879156
BOGOTÁ D.C.,CEBOLLA CABEZONA,2021-10-01,011714,D_city,1568.7620257644883
BOGOTÁ D.C.,CEBOLLA CABEZONA,2021-11-01,011714,D_city,1683.2230649509308
BOGOTÁ D.C.,CEBOLLA CABEZONA,2021-12-01,011714,D_city,1775.5870827801878
BOGOTÁ D.C.,CEBOLLA CABEZONA,2022-01-01,011714,D_city,2266.934773223784
BOGOTÁ D.C.,CEBOLLA CABEZONA,2022-02-01,011714,D_city,2742.2132273978564
BOGOTÁ D.C.,CEBOLLA CABEZONA,2022-03-01,011714,D_city,3428.2727687321894
BOGOTÁ D.C.,CEBOLLA CABEZONA,2022-04-01,011714,D_city,3971.3178407224045
BOGOTÁ D.C.,CEBOLLA CABEZONA,2022-05-01,011714,D_city,3879.93878251626
BOGOTÁ D.C.,CEBOLLA CABEZONA,2022-06-01,011714,D_city,3247.661090420544
BOGOTÁ D.C.,CEBOLLA CABEZONA,2022-07-01,011714,D_city,3366.3890183058325
BOGOTÁ D.C.,CEBOLLA CABEZONA,2022-08-01,011714,D_city,3986.9885846980665
BOGOTÁ D.C.,CEBOLLA CABEZONA,2022-09-01,011714,D_city,4500.322447249199
BOGOTÁ D.C.,CEBOLLA CABEZONA,2022-10-01,011714,D_city,4553.643554976334
BOGOTÁ D.C.,CEBOLLA CABEZONA,2022-11-01,011714,D_city,4512.696878658835
BOGOTÁ D.C.,CEBOLLA CABEZONA,2022-12-01,011714,D_city,5403.363585002961
BOGOTÁ D.C.,CEBOLLA CABEZONA,2023-01-01,011714,D_city,6459.031824654363
BOGOTÁ D.C.,CEBOLLA CABEZONA,2023-02-01,011714,D_city,6357.842013041978
BOGOTÁ D.C.,CEBOLLA CABEZONA,2023-03-01,011714,D_city,6192.2641017135575
BOGOTÁ D.C.,CEBOLLA CABEZONA,2023-04-01,011714,D_city,5119.546303925535
BOGOTÁ D.C.,CEBOLLA CABEZONA,2023-05-01,011714,D_city,3864.1097304256273
BOGOTÁ D.C.,CEBOLLA CABEZONA,2023-06-01,011714,D_city,3266.83865022987
BOGOTÁ D.C.,CEBOLLA CABEZONA,2023-07-01,011714,D_city,3252.6396976474643
BOGOTÁ D.C.,CEBOLLA CABEZONA,2023-08-01,011714,D_city,4724.557992505097
BOGOTÁ D.C.,CEBOLLA CABEZONA,2023-09-01,011714,D_city,6102.204156803111
BOGOTÁ D.C.,CEBOLLA CABEZONA,2023-10-01,011714,D_city,5141.184797279324
BOGOTÁ D.C.,CEBOLLA CABEZONA,2023-11-01,011714,D_city,4347.126994744312
BOGOTÁ D.C.,CEBOLLA CABEZONA,2023-12-01,011714,D_city,4111.825906700453
BOGOTÁ D.C.,CEBOLLA CABEZONA,2024-01-01,011714,D_city,3900.9813954298165
BOGOTÁ D.C.,CEBOLLA CABEZONA,2024-02-01,011714,D_city,3545.2111618455733
BOGOTÁ D.C.,CEBOLLA CABEZONA,2024-03-01,011714,D_city,3352.5899028686035
BOGOTÁ D.C.,CEBOLLA CABEZONA,2024-04-01,011714,D_city,3359.613225990929
BOGOTÁ D.C.,CEBOLLA CABEZONA,2024-05-01,011714,D_city,3443.6592271954523
BOGOTÁ D.C.,CEBOLLA CABEZONA,2024-06-01,011714,D_city,4512.965977584935
BOGOTÁ D.C.,CEBOLLA CABEZONA,2024-07-01,011714,D_city,5690.480805785679
BOGOTÁ D.C.,CEBOLLA CABEZONA,2024-08-01,011714,D_city,5128.97580427595
BOGOTÁ D.C.,CEBOLLA CABEZONA,2024-09-01,011714,D_city,4397.606322039447
BOGOTÁ D.C.,CEBOLLA CABEZONA,2024-10-01,011714,D_city,3587.9638653966076
BOGOTÁ D.C.,CEBOLLA CABEZONA,2024-11-01,011714,D_city,3078.2468596198214
BOGOTÁ D.C.,CEBOLLA CABEZONA,2024-12-01,011714,D_city,3304.2742956639127
BOGOTÁ D.C.,CEBOLLA LARGA,2019-01-01,011714,D_city,1790.1693250669705
BOGOTÁ D.C.,CEBOLLA LARGA,2019-02-01,011714,D_city,1761.3275923297776
BOGOTÁ D.C.,CEBOLLA LARGA,2019-03-01,011714,D_city,1698.1034648972393
BOGOTÁ D.C.,CEBOLLA LARGA,2019-04-01,011714,D_city,1665.2456278580203
BOGOTÁ D.C.,CEBOLLA LARGA,2019-05-01,011714,D_city,1593.9463097521882
BOGOTÁ D.C.,CEBOLLA LARGA,2019-06-01,011714,D_city,1582.540891737359
BOGOTÁ D.C.,CEBOLLA LARGA,2019-07-01,011714,D_city,1781.5031311345072
BOGOTÁ D.C.,CEBOLLA LARGA,2019-08-01,011714,D_city,1763.930168867534
BOGOTÁ D.C.,CEBOLLA LARGA,2019-09-01,011714,D_city,1740.0889170839234
BOGOTÁ D.C.,CEBOLLA LARGA,2019-10-01,011714,D_city,1684.3495396395251
BOGOTÁ D.C.,CEBOLLA LARGA,2019-11-01,011714,D_city,1587.269128835885
BOGOTÁ D.C.,CEBOLLA LARGA,2019-12-01,011714,D_city,1495.996679874795
BOGOTÁ D.C.,CEBOLLA LARGA,2020-01-01,011714,D_city,1501.0630444215121
BOGOTÁ D.C.,CEBOLLA LARGA,2020-02-01,011714,D_city,1446.2849573690157
BOGOTÁ D.C.,CEBOLLA LARGA,2020-03-01,011714,D_city,1579.950322927275
BOGOTÁ D.C.,CEBOLLA LARGA,2020-04-01,011714,D_city,1632.539293397979
BOGOTÁ D.C.,CEBOLLA LARGA,2020-05-01,011714,D_city,1690.546719696193
BOGOTÁ D.C.,CEBOLLA LARGA,2020-06-01,011714,D_city,1857.8435537757819
BOGOTÁ D.C.,CEBOLLA LARGA,2020-07-01,011714,D_city,1860.53086095521
BOGOTÁ D.C.,CEBOLLA LARGA,2020-08-01,011714,D_city,1839.8710133760944
BOGOTÁ D.C.,CEBOLLA LARGA,2020-09-01,011714,D_city,1762.9229803998787
BOGOTÁ D.C.,CEBOLLA LARGA,2020-10-01,011714,D_city,1685.9000549642858
BOGOTÁ D.C.,CEBOLLA LARGA,2020-11-01,011714,D_city,1669.665301798976
BOGOTÁ D.C.,CEBOLLA LARGA,2020-12-01,011714,D_city,1659.8636440710936
BOGOTÁ D.C.,CEBOLLA LARGA,2021-01-01,011714,D_city,1764.4336398548623
BOGOTÁ D.C.,CEBOLLA LARGA,2021-02-01,011714,D_city,1872.555860591514
BOGOTÁ D.C.,CEBOLLA LARGA,2021-03-01,011714,D_city,1913.4999919655143
BOGOTÁ D.C.,CEBOLLA LARGA,2021-04-01,011714,D_city,1965.4072558782868
BOGOTÁ D.C.,CEBOLLA LARGA,2021-05-01,011714,D_city,1969.3494075295293
BOGOTÁ D.C.,CEBOLLA LARGA,2021-06-01,011714,D_city,1643.91957058958
BOGOTÁ D.C.,CEBOLLA LARGA,2021-07-01,011714,D_city,1461.2810842146519
BOGOTÁ D.C.,CEBOLLA LARGA,2021-08-01,011714,D_city,1413.3569327538705
BOGOTÁ D.C.,CEBOLLA LARGA,2021-09-01,011714,D_city,1413.071170258039
BOGOTÁ D.C.,CEBOLLA LARGA,2021-10-01,011714,D_city,1449.3851613029626
BOGOTÁ D.C.,CEBOLLA LARGA,2021-11-01,011714,D_city,1499.7743526435736
BOGOTÁ D.C.,CEBOLLA LARGA,2021-12-01,011714,D_city,1539.1628649300753
BOGOTÁ D.C.,CEBOLLA LARGA,2022-01-01,011714,D_city,1732.8916214028686
BOGOTÁ D.C.,CEBOLLA LARGA,2022-02-01,011714,D_city,1900.5782366613441
BOGOTÁ D.C.,CEBOLLA LARGA,2022-03-01,011714,D_city,2118.0948878197323
BOGOTÁ D.C.,CEBOLLA LARGA,2022-04-01,011714,D_city,2274.7573264493853
BOGOTÁ D.C.,CEBOLLA LARGA,2022-05-01,011714,D_city,2249.2047750319743
BOGOTÁ D.C.,CEBOLLA LARGA,2022-06-01,011714,D_city,2063.1892019405705
BOGOTÁ D.C.,CEBOLLA LARGA,2022-07-01,011714,D_city,2099.453815805761
BOGOTÁ D.C.,CEBOLLA LARGA,2022-08-01,011714,D_city,2279.1088613141796
BOGOTÁ D.C.,CEBOLLA LARGA,2022-09-01,011714,D_city,2417.075200236543
BOGOTÁ D.C.,CEBOLLA LARGA,2022-10-01,011714,D_city,2430.93063287366
BOGOTÁ D.C.,CEBOLLA LARGA,2022-11-01,011714,D_city,2420.298180044426
BOGOTÁ D.C.,CEBOLLA LARGA,2022-12-01,011714,D_city,2641.383186537131
BOGOTÁ D.C.,CEBOLLA LARGA,2023-01-01,011714,D_city,2880.3297785082827
BOGOTÁ D.C.,CEBOLLA LARGA,2023-02-01,011714,D_city,2858.342785548032
BOGOTÁ D.C.,CEBOLLA LARGA,2023-03-01,011714,D_city,2821.973097979891
BOGOTÁ D.C.,CEBOLLA LARGA,2023-04-01,011714,D_city,2573.1195794276077
BOGOTÁ D.C.,CEBOLLA LARGA,2023-05-01,011714,D_city,2244.7470986328026
BOGOTÁ D.C.,CEBOLLA LARGA,2023-06-01,011714,D_city,2069.0925171207978
BOGOTÁ D.C.,CEBOLLA LARGA,2023-07-01,011714,D_city,2064.7234578044668
BOGOTÁ D.C.,CEBOLLA LARGA,2023-08-01,011714,D_city,2474.7885505015465
BOGOTÁ D.C.,CEBOLLA LARGA,2023-09-01,011714,D_city,2801.9808130011706
BOGOTÁ D.C.,CEBOLLA LARGA,2023-10-01,011714,D_city,2578.3915947718206
BOGOTÁ D.C.,CEBOLLA LARGA,2023-11-01,011714,D_city,2376.7905449291025
BOGOTÁ D.C.,CEBOLLA LARGA,2023-12-01,011714,D_city,2313.4645144711744
BOGOTÁ D.C.,CEBOLLA LARGA,2024-01-01,011714,D_city,2255.1161929090654
BOGOTÁ D.C.,CEBOLLA LARGA,2024-02-01,011714,D_city,2152.852947460187
BOGOTÁ D.C.,CEBOLLA LARGA,2024-03-01,011714,D_city,2095.273154839385
BOGOTÁ D.C.,CEBOLLA LARGA,2024-04-01,011714,D_city,2097.402086490816
BOGOTÁ D.C.,CEBOLLA LARGA,2024-05-01,011714,D_city,2122.702763319394
BOGOTÁ D.C.,CEBOLLA LARGA,2024-06-01,011714,D_city,2420.368217575243
BOGOTÁ D.C.,CEBOLLA LARGA,2024-07-01,011714,D_city,2708.5872476321856
BOGOTÁ D.C.,CEBOLLA LARGA,2024-08-01,011714,D_city,2575.4183957279656
BOGOTÁ D.C.,CEBOLLA LARGA,2024-09-01,011714,D_city,2390.1442784742744
BOGOTÁ D.C.,CEBOLLA LARGA,2024-10-01,011714,D_city,2165.4128672517772
BOGOTÁ D.C.,CEBOLLA LARGA,2024-11-01,011714,D_city,2010.2400014512489
BOGOTÁ D.C.,CEBOLLA LARGA,2024-12-01,011714,D_city,2080.5649374016916
BOGOTÁ D.C.,CURUBAS,2019-01-01,011609,D_city,2094.3441205516847
BOGOTÁ D.C.,CURUBAS,2019-02-01,011609,D_city,2136.696521214633
BOGOTÁ D.C.,CURUBAS,2019-03-01,011609,D_city,2421.78841892001
BOGOTÁ D.C.,CURUBAS,2019-04-01,011609,D_city,2500.7392218890323
BOGOTÁ D.C.,CURUBAS,2019-05-01,011609,D_city,2402.158004852625
BOGOTÁ D.C.,CURUBAS,2019-06-01,011609,D_city,2363.888354056184
BOGOTÁ D.C.,CURUBAS,2019-07-01,011609,D_city,2530.8138415361254
BOGOTÁ D.C.,CURUBAS,2019-08-01,011609,D_city,2765.2641454264976
BOGOTÁ D.C.,CURUBAS,2019-09-01,011609,D_city,2969.4287090496928
BOGOTÁ D.C.,CURUBAS,2019-10-01,011609,D_city,2994.4966848727945
BOGOTÁ D.C.,CURUBAS,2019-11-01,011609,D_city,2723.1162516586023
BOGOTÁ D.C.,CURUBAS,2019-12-01,011609,D_city,2575.0787291055667
BOGOTÁ D.C.,CURUBAS,2020-01-01,011609,D_city,2558.0518079877197
BOGOTÁ D.C.,CURUBAS,2020-02-01,011609,D_city,2704.04311879593
BOGOTÁ D.C.,CURUBAS,2020-03-01,011609,D_city,3113.568448190597
BOGOTÁ D.C.,CURUBAS,2020-04-01,011609,D_city,3158.8136829500436
BOGOTÁ D.C.,CURUBAS,2020-05-01,011609,D_city,3058.0302713388783
BOGOTÁ D.C.,CURUBAS,2020-06-01,011609,D_city,2870.0319157847957
BOGOTÁ D.C.,CURUBAS,2020-07-01,011609,D_city,2707.6165720302847
BOGOTÁ D.C.,CURUBAS,2020-08-01,011609,D_city,2694.817601592285
BOGOTÁ D.C.,CURUBAS,2020-09-01,011609,D_city,2861.5634901209023
BOGOTÁ D.C.,CURUBAS,2020-10-01,011609,D_city,2932.2380666446766
BOGOTÁ D.C.,CURUBAS,2020-11-01,011609,D_city,2918.856165047763
BOGOTÁ D.C.,CURUBAS,2020-12-01,011609,D_city,2765.8632440725896
BOGOTÁ D.C.,CURUBAS,2021-01-01,011609,D_city,2838.008570010137
BOGOTÁ D.C.,CURUBAS,2021-02-01,011609,D_city,2853.1018282667924
BOGOTÁ D.C.,CURUBAS,2021-03-01,011609,D_city,3008.2776580895747
BOGOTÁ D.C.,CURUBAS,2021-04-01,011609,D_city,3206.1050072165503
BOGOTÁ D.C.,CURUBAS,2021-05-01,011609,D_city,3726.8315993296374
BOGOTÁ D.C.,CURUBAS,2021-06-01,011609,D_city,3409.18837114753
BOGOTÁ D.C.,CURUBAS,2021-07-01,011609,D_city,3391.1342681873357
BOGOTÁ D.C.,CURUBAS,2021-08-01,011609,D_city,3716.770033788584
BOGOTÁ D.C.,CURUBAS,2021-09-01,011609,D_city,3914.779048145535
BOGOTÁ D.C.,CURUBAS,2021-10-01,011609,D_city,4063.593956403196
BOGOTÁ D.C.,CURUBAS,2021-11-01,011609,D_city,3999.585310812348
BOGOTÁ D.C.,CURUBAS,2021-12-01,011609,D_city,3897.679657583848
BOGOTÁ D.C.,CURUBAS,2022-01-01,011609,D_city,4081.21941060323
BOGOTÁ D.C.,CURUBAS,2022-02-01,011609,D_city,4221.953209926324
BOGOTÁ D.C.,CURUBAS,2022-03-01,011609,D_city,4411.470872265083
BOGOTÁ D.C.,CURUBAS,2022-04-01,011609,D_city,4604.932744586809
BOGOTÁ D.C.,CURUBAS,2022-05-01,011609,D_city,4640.034336628501
BOGOTÁ D.C.,CURUBAS,2022-06-01,011609,D_city,4588.095845436684
BOGOTÁ D.C.,CURUBAS,2022-07-01,011609,D_city,4585.005165292517
BOGOTÁ D.C.,CURUBAS,2022-08-01,011609,D_city,4713.22022974273
BOGOTÁ D.C.,CURUBAS,2022-09-01,011609,D_city,5029.433346023251
BOGOTÁ D.C.,CURUBAS,2022-10-01,011609,D_city,5245.424415924465
BOGOTÁ D.C.,CURUBAS,2022-11-01,011609,D_city,5050.9217802954945
BOGOTÁ D.C.,CURUBAS,2022-12-01,011609,D_city,4774.5597576142945
BOGOTÁ D.C.,CURUBAS,2023-01-01,011609,D_city,4750.9689528425315
BOGOTÁ D.C.,CURUBAS,2023-02-01,011609,D_city,5199.188227627621
BOGOTÁ D.C.,CURUBAS,2023-03-01,011609,D_city,6033.545465752439
BOGOTÁ D.C.,CURUBAS,2023-04-01,011609,D_city,5755.73192829707
BOGOTÁ D.C.,CURUBAS,2023-05-01,011609,D_city,5293.9126781052255
BOGOTÁ D.C.,CURUBAS,2023-06-01,011609,D_city,5351.827653777678
BOGOTÁ D.C.,CURUBAS,2023-07-01,011609,D_city,5590.248109085921
BOGOTÁ D.C.,CURUBAS,2023-08-01,011609,D_city,6151.0816675474125
BOGOTÁ D.C.,CURUBAS,2023-09-01,011609,D_city,6429.701513583547
BOGOTÁ D.C.,CURUBAS,2023-10-01,011609,D_city,6627.651319501441
BOGOTÁ D.C.,CURUBAS,2023-11-01,011609,D_city,6150.709929255744
BOGOTÁ D.C.,CURUBAS,2023-12-01,011609,D_city,5457.725602655021
BOGOTÁ D.C.,CURUBAS,2024-01-01,011609,D_city,5490.50526327354
BOGOTÁ D.C.,CURUBAS,2024-02-01,011609,D_city,5983.308114636301
BOGOTÁ D.C.,CURUBAS,2024-03-01,011609,D_city,6565.14507130832
BOGOTÁ D.C.,CURUBAS,2024-04-01,011609,D_city,7136.486844320119
BOGOTÁ D.C.,CURUBAS,2024-05-01,011609,D_city,7217.097948541192
BOGOTÁ D.C.,CURUBAS,2024-06-01,011609,D_city,6866.242165456789
BOGOTÁ D.C.,CURUBAS,2024-07-01,011609,D_city,6629.168607196369
BOGOTÁ D.C.,CURUBAS,2024-08-01,011609,D_city,6598.840689957984
BOGOTÁ D.C.,CURUBAS,2024-09-01,011609,D_city,7401.31682927116
BOGOTÁ D.C.,CURUBAS,2024-10-01,011609,D_city,7477.2352475601065
BOGOTÁ D.C.,CURUBAS,2024-11-01,011609,D_city,7362.265490687596
BOGOTÁ D.C.,CURUBAS,2024-12-01,011609,D_city,6920.6793017842965
BOGOTÁ D.C.,FECULA DE MAÍZ,2019-01-01,011105,BASE_lowR2,8397.93655414071
BOGOTÁ D.C.,FECULA DE MAÍZ,2019-02-01,011105,BASE_lowR2,8324.925613777941
BOGOTÁ D.C.,FECULA DE MAÍZ,2019-03-01,011105,BASE_lowR2,8321.568788933675
BOGOTÁ D.C.,FECULA DE MAÍZ,2019-04-01,011105,BASE_lowR2,8411.363853517772
BOGOTÁ D.C.,FECULA DE MAÍZ,2019-05-01,011105,BASE_lowR2,8416.39909078417
BOGOTÁ D.C.,FECULA DE MAÍZ,2019-06-01,011105,BASE_lowR2,8459.198607548551
BOGOTÁ D.C.,FECULA DE MAÍZ,2019-07-01,011105,BASE_lowR2,8468.429875870283
BOGOTÁ D.C.,FECULA DE MAÍZ,2019-08-01,011105,BASE_lowR2,8501.998124312935
BOGOTÁ D.C.,FECULA DE MAÍZ,2019-09-01,011105,BASE_lowR2,8476.821937980945
BOGOTÁ D.C.,FECULA DE MAÍZ,2019-10-01,011105,BASE_lowR2,8491.927649780138
BOGOTÁ D.C.,FECULA DE MAÍZ,2019-11-01,011105,BASE_lowR2,8567.456208776108
BOGOTÁ D.C.,FECULA DE MAÍZ,2019-12-01,011105,BASE_lowR2,8566.617002565043
BOGOTÁ D.C.,FECULA DE MAÍZ,2020-01-01,011105,BASE_lowR2,8579.205095731037
BOGOTÁ D.C.,FECULA DE MAÍZ,2020-02-01,011105,BASE_lowR2,8566.617002565043
BOGOTÁ D.C.,FECULA DE MAÍZ,2020-03-01,011105,BASE_lowR2,8715.995708134848
BOGOTÁ D.C.,FECULA DE MAÍZ,2020-04-01,011105,BASE_lowR2,8802.433947874679
BOGOTÁ D.C.,FECULA DE MAÍZ,2020-05-01,011105,BASE_lowR2,8768.865699432026
BOGOTÁ D.C.,FECULA DE MAÍZ,2020-06-01,011105,BASE_lowR2,8745.367925522169
BOGOTÁ D.C.,FECULA DE MAÍZ,2020-07-01,011105,BASE_lowR2,8673.196191370465
BOGOTÁ D.C.,FECULA DE MAÍZ,2020-08-01,011105,BASE_lowR2,8671.517778948333
BOGOTÁ D.C.,FECULA DE MAÍZ,2020-09-01,011105,BASE_lowR2,8595.989219952364
BOGOTÁ D.C.,FECULA DE MAÍZ,2020-10-01,011105,BASE_lowR2,8529.691929278124
BOGOTÁ D.C.,FECULA DE MAÍZ,2020-11-01,011105,BASE_lowR2,8699.21158391352
BOGOTÁ D.C.,FECULA DE MAÍZ,2020-12-01,011105,BASE_lowR2,8597.667632374496
BOGOTÁ D.C.,FECULA DE MAÍZ,2021-01-01,011105,BASE_lowR2,8564.099383931843
BOGOTÁ D.C.,FECULA DE MAÍZ,2021-02-01,011105,BASE_lowR2,8460.037813759618
BOGOTÁ D.C.,FECULA DE MAÍZ,2021-03-01,011105,BASE_lowR2,8429.826390161232
BOGOTÁ D.C.,FECULA DE MAÍZ,2021-04-01,011105,BASE_lowR2,8587.5971578417
BOGOTÁ D.C.,FECULA DE MAÍZ,2021-05-01,011105,BASE_lowR2,8676.553016214732
BOGOTÁ D.C.,FECULA DE MAÍZ,2021-06-01,011105,BASE_lowR2,8760.473637321364
BOGOTÁ D.C.,FECULA DE MAÍZ,2021-07-01,011105,BASE_lowR2,8837.680608739465
BOGOTÁ D.C.,FECULA DE MAÍZ,2021-08-01,011105,BASE_lowR2,9154.900556522536
BOGOTÁ D.C.,FECULA DE MAÍZ,2021-09-01,011105,BASE_lowR2,9201.89610434225
BOGOTÁ D.C.,FECULA DE MAÍZ,2021-10-01,011105,BASE_lowR2,9271.550219860756
BOGOTÁ D.C.,FECULA DE MAÍZ,2021-11-01,011105,BASE_lowR2,9360.506078233786
BOGOTÁ D.C.,FECULA DE MAÍZ,2021-12-01,011105,BASE_lowR2,9598.001435965556
BOGOTÁ D.C.,FECULA DE MAÍZ,2022-01-01,011105,BASE_lowR2,9947.111219769147
BOGOTÁ D.C.,FECULA DE MAÍZ,2022-02-01,011105,BASE_lowR2,10195.516258244777
BOGOTÁ D.C.,FECULA DE MAÍZ,2022-03-01,011105,BASE_lowR2,10247.547043330891
BOGOTÁ D.C.,FECULA DE MAÍZ,2022-04-01,011105,BASE_lowR2,10314.683540216196
BOGOTÁ D.C.,FECULA DE MAÍZ,2022-05-01,011105,BASE_lowR2,10557.214135214363
BOGOTÁ D.C.,FECULA DE MAÍZ,2022-06-01,011105,BASE_lowR2,10762.819656925612
BOGOTÁ D.C.,FECULA DE MAÍZ,2022-07-01,011105,BASE_lowR2,10858.489164987173
BOGOTÁ D.C.,FECULA DE MAÍZ,2022-08-01,011105,BASE_lowR2,11798.400121381459
BOGOTÁ D.C.,FECULA DE MAÍZ,2022-09-01,011105,BASE_lowR2,12364.864313851227
BOGOTÁ D.C.,FECULA DE MAÍZ,2022-10-01,011105,BASE_lowR2,12513.403813209969
BOGOTÁ D.C.,FECULA DE MAÍZ,2022-11-01,011105,BASE_lowR2,12859.156772169292
BOGOTÁ D.C.,FECULA DE MAÍZ,2022-12-01,011105,BASE_lowR2,13150.361327409306
BOGOTÁ D.C.,FECULA DE MAÍZ,2023-01-01,011105,BASE_lowR2,13499.471111212899
BOGOTÁ D.C.,FECULA DE MAÍZ,2023-02-01,011105,BASE_lowR2,13785.640429186515
BOGOTÁ D.C.,FECULA DE MAÍZ,2023-03-01,011105,BASE_lowR2,13980.336270153903
BOGOTÁ D.C.,FECULA DE MAÍZ,2023-04-01,011105,BASE_lowR2,14237.972576951264
BOGOTÁ D.C.,FECULA DE MAÍZ,2023-05-01,011105,BASE_lowR2,14560.227762000732
BOGOTÁ D.C.,FECULA DE MAÍZ,2023-06-01,011105,BASE_lowR2,14525.820307347014
BOGOTÁ D.C.,FECULA DE MAÍZ,2023-07-01,011105,BASE_lowR2,14449.45254213998
BOGOTÁ D.C.,FECULA DE MAÍZ,2023-08-01,011105,BASE_lowR2,14510.714595547819
BOGOTÁ D.C.,FECULA DE MAÍZ,2023-09-01,011105,BASE_lowR2,14444.417304873581
BOGOTÁ D.C.,FECULA DE MAÍZ,2023-10-01,011105,BASE_lowR2,14409.170644008793
BOGOTÁ D.C.,FECULA DE MAÍZ,2023-11-01,011105,BASE_lowR2,14355.461446500549
BOGOTÁ D.C.,FECULA DE MAÍZ,2023-12-01,011105,BASE_lowR2,14156.569574477831
BOGOTÁ D.C.,FECULA DE MAÍZ,2024-01-01,011105,BASE_lowR2,14026.49261176255
BOGOTÁ D.C.,FECULA DE MAÍZ,2024-02-01,011105,BASE_lowR2,13519.61206027849
BOGOTÁ D.C.,FECULA DE MAÍZ,2024-03-01,011105,BASE_lowR2,12332.974477830709
BOGOTÁ D.C.,FECULA DE MAÍZ,2024-04-01,011105,BASE_lowR2,12018.272148680835
BOGOTÁ D.C.,FECULA DE MAÍZ,2024-05-01,011105,BASE_lowR2,11683.428870465372
BOGOTÁ D.C.,FECULA DE MAÍZ,2024-06-01,011105,BASE_lowR2,11607.061105258335
BOGOTÁ D.C.,FECULA DE MAÍZ,2024-07-01,011105,BASE_lowR2,11676.715220776841
BOGOTÁ D.C.,FECULA DE MAÍZ,2024-08-01,011105,BASE_lowR2,11490.411441920118
BOGOTÁ D.C.,FECULA DE MAÍZ,2024-09-01,011105,BASE_lowR2,11414.882882924148
BOGOTÁ D.C.,FECULA DE MAÍZ,2024-10-01,011105,BASE_lowR2,11526.49730899597
BOGOTÁ D.C.,FECULA DE MAÍZ,2024-11-01,011105,BASE_lowR2,11230.257516489557
BOGOTÁ D.C.,FECULA DE MAÍZ,2024-12-01,011105,BASE_lowR2,11009.546282979112
BOGOTÁ D.C.,FRÍJOL FRESCO,2019-01-01,011716,BASE_lowR2,2664.5355345557127
BOGOTÁ D.C.,FRÍJOL FRESCO,2019-02-01,011716,BASE_lowR2,2744.750944992948
BOGOTÁ D.C.,FRÍJOL FRESCO,2019-03-01,011716,BASE_lowR2,2661.7164626234135
BOGOTÁ D.C.,FRÍJOL FRESCO,2019-04-01,011716,BASE_lowR2,2880.066397743301
BOGOTÁ D.C.,FRÍJOL FRESCO,2019-05-01,011716,BASE_lowR2,2824.197517630466
BOGOTÁ D.C.,FRÍJOL FRESCO,2019-06-01,011716,BASE_lowR2,2772.429105782793
BOGOTÁ D.C.,FRÍJOL FRESCO,2019-07-01,011716,BASE_lowR2,2858.2826600846265
BOGOTÁ D.C.,FRÍJOL FRESCO,2019-08-01,011716,BASE_lowR2,2849.3128857545844
BOGOTÁ D.C.,FRÍJOL FRESCO,2019-09-01,011716,BASE_lowR2,2844.6998589562772
BOGOTÁ D.C.,FRÍJOL FRESCO,2019-10-01,011716,BASE_lowR2,3070.2256135401976
BOGOTÁ D.C.,FRÍJOL FRESCO,2019-11-01,011716,BASE_lowR2,2946.4427277856144
BOGOTÁ D.C.,FRÍJOL FRESCO,2019-12-01,011716,BASE_lowR2,2816.7654188998595
BOGOTÁ D.C.,FRÍJOL FRESCO,2020-01-01,011716,BASE_lowR2,2983.6032214386464
BOGOTÁ D.C.,FRÍJOL FRESCO,2020-02-01,011716,BASE_lowR2,3085.602369534556
BOGOTÁ D.C.,FRÍJOL FRESCO,2020-03-01,011716,BASE_lowR2,3417.4840197461217
BOGOTÁ D.C.,FRÍJOL FRESCO,2020-04-01,011716,BASE_lowR2,3358.539788434415
BOGOTÁ D.C.,FRÍJOL FRESCO,2020-05-01,011716,BASE_lowR2,3257.309478138223
BOGOTÁ D.C.,FRÍJOL FRESCO,2020-06-01,011716,BASE_lowR2,3266.022973201693
BOGOTÁ D.C.,FRÍJOL FRESCO,2020-07-01,011716,BASE_lowR2,3056.3865331452757
BOGOTÁ D.C.,FRÍJOL FRESCO,2020-08-01,011716,BASE_lowR2,3028.195813822285
BOGOTÁ D.C.,FRÍJOL FRESCO,2020-09-01,011716,BASE_lowR2,3173.249878702398
BOGOTÁ D.C.,FRÍJOL FRESCO,2020-10-01,011716,BASE_lowR2,3157.104284908322
BOGOTÁ D.C.,FRÍJOL FRESCO,2020-11-01,011716,BASE_lowR2,3065.8688660084626
BOGOTÁ D.C.,FRÍJOL FRESCO,2020-12-01,011716,BASE_lowR2,3287.294152327222
BOGOTÁ D.C.,FRÍJOL FRESCO,2021-01-01,011716,BASE_lowR2,3467.9710352609313
BOGOTÁ D.C.,FRÍJOL FRESCO,2021-02-01,011716,BASE_lowR2,3477.9659266572644
BOGOTÁ D.C.,FRÍJOL FRESCO,2021-03-01,011716,BASE_lowR2,3550.7492383638937
BOGOTÁ D.C.,FRÍJOL FRESCO,2021-04-01,011716,BASE_lowR2,3810.616414668548
BOGOTÁ D.C.,FRÍJOL FRESCO,2021-05-01,011716,BASE_lowR2,3910.5653286318766
BOGOTÁ D.C.,FRÍJOL FRESCO,2021-06-01,011716,BASE_lowR2,3928.761156558534
BOGOTÁ D.C.,FRÍJOL FRESCO,2021-07-01,011716,BASE_lowR2,3998.725396332864
BOGOTÁ D.C.,FRÍJOL FRESCO,2021-08-01,011716,BASE_lowR2,3926.9672016925247
BOGOTÁ D.C.,FRÍJOL FRESCO,2021-09-01,011716,BASE_lowR2,3950.5448942172084
BOGOTÁ D.C.,FRÍJOL FRESCO,2021-10-01,011716,BASE_lowR2,3756.797768688294
BOGOTÁ D.C.,FRÍJOL FRESCO,2021-11-01,011716,BASE_lowR2,3769.611732016926
BOGOTÁ D.C.,FRÍJOL FRESCO,2021-12-01,011716,BASE_lowR2,3819.0736304654447
BOGOTÁ D.C.,FRÍJOL FRESCO,2022-01-01,011716,BASE_lowR2,3969.2532806770105
BOGOTÁ D.C.,FRÍJOL FRESCO,2022-02-01,011716,BASE_lowR2,4106.618967559944
BOGOTÁ D.C.,FRÍJOL FRESCO,2022-03-01,011716,BASE_lowR2,4281.913985895629
BOGOTÁ D.C.,FRÍJOL FRESCO,2022-04-01,011716,BASE_lowR2,4475.661111424542
BOGOTÁ D.C.,FRÍJOL FRESCO,2022-05-01,011716,BASE_lowR2,4525.8918476727795
BOGOTÁ D.C.,FRÍJOL FRESCO,2022-06-01,011716,BASE_lowR2,4706.568730606489
BOGOTÁ D.C.,FRÍJOL FRESCO,2022-07-01,011716,BASE_lowR2,4909.285630465445
BOGOTÁ D.C.,FRÍJOL FRESCO,2022-08-01,011716,BASE_lowR2,5092.525306064881
BOGOTÁ D.C.,FRÍJOL FRESCO,2022-09-01,011716,BASE_lowR2,5176.3286262341335
BOGOTÁ D.C.,FRÍJOL FRESCO,2022-10-01,011716,BASE_lowR2,5025.6364174894225
BOGOTÁ D.C.,FRÍJOL FRESCO,2022-11-01,011716,BASE_lowR2,5049.470389280678
BOGOTÁ D.C.,FRÍJOL FRESCO,2022-12-01,011716,BASE_lowR2,5056.133650211566
BOGOTÁ D.C.,FRÍJOL FRESCO,2023-01-01,011716,BASE_lowR2,5005.134076163612
BOGOTÁ D.C.,FRÍJOL FRESCO,2023-02-01,011716,BASE_lowR2,5108.6708998589565
BOGOTÁ D.C.,FRÍJOL FRESCO,2023-03-01,011716,BASE_lowR2,5204.519345557124
BOGOTÁ D.C.,FRÍJOL FRESCO,2023-04-01,011716,BASE_lowR2,5375.970174894219
BOGOTÁ D.C.,FRÍJOL FRESCO,2023-05-01,011716,BASE_lowR2,5184.273283497885
BOGOTÁ D.C.,FRÍJOL FRESCO,2023-06-01,011716,BASE_lowR2,4863.15536248237
BOGOTÁ D.C.,FRÍJOL FRESCO,2023-07-01,011716,BASE_lowR2,4811.386950634697
BOGOTÁ D.C.,FRÍJOL FRESCO,2023-08-01,011716,BASE_lowR2,4938.245187588153
BOGOTÁ D.C.,FRÍJOL FRESCO,2023-09-01,011716,BASE_lowR2,4934.400998589563
BOGOTÁ D.C.,FRÍJOL FRESCO,2023-10-01,011716,BASE_lowR2,4893.140036671369
BOGOTÁ D.C.,FRÍJOL FRESCO,2023-11-01,011716,BASE_lowR2,4821.894400564176
BOGOTÁ D.C.,FRÍJOL FRESCO,2023-12-01,011716,BASE_lowR2,4816.768815232722
BOGOTÁ D.C.,FRÍJOL FRESCO,2024-01-01,011716,BASE_lowR2,5017.948039492244
BOGOTÁ D.C.,FRÍJOL FRESCO,2024-02-01,011716,BASE_lowR2,5095.344377997179
BOGOTÁ D.C.,FRÍJOL FRESCO,2024-03-01,011716,BASE_lowR2,5199.137480959098
BOGOTÁ D.C.,FRÍJOL FRESCO,2024-04-01,011716,BASE_lowR2,5304.980818053597
BOGOTÁ D.C.,FRÍJOL FRESCO,2024-05-01,011716,BASE_lowR2,5583.043822284909
BOGOTÁ D.C.,FRÍJOL FRESCO,2024-06-01,011716,BASE_lowR2,5879.046375176305
BOGOTÁ D.C.,FRÍJOL FRESCO,2024-07-01,011716,BASE_lowR2,5957.211551480959
BOGOTÁ D.C.,FRÍJOL FRESCO,2024-08-01,011716,BASE_lowR2,5579.9684710860365
BOGOTÁ D.C.,FRÍJOL FRESCO,2024-09-01,011716,BASE_lowR2,5460.798612129761
BOGOTÁ D.C.,FRÍJOL FRESCO,2024-10-01,011716,BASE_lowR2,5334.452933709451
BOGOTÁ D.C.,FRÍJOL FRESCO,2024-11-01,011716,BASE_lowR2,5247.574262341326
BOGOTÁ D.C.,FRÍJOL FRESCO,2024-12-01,011716,BASE_lowR2,5253.212406205925
BOGOTÁ D.C.,FRÍJOL SECO,2019-01-01,011716,BASE_lowR2,5058.563321109544
BOGOTÁ D.C.,FRÍJOL SECO,2019-02-01,011716,BASE_lowR2,5210.850550070521
BOGOTÁ D.C.,FRÍJOL SECO,2019-03-01,011716,BASE_lowR2,5053.211373765867
BOGOTÁ D.C.,FRÍJOL SECO,2019-04-01,011716,BASE_lowR2,5467.744022566996
BOGOTÁ D.C.,FRÍJOL SECO,2019-05-01,011716,BASE_lowR2,5361.678157028679
BOGOTÁ D.C.,FRÍJOL SECO,2019-06-01,011716,BASE_lowR2,5263.396942172074
BOGOTÁ D.C.,FRÍJOL SECO,2019-07-01,011716,BASE_lowR2,5426.388065820404
BOGOTÁ D.C.,FRÍJOL SECO,2019-08-01,011716,BASE_lowR2,5409.359142454161
BOGOTÁ D.C.,FRÍJOL SECO,2019-09-01,011716,BASE_lowR2,5400.601410437236
BOGOTÁ D.C.,FRÍJOL SECO,2019-10-01,011716,BASE_lowR2,5828.757197931359
BOGOTÁ D.C.,FRÍJOL SECO,2019-11-01,011716,BASE_lowR2,5593.7580554771985
BOGOTÁ D.C.,FRÍJOL SECO,2019-12-01,011716,BASE_lowR2,5347.568477668077
BOGOTÁ D.C.,FRÍJOL SECO,2020-01-01,011716,BASE_lowR2,5664.306452280207
BOGOTÁ D.C.,FRÍJOL SECO,2020-02-01,011716,BASE_lowR2,5857.9496379877755
BOGOTÁ D.C.,FRÍJOL SECO,2020-03-01,011716,BASE_lowR2,6488.019802538787
BOGOTÁ D.C.,FRÍJOL SECO,2020-04-01,011716,BASE_lowR2,6376.115448989187
BOGOTÁ D.C.,FRÍJOL SECO,2020-05-01,011716,BASE_lowR2,6183.931885284437
BOGOTÁ D.C.,FRÍJOL SECO,2020-06-01,011716,BASE_lowR2,6200.474267983074
BOGOTÁ D.C.,FRÍJOL SECO,2020-07-01,011716,BASE_lowR2,5802.4840018805835
BOGOTÁ D.C.,FRÍJOL SECO,2020-08-01,011716,BASE_lowR2,5748.964528443817
BOGOTÁ D.C.,FRÍJOL SECO,2020-09-01,011716,BASE_lowR2,6024.346546309355
BOGOTÁ D.C.,FRÍJOL SECO,2020-10-01,011716,BASE_lowR2,5993.694484250117
BOGOTÁ D.C.,FRÍJOL SECO,2020-11-01,011716,BASE_lowR2,5820.48600658204
BOGOTÁ D.C.,FRÍJOL SECO,2020-12-01,011716,BASE_lowR2,6240.857143394453
BOGOTÁ D.C.,FRÍJOL SECO,2021-01-01,011716,BASE_lowR2,6583.868314057358
BOGOTÁ D.C.,FRÍJOL SECO,2021-02-01,011716,BASE_lowR2,6602.84340009403
BOGOTÁ D.C.,FRÍJOL SECO,2021-03-01,011716,BASE_lowR2,6741.020949694406
BOGOTÁ D.C.,FRÍJOL SECO,2021-04-01,011716,BASE_lowR2,7234.373186647861
BOGOTÁ D.C.,FRÍJOL SECO,2021-05-01,011716,BASE_lowR2,7424.124047014575
BOGOTÁ D.C.,FRÍJOL SECO,2021-06-01,011716,BASE_lowR2,7458.668434414669
BOGOTÁ D.C.,FRÍJOL SECO,2021-07-01,011716,BASE_lowR2,7591.494036671368
BOGOTÁ D.C.,FRÍJOL SECO,2021-08-01,011716,BASE_lowR2,7455.262649741419
BOGOTÁ D.C.,FRÍJOL SECO,2021-09-01,011716,BASE_lowR2,7500.024391161261
BOGOTÁ D.C.,FRÍJOL SECO,2021-10-01,011716,BASE_lowR2,7132.1996464504
BOGOTÁ D.C.,FRÍJOL SECO,2021-11-01,011716,BASE_lowR2,7156.5266798307475
BOGOTÁ D.C.,FRÍJOL SECO,2021-12-01,011716,BASE_lowR2,7250.42902867889
BOGOTÁ D.C.,FRÍJOL SECO,2022-01-01,011716,BASE_lowR2,7535.541859896568
BOGOTÁ D.C.,FRÍJOL SECO,2022-02-01,011716,BASE_lowR2,7796.327657733898
BOGOTÁ D.C.,FRÍJOL SECO,2022-03-01,011716,BASE_lowR2,8129.121474377057
BOGOTÁ D.C.,FRÍJOL SECO,2022-04-01,011716,BASE_lowR2,8496.946219087917
BOGOTÁ D.C.,FRÍJOL SECO,2022-05-01,011716,BASE_lowR2,8592.308189938882
BOGOTÁ D.C.,FRÍJOL SECO,2022-06-01,011716,BASE_lowR2,8935.319360601787
BOGOTÁ D.C.,FRÍJOL SECO,2022-07-01,011716,BASE_lowR2,9320.173028678892
BOGOTÁ D.C.,FRÍJOL SECO,2022-08-01,011716,BASE_lowR2,9668.049606017865
BOGOTÁ D.C.,FRÍJOL SECO,2022-09-01,011716,BASE_lowR2,9827.14840432534
BOGOTÁ D.C.,FRÍJOL SECO,2022-10-01,011716,BASE_lowR2,9541.062491772449
BOGOTÁ D.C.,FRÍJOL SECO,2022-11-01,011716,BASE_lowR2,9586.310773859897
BOGOTÁ D.C.,FRÍJOL SECO,2022-12-01,011716,BASE_lowR2,9598.960831217677
BOGOTÁ D.C.,FRÍJOL SECO,2023-01-01,011716,BASE_lowR2,9502.139238363894
BOGOTÁ D.C.,FRÍJOL SECO,2023-02-01,011716,BASE_lowR2,9698.701668077103
BOGOTÁ D.C.,FRÍJOL SECO,2023-03-01,011716,BASE_lowR2,9880.667877762107
BOGOTÁ D.C.,FRÍJOL SECO,2023-04-01,011716,BASE_lowR2,10206.163584391163
BOGOTÁ D.C.,FRÍJOL SECO,2023-05-01,011716,BASE_lowR2,9842.231165021156
BOGOTÁ D.C.,FRÍJOL SECO,2023-06-01,011716,BASE_lowR2,9232.595708509638
BOGOTÁ D.C.,FRÍJOL SECO,2023-07-01,011716,BASE_lowR2,9134.314493653033
BOGOTÁ D.C.,FRÍJOL SECO,2023-08-01,011716,BASE_lowR2,9375.152124118476
BOGOTÁ D.C.,FRÍJOL SECO,2023-09-01,011716,BASE_lowR2,9367.854014104372
BOGOTÁ D.C.,FRÍJOL SECO,2023-10-01,011716,BASE_lowR2,9289.520966619652
BOGOTÁ D.C.,FRÍJOL SECO,2023-11-01,011716,BASE_lowR2,9154.262661024917
BOGOTÁ D.C.,FRÍJOL SECO,2023-12-01,011716,BASE_lowR2,9144.531847672777
BOGOTÁ D.C.,FRÍJOL SECO,2024-01-01,011716,BASE_lowR2,9526.46627174424
BOGOTÁ D.C.,FRÍJOL SECO,2024-02-01,011716,BASE_lowR2,9673.401553361542
BOGOTÁ D.C.,FRÍJOL SECO,2024-03-01,011716,BASE_lowR2,9870.45052374236
BOGOTÁ D.C.,FRÍJOL SECO,2024-04-01,011716,BASE_lowR2,10071.391819464034
BOGOTÁ D.C.,FRÍJOL SECO,2024-05-01,011716,BASE_lowR2,10599.288443817584
BOGOTÁ D.C.,FRÍJOL SECO,2024-06-01,011716,BASE_lowR2,11161.24291490362
BOGOTÁ D.C.,FRÍJOL SECO,2024-07-01,011716,BASE_lowR2,11309.63781852374
BOGOTÁ D.C.,FRÍJOL SECO,2024-08-01,011716,BASE_lowR2,10593.449955806298
BOGOTÁ D.C.,FRÍJOL SECO,2024-09-01,011716,BASE_lowR2,10367.208545369065
BOGOTÁ D.C.,FRÍJOL SECO,2024-10-01,011716,BASE_lowR2,10127.343996238833
BOGOTÁ D.C.,FRÍJOL SECO,2024-11-01,011716,BASE_lowR2,9962.406709920075
BOGOTÁ D.C.,FRÍJOL SECO,2024-12-01,011716,BASE_lowR2,9973.110604607427
BOGOTÁ D.C.,FRÍJOL TARRO,2019-01-01,011703,D_city,5775.461549910016
BOGOTÁ D.C.,FRÍJOL TARRO,2019-02-01,011703,D_city,5752.906103964173
BOGOTÁ D.C.,FRÍJOL TARRO,2019-03-01,011703,D_city,5698.542345226899
BOGOTÁ D.C.,FRÍJOL TARRO,2019-04-01,011703,D_city,5793.390349822151
BOGOTÁ D.C.,FRÍJOL TARRO,2019-05-01,011703,D_city,5784.136763297052
BOGOTÁ D.C.,FRÍJOL TARRO,2019-06-01,011703,D_city,5878.98726951566
BOGOTÁ D.C.,FRÍJOL TARRO,2019-07-01,011703,D_city,6029.365600097514
BOGOTÁ D.C.,FRÍJOL TARRO,2019-08-01,011703,D_city,6073.90201267566
BOGOTÁ D.C.,FRÍJOL TARRO,2019-09-01,011703,D_city,6043.825410192994
BOGOTÁ D.C.,FRÍJOL TARRO,2019-10-01,011703,D_city,6033.414340695881
BOGOTÁ D.C.,FRÍJOL TARRO,2019-11-01,011703,D_city,5996.975850155916
BOGOTÁ D.C.,FRÍJOL TARRO,2019-12-01,011703,D_city,5974.997268865641
BOGOTÁ D.C.,FRÍJOL TARRO,2020-01-01,011703,D_city,6010.85713345048
BOGOTÁ D.C.,FRÍJOL TARRO,2020-02-01,011703,D_city,5966.321552758633
BOGOTÁ D.C.,FRÍJOL TARRO,2020-03-01,011703,D_city,5866.841624555764
BOGOTÁ D.C.,FRÍJOL TARRO,2020-04-01,011703,D_city,5953.018831775
BOGOTÁ D.C.,FRÍJOL TARRO,2020-05-01,011703,D_city,6050.187746191826
BOGOTÁ D.C.,FRÍJOL TARRO,2020-06-01,011703,D_city,6068.696427815012
BOGOTÁ D.C.,FRÍJOL TARRO,2020-07-01,011703,D_city,6084.891606838574
BOGOTÁ D.C.,FRÍJOL TARRO,2020-08-01,011703,D_city,6039.7766571400725
BOGOTÁ D.C.,FRÍJOL TARRO,2020-09-01,011703,D_city,6032.83594888506
BOGOTÁ D.C.,FRÍJOL TARRO,2020-10-01,011703,D_city,6085.470007512557
BOGOTÁ D.C.,FRÍJOL TARRO,2020-11-01,011703,D_city,6114.968571701279
BOGOTÁ D.C.,FRÍJOL TARRO,2020-12-01,011703,D_city,6125.379890312456
BOGOTÁ D.C.,FRÍJOL TARRO,2021-01-01,011703,D_city,6121.33104043235
BOGOTÁ D.C.,FRÍJOL TARRO,2021-02-01,011703,D_city,6245.112309645385
BOGOTÁ D.C.,FRÍJOL TARRO,2021-03-01,011703,D_city,6245.112309645385
BOGOTÁ D.C.,FRÍJOL TARRO,2021-04-01,011703,D_city,6304.690841086297
BOGOTÁ D.C.,FRÍJOL TARRO,2021-05-01,011703,D_city,6324.357761707685
BOGOTÁ D.C.,FRÍJOL TARRO,2021-06-01,011703,D_city,6391.457486288974
BOGOTÁ D.C.,FRÍJOL TARRO,2021-07-01,011703,D_city,6403.026531680918
BOGOTÁ D.C.,FRÍJOL TARRO,2021-08-01,011703,D_city,6531.445424274047
BOGOTÁ D.C.,FRÍJOL TARRO,2021-09-01,011703,D_city,6414.017159338074
BOGOTÁ D.C.,FRÍJOL TARRO,2021-10-01,011703,D_city,6463.186167220069
BOGOTÁ D.C.,FRÍJOL TARRO,2021-11-01,011703,D_city,6504.835731325092
BOGOTÁ D.C.,FRÍJOL TARRO,2021-12-01,011703,D_city,6526.8176376750425
BOGOTÁ D.C.,FRÍJOL TARRO,2022-01-01,011703,D_city,6732.759746158036
BOGOTÁ D.C.,FRÍJOL TARRO,2022-02-01,011703,D_city,6885.488136180957
BOGOTÁ D.C.,FRÍJOL TARRO,2022-03-01,011703,D_city,6973.425413612773
BOGOTÁ D.C.,FRÍJOL TARRO,2022-04-01,011703,D_city,7123.849012715192
BOGOTÁ D.C.,FRÍJOL TARRO,2022-05-01,011703,D_city,7174.184334218494
BOGOTÁ D.C.,FRÍJOL TARRO,2022-06-01,011703,D_city,7458.8509836255535
BOGOTÁ D.C.,FRÍJOL TARRO,2022-07-01,011703,D_city,7556.637330190239
BOGOTÁ D.C.,FRÍJOL TARRO,2022-08-01,011703,D_city,7598.29847286523
BOGOTÁ D.C.,FRÍJOL TARRO,2022-09-01,011703,D_city,7731.964045178955
BOGOTÁ D.C.,FRÍJOL TARRO,2022-10-01,011703,D_city,7895.724448081235
BOGOTÁ D.C.,FRÍJOL TARRO,2022-11-01,011703,D_city,8314.700611605711
BOGOTÁ D.C.,FRÍJOL TARRO,2022-12-01,011703,D_city,8694.358006579496
BOGOTÁ D.C.,FRÍJOL TARRO,2023-01-01,011703,D_city,8801.431424811817
BOGOTÁ D.C.,FRÍJOL TARRO,2023-02-01,011703,D_city,9185.17829376854
BOGOTÁ D.C.,FRÍJOL TARRO,2023-03-01,011703,D_city,9420.765654924317
BOGOTÁ D.C.,FRÍJOL TARRO,2023-04-01,011703,D_city,9931.916041615998
BOGOTÁ D.C.,FRÍJOL TARRO,2023-05-01,011703,D_city,9967.229437639156
BOGOTÁ D.C.,FRÍJOL TARRO,2023-06-01,011703,D_city,10070.276357863751
BOGOTÁ D.C.,FRÍJOL TARRO,2023-07-01,011703,D_city,9989.806971764878
BOGOTÁ D.C.,FRÍJOL TARRO,2023-08-01,011703,D_city,10047.119582055411
BOGOTÁ D.C.,FRÍJOL TARRO,2023-09-01,011703,D_city,10176.79874654821
BOGOTÁ D.C.,FRÍJOL TARRO,2023-10-01,011703,D_city,10224.271322517823
BOGOTÁ D.C.,FRÍJOL TARRO,2023-11-01,011703,D_city,10627.8039117851
BOGOTÁ D.C.,FRÍJOL TARRO,2023-12-01,011703,D_city,10821.185090750001
BOGOTÁ D.C.,FRÍJOL TARRO,2024-01-01,011703,D_city,11171.486979779744
BOGOTÁ D.C.,FRÍJOL TARRO,2024-02-01,011703,D_city,10953.776354096857
BOGOTÁ D.C.,FRÍJOL TARRO,2024-03-01,011703,D_city,10835.65997922913
BOGOTÁ D.C.,FRÍJOL TARRO,2024-04-01,011703,D_city,11054.52447004195
BOGOTÁ D.C.,FRÍJOL TARRO,2024-05-01,011703,D_city,10913.824971827144
BOGOTÁ D.C.,FRÍJOL TARRO,2024-06-01,011703,D_city,10782.392560052142
BOGOTÁ D.C.,FRÍJOL TARRO,2024-07-01,011703,D_city,10880.242852246598
BOGOTÁ D.C.,FRÍJOL TARRO,2024-08-01,011703,D_city,11101.425014613395
BOGOTÁ D.C.,FRÍJOL TARRO,2024-09-01,011703,D_city,11202.175525685745
BOGOTÁ D.C.,FRÍJOL TARRO,2024-10-01,011703,D_city,10878.505851085089
BOGOTÁ D.C.,FRÍJOL TARRO,2024-11-01,011703,D_city,10899.349897650402
BOGOTÁ D.C.,FRÍJOL TARRO,2024-12-01,011703,D_city,10751.706107591255
BOGOTÁ D.C.,GARBANZO,2019-01-01,011702,BASE_lowR2,2100.6216420782553
BOGOTÁ D.C.,GARBANZO,2019-02-01,011702,BASE_lowR2,2103.158114175754
BOGOTÁ D.C.,GARBANZO,2019-03-01,011702,BASE_lowR2,2062.57456061578
BOGOTÁ D.C.,GARBANZO,2019-04-01,011702,BASE_lowR2,2052.4286722257857
BOGOTÁ D.C.,GARBANZO,2019-05-01,011702,BASE_lowR2,2016.7066901860169
BOGOTÁ D.C.,GARBANZO,2019-06-01,011702,BASE_lowR2,2001.6992302758179
BOGOTÁ D.C.,GARBANZO,2019-07-01,011702,BASE_lowR2,1985.6349069916614
BOGOTÁ D.C.,GARBANZO,2019-08-01,011702,BASE_lowR2,1997.0490314304043
BOGOTÁ D.C.,GARBANZO,2019-09-01,011702,BASE_lowR2,1995.1466773572804
BOGOTÁ D.C.,GARBANZO,2019-10-01,011702,BASE_lowR2,1973.5866645285441
BOGOTÁ D.C.,GARBANZO,2019-11-01,011702,BASE_lowR2,1985.2121616420784
BOGOTÁ D.C.,GARBANZO,2019-12-01,011702,BASE_lowR2,1988.3827517639513
BOGOTÁ D.C.,GARBANZO,2020-01-01,011702,BASE_lowR2,1985.2121616420784
BOGOTÁ D.C.,GARBANZO,2020-02-01,011702,BASE_lowR2,1987.7486337395767
BOGOTÁ D.C.,GARBANZO,2020-03-01,011702,BASE_lowR2,1981.4074534958306
BOGOTÁ D.C.,GARBANZO,2020-04-01,011702,BASE_lowR2,2166.358543938422
BOGOTÁ D.C.,GARBANZO,2020-05-01,011702,BASE_lowR2,2342.6433547145607
BOGOTÁ D.C.,GARBANZO,2020-06-01,011702,BASE_lowR2,2466.930487491982
BOGOTÁ D.C.,GARBANZO,2020-07-01,011702,BASE_lowR2,2480.4583386786403
BOGOTÁ D.C.,GARBANZO,2020-08-01,011702,BASE_lowR2,2472.003431686979
BOGOTÁ D.C.,GARBANZO,2020-09-01,011702,BASE_lowR2,2442.1998845413727
BOGOTÁ D.C.,GARBANZO,2020-10-01,011702,BASE_lowR2,2369.4876844130854
BOGOTÁ D.C.,GARBANZO,2020-11-01,011702,BASE_lowR2,2359.1304233483
BOGOTÁ D.C.,GARBANZO,2020-12-01,011702,BASE_lowR2,2348.1390442591405
BOGOTÁ D.C.,GARBANZO,2021-01-01,011702,BASE_lowR2,2299.523329057088
BOGOTÁ D.C.,GARBANZO,2021-02-01,011702,BASE_lowR2,2307.766863373958
BOGOTÁ D.C.,GARBANZO,2021-03-01,011702,BASE_lowR2,2311.3601988454134
BOGOTÁ D.C.,GARBANZO,2021-04-01,011702,BASE_lowR2,2316.8558883899937
BOGOTÁ D.C.,GARBANZO,2021-05-01,011702,BASE_lowR2,2357.862187299551
BOGOTÁ D.C.,GARBANZO,2021-06-01,011702,BASE_lowR2,2390.4135792174475
BOGOTÁ D.C.,GARBANZO,2021-07-01,011702,BASE_lowR2,2405.2096664528544
BOGOTÁ D.C.,GARBANZO,2021-08-01,011702,BASE_lowR2,2451.7116549069915
BOGOTÁ D.C.,GARBANZO,2021-09-01,011702,BASE_lowR2,2537.528960872354
BOGOTÁ D.C.,GARBANZO,2021-10-01,011702,BASE_lowR2,2634.5490186016677
BOGOTÁ D.C.,GARBANZO,2021-11-01,011702,BASE_lowR2,2686.7580692751762
BOGOTÁ D.C.,GARBANZO,2021-12-01,011702,BASE_lowR2,2709.1635728030788
BOGOTÁ D.C.,GARBANZO,2022-01-01,011702,BASE_lowR2,2744.6741821680566
BOGOTÁ D.C.,GARBANZO,2022-02-01,011702,BASE_lowR2,2805.3381398332267
BOGOTÁ D.C.,GARBANZO,2022-03-01,011702,BASE_lowR2,2845.498948043618
BOGOTÁ D.C.,GARBANZO,2022-04-01,011702,BASE_lowR2,2917.577030147531
BOGOTÁ D.C.,GARBANZO,2022-05-01,011702,BASE_lowR2,3032.5637652341243
BOGOTÁ D.C.,GARBANZO,2022-06-01,011702,BASE_lowR2,3113.5194996792816
BOGOTÁ D.C.,GARBANZO,2022-07-01,011702,BASE_lowR2,3247.9525208466966
BOGOTÁ D.C.,GARBANZO,2022-08-01,011702,BASE_lowR2,3488.28325208467
BOGOTÁ D.C.,GARBANZO,2022-09-01,011702,BASE_lowR2,3804.285400898011
BOGOTÁ D.C.,GARBANZO,2022-10-01,011702,BASE_lowR2,3913.987819114817
BOGOTÁ D.C.,GARBANZO,2022-11-01,011702,BASE_lowR2,4010.7965041693396
BOGOTÁ D.C.,GARBANZO,2022-12-01,011702,BASE_lowR2,4098.727536882618
BOGOTÁ D.C.,GARBANZO,2023-01-01,011702,BASE_lowR2,4200.186420782554
BOGOTÁ D.C.,GARBANZO,2023-02-01,011702,BASE_lowR2,4229.989967928159
BOGOTÁ D.C.,GARBANZO,2023-03-01,011702,BASE_lowR2,4255.143316228352
BOGOTÁ D.C.,GARBANZO,2023-04-01,011702,BASE_lowR2,4259.582142398974
BOGOTÁ D.C.,GARBANZO,2023-05-01,011702,BASE_lowR2,4232.949185375241
BOGOTÁ D.C.,GARBANZO,2023-06-01,011702,BASE_lowR2,4131.278928800513
BOGOTÁ D.C.,GARBANZO,2023-07-01,011702,BASE_lowR2,4102.320872354074
BOGOTÁ D.C.,GARBANZO,2023-08-01,011702,BASE_lowR2,4046.307113534317
BOGOTÁ D.C.,GARBANZO,2023-09-01,011702,BASE_lowR2,3970.424323284157
BOGOTÁ D.C.,GARBANZO,2023-10-01,011702,BASE_lowR2,3963.0262796664533
BOGOTÁ D.C.,GARBANZO,2023-11-01,011702,BASE_lowR2,3944.425484284798
BOGOTÁ D.C.,GARBANZO,2023-12-01,011702,BASE_lowR2,3820.56109685696
BOGOTÁ D.C.,GARBANZO,2024-01-01,011702,BASE_lowR2,3794.985003207184
BOGOTÁ D.C.,GARBANZO,2024-02-01,011702,BASE_lowR2,3700.290044900578
BOGOTÁ D.C.,GARBANZO,2024-03-01,011702,BASE_lowR2,3677.039050673509
BOGOTÁ D.C.,GARBANZO,2024-04-01,011702,BASE_lowR2,3688.24180243746
BOGOTÁ D.C.,GARBANZO,2024-05-01,011702,BASE_lowR2,3622.7162732520846
BOGOTÁ D.C.,GARBANZO,2024-06-01,011702,BASE_lowR2,3634.7645157152024
BOGOTÁ D.C.,GARBANZO,2024-07-01,011702,BASE_lowR2,3648.926484926235
BOGOTÁ D.C.,GARBANZO,2024-08-01,011702,BASE_lowR2,3674.713951250802
BOGOTÁ D.C.,GARBANZO,2024-09-01,011702,BASE_lowR2,3665.2021808851828
BOGOTÁ D.C.,GARBANZO,2024-10-01,011702,BASE_lowR2,3674.713951250802
BOGOTÁ D.C.,GARBANZO,2024-11-01,011702,BASE_lowR2,3693.948864656831
BOGOTÁ D.C.,GARBANZO,2024-12-01,011702,BASE_lowR2,3736.6461449647213
BOGOTÁ D.C.,GUAYABAS,2019-01-01,011609,BASE_lowR2,1575.5657182225284
BOGOTÁ D.C.,GUAYABAS,2019-02-01,011609,BASE_lowR2,1598.7582409002182
BOGOTÁ D.C.,GUAYABAS,2019-03-01,011609,BASE_lowR2,1751.7983740957627
BOGOTÁ D.C.,GUAYABAS,2019-04-01,011609,BASE_lowR2,1793.3007830979445
BOGOTÁ D.C.,GUAYABAS,2019-05-01,011609,BASE_lowR2,1741.4227718452175
BOGOTÁ D.C.,GUAYABAS,2019-06-01,011609,BASE_lowR2,1721.129314502239
BOGOTÁ D.C.,GUAYABAS,2019-07-01,011609,BASE_lowR2,1809.0167688598
BOGOTÁ D.C.,GUAYABAS,2019-08-01,011609,BASE_lowR2,1929.8620186014466
BOGOTÁ D.C.,GUAYABAS,2019-09-01,011609,BASE_lowR2,2032.8551291767135
BOGOTÁ D.C.,GUAYABAS,2019-10-01,011609,BASE_lowR2,2045.3668848317834
BOGOTÁ D.C.,GUAYABAS,2019-11-01,011609,BASE_lowR2,1908.3479021701685
BOGOTÁ D.C.,GUAYABAS,2019-12-01,011609,BASE_lowR2,1832.0567091514522
BOGOTÁ D.C.,GUAYABAS,2020-01-01,011609,BASE_lowR2,1823.2069307612812
BOGOTÁ D.C.,GUAYABAS,2020-02-01,011609,BASE_lowR2,1898.582629463773
BOGOTÁ D.C.,GUAYABAS,2020-03-01,011609,BASE_lowR2,2104.416268228269
BOGOTÁ D.C.,GUAYABAS,2020-04-01,011609,BASE_lowR2,2126.6932965897345
BOGOTÁ D.C.,GUAYABAS,2020-05-01,011609,BASE_lowR2,2076.9514387415315
BOGOTÁ D.C.,GUAYABAS,2020-06-01,011609,BASE_lowR2,1982.9606889424733
BOGOTÁ D.C.,GUAYABAS,2020-07-01,011609,BASE_lowR2,1900.4136180962219
BOGOTÁ D.C.,GUAYABAS,2020-08-01,011609,BASE_lowR2,1893.8525754966124
BOGOTÁ D.C.,GUAYABAS,2020-09-01,011609,BASE_lowR2,1978.688382133425
BOGOTÁ D.C.,GUAYABAS,2020-10-01,011609,BASE_lowR2,2014.2400780801468
BOGOTÁ D.C.,GUAYABAS,2020-11-01,011609,BASE_lowR2,2007.5264530944996
BOGOTÁ D.C.,GUAYABAS,2020-12-01,011609,BASE_lowR2,1930.1671833735213
BOGOTÁ D.C.,GUAYABAS,2021-01-01,011609,BASE_lowR2,1966.7869560225054
BOGOTÁ D.C.,GUAYABAS,2021-02-01,011609,BASE_lowR2,1974.416075324377
BOGOTÁ D.C.,GUAYABAS,2021-03-01,011609,BASE_lowR2,2052.2330922034675
BOGOTÁ D.C.,GUAYABAS,2021-04-01,011609,BASE_lowR2,2149.8858192674243
BOGOTÁ D.C.,GUAYABAS,2021-05-01,011609,BASE_lowR2,2399.5106028246637
BOGOTÁ D.C.,GUAYABAS,2021-06-01,011609,BASE_lowR2,2248.454040647606
BOGOTÁ D.C.,GUAYABAS,2021-07-01,011609,BASE_lowR2,2239.756844643472
BOGOTÁ D.C.,GUAYABAS,2021-08-01,011609,BASE_lowR2,2394.7805488575036
BOGOTÁ D.C.,GUAYABAS,2021-09-01,011609,BASE_lowR2,2487.2454747961874
BOGOTÁ D.C.,GUAYABAS,2021-10-01,011609,BASE_lowR2,2555.907548513032
BOGOTÁ D.C.,GUAYABAS,2021-11-01,011609,BASE_lowR2,2526.459148007808
BOGOTÁ D.C.,GUAYABAS,2021-12-01,011609,BASE_lowR2,2479.3111907222415
BOGOTÁ D.C.,GUAYABAS,2022-01-01,011609,BASE_lowR2,2563.994414973016
BOGOTÁ D.C.,GUAYABAS,2022-02-01,011609,BASE_lowR2,2628.2315994947753
BOGOTÁ D.C.,GUAYABAS,2022-03-01,011609,BASE_lowR2,2713.830318061775
BOGOTÁ D.C.,GUAYABAS,2022-04-01,011609,BASE_lowR2,2800.191948558962
BOGOTÁ D.C.,GUAYABAS,2022-05-01,011609,BASE_lowR2,2815.7553519347794
BOGOTÁ D.C.,GUAYABAS,2022-06-01,011609,BASE_lowR2,2792.715411643128
BOGOTÁ D.C.,GUAYABAS,2022-07-01,011609,BASE_lowR2,2791.3421701687903
BOGOTÁ D.C.,GUAYABAS,2022-08-01,011609,BASE_lowR2,2848.1028177747153
BOGOTÁ D.C.,GUAYABAS,2022-09-01,011609,BASE_lowR2,2986.3424595246292
BOGOTÁ D.C.,GUAYABAS,2022-10-01,011609,BASE_lowR2,3079.417715007463
BOGOTÁ D.C.,GUAYABAS,2022-11-01,011609,BASE_lowR2,2995.649985072913
BOGOTÁ D.C.,GUAYABAS,2022-12-01,011609,BASE_lowR2,2875.1099001033413
BOGOTÁ D.C.,GUAYABAS,2023-01-01,011609,BASE_lowR2,2864.7342978527954
BOGOTÁ D.C.,GUAYABAS,2023-02-01,011609,BASE_lowR2,3059.5820048225974
BOGOTÁ D.C.,GUAYABAS,2023-03-01,011609,BASE_lowR2,3410.6740750947297
BOGOTÁ D.C.,GUAYABAS,2023-04-01,011609,BASE_lowR2,3295.32179125043
BOGOTÁ D.C.,GUAYABAS,2023-05-01,011609,BASE_lowR2,3100.168919508554
BOGOTÁ D.C.,GUAYABAS,2023-06-01,011609,BASE_lowR2,3124.887266046618
BOGOTÁ D.C.,GUAYABAS,2023-07-01,011609,BASE_lowR2,3225.896805603398
BOGOTÁ D.C.,GUAYABAS,2023-08-01,011609,BASE_lowR2,3459.042691468595
BOGOTÁ D.C.,GUAYABAS,2023-09-01,011609,BASE_lowR2,3572.716569066483
BOGOTÁ D.C.,GUAYABAS,2023-10-01,011609,BASE_lowR2,3652.669739350097
BOGOTÁ D.C.,GUAYABAS,2023-11-01,011609,BASE_lowR2,3458.890109082558
BOGOTÁ D.C.,GUAYABAS,2023-12-01,011609,BASE_lowR2,3169.8990699276605
BOGOTÁ D.C.,GUAYABAS,2024-01-01,011609,BASE_lowR2,3183.7840670570667
BOGOTÁ D.C.,GUAYABAS,2024-02-01,011609,BASE_lowR2,3389.9228705936384
BOGOTÁ D.C.,GUAYABAS,2024-03-01,011609,BASE_lowR2,3627.493645653921
BOGOTÁ D.C.,GUAYABAS,2024-04-01,011609,BASE_lowR2,3855.2991480078076
BOGOTÁ D.C.,GUAYABAS,2024-05-01,011609,BASE_lowR2,3887.0362843035937
BOGOTÁ D.C.,GUAYABAS,2024-06-01,011609,BASE_lowR2,3748.1863130095303
BOGOTÁ D.C.,GUAYABAS,2024-07-01,011609,BASE_lowR2,3653.280068894247
BOGOTÁ D.C.,GUAYABAS,2024-08-01,011609,BASE_lowR2,3641.0734780112525
BOGOTÁ D.C.,GUAYABAS,2024-09-01,011609,BASE_lowR2,3959.2077528992995
BOGOTÁ D.C.,GUAYABAS,2024-10-01,011609,BASE_lowR2,3988.8087357905615
BOGOTÁ D.C.,GUAYABAS,2024-11-01,011609,BASE_lowR2,3943.949514295556
BOGOTÁ D.C.,GUAYABAS,2024-12-01,011609,BASE_lowR2,3769.8530118268454
BOGOTÁ D.C.,HABICHUELAS FRESCAS,2019-01-01,011716,D_city,1657.6750755025682
BOGOTÁ D.C.,HABICHUELAS FRESCAS,2019-02-01,011716,D_city,1758.6185475866323
BOGOTÁ D.C.,HABICHUELAS FRESCAS,2019-03-01,011716,D_city,1654.1816162392804
BOGOTÁ D.C.,HABICHUELAS FRESCAS,2019-04-01,011716,D_city,1935.6362592714167
BOGOTÁ D.C.,HABICHUELAS FRESCAS,2019-05-01,011716,D_city,1861.524371332988
BOGOTÁ D.C.,HABICHUELAS FRESCAS,2019-06-01,011716,D_city,1794.1386815647563
BOGOTÁ D.C.,HABICHUELAS FRESCAS,2019-07-01,011716,D_city,1906.5679681099364
BOGOTÁ D.C.,HABICHUELAS FRESCAS,2019-08-01,011716,D_city,1894.6623685600257
BOGOTÁ D.C.,HABICHUELAS FRESCAS,2019-09-01,011716,D_city,1888.5539574868715
BOGOTÁ D.C.,HABICHUELAS FRESCAS,2019-10-01,011716,D_city,2198.6900043565597
BOGOTÁ D.C.,HABICHUELAS FRESCAS,2019-11-01,011716,D_city,2025.560167296746
BOGOTÁ D.C.,HABICHUELAS FRESCAS,2019-12-01,011716,D_city,1851.774089814545
BOGOTÁ D.C.,HABICHUELAS FRESCAS,2020-01-01,011716,D_city,2076.7919271240507
BOGOTÁ D.C.,HABICHUELAS FRESCAS,2020-02-01,011716,D_city,2220.6907196150473
BOGOTÁ D.C.,HABICHUELAS FRESCAS,2020-03-01,011716,D_city,2722.131213940652
BOGOTÁ D.C.,HABICHUELAS FRESCAS,2020-04-01,011716,D_city,2629.3610020109795
BOGOTÁ D.C.,HABICHUELAS FRESCAS,2020-05-01,011716,D_city,2473.778235889596
BOGOTÁ D.C.,HABICHUELAS FRESCAS,2020-06-01,011716,D_city,2486.9842075326346
BOGOTÁ D.C.,HABICHUELAS FRESCAS,2020-07-01,011716,D_city,2178.9826758551244
BOGOTÁ D.C.,HABICHUELAS FRESCAS,2020-08-01,011716,D_city,2139.1115877157063
BOGOTÁ D.C.,HABICHUELAS FRESCAS,2020-09-01,011716,D_city,2348.1786523241435
BOGOTÁ D.C.,HABICHUELAS FRESCAS,2020-10-01,011716,D_city,2324.4276345642534
BOGOTÁ D.C.,HABICHUELAS FRESCAS,2020-11-01,011716,D_city,2192.4763105942143
BOGOTÁ D.C.,HABICHUELAS FRESCAS,2020-12-01,011716,D_city,2519.369453037657
BOGOTÁ D.C.,HABICHUELAS FRESCAS,2021-01-01,011716,D_city,2802.8650766158376
BOGOTÁ D.C.,HABICHUELAS FRESCAS,2021-02-01,011716,D_city,2818.987325109945
BOGOTÁ D.C.,HABICHUELAS FRESCAS,2021-03-01,011716,D_city,2937.779601531501
BOGOTÁ D.C.,HABICHUELAS FRESCAS,2021-04-01,011716,D_city,3381.8465231148693
BOGOTÁ D.C.,HABICHUELAS FRESCAS,2021-05-01,011716,D_city,3560.929876062326
BOGOTÁ D.C.,HABICHUELAS FRESCAS,2021-06-01,011716,D_city,3594.0275616720673
BOGOTÁ D.C.,HABICHUELAS FRESCAS,2021-07-01,011716,D_city,3722.711542141375
BOGOTÁ D.C.,HABICHUELAS FRESCAS,2021-08-01,011716,D_city,3590.7576302774155
BOGOTÁ D.C.,HABICHUELAS FRESCAS,2021-09-01,011716,D_city,3633.852203608996
BOGOTÁ D.C.,HABICHUELAS FRESCAS,2021-10-01,011716,D_city,3287.3240345544177
BOGOTÁ D.C.,HABICHUELAS FRESCAS,2021-11-01,011716,D_city,3309.708298526774
BOGOTÁ D.C.,HABICHUELAS FRESCAS,2021-12-01,011716,D_city,3396.8214313529375
BOGOTÁ D.C.,HABICHUELAS FRESCAS,2022-01-01,011716,D_city,3668.2290711145506
BOGOTÁ D.C.,HABICHUELAS FRESCAS,2022-02-01,011716,D_city,3925.5788468861892
BOGOTÁ D.C.,HABICHUELAS FRESCAS,2022-03-01,011716,D_city,4266.611186320306
BOGOTÁ D.C.,HABICHUELAS FRESCAS,2022-04-01,011716,D_city,4660.005030560695
BOGOTÁ D.C.,HABICHUELAS FRESCAS,2022-05-01,011716,D_city,4764.817196004285
BOGOTÁ D.C.,HABICHUELAS FRESCAS,2022-06-01,011716,D_city,5151.4219630413545
BOGOTÁ D.C.,HABICHUELAS FRESCAS,2022-07-01,011716,D_city,5603.070550169957
BOGOTÁ D.C.,HABICHUELAS FRESCAS,2022-08-01,011716,D_city,6027.593146111284
BOGOTÁ D.C.,HABICHUELAS FRESCAS,2022-09-01,011716,D_city,6226.89231956879
BOGOTÁ D.C.,HABICHUELAS FRESCAS,2022-10-01,011716,D_city,5870.837545273788
BOGOTÁ D.C.,HABICHUELAS FRESCAS,2022-11-01,011716,D_city,5926.456983354133
BOGOTÁ D.C.,HABICHUELAS FRESCAS,2022-12-01,011716,D_city,5942.053240401094
BOGOTÁ D.C.,HABICHUELAS FRESCAS,2023-01-01,011716,D_city,5823.201933812141
BOGOTÁ D.C.,HABICHUELAS FRESCAS,2023-02-01,011716,D_city,6065.739026774674
BOGOTÁ D.C.,HABICHUELAS FRESCAS,2023-03-01,011716,D_city,6294.660866981498
BOGOTÁ D.C.,HABICHUELAS FRESCAS,2023-04-01,011716,D_city,6714.686907685223
BOGOTÁ D.C.,HABICHUELAS FRESCAS,2023-05-01,011716,D_city,6245.95374212921
BOGOTÁ D.C.,HABICHUELAS FRESCAS,2023-06-01,011716,D_city,5498.631545602537
BOGOTÁ D.C.,HABICHUELAS FRESCAS,2023-07-01,011716,D_city,5382.593684485066
BOGOTÁ D.C.,HABICHUELAS FRESCAS,2023-08-01,011716,D_city,5669.135266838996
BOGOTÁ D.C.,HABICHUELAS FRESCAS,2023-09-01,011716,D_city,5660.343405304765
BOGOTÁ D.C.,HABICHUELAS FRESCAS,2023-10-01,011716,D_city,5566.405530715126
BOGOTÁ D.C.,HABICHUELAS FRESCAS,2023-11-01,011716,D_city,5406.0461814963755
BOGOTÁ D.C.,HABICHUELAS FRESCAS,2023-12-01,011716,D_city,5394.5995926442
BOGOTÁ D.C.,HABICHUELAS FRESCAS,2024-01-01,011716,D_city,5852.951531705545
BOGOTÁ D.C.,HABICHUELAS FRESCAS,2024-02-01,011716,D_city,6034.244898230886
BOGOTÁ D.C.,HABICHUELAS FRESCAS,2024-03-01,011716,D_city,6281.695008641608
BOGOTÁ D.C.,HABICHUELAS FRESCAS,2024-04-01,011716,D_city,6539.1351147514215
BOGOTÁ D.C.,HABICHUELAS FRESCAS,2024-05-01,011716,D_city,7240.00184256052
BOGOTÁ D.C.,HABICHUELAS FRESCAS,2024-06-01,011716,D_city,8025.13883427267
BOGOTÁ D.C.,HABICHUELAS FRESCAS,2024-07-01,011716,D_city,8239.189249996267
BOGOTÁ D.C.,HABICHUELAS FRESCAS,2024-08-01,011716,D_city,7232.0559371485415
BOGOTÁ D.C.,HABICHUELAS FRESCAS,2024-09-01,011716,D_city,6927.500383663226
BOGOTÁ D.C.,HABICHUELAS FRESCAS,2024-10-01,011716,D_city,6611.736323144311
BOGOTÁ D.C.,HABICHUELAS FRESCAS,2024-11-01,011716,D_city,6398.867252702015
BOGOTÁ D.C.,HABICHUELAS FRESCAS,2024-12-01,011716,D_city,6412.5764518901815
BOGOTÁ D.C.,HARINA DE TRIGO,2019-01-01,011105,BASE_lowR2,1282.8687980945401
BOGOTÁ D.C.,HARINA DE TRIGO,2019-02-01,011105,BASE_lowR2,1271.715646757054
BOGOTÁ D.C.,HARINA DE TRIGO,2019-03-01,011105,BASE_lowR2,1271.202858189813
BOGOTÁ D.C.,HARINA DE TRIGO,2019-04-01,011105,BASE_lowR2,1284.9199523635034
BOGOTÁ D.C.,HARINA DE TRIGO,2019-05-01,011105,BASE_lowR2,1285.6891352143646
BOGOTÁ D.C.,HARINA DE TRIGO,2019-06-01,011105,BASE_lowR2,1292.2271894466837
BOGOTÁ D.C.,HARINA DE TRIGO,2019-07-01,011105,BASE_lowR2,1293.6373580065958
BOGOTÁ D.C.,HARINA DE TRIGO,2019-08-01,011105,BASE_lowR2,1298.7652436790033
BOGOTÁ D.C.,HARINA DE TRIGO,2019-09-01,011105,BASE_lowR2,1294.919329424698
BOGOTÁ D.C.,HARINA DE TRIGO,2019-10-01,011105,BASE_lowR2,1297.226877977281
BOGOTÁ D.C.,HARINA DE TRIGO,2019-11-01,011105,BASE_lowR2,1308.764620740198
BOGOTÁ D.C.,HARINA DE TRIGO,2019-12-01,011105,BASE_lowR2,1308.6364235983879
BOGOTÁ D.C.,HARINA DE TRIGO,2020-01-01,011105,BASE_lowR2,1310.5593807255407
BOGOTÁ D.C.,HARINA DE TRIGO,2020-02-01,011105,BASE_lowR2,1308.6364235983879
BOGOTÁ D.C.,HARINA DE TRIGO,2020-03-01,011105,BASE_lowR2,1331.4555148406012
BOGOTÁ D.C.,HARINA DE TRIGO,2020-04-01,011105,BASE_lowR2,1344.6598204470504
BOGOTÁ D.C.,HARINA DE TRIGO,2020-05-01,011105,BASE_lowR2,1339.5319347746429
BOGOTÁ D.C.,HARINA DE TRIGO,2020-06-01,011105,BASE_lowR2,1335.9424148039577
BOGOTÁ D.C.,HARINA DE TRIGO,2020-07-01,011105,BASE_lowR2,1324.9174606082815
BOGOTÁ D.C.,HARINA DE TRIGO,2020-08-01,011105,BASE_lowR2,1324.661066324661
BOGOTÁ D.C.,HARINA DE TRIGO,2020-09-01,011105,BASE_lowR2,1313.1233235617444
BOGOTÁ D.C.,HARINA DE TRIGO,2020-10-01,011105,BASE_lowR2,1302.9957493587397
BOGOTÁ D.C.,HARINA DE TRIGO,2020-11-01,011105,BASE_lowR2,1328.8915720043974
BOGOTÁ D.C.,HARINA DE TRIGO,2020-12-01,011105,BASE_lowR2,1313.3797178453647
BOGOTÁ D.C.,HARINA DE TRIGO,2021-01-01,011105,BASE_lowR2,1308.2518321729572
BOGOTÁ D.C.,HARINA DE TRIGO,2021-02-01,011105,BASE_lowR2,1292.355386588494
BOGOTÁ D.C.,HARINA DE TRIGO,2021-03-01,011105,BASE_lowR2,1287.7402894833274
BOGOTÁ D.C.,HARINA DE TRIGO,2021-04-01,011105,BASE_lowR2,1311.8413521436423
BOGOTÁ D.C.,HARINA DE TRIGO,2021-05-01,011105,BASE_lowR2,1325.4302491755222
BOGOTÁ D.C.,HARINA DE TRIGO,2021-06-01,011105,BASE_lowR2,1338.249963356541
BOGOTÁ D.C.,HARINA DE TRIGO,2021-07-01,011105,BASE_lowR2,1350.0441004030781
BOGOTÁ D.C.,HARINA DE TRIGO,2021-08-01,011105,BASE_lowR2,1398.502620007329
BOGOTÁ D.C.,HARINA DE TRIGO,2021-09-01,011105,BASE_lowR2,1405.6816599486995
BOGOTÁ D.C.,HARINA DE TRIGO,2021-10-01,011105,BASE_lowR2,1416.322022718945
BOGOTÁ D.C.,HARINA DE TRIGO,2021-11-01,011105,BASE_lowR2,1429.9109197508249
BOGOTÁ D.C.,HARINA DE TRIGO,2021-12-01,011105,BASE_lowR2,1466.1907108831076
BOGOTÁ D.C.,HARINA DE TRIGO,2022-01-01,011105,BASE_lowR2,1519.5207218761454
BOGOTÁ D.C.,HARINA DE TRIGO,2022-02-01,011105,BASE_lowR2,1557.4670758519603
BOGOTÁ D.C.,HARINA DE TRIGO,2022-03-01,011105,BASE_lowR2,1565.4152986441923
BOGOTÁ D.C.,HARINA DE TRIGO,2022-04-01,011105,BASE_lowR2,1575.671069989007
BOGOTÁ D.C.,HARINA DE TRIGO,2022-05-01,011105,BASE_lowR2,1612.720043972151
BOGOTÁ D.C.,HARINA DE TRIGO,2022-06-01,011105,BASE_lowR2,1644.128343715647
BOGOTÁ D.C.,HARINA DE TRIGO,2022-07-01,011105,BASE_lowR2,1658.7428178820082
BOGOTÁ D.C.,HARINA DE TRIGO,2022-08-01,011105,BASE_lowR2,1802.3236167094178
BOGOTÁ D.C.,HARINA DE TRIGO,2022-09-01,011105,BASE_lowR2,1888.8566874312935
BOGOTÁ D.C.,HARINA DE TRIGO,2022-10-01,011105,BASE_lowR2,1911.547581531697
BOGOTÁ D.C.,HARINA DE TRIGO,2022-11-01,011105,BASE_lowR2,1964.3648039574935
BOGOTÁ D.C.,HARINA DE TRIGO,2022-12-01,011105,BASE_lowR2,2008.8492121656284
BOGOTÁ D.C.,HARINA DE TRIGO,2023-01-01,011105,BASE_lowR2,2062.1792231586664
BOGOTÁ D.C.,HARINA DE TRIGO,2023-02-01,011105,BASE_lowR2,2105.89444851594
BOGOTÁ D.C.,HARINA DE TRIGO,2023-03-01,011105,BASE_lowR2,2135.6361854159036
BOGOTÁ D.C.,HARINA DE TRIGO,2023-04-01,011105,BASE_lowR2,2174.992707951631
BOGOTÁ D.C.,HARINA DE TRIGO,2023-05-01,011105,BASE_lowR2,2224.2204104067428
BOGOTÁ D.C.,HARINA DE TRIGO,2023-06-01,011105,BASE_lowR2,2218.964327592525
BOGOTÁ D.C.,HARINA DE TRIGO,2023-07-01,011105,BASE_lowR2,2207.298387687798
BOGOTÁ D.C.,HARINA DE TRIGO,2023-08-01,011105,BASE_lowR2,2216.6567790399413
BOGOTÁ D.C.,HARINA DE TRIGO,2023-09-01,011105,BASE_lowR2,2206.529204836937
BOGOTÁ D.C.,HARINA DE TRIGO,2023-10-01,011105,BASE_lowR2,2201.1449248809085
BOGOTÁ D.C.,HARINA DE TRIGO,2023-11-01,011105,BASE_lowR2,2192.940307805057
BOGOTÁ D.C.,HARINA DE TRIGO,2023-12-01,011105,BASE_lowR2,2162.557585196043
BOGOTÁ D.C.,HARINA DE TRIGO,2024-01-01,011105,BASE_lowR2,2142.6870282154637
BOGOTÁ D.C.,HARINA DE TRIGO,2024-02-01,011105,BASE_lowR2,2065.2559545621107
BOGOTÁ D.C.,HARINA DE TRIGO,2024-03-01,011105,BASE_lowR2,1883.9851960425067
BOGOTÁ D.C.,HARINA DE TRIGO,2024-04-01,011105,BASE_lowR2,1835.9112678636866
BOGOTÁ D.C.,HARINA DE TRIGO,2024-05-01,011105,BASE_lowR2,1784.760608281422
BOGOTÁ D.C.,HARINA DE TRIGO,2024-06-01,011105,BASE_lowR2,1773.094668376695
BOGOTÁ D.C.,HARINA DE TRIGO,2024-07-01,011105,BASE_lowR2,1783.7350311469404
BOGOTÁ D.C.,HARINA DE TRIGO,2024-08-01,011105,BASE_lowR2,1755.275265665079
BOGOTÁ D.C.,HARINA DE TRIGO,2024-09-01,011105,BASE_lowR2,1743.7375229021623
BOGOTÁ D.C.,HARINA DE TRIGO,2024-10-01,011105,BASE_lowR2,1760.787742762917
BOGOTÁ D.C.,HARINA DE TRIGO,2024-11-01,011105,BASE_lowR2,1715.534151703921
BOGOTÁ D.C.,HARINA DE TRIGO,2024-12-01,011105,BASE_lowR2,1681.8183034078418
BOGOTÁ D.C.,HARINA PRECOCIDA,2019-01-01,011106,BASE_lowR2,1407.5210837303043
BOGOTÁ D.C.,HARINA PRECOCIDA,2019-02-01,011106,BASE_lowR2,1396.2462577867352
BOGOTÁ D.C.,HARINA PRECOCIDA,2019-03-01,011106,BASE_lowR2,1396.8099990839137
BOGOTÁ D.C.,HARINA PRECOCIDA,2019-04-01,011106,BASE_lowR2,1395.541581165262
BOGOTÁ D.C.,HARINA PRECOCIDA,2019-05-01,011106,BASE_lowR2,1397.2328050567976
BOGOTÁ D.C.,HARINA PRECOCIDA,2019-06-01,011106,BASE_lowR2,1415.8362678636863
BOGOTÁ D.C.,HARINA PRECOCIDA,2019-07-01,011106,BASE_lowR2,1427.25202913155
BOGOTÁ D.C.,HARINA PRECOCIDA,2019-08-01,011106,BASE_lowR2,1430.3526062660317
BOGOTÁ D.C.,HARINA PRECOCIDA,2019-09-01,011106,BASE_lowR2,1446.4192332356176
BOGOTÁ D.C.,HARINA PRECOCIDA,2019-10-01,011106,BASE_lowR2,1458.680606449249
BOGOTÁ D.C.,HARINA PRECOCIDA,2019-11-01,011106,BASE_lowR2,1478.8343578233787
BOGOTÁ D.C.,HARINA PRECOCIDA,2019-12-01,011106,BASE_lowR2,1513.7863182484425
BOGOTÁ D.C.,HARINA PRECOCIDA,2020-01-01,011106,BASE_lowR2,1514.4909948699158
BOGOTÁ D.C.,HARINA PRECOCIDA,2020-02-01,011106,BASE_lowR2,1519.1418605716383
BOGOTÁ D.C.,HARINA PRECOCIDA,2020-03-01,011106,BASE_lowR2,1530.1348158666178
BOGOTÁ D.C.,HARINA PRECOCIDA,2020-04-01,011106,BASE_lowR2,1534.6447462440456
BOGOTÁ D.C.,HARINA PRECOCIDA,2020-05-01,011106,BASE_lowR2,1545.3558308904362
BOGOTÁ D.C.,HARINA PRECOCIDA,2020-06-01,011106,BASE_lowR2,1562.2680698057895
BOGOTÁ D.C.,HARINA PRECOCIDA,2020-07-01,011106,BASE_lowR2,1571.006059912056
BOGOTÁ D.C.,HARINA PRECOCIDA,2020-08-01,011106,BASE_lowR2,1584.817721692928
BOGOTÁ D.C.,HARINA PRECOCIDA,2020-09-01,011106,BASE_lowR2,1592.428229204837
BOGOTÁ D.C.,HARINA PRECOCIDA,2020-10-01,011106,BASE_lowR2,1590.3141993404179
BOGOTÁ D.C.,HARINA PRECOCIDA,2020-11-01,011106,BASE_lowR2,1570.3013832905829
BOGOTÁ D.C.,HARINA PRECOCIDA,2020-12-01,011106,BASE_lowR2,1571.1469952363507
BOGOTÁ D.C.,HARINA PRECOCIDA,2021-01-01,011106,BASE_lowR2,1569.455771344815
BOGOTÁ D.C.,HARINA PRECOCIDA,2021-02-01,011106,BASE_lowR2,1576.6434728838403
BOGOTÁ D.C.,HARINA PRECOCIDA,2021-03-01,011106,BASE_lowR2,1570.4423186148776
BOGOTÁ D.C.,HARINA PRECOCIDA,2021-04-01,011106,BASE_lowR2,1572.5563484792963
BOGOTÁ D.C.,HARINA PRECOCIDA,2021-05-01,011106,BASE_lowR2,1574.5294430194213
BOGOTÁ D.C.,HARINA PRECOCIDA,2021-06-01,011106,BASE_lowR2,1596.79722425797
BOGOTÁ D.C.,HARINA PRECOCIDA,2021-07-01,011106,BASE_lowR2,1636.2591150604617
BOGOTÁ D.C.,HARINA PRECOCIDA,2021-08-01,011106,BASE_lowR2,1662.6140207035544
BOGOTÁ D.C.,HARINA PRECOCIDA,2021-09-01,011106,BASE_lowR2,1676.0028765115428
BOGOTÁ D.C.,HARINA PRECOCIDA,2021-10-01,011106,BASE_lowR2,1686.854896482228
BOGOTÁ D.C.,HARINA PRECOCIDA,2021-11-01,011106,BASE_lowR2,1695.4519512641994
BOGOTÁ D.C.,HARINA PRECOCIDA,2021-12-01,011106,BASE_lowR2,1694.8882099670209
BOGOTÁ D.C.,HARINA PRECOCIDA,2022-01-01,011106,BASE_lowR2,1727.1623992304874
BOGOTÁ D.C.,HARINA PRECOCIDA,2022-02-01,011106,BASE_lowR2,1753.51730487358
BOGOTÁ D.C.,HARINA PRECOCIDA,2022-03-01,011106,BASE_lowR2,1758.3091058995972
BOGOTÁ D.C.,HARINA PRECOCIDA,2022-04-01,011106,BASE_lowR2,1838.2194347746429
BOGOTÁ D.C.,HARINA PRECOCIDA,2022-05-01,011106,BASE_lowR2,1882.332191278857
BOGOTÁ D.C.,HARINA PRECOCIDA,2022-06-01,011106,BASE_lowR2,1941.5250274825944
BOGOTÁ D.C.,HARINA PRECOCIDA,2022-07-01,011106,BASE_lowR2,2005.2277940637598
BOGOTÁ D.C.,HARINA PRECOCIDA,2022-08-01,011106,BASE_lowR2,2091.762083180652
BOGOTÁ D.C.,HARINA PRECOCIDA,2022-09-01,011106,BASE_lowR2,2121.358501282521
BOGOTÁ D.C.,HARINA PRECOCIDA,2022-10-01,011106,BASE_lowR2,2142.4987999267137
BOGOTÁ D.C.,HARINA PRECOCIDA,2022-11-01,011106,BASE_lowR2,2168.1490289483327
BOGOTÁ D.C.,HARINA PRECOCIDA,2022-12-01,011106,BASE_lowR2,2167.726222975449
BOGOTÁ D.C.,HARINA PRECOCIDA,2023-01-01,011106,BASE_lowR2,2211.9799148039574
BOGOTÁ D.C.,HARINA PRECOCIDA,2023-02-01,011106,BASE_lowR2,2258.48857182118
BOGOTÁ D.C.,HARINA PRECOCIDA,2023-03-01,011106,BASE_lowR2,2276.1054873580065
BOGOTÁ D.C.,HARINA PRECOCIDA,2023-04-01,011106,BASE_lowR2,2295.977368083547
BOGOTÁ D.C.,HARINA PRECOCIDA,2023-05-01,011106,BASE_lowR2,2304.7153581898133
BOGOTÁ D.C.,HARINA PRECOCIDA,2023-06-01,011106,BASE_lowR2,2286.534701355808
BOGOTÁ D.C.,HARINA PRECOCIDA,2023-07-01,011106,BASE_lowR2,2201.4097654818615
BOGOTÁ D.C.,HARINA PRECOCIDA,2023-08-01,011106,BASE_lowR2,2147.1496656284353
BOGOTÁ D.C.,HARINA PRECOCIDA,2023-09-01,011106,BASE_lowR2,1999.5903810919751
BOGOTÁ D.C.,HARINA PRECOCIDA,2023-10-01,011106,BASE_lowR2,1982.8190775009161
BOGOTÁ D.C.,HARINA PRECOCIDA,2023-11-01,011106,BASE_lowR2,1958.1553957493588
BOGOTÁ D.C.,HARINA PRECOCIDA,2023-12-01,011106,BASE_lowR2,1952.658918101869
BOGOTÁ D.C.,HARINA PRECOCIDA,2024-01-01,011106,BASE_lowR2,1893.8888878710152
BOGOTÁ D.C.,HARINA PRECOCIDA,2024-02-01,011106,BASE_lowR2,1854.0041910956397
BOGOTÁ D.C.,HARINA PRECOCIDA,2024-03-01,011106,BASE_lowR2,1817.6428774276292
BOGOTÁ D.C.,HARINA PRECOCIDA,2024-04-01,011106,BASE_lowR2,1772.9663796262366
BOGOTÁ D.C.,HARINA PRECOCIDA,2024-05-01,011106,BASE_lowR2,1735.6185186881644
BOGOTÁ D.C.,HARINA PRECOCIDA,2024-06-01,011106,BASE_lowR2,1730.6857823378527
BOGOTÁ D.C.,HARINA PRECOCIDA,2024-07-01,011106,BASE_lowR2,1711.5185782337853
BOGOTÁ D.C.,HARINA PRECOCIDA,2024-08-01,011106,BASE_lowR2,1710.6729662880175
BOGOTÁ D.C.,HARINA PRECOCIDA,2024-09-01,011106,BASE_lowR2,1703.626200073287
BOGOTÁ D.C.,HARINA PRECOCIDA,2024-10-01,011106,BASE_lowR2,1701.089364235984
BOGOTÁ D.C.,HARINA PRECOCIDA,2024-11-01,011106,BASE_lowR2,1691.0829562110662
BOGOTÁ D.C.,HARINA PRECOCIDA,2024-12-01,011106,BASE_lowR2,1699.6800109930375
BOGOTÁ D.C.,HUEVOS,2019-01-01,011405,BASE,3614.0156867306487
BOGOTÁ D.C.,HUEVOS,2019-02-01,011405,BASE,3610.0776805341125
BOGOTÁ D.C.,HUEVOS,2019-03-01,011405,BASE,3651.605745879408
BOGOTÁ D.C.,HUEVOS,2019-04-01,011405,BASE,3688.479803901523
BOGOTÁ D.C.,HUEVOS,2019-05-01,011405,BASE,3764.017922762362
BOGOTÁ D.C.,HUEVOS,2019-06-01,011405,BASE,3794.4479706446896
BOGOTÁ D.C.,HUEVOS,2019-07-01,011405,BASE,3790.867965011475
BOGOTÁ D.C.,HUEVOS,2019-08-01,011405,BASE,3771.5359345921133
BOGOTÁ D.C.,HUEVOS,2019-09-01,011405,BASE,3766.523926705612
BOGOTÁ D.C.,HUEVOS,2019-10-01,011405,BASE,3756.1419103692892
BOGOTÁ D.C.,HUEVOS,2019-11-01,011405,BASE,3759.005914875861
BOGOTÁ D.C.,HUEVOS,2019-12-01,011405,BASE,3725.71186248696
BOGOTÁ D.C.,HUEVOS,2020-01-01,011405,BASE,3738.957883329856
BOGOTÁ D.C.,HUEVOS,2020-02-01,011405,BASE,3730.0078692468187
BOGOTÁ D.C.,HUEVOS,2020-03-01,011405,BASE,3769.387931212185
BOGOTÁ D.C.,HUEVOS,2020-04-01,011405,BASE,3936.2161937200085
BOGOTÁ D.C.,HUEVOS,2020-05-01,011405,BASE,3944.0922061130823
BOGOTÁ D.C.,HUEVOS,2020-06-01,011405,BASE,3848.86405626956
BOGOTÁ D.C.,HUEVOS,2020-07-01,011405,BASE,3777.6219441685794
BOGOTÁ D.C.,HUEVOS,2020-08-01,011405,BASE,3726.7858641769244
BOGOTÁ D.C.,HUEVOS,2020-09-01,011405,BASE,3735.3778776966415
BOGOTÁ D.C.,HUEVOS,2020-10-01,011405,BASE,3752.2039041727517
BOGOTÁ D.C.,HUEVOS,2020-11-01,011405,BASE,3829.89002641352
BOGOTÁ D.C.,HUEVOS,2020-12-01,011405,BASE,3941.5862021698313
BOGOTÁ D.C.,HUEVOS,2021-01-01,011405,BASE,3977.0282579386608
BOGOTÁ D.C.,HUEVOS,2021-02-01,011405,BASE,3973.8062528687665
BOGOTÁ D.C.,HUEVOS,2021-03-01,011405,BASE,3996.3602883580224
BOGOTÁ D.C.,HUEVOS,2021-04-01,011405,BASE,4011.396312017526
BOGOTÁ D.C.,HUEVOS,2021-05-01,011405,BASE,4338.608826893386
BOGOTÁ D.C.,HUEVOS,2021-06-01,011405,BASE,4666.537342895889
BOGOTÁ D.C.,HUEVOS,2021-07-01,011405,BASE,4872.387666805758
BOGOTÁ D.C.,HUEVOS,2021-08-01,011405,BASE,4721.31142908408
BOGOTÁ D.C.,HUEVOS,2021-09-01,011405,BASE,4444.576993636553
BOGOTÁ D.C.,HUEVOS,2021-10-01,011405,BASE,4414.146945754224
BOGOTÁ D.C.,HUEVOS,2021-11-01,011405,BASE,4454.243008846234
BOGOTÁ D.C.,HUEVOS,2021-12-01,011405,BASE,4574.531198122262
BOGOTÁ D.C.,HUEVOS,2022-01-01,011405,BASE,4759.6174893594825
BOGOTÁ D.C.,HUEVOS,2022-02-01,011405,BASE,4870.597663989151
BOGOTÁ D.C.,HUEVOS,2022-03-01,011405,BASE,5061.769964802837
BOGOTÁ D.C.,HUEVOS,2022-04-01,011405,BASE,5254.732268433131
BOGOTÁ D.C.,HUEVOS,2022-05-01,011405,BASE,5392.5624853119125
BOGOTÁ D.C.,HUEVOS,2022-06-01,011405,BASE,5367.144445316086
BOGOTÁ D.C.,HUEVOS,2022-07-01,011405,BASE,5370.724450949301
BOGOTÁ D.C.,HUEVOS,2022-08-01,011405,BASE,5586.5987906321725
BOGOTÁ D.C.,HUEVOS,2022-09-01,011405,BASE,5685.7649466722305
BOGOTÁ D.C.,HUEVOS,2022-10-01,011405,BASE,5789.94311059879
BOGOTÁ D.C.,HUEVOS,2022-11-01,011405,BASE,5896.627278468601
BOGOTÁ D.C.,HUEVOS,2022-12-01,011405,BASE,6081.355569142499
BOGOTÁ D.C.,HUEVOS,2023-01-01,011405,BASE,6077.059562382641
BOGOTÁ D.C.,HUEVOS,2023-02-01,011405,BASE,6099.2555973085755
BOGOTÁ D.C.,HUEVOS,2023-03-01,011405,BASE,6101.045600125182
BOGOTÁ D.C.,HUEVOS,2023-04-01,011405,BASE,6178.731722365951
BOGOTÁ D.C.,HUEVOS,2023-05-01,011405,BASE,6185.175732505738
BOGOTÁ D.C.,HUEVOS,2023-06-01,011405,BASE,6112.143617588149
BOGOTÁ D.C.,HUEVOS,2023-07-01,011405,BASE,6115.007622094722
BOGOTÁ D.C.,HUEVOS,2023-08-01,011405,BASE,6148.659675046943
BOGOTÁ D.C.,HUEVOS,2023-09-01,011405,BASE,6229.925802920927
BOGOTÁ D.C.,HUEVOS,2023-10-01,011405,BASE,6267.515862069685
BOGOTÁ D.C.,HUEVOS,2023-11-01,011405,BASE,6292.9339020655125
BOGOTÁ D.C.,HUEVOS,2023-12-01,011405,BASE,6310.475929668266
BOGOTÁ D.C.,HUEVOS,2024-01-01,011405,BASE,6123.241635051116
BOGOTÁ D.C.,HUEVOS,2024-02-01,011405,BASE,5999.731440705195
BOGOTÁ D.C.,HUEVOS,2024-03-01,011405,BASE,5956.771373106613
BOGOTÁ D.C.,HUEVOS,2024-04-01,011405,BASE,5987.201420988943
BOGOTÁ D.C.,HUEVOS,2024-05-01,011405,BASE,6010.47145760484
BOGOTÁ D.C.,HUEVOS,2024-06-01,011405,BASE,5992.571429438764
BOGOTÁ D.C.,HUEVOS,2024-07-01,011405,BASE,5927.41532691425
BOGOTÁ D.C.,HUEVOS,2024-08-01,011405,BASE,5909.873299311496
BOGOTÁ D.C.,HUEVOS,2024-09-01,011405,BASE,5886.2452621322755
BOGOTÁ D.C.,HUEVOS,2024-10-01,011405,BASE,5842.569193407052
BOGOTÁ D.C.,HUEVOS,2024-11-01,011405,BASE,5801.399128625078
BOGOTÁ D.C.,HUEVOS,2024-12-01,011405,BASE,5753.785053703317
BOGOTÁ D.C.,LECHE EN POLVO ENTERA,2019-01-01,011401,BASE_lowR2,10351.135595545515
BOGOTÁ D.C.,LECHE EN POLVO ENTERA,2019-02-01,011401,BASE_lowR2,10348.054289057458
BOGOTÁ D.C.,LECHE EN POLVO ENTERA,2019-03-01,011401,BASE_lowR2,10447.683198837962
BOGOTÁ D.C.,LECHE EN POLVO ENTERA,2019-04-01,011401,BASE_lowR2,10468.225242091674
BOGOTÁ D.C.,LECHE EN POLVO ENTERA,2019-05-01,011401,BASE_lowR2,10496.984102646871
BOGOTÁ D.C.,LECHE EN POLVO ENTERA,2019-06-01,011401,BASE_lowR2,10501.092511297611
BOGOTÁ D.C.,LECHE EN POLVO ENTERA,2019-07-01,011401,BASE_lowR2,10490.821489670758
BOGOTÁ D.C.,LECHE EN POLVO ENTERA,2019-08-01,011401,BASE_lowR2,10477.469161555844
BOGOTÁ D.C.,LECHE EN POLVO ENTERA,2019-09-01,011401,BASE_lowR2,10766.084869270497
BOGOTÁ D.C.,LECHE EN POLVO ENTERA,2019-10-01,011401,BASE_lowR2,10903.71655907037
BOGOTÁ D.C.,LECHE EN POLVO ENTERA,2019-11-01,011401,BASE_lowR2,11020.806205616529
BOGOTÁ D.C.,LECHE EN POLVO ENTERA,2019-12-01,011401,BASE_lowR2,11102.974378631376
BOGOTÁ D.C.,LECHE EN POLVO ENTERA,2020-01-01,011401,BASE_lowR2,11145.085567301487
BOGOTÁ D.C.,LECHE EN POLVO ENTERA,2020-02-01,011401,BASE_lowR2,11233.416353292449
BOGOTÁ D.C.,LECHE EN POLVO ENTERA,2020-03-01,011401,BASE_lowR2,11417.26764041317
BOGOTÁ D.C.,LECHE EN POLVO ENTERA,2020-04-01,011401,BASE_lowR2,11530.248878308586
BOGOTÁ D.C.,LECHE EN POLVO ENTERA,2020-05-01,011401,BASE_lowR2,11573.387169141382
BOGOTÁ D.C.,LECHE EN POLVO ENTERA,2020-06-01,011401,BASE_lowR2,11515.86944803099
BOGOTÁ D.C.,LECHE EN POLVO ENTERA,2020-07-01,011401,BASE_lowR2,11528.194673983215
BOGOTÁ D.C.,LECHE EN POLVO ENTERA,2020-08-01,011401,BASE_lowR2,11536.4114912847
BOGOTÁ D.C.,LECHE EN POLVO ENTERA,2020-09-01,011401,BASE_lowR2,11493.273200451908
BOGOTÁ D.C.,LECHE EN POLVO ENTERA,2020-10-01,011401,BASE_lowR2,11481.975076662364
BOGOTÁ D.C.,LECHE EN POLVO ENTERA,2020-11-01,011401,BASE_lowR2,11530.248878308586
BOGOTÁ D.C.,LECHE EN POLVO ENTERA,2020-12-01,011401,BASE_lowR2,11505.598426404133
BOGOTÁ D.C.,LECHE EN POLVO ENTERA,2021-01-01,011401,BASE_lowR2,11594.95631455778
BOGOTÁ D.C.,LECHE EN POLVO ENTERA,2021-02-01,011401,BASE_lowR2,11523.059163169788
BOGOTÁ D.C.,LECHE EN POLVO ENTERA,2021-03-01,011401,BASE_lowR2,11510.733937217561
BOGOTÁ D.C.,LECHE EN POLVO ENTERA,2021-04-01,011401,BASE_lowR2,11508.67973289219
BOGOTÁ D.C.,LECHE EN POLVO ENTERA,2021-05-01,011401,BASE_lowR2,11556.953534538414
BOGOTÁ D.C.,LECHE EN POLVO ENTERA,2021-06-01,011401,BASE_lowR2,11691.503917850227
BOGOTÁ D.C.,LECHE EN POLVO ENTERA,2021-07-01,011401,BASE_lowR2,11749.02163896062
BOGOTÁ D.C.,LECHE EN POLVO ENTERA,2021-08-01,011401,BASE_lowR2,11810.647768721756
BOGOTÁ D.C.,LECHE EN POLVO ENTERA,2021-09-01,011401,BASE_lowR2,11974.984114751454
BOGOTÁ D.C.,LECHE EN POLVO ENTERA,2021-10-01,011401,BASE_lowR2,12168.079321336349
BOGOTÁ D.C.,LECHE EN POLVO ENTERA,2021-11-01,011401,BASE_lowR2,12686.765913492576
BOGOTÁ D.C.,LECHE EN POLVO ENTERA,2021-12-01,011401,BASE_lowR2,12938.40594335055
BOGOTÁ D.C.,LECHE EN POLVO ENTERA,2022-01-01,011401,BASE_lowR2,13469.417761459004
BOGOTÁ D.C.,LECHE EN POLVO ENTERA,2022-02-01,011401,BASE_lowR2,14260.286426726921
BOGOTÁ D.C.,LECHE EN POLVO ENTERA,2022-03-01,011401,BASE_lowR2,14658.802065848937
BOGOTÁ D.C.,LECHE EN POLVO ENTERA,2022-04-01,011401,BASE_lowR2,15486.646408973533
BOGOTÁ D.C.,LECHE EN POLVO ENTERA,2022-05-01,011401,BASE_lowR2,16203.563718528085
BOGOTÁ D.C.,LECHE EN POLVO ENTERA,2022-06-01,011401,BASE_lowR2,16526.073797611363
BOGOTÁ D.C.,LECHE EN POLVO ENTERA,2022-07-01,011401,BASE_lowR2,16609.2690727889
BOGOTÁ D.C.,LECHE EN POLVO ENTERA,2022-08-01,011401,BASE_lowR2,16639.05503550678
BOGOTÁ D.C.,LECHE EN POLVO ENTERA,2022-09-01,011401,BASE_lowR2,16664.73258957392
BOGOTÁ D.C.,LECHE EN POLVO ENTERA,2022-10-01,011401,BASE_lowR2,16798.25587072305
BOGOTÁ D.C.,LECHE EN POLVO ENTERA,2022-11-01,011401,BASE_lowR2,17222.449063912205
BOGOTÁ D.C.,LECHE EN POLVO ENTERA,2022-12-01,011401,BASE_lowR2,17964.016825371207
BOGOTÁ D.C.,LECHE EN POLVO ENTERA,2023-01-01,011401,BASE_lowR2,18608.00988137508
BOGOTÁ D.C.,LECHE EN POLVO ENTERA,2023-02-01,011401,BASE_lowR2,19408.12246610717
BOGOTÁ D.C.,LECHE EN POLVO ENTERA,2023-03-01,011401,BASE_lowR2,19709.063399774048
BOGOTÁ D.C.,LECHE EN POLVO ENTERA,2023-04-01,011401,BASE_lowR2,19902.158606358942
BOGOTÁ D.C.,LECHE EN POLVO ENTERA,2023-05-01,011401,BASE_lowR2,19886.75207391866
BOGOTÁ D.C.,LECHE EN POLVO ENTERA,2023-06-01,011401,BASE_lowR2,20067.522054551326
BOGOTÁ D.C.,LECHE EN POLVO ENTERA,2023-07-01,011401,BASE_lowR2,19947.35110151711
BOGOTÁ D.C.,LECHE EN POLVO ENTERA,2023-08-01,011401,BASE_lowR2,20144.554716752747
BOGOTÁ D.C.,LECHE EN POLVO ENTERA,2023-09-01,011401,BASE_lowR2,20108.60614105875
BOGOTÁ D.C.,LECHE EN POLVO ENTERA,2023-10-01,011401,BASE_lowR2,20245.210728695933
BOGOTÁ D.C.,LECHE EN POLVO ENTERA,2023-11-01,011401,BASE_lowR2,20202.07243786314
BOGOTÁ D.C.,LECHE EN POLVO ENTERA,2023-12-01,011401,BASE_lowR2,20273.96958925113
BOGOTÁ D.C.,LECHE EN POLVO ENTERA,2024-01-01,011401,BASE_lowR2,20405.438666074886
BOGOTÁ D.C.,LECHE EN POLVO ENTERA,2024-02-01,011401,BASE_lowR2,20619.075915913494
BOGOTÁ D.C.,LECHE EN POLVO ENTERA,2024-03-01,011401,BASE_lowR2,20653.997389444805
BOGOTÁ D.C.,LECHE EN POLVO ENTERA,2024-04-01,011401,BASE_lowR2,20617.02171158812
BOGOTÁ D.C.,LECHE EN POLVO ENTERA,2024-05-01,011401,BASE_lowR2,20542.043253712076
BOGOTÁ D.C.,LECHE EN POLVO ENTERA,2024-06-01,011401,BASE_lowR2,20504.040473692705
BOGOTÁ D.C.,LECHE EN POLVO ENTERA,2024-07-01,011401,BASE_lowR2,20556.42268398967
BOGOTÁ D.C.,LECHE EN POLVO ENTERA,2024-08-01,011401,BASE_lowR2,20519.44700613299
BOGOTÁ D.C.,LECHE EN POLVO ENTERA,2024-09-01,011401,BASE_lowR2,20458.84797853454
BOGOTÁ D.C.,LECHE EN POLVO ENTERA,2024-10-01,011401,BASE_lowR2,20417.763892027113
BOGOTÁ D.C.,LECHE EN POLVO ENTERA,2024-11-01,011401,BASE_lowR2,20319.1620844093
BOGOTÁ D.C.,LECHE EN POLVO ENTERA,2024-12-01,011401,BASE_lowR2,20382.842418495806
BOGOTÁ D.C.,LECHE EN POLVO LACTANTE,2019-01-01,011401,BASE_lowR2,44650.27592263826
BOGOTÁ D.C.,LECHE EN POLVO LACTANTE,2019-02-01,011401,BASE_lowR2,44636.98451285776
BOGOTÁ D.C.,LECHE EN POLVO LACTANTE,2019-03-01,011401,BASE_lowR2,45066.7400957607
BOGOTÁ D.C.,LECHE EN POLVO LACTANTE,2019-04-01,011401,BASE_lowR2,45155.3494942974
BOGOTÁ D.C.,LECHE EN POLVO LACTANTE,2019-05-01,011401,BASE_lowR2,45279.40265224876
BOGOTÁ D.C.,LECHE EN POLVO LACTANTE,2019-06-01,011401,BASE_lowR2,45297.1245319561
BOGOTÁ D.C.,LECHE EN POLVO LACTANTE,2019-07-01,011401,BASE_lowR2,45252.81983268776
BOGOTÁ D.C.,LECHE EN POLVO LACTANTE,2019-08-01,011401,BASE_lowR2,45195.223723638905
BOGOTÁ D.C.,LECHE EN POLVO LACTANTE,2019-09-01,011401,BASE_lowR2,46440.1857730794
BOGOTÁ D.C.,LECHE EN POLVO LACTANTE,2019-10-01,011401,BASE_lowR2,47033.868743275234
BOGOTÁ D.C.,LECHE EN POLVO LACTANTE,2019-11-01,011401,BASE_lowR2,47538.94231493437
BOGOTÁ D.C.,LECHE EN POLVO LACTANTE,2019-12-01,011401,BASE_lowR2,47893.37990908112
BOGOTÁ D.C.,LECHE EN POLVO LACTANTE,2020-01-01,011401,BASE_lowR2,48075.02917608135
BOGOTÁ D.C.,LECHE EN POLVO LACTANTE,2020-02-01,011401,BASE_lowR2,48456.04958978911
BOGOTÁ D.C.,LECHE EN POLVO LACTANTE,2020-03-01,011401,BASE_lowR2,49249.10370669249
BOGOTÁ D.C.,LECHE EN POLVO LACTANTE,2020-04-01,011401,BASE_lowR2,49736.455398644284
BOGOTÁ D.C.,LECHE EN POLVO LACTANTE,2020-05-01,011401,BASE_lowR2,49922.535135571336
BOGOTÁ D.C.,LECHE EN POLVO LACTANTE,2020-06-01,011401,BASE_lowR2,49674.42881966861
BOGOTÁ D.C.,LECHE EN POLVO LACTANTE,2020-07-01,011401,BASE_lowR2,49727.59445879061
BOGOTÁ D.C.,LECHE EN POLVO LACTANTE,2020-08-01,011401,BASE_lowR2,49763.03821820529
BOGOTÁ D.C.,LECHE EN POLVO LACTANTE,2020-09-01,011401,BASE_lowR2,49576.95848127825
BOGOTÁ D.C.,LECHE EN POLVO LACTANTE,2020-10-01,011401,BASE_lowR2,49528.223312083064
BOGOTÁ D.C.,LECHE EN POLVO LACTANTE,2020-11-01,011401,BASE_lowR2,49736.455398644284
BOGOTÁ D.C.,LECHE EN POLVO LACTANTE,2020-12-01,011401,BASE_lowR2,49630.12412040026
BOGOTÁ D.C.,LECHE EN POLVO LACTANTE,2021-01-01,011401,BASE_lowR2,50015.57500403486
BOGOTÁ D.C.,LECHE EN POLVO LACTANTE,2021-02-01,011401,BASE_lowR2,49705.442109156444
BOGOTÁ D.C.,LECHE EN POLVO LACTANTE,2021-03-01,011401,BASE_lowR2,49652.27647003443
BOGOTÁ D.C.,LECHE EN POLVO LACTANTE,2021-04-01,011401,BASE_lowR2,49643.41553018076
BOGOTÁ D.C.,LECHE EN POLVO LACTANTE,2021-05-01,011401,BASE_lowR2,49851.64761674198
BOGOTÁ D.C.,LECHE EN POLVO LACTANTE,2021-06-01,011401,BASE_lowR2,50432.039177157305
BOGOTÁ D.C.,LECHE EN POLVO LACTANTE,2021-07-01,011401,BASE_lowR2,50680.14549306004
BOGOTÁ D.C.,LECHE EN POLVO LACTANTE,2021-08-01,011401,BASE_lowR2,50945.97368867011
BOGOTÁ D.C.,LECHE EN POLVO LACTANTE,2021-09-01,011401,BASE_lowR2,51654.84887696364
BOGOTÁ D.C.,LECHE EN POLVO LACTANTE,2021-10-01,011401,BASE_lowR2,52487.777223208526
BOGOTÁ D.C.,LECHE EN POLVO LACTANTE,2021-11-01,011401,BASE_lowR2,54725.16453625995
BOGOTÁ D.C.,LECHE EN POLVO LACTANTE,2021-12-01,011401,BASE_lowR2,55810.629668334404
BOGOTÁ D.C.,LECHE EN POLVO LACTANTE,2022-01-01,011401,BASE_lowR2,58101.18262050785
BOGOTÁ D.C.,LECHE EN POLVO LACTANTE,2022-02-01,011401,BASE_lowR2,61512.64446417043
BOGOTÁ D.C.,LECHE EN POLVO LACTANTE,2022-03-01,011401,BASE_lowR2,63231.66679578223
BOGOTÁ D.C.,LECHE EN POLVO LACTANTE,2022-04-01,011401,BASE_lowR2,66802.62555681085
BOGOTÁ D.C.,LECHE EN POLVO LACTANTE,2022-05-01,011401,BASE_lowR2,69895.09356574134
BOGOTÁ D.C.,LECHE EN POLVO LACTANTE,2022-06-01,011401,BASE_lowR2,71286.26112276738
BOGOTÁ D.C.,LECHE EN POLVO LACTANTE,2022-07-01,011401,BASE_lowR2,71645.12918684098
BOGOTÁ D.C.,LECHE EN POLVO LACTANTE,2022-08-01,011401,BASE_lowR2,71773.61281471918
BOGOTÁ D.C.,LECHE EN POLVO LACTANTE,2022-09-01,011401,BASE_lowR2,71884.37456289004
BOGOTÁ D.C.,LECHE EN POLVO LACTANTE,2022-10-01,011401,BASE_lowR2,72460.33565337853
BOGOTÁ D.C.,LECHE EN POLVO LACTANTE,2022-11-01,011401,BASE_lowR2,74290.11973316118
BOGOTÁ D.C.,LECHE EN POLVO LACTANTE,2022-12-01,011401,BASE_lowR2,77488.9190203357
BOGOTÁ D.C.,LECHE EN POLVO LACTANTE,2023-01-01,011401,BASE_lowR2,80266.82366446093
BOGOTÁ D.C.,LECHE EN POLVO LACTANTE,2023-02-01,011401,BASE_lowR2,83718.15973746503
BOGOTÁ D.C.,LECHE EN POLVO LACTANTE,2023-03-01,011401,BASE_lowR2,85016.28742602754
BOGOTÁ D.C.,LECHE EN POLVO LACTANTE,2023-04-01,011401,BASE_lowR2,85849.21577227242
BOGOTÁ D.C.,LECHE EN POLVO LACTANTE,2023-05-01,011401,BASE_lowR2,85782.75872336992
BOGOTÁ D.C.,LECHE EN POLVO LACTANTE,2023-06-01,011401,BASE_lowR2,86562.5214304928
BOGOTÁ D.C.,LECHE EN POLVO LACTANTE,2023-07-01,011401,BASE_lowR2,86044.15644905315
BOGOTÁ D.C.,LECHE EN POLVO LACTANTE,2023-08-01,011401,BASE_lowR2,86894.80667500538
BOGOTÁ D.C.,LECHE EN POLVO LACTANTE,2023-09-01,011401,BASE_lowR2,86739.74022756617
BOGOTÁ D.C.,LECHE EN POLVO LACTANTE,2023-10-01,011401,BASE_lowR2,87328.99272783515
BOGOTÁ D.C.,LECHE EN POLVO LACTANTE,2023-11-01,011401,BASE_lowR2,87142.91299090811
BOGOTÁ D.C.,LECHE EN POLVO LACTANTE,2023-12-01,011401,BASE_lowR2,87453.04588578652
BOGOTÁ D.C.,LECHE EN POLVO LACTANTE,2024-01-01,011401,BASE_lowR2,88020.14603642134
BOGOTÁ D.C.,LECHE EN POLVO LACTANTE,2024-02-01,011401,BASE_lowR2,88941.68378120293
BOGOTÁ D.C.,LECHE EN POLVO LACTANTE,2024-03-01,011401,BASE_lowR2,89092.3197587153
BOGOTÁ D.C.,LECHE EN POLVO LACTANTE,2024-04-01,011401,BASE_lowR2,88932.82284134925
BOGOTÁ D.C.,LECHE EN POLVO LACTANTE,2024-05-01,011401,BASE_lowR2,88609.39853669034
BOGOTÁ D.C.,LECHE EN POLVO LACTANTE,2024-06-01,011401,BASE_lowR2,88445.47114939746
BOGOTÁ D.C.,LECHE EN POLVO LACTANTE,2024-07-01,011401,BASE_lowR2,88671.42511566602
BOGOTÁ D.C.,LECHE EN POLVO LACTANTE,2024-08-01,011401,BASE_lowR2,88511.92819829997
BOGOTÁ D.C.,LECHE EN POLVO LACTANTE,2024-09-01,011401,BASE_lowR2,88250.53047261674
BOGOTÁ D.C.,LECHE EN POLVO LACTANTE,2024-10-01,011401,BASE_lowR2,88073.31167554336
BOGOTÁ D.C.,LECHE EN POLVO LACTANTE,2024-11-01,011401,BASE_lowR2,87647.98656256725
BOGOTÁ D.C.,LECHE EN POLVO LACTANTE,2024-12-01,011401,BASE_lowR2,87922.67569803099
BOGOTÁ D.C.,LECHE LARGA VIDA,2019-01-01,011401,D_city,1610.7262436804867
BOGOTÁ D.C.,LECHE LARGA VIDA,2019-02-01,011401,D_city,1610.1682894761343
BOGOTÁ D.C.,LECHE LARGA VIDA,2019-03-01,011401,D_city,1628.222547212423
BOGOTÁ D.C.,LECHE LARGA VIDA,2019-04-01,011401,D_city,1631.9485893113488
BOGOTÁ D.C.,LECHE LARGA VIDA,2019-05-01,011401,D_city,1637.1670589513533
BOGOTÁ D.C.,LECHE LARGA VIDA,2019-06-01,011401,D_city,1637.9127458376627
BOGOTÁ D.C.,LECHE LARGA VIDA,2019-07-01,011401,D_city,1636.0486182040556
BOGOTÁ D.C.,LECHE LARGA VIDA,2019-08-01,011401,D_city,1633.6256989297262
BOGOTÁ D.C.,LECHE LARGA VIDA,2019-09-01,011401,D_city,1686.109744043175
BOGOTÁ D.C.,LECHE LARGA VIDA,2019-10-01,011401,D_city,1711.2193304534917
BOGOTÁ D.C.,LECHE LARGA VIDA,2019-11-01,011401,D_city,1732.622127595114
BOGOTÁ D.C.,LECHE LARGA VIDA,2019-12-01,011401,D_city,1747.6639002457962
BOGOTÁ D.C.,LECHE LARGA VIDA,2020-01-01,011401,D_city,1755.3798828098754
BOGOTÁ D.C.,LECHE LARGA VIDA,2020-02-01,011401,D_city,1771.5801180798157
BOGOTÁ D.C.,LECHE LARGA VIDA,2020-03-01,011401,D_city,1805.3659697726955
BOGOTÁ D.C.,LECHE LARGA VIDA,2020-04-01,011401,D_city,1826.1725425788409
BOGOTÁ D.C.,LECHE LARGA VIDA,2020-05-01,011401,D_city,1834.1256966398344
BOGOTÁ D.C.,LECHE LARGA VIDA,2020-06-01,011401,D_city,1823.522572563826
BOGOTÁ D.C.,LECHE LARGA VIDA,2020-07-01,011401,D_city,1825.79394229548
BOGOTÁ D.C.,LECHE LARGA VIDA,2020-08-01,011401,D_city,1827.308409672723
BOGOTÁ D.C.,LECHE LARGA VIDA,2020-09-01,011401,D_city,1819.3594284595251
BOGOTÁ D.C.,LECHE LARGA VIDA,2020-10-01,011401,D_city,1817.2783586360301
BOGOTÁ D.C.,LECHE LARGA VIDA,2020-11-01,011401,D_city,1826.1725425788409
BOGOTÁ D.C.,LECHE LARGA VIDA,2020-12-01,011401,D_city,1821.6300684036623
BOGOTÁ D.C.,LECHE LARGA VIDA,2021-01-01,011401,D_city,1838.1040949507267
BOGOTÁ D.C.,LECHE LARGA VIDA,2021-02-01,011401,D_city,1824.8474899054463
BOGOTÁ D.C.,LECHE LARGA VIDA,2021-03-01,011401,D_city,1822.5762859294211
BOGOTÁ D.C.,LECHE LARGA VIDA,2021-04-01,011401,D_city,1822.1977906246361
BOGOTÁ D.C.,LECHE LARGA VIDA,2021-05-01,011401,D_city,1831.0953504617512
BOGOTÁ D.C.,LECHE LARGA VIDA,2021-06-01,011401,D_city,1855.9269873904725
BOGOTÁ D.C.,LECHE LARGA VIDA,2021-07-01,011401,D_city,1866.5563514333023
BOGOTÁ D.C.,LECHE LARGA VIDA,2021-08-01,011401,D_city,1877.9544113568027
BOGOTÁ D.C.,LECHE LARGA VIDA,2021-09-01,011401,D_city,1908.396740381106
BOGOTÁ D.C.,LECHE LARGA VIDA,2021-10-01,011401,D_city,1944.2539069483214
BOGOTÁ D.C.,LECHE LARGA VIDA,2021-11-01,011401,D_city,2041.030755711196
BOGOTÁ D.C.,LECHE LARGA VIDA,2021-12-01,011401,D_city,2088.2174426894126
BOGOTÁ D.C.,LECHE LARGA VIDA,2022-01-01,011401,D_city,2188.281878341828
BOGOTÁ D.C.,LECHE LARGA VIDA,2022-02-01,011401,D_city,2338.5090025687446
BOGOTÁ D.C.,LECHE LARGA VIDA,2022-03-01,011401,D_city,2414.7311696815495
BOGOTÁ D.C.,LECHE LARGA VIDA,2022-04-01,011401,D_city,2574.1470828903316
BOGOTÁ D.C.,LECHE LARGA VIDA,2022-05-01,011401,D_city,2713.3368362238043
BOGOTÁ D.C.,LECHE LARGA VIDA,2022-06-01,011401,D_city,2776.2845573782674
BOGOTÁ D.C.,LECHE LARGA VIDA,2022-07-01,011401,D_city,2792.5554775722603
BOGOTÁ D.C.,LECHE LARGA VIDA,2022-08-01,011401,D_city,2798.384116366375
BOGOTÁ D.C.,LECHE LARGA VIDA,2022-09-01,011401,D_city,2803.4101761684433
BOGOTÁ D.C.,LECHE LARGA VIDA,2022-10-01,011401,D_city,2829.566088845729
BOGOTÁ D.C.,LECHE LARGA VIDA,2022-11-01,011401,D_city,2912.886291833444
BOGOTÁ D.C.,LECHE LARGA VIDA,2022-12-01,011401,D_city,3059.34995675523
BOGOTÁ D.C.,LECHE LARGA VIDA,2023-01-01,011401,D_city,3187.34918401788
BOGOTÁ D.C.,LECHE LARGA VIDA,2023-02-01,011401,D_city,3347.389418089989
BOGOTÁ D.C.,LECHE LARGA VIDA,2023-03-01,011401,D_city,3407.8667959088502
BOGOTÁ D.C.,LECHE LARGA VIDA,2023-04-01,011401,D_city,3446.751231019713
BOGOTÁ D.C.,LECHE LARGA VIDA,2023-05-01,011401,D_city,3443.6464738640807
BOGOTÁ D.C.,LECHE LARGA VIDA,2023-06-01,011401,D_city,3480.1003486272098
BOGOTÁ D.C.,LECHE LARGA VIDA,2023-07-01,011401,D_city,3455.8607875792864
BOGOTÁ D.C.,LECHE LARGA VIDA,2023-08-01,011401,D_city,3495.6510403373463
BOGOTÁ D.C.,LECHE LARGA VIDA,2023-09-01,011401,D_city,3488.3928371951297
BOGOTÁ D.C.,LECHE LARGA VIDA,2023-10-01,011401,D_city,3515.985280724341
BOGOTÁ D.C.,LECHE LARGA VIDA,2023-11-01,011401,D_city,3507.2685749276793
BOGOTÁ D.C.,LECHE LARGA VIDA,2023-12-01,011401,D_city,3521.7981076912715
BOGOTÁ D.C.,LECHE LARGA VIDA,2024-01-01,011401,D_city,3548.388197884909
BOGOTÁ D.C.,LECHE LARGA VIDA,2024-02-01,011401,D_city,3591.6568724529257
BOGOTÁ D.C.,LECHE LARGA VIDA,2024-03-01,011401,D_city,3598.736637993594
BOGOTÁ D.C.,LECHE LARGA VIDA,2024-04-01,011401,D_city,3591.2404767476282
BOGOTÁ D.C.,LECHE LARGA VIDA,2024-05-01,011401,D_city,3576.0466860234533
BOGOTÁ D.C.,LECHE LARGA VIDA,2024-06-01,011401,D_city,3568.3491875831983
BOGOTÁ D.C.,LECHE LARGA VIDA,2024-07-01,011401,D_city,3578.9598611864676
BOGOTÁ D.C.,LECHE LARGA VIDA,2024-08-01,011401,D_city,3571.469513823634
BOGOTÁ D.C.,LECHE LARGA VIDA,2024-09-01,011401,D_city,3559.198445499737
BOGOTÁ D.C.,LECHE LARGA VIDA,2024-10-01,011401,D_city,3550.8824597598423
BOGOTÁ D.C.,LECHE LARGA VIDA,2024-11-01,011401,D_city,3530.935276889941
BOGOTÁ D.C.,LECHE LARGA VIDA,2024-12-01,011401,D_city,3543.816025043977
BOGOTÁ D.C.,LECHE PASTEURIZADA,2019-01-01,011401,D_city,1068.1835719461008
BOGOTÁ D.C.,LECHE PASTEURIZADA,2019-02-01,011401,D_city,1067.870252414362
BOGOTÁ D.C.,LECHE PASTEURIZADA,2019-03-01,011401,D_city,1078.0002275737568
BOGOTÁ D.C.,LECHE PASTEURIZADA,2019-04-01,011401,D_city,1080.0887059167833
BOGOTÁ D.C.,LECHE PASTEURIZADA,2019-05-01,011401,D_city,1083.0124748085955
BOGOTÁ D.C.,LECHE PASTEURIZADA,2019-06-01,011401,D_city,1083.430146496492
BOGOTÁ D.C.,LECHE PASTEURIZADA,2019-07-01,011401,D_city,1082.3859627882905
BOGOTÁ D.C.,LECHE PASTEURIZADA,2019-08-01,011401,D_city,1081.0285015860595
BOGOTÁ D.C.,LECHE PASTEURIZADA,2019-09-01,011401,D_city,1110.3649579461169
BOGOTÁ D.C.,LECHE PASTEURIZADA,2019-10-01,011401,D_city,1124.3505109135585
BOGOTÁ D.C.,LECHE PASTEURIZADA,2019-11-01,011401,D_city,1136.2466317691387
BOGOTÁ D.C.,LECHE PASTEURIZADA,2019-12-01,011401,D_city,1144.593680584317
BOGOTÁ D.C.,LECHE PASTEURIZADA,2020-01-01,011401,D_city,1148.8711921179552
BOGOTÁ D.C.,LECHE PASTEURIZADA,2020-02-01,011401,D_city,1157.84276564472
BOGOTÁ D.C.,LECHE PASTEURIZADA,2020-03-01,011401,D_city,1176.5128541071915
BOGOTÁ D.C.,LECHE PASTEURIZADA,2020-04-01,011401,D_city,1187.9839045551942
BOGOTÁ D.C.,LECHE PASTEURIZADA,2020-05-01,011401,D_city,1192.3633251366894
BOGOTÁ D.C.,LECHE PASTEURIZADA,2020-06-01,011401,D_city,1186.5240444230037
BOGOTÁ D.C.,LECHE PASTEURIZADA,2020-07-01,011401,D_city,1187.7753547406655
BOGOTÁ D.C.,LECHE PASTEURIZADA,2020-08-01,011401,D_city,1188.6095507348934
BOGOTÁ D.C.,LECHE PASTEURIZADA,2020-09-01,011401,D_city,1184.2299245590923
BOGOTÁ D.C.,LECHE PASTEURIZADA,2020-10-01,011401,D_city,1183.0828398686583
BOGOTÁ D.C.,LECHE PASTEURIZADA,2020-11-01,011401,D_city,1187.9839045551942
BOGOTÁ D.C.,LECHE PASTEURIZADA,2020-12-01,011401,D_city,1185.4812708456154
BOGOTÁ D.C.,LECHE PASTEURIZADA,2021-01-01,011401,D_city,1194.5529457393272
BOGOTÁ D.C.,LECHE PASTEURIZADA,2021-02-01,011401,D_city,1187.253977823494
BOGOTÁ D.C.,LECHE PASTEURIZADA,2021-03-01,011401,D_city,1186.0026593373798
BOGOTÁ D.C.,LECHE PASTEURIZADA,2021-04-01,011401,D_city,1185.7941043494973
BOGOTÁ D.C.,LECHE PASTEURIZADA,2021-05-01,011401,D_city,1190.6950026715783
BOGOTÁ D.C.,LECHE PASTEURIZADA,2021-06-01,011401,D_city,1204.3533752383828
BOGOTÁ D.C.,LECHE PASTEURIZADA,2021-07-01,011401,D_city,1210.1913650861052
BOGOTÁ D.C.,LECHE PASTEURIZADA,2021-08-01,011401,D_city,1216.445889882269
BOGOTÁ D.C.,LECHE PASTEURIZADA,2021-09-01,011401,D_city,1233.1222933333797
BOGOTÁ D.C.,LECHE PASTEURIZADA,2021-10-01,011401,D_city,1252.7127890989698
BOGOTÁ D.C.,LECHE PASTEURIZADA,2021-11-01,011401,D_city,1305.3138596418419
BOGOTÁ D.C.,LECHE PASTEURIZADA,2021-12-01,011401,D_city,1330.8217666286018
BOGOTÁ D.C.,LECHE PASTEURIZADA,2022-01-01,011401,D_city,1384.6249900116557
BOGOTÁ D.C.,LECHE PASTEURIZADA,2022-02-01,011401,D_city,1464.7002406719014
BOGOTÁ D.C.,LECHE PASTEURIZADA,2022-03-01,011401,D_city,1505.0249794281576
BOGOTÁ D.C.,LECHE PASTEURIZADA,2022-04-01,011401,D_city,1588.7415390836431
BOGOTÁ D.C.,LECHE PASTEURIZADA,2022-05-01,011401,D_city,1661.1874197624186
BOGOTÁ D.C.,LECHE PASTEURIZADA,2022-06-01,011401,D_city,1693.7622560754526
BOGOTÁ D.C.,LECHE PASTEURIZADA,2022-07-01,011401,D_city,1702.1638013613695
BOGOTÁ D.C.,LECHE PASTEURIZADA,2022-08-01,011401,D_city,1705.1716120585959
BOGOTÁ D.C.,LECHE PASTEURIZADA,2022-09-01,011401,D_city,1707.7644890308188
BOGOTÁ D.C.,LECHE PASTEURIZADA,2022-10-01,011401,D_city,1721.2465083252641
BOGOTÁ D.C.,LECHE PASTEURIZADA,2022-11-01,011401,D_city,1764.0674959553571
BOGOTÁ D.C.,LECHE PASTEURIZADA,2022-12-01,011401,D_city,1838.889593476321
BOGOTÁ D.C.,LECHE PASTEURIZADA,2023-01-01,011401,D_city,1903.8299202799135
BOGOTÁ D.C.,LECHE PASTEURIZADA,2023-02-01,011401,D_city,1984.4676431131124
BOGOTÁ D.C.,LECHE PASTEURIZADA,2023-03-01,011401,D_city,2014.7846582044483
BOGOTÁ D.C.,LECHE PASTEURIZADA,2023-04-01,011401,D_city,2034.2336377045028
BOGOTÁ D.C.,LECHE PASTEURIZADA,2023-05-01,011401,D_city,2032.6819592127438
BOGOTÁ D.C.,LECHE PASTEURIZADA,2023-06-01,011401,D_city,2050.887215472227
BOGOTÁ D.C.,LECHE PASTEURIZADA,2023-07-01,011401,D_city,2038.7851265328557
BOGOTÁ D.C.,LECHE PASTEURIZADA,2023-08-01,011401,D_city,2058.644406261182
BOGOTÁ D.C.,LECHE PASTEURIZADA,2023-09-01,011401,D_city,2055.0244380471636
BOGOTÁ D.C.,LECHE PASTEURIZADA,2023-10-01,011401,D_city,2068.7798145869174
BOGOTÁ D.C.,LECHE PASTEURIZADA,2023-11-01,011401,D_city,2064.4361587275425
BOGOTÁ D.C.,LECHE PASTEURIZADA,2023-12-01,011401,D_city,2071.6755098514614
BOGOTÁ D.C.,LECHE PASTEURIZADA,2024-01-01,011401,D_city,2084.9122092912316
BOGOTÁ D.C.,LECHE PASTEURIZADA,2024-02-01,011401,D_city,2106.4191862230805
BOGOTÁ D.C.,LECHE PASTEURIZADA,2024-03-01,011401,D_city,2109.934438594276
BOGOTÁ D.C.,LECHE PASTEURIZADA,2024-04-01,011401,D_city,2106.2124039584082
BOGOTÁ D.C.,LECHE PASTEURIZADA,2024-05-01,011401,D_city,2098.664644584987
BOGOTÁ D.C.,LECHE PASTEURIZADA,2024-06-01,011401,D_city,2094.8389139592837
BOGOTÁ D.C.,LECHE PASTEURIZADA,2024-07-01,011401,D_city,2100.1121912996527
BOGOTÁ D.C.,LECHE PASTEURIZADA,2024-08-01,011401,D_city,2096.389898337626
BOGOTÁ D.C.,LECHE PASTEURIZADA,2024-09-01,011401,D_city,2090.2892612903534
BOGOTÁ D.C.,LECHE PASTEURIZADA,2024-10-01,011401,D_city,2086.1530857165058
BOGOTÁ D.C.,LECHE PASTEURIZADA,2024-11-01,011401,D_city,2076.225766639088
BOGOTÁ D.C.,LECHE PASTEURIZADA,2024-12-01,011401,D_city,2082.6372406690684
BOGOTÁ D.C.,LECHUGA,2019-01-01,011716,BASE_lowR2,1168.3647080394921
BOGOTÁ D.C.,LECHUGA,2019-02-01,011716,BASE_lowR2,1203.538138222849
BOGOTÁ D.C.,LECHUGA,2019-03-01,011716,BASE_lowR2,1167.128581100141
BOGOTÁ D.C.,LECHUGA,2019-04-01,011716,BASE_lowR2,1262.8722313117066
BOGOTÁ D.C.,LECHUGA,2019-05-01,011716,BASE_lowR2,1238.374442877292
BOGOTÁ D.C.,LECHUGA,2019-06-01,011716,BASE_lowR2,1215.674657263752
BOGOTÁ D.C.,LECHUGA,2019-07-01,011716,BASE_lowR2,1253.3203413258111
BOGOTÁ D.C.,LECHUGA,2019-08-01,011716,BASE_lowR2,1249.387210155148
BOGOTÁ D.C.,LECHUGA,2019-09-01,011716,BASE_lowR2,1247.3644569816645
BOGOTÁ D.C.,LECHUGA,2019-10-01,011716,BASE_lowR2,1346.25461212976
BOGOTÁ D.C.,LECHUGA,2019-11-01,011716,BASE_lowR2,1291.9774019746121
BOGOTÁ D.C.,LECHUGA,2019-12-01,011716,BASE_lowR2,1235.115562764457
BOGOTÁ D.C.,LECHUGA,2020-01-01,011716,BASE_lowR2,1308.2718025387871
BOGOTÁ D.C.,LECHUGA,2020-02-01,011716,BASE_lowR2,1352.9971227080393
BOGOTÁ D.C.,LECHUGA,2020-03-01,011716,BASE_lowR2,1498.522976022567
BOGOTÁ D.C.,LECHUGA,2020-04-01,011716,BASE_lowR2,1472.6766854724965
BOGOTÁ D.C.,LECHUGA,2020-05-01,011716,BASE_lowR2,1428.2884908321578
BOGOTÁ D.C.,LECHUGA,2020-06-01,011716,BASE_lowR2,1432.109246826516
BOGOTÁ D.C.,LECHUGA,2020-07-01,011716,BASE_lowR2,1340.1863526093089
BOGOTÁ D.C.,LECHUGA,2020-08-01,011716,BASE_lowR2,1327.8250832157967
BOGOTÁ D.C.,LECHUGA,2020-09-01,011716,BASE_lowR2,1391.4294330042312
BOGOTÁ D.C.,LECHUGA,2020-10-01,011716,BASE_lowR2,1384.349796897038
BOGOTÁ D.C.,LECHUGA,2020-11-01,011716,BASE_lowR2,1344.344234132581
BOGOTÁ D.C.,LECHUGA,2020-12-01,011716,BASE_lowR2,1441.4363864598026
BOGOTÁ D.C.,LECHUGA,2021-01-01,011716,BASE_lowR2,1520.660885754584
BOGOTÁ D.C.,LECHUGA,2021-02-01,011716,BASE_lowR2,1525.0435176304654
BOGOTÁ D.C.,LECHUGA,2021-03-01,011716,BASE_lowR2,1556.9580677009874
BOGOTÁ D.C.,LECHUGA,2021-04-01,011716,BASE_lowR2,1670.9064964739068
BOGOTÁ D.C.,LECHUGA,2021-05-01,011716,BASE_lowR2,1714.732815232722
BOGOTÁ D.C.,LECHUGA,2021-06-01,011716,BASE_lowR2,1722.7114527503527
BOGOTÁ D.C.,LECHUGA,2021-07-01,011716,BASE_lowR2,1753.3898758815233
BOGOTÁ D.C.,LECHUGA,2021-08-01,011716,BASE_lowR2,1721.9248265162198
BOGOTÁ D.C.,LECHUGA,2021-09-01,011716,BASE_lowR2,1732.2633427362482
BOGOTÁ D.C.,LECHUGA,2021-10-01,011716,BASE_lowR2,1647.3077094499295
BOGOTÁ D.C.,LECHUGA,2021-11-01,011716,BASE_lowR2,1652.9264682651622
BOGOTÁ D.C.,LECHUGA,2021-12-01,011716,BASE_lowR2,1674.6148772919605
BOGOTÁ D.C.,LECHUGA,2022-01-01,011716,BASE_lowR2,1740.466730606488
BOGOTÁ D.C.,LECHUGA,2022-02-01,011716,BASE_lowR2,1800.6998251057828
BOGOTÁ D.C.,LECHUGA,2022-03-01,011716,BASE_lowR2,1877.5644456981665
BOGOTÁ D.C.,LECHUGA,2022-04-01,011716,BASE_lowR2,1962.520078984485
BOGOTÁ D.C.,LECHUGA,2022-05-01,011716,BASE_lowR2,1984.5456135401973
BOGOTÁ D.C.,LECHUGA,2022-06-01,011716,BASE_lowR2,2063.770112834979
BOGOTÁ D.C.,LECHUGA,2022-07-01,011716,BASE_lowR2,2152.6588772919604
BOGOTÁ D.C.,LECHUGA,2022-08-01,011716,BASE_lowR2,2233.007128349788
BOGOTÁ D.C.,LECHUGA,2022-09-01,011716,BASE_lowR2,2269.75381100141
BOGOTÁ D.C.,LECHUGA,2022-10-01,011716,BASE_lowR2,2203.6772073342736
BOGOTÁ D.C.,LECHUGA,2022-11-01,011716,BASE_lowR2,2214.1280987306063
BOGOTÁ D.C.,LECHUGA,2022-12-01,011716,BASE_lowR2,2217.0498533145274
BOGOTÁ D.C.,LECHUGA,2023-01-01,011716,BASE_lowR2,2194.6871932299014
BOGOTÁ D.C.,LECHUGA,2023-02-01,011716,BASE_lowR2,2240.0867644569817
BOGOTÁ D.C.,LECHUGA,2023-03-01,011716,BASE_lowR2,2282.1150803949226
BOGOTÁ D.C.,LECHUGA,2023-04-01,011716,BASE_lowR2,2357.2940733427363
BOGOTÁ D.C.,LECHUGA,2023-05-01,011716,BASE_lowR2,2273.2374414668548
BOGOTÁ D.C.,LECHUGA,2023-06-01,011716,BASE_lowR2,2132.4313455571228
BOGOTÁ D.C.,LECHUGA,2023-07-01,011716,BASE_lowR2,2109.7315599435824
BOGOTÁ D.C.,LECHUGA,2023-08-01,011716,BASE_lowR2,2165.3572722143863
BOGOTÁ D.C.,LECHUGA,2023-09-01,011716,BASE_lowR2,2163.671644569816
BOGOTÁ D.C.,LECHUGA,2023-10-01,011716,BASE_lowR2,2145.579241184767
BOGOTÁ D.C.,LECHUGA,2023-11-01,011716,BASE_lowR2,2114.3389421720735
BOGOTÁ D.C.,LECHUGA,2023-12-01,011716,BASE_lowR2,2112.09143864598
BOGOTÁ D.C.,LECHUGA,2024-01-01,011716,BASE_lowR2,2200.3059520451343
BOGOTÁ D.C.,LECHUGA,2024-02-01,011716,BASE_lowR2,2234.2432552891396
BOGOTÁ D.C.,LECHUGA,2024-03-01,011716,BASE_lowR2,2279.7552016925247
BOGOTÁ D.C.,LECHUGA,2024-04-01,011716,BASE_lowR2,2326.1661495063468
BOGOTÁ D.C.,LECHUGA,2024-05-01,011716,BASE_lowR2,2448.093215796897
BOGOTÁ D.C.,LECHUGA,2024-06-01,011716,BASE_lowR2,2577.886544428773
BOGOTÁ D.C.,LECHUGA,2024-07-01,011716,BASE_lowR2,2612.1609732016923
BOGOTÁ D.C.,LECHUGA,2024-08-01,011716,BASE_lowR2,2446.7447136812407
BOGOTÁ D.C.,LECHUGA,2024-09-01,011716,BASE_lowR2,2394.490256699577
BOGOTÁ D.C.,LECHUGA,2024-10-01,011716,BASE_lowR2,2339.0892947813823
BOGOTÁ D.C.,LECHUGA,2024-11-01,011716,BASE_lowR2,2300.994110014104
BOGOTÁ D.C.,LECHUGA,2024-12-01,011716,BASE_lowR2,2303.466363892807
BOGOTÁ D.C.,LENTEJAS,2019-01-01,011702,BASE_lowR2,2305.6469623384955
BOGOTÁ D.C.,LENTEJAS,2019-02-01,011702,BASE_lowR2,2308.4309997250984
BOGOTÁ D.C.,LENTEJAS,2019-03-01,011702,BASE_lowR2,2263.8864015394483
BOGOTÁ D.C.,LENTEJAS,2019-04-01,011702,BASE_lowR2,2252.750251993036
BOGOTÁ D.C.,LENTEJAS,2019-05-01,011702,BASE_lowR2,2213.541725465042
BOGOTÁ D.C.,LENTEJAS,2019-06-01,011702,BASE_lowR2,2197.069504260973
BOGOTÁ D.C.,LENTEJAS,2019-07-01,011702,BASE_lowR2,2179.4372674791534
BOGOTÁ D.C.,LENTEJAS,2019-08-01,011702,BASE_lowR2,2191.9654357188674
BOGOTÁ D.C.,LENTEJAS,2019-09-01,011702,BASE_lowR2,2189.877407678915
BOGOTÁ D.C.,LENTEJAS,2019-10-01,011702,BASE_lowR2,2166.2130898927885
BOGOTÁ D.C.,LENTEJAS,2019-11-01,011702,BASE_lowR2,2178.973261248053
BOGOTÁ D.C.,LENTEJAS,2019-12-01,011702,BASE_lowR2,2182.453307981307
BOGOTÁ D.C.,LENTEJAS,2020-01-01,011702,BASE_lowR2,2178.973261248053
BOGOTÁ D.C.,LENTEJAS,2020-02-01,011702,BASE_lowR2,2181.757298634656
BOGOTÁ D.C.,LENTEJAS,2020-03-01,011702,BASE_lowR2,2174.797205168148
BOGOTÁ D.C.,LENTEJAS,2020-04-01,011702,BASE_lowR2,2377.7999312746265
BOGOTÁ D.C.,LENTEJAS,2020-05-01,011702,BASE_lowR2,2571.2905296435447
BOGOTÁ D.C.,LENTEJAS,2020-06-01,011702,BASE_lowR2,2707.708361587098
BOGOTÁ D.C.,LENTEJAS,2020-07-01,011702,BASE_lowR2,2722.5565609823147
BOGOTÁ D.C.,LENTEJAS,2020-08-01,011702,BASE_lowR2,2713.2764363603046
BOGOTÁ D.C.,LENTEJAS,2020-09-01,011702,BASE_lowR2,2680.5639970677175
BOGOTÁ D.C.,LENTEJAS,2020-10-01,011702,BASE_lowR2,2600.7549253184275
BOGOTÁ D.C.,LENTEJAS,2020-11-01,011702,BASE_lowR2,2589.3867726564645
BOGOTÁ D.C.,LENTEJAS,2020-12-01,011702,BASE_lowR2,2577.322610647851
BOGOTÁ D.C.,LENTEJAS,2021-01-01,011702,BASE_lowR2,2523.9618940712912
BOGOTÁ D.C.,LENTEJAS,2021-02-01,011702,BASE_lowR2,2533.010015577752
BOGOTÁ D.C.,LENTEJAS,2021-03-01,011702,BASE_lowR2,2536.9540685421052
BOGOTÁ D.C.,LENTEJAS,2021-04-01,011702,BASE_lowR2,2542.9861495464124
BOGOTÁ D.C.,LENTEJAS,2021-05-01,011702,BASE_lowR2,2587.994753963163
BOGOTÁ D.C.,LENTEJAS,2021-06-01,011702,BASE_lowR2,2623.7232337579035
BOGOTÁ D.C.,LENTEJAS,2021-07-01,011702,BASE_lowR2,2639.963451846422
BOGOTÁ D.C.,LENTEJAS,2021-08-01,011702,BASE_lowR2,2691.0041372674787
BOGOTÁ D.C.,LENTEJAS,2021-09-01,011702,BASE_lowR2,2785.1974021808855
BOGOTÁ D.C.,LENTEJAS,2021-10-01,011702,BASE_lowR2,2891.686832218455
BOGOTÁ D.C.,LENTEJAS,2021-11-01,011702,BASE_lowR2,2948.9916017593696
BOGOTÁ D.C.,LENTEJAS,2021-12-01,011702,BASE_lowR2,2973.5839320076966
BOGOTÁ D.C.,LENTEJAS,2022-01-01,011702,BASE_lowR2,3012.560455420141
BOGOTÁ D.C.,LENTEJAS,2022-02-01,011702,BASE_lowR2,3079.145349583066
BOGOTÁ D.C.,LENTEJAS,2022-03-01,011702,BASE_lowR2,3123.225941537616
BOGOTÁ D.C.,LENTEJAS,2022-04-01,011702,BASE_lowR2,3202.3390039402548
BOGOTÁ D.C.,LENTEJAS,2022-05-01,011702,BASE_lowR2,3328.5486987995964
BOGOTÁ D.C.,LENTEJAS,2022-06-01,011702,BASE_lowR2,3417.405892055347
BOGOTÁ D.C.,LENTEJAS,2022-07-01,011702,BASE_lowR2,3564.959873545313
BOGOTÁ D.C.,LENTEJAS,2022-08-01,011702,BASE_lowR2,3828.74741592596
BOGOTÁ D.C.,LENTEJAS,2022-09-01,011702,BASE_lowR2,4175.5920736736
BOGOTÁ D.C.,LENTEJAS,2022-10-01,011702,BASE_lowR2,4296.001690644185
BOGOTÁ D.C.,LENTEJAS,2022-11-01,011702,BASE_lowR2,4402.2591175662055
BOGOTÁ D.C.,LENTEJAS,2022-12-01,011702,BASE_lowR2,4498.772413635114
BOGOTÁ D.C.,LENTEJAS,2023-01-01,011702,BASE_lowR2,4610.13390909924
BOGOTÁ D.C.,LENTEJAS,2023-02-01,011702,BASE_lowR2,4642.846348391826
BOGOTÁ D.C.,LENTEJAS,2023-03-01,011702,BASE_lowR2,4670.454719142307
BOGOTÁ D.C.,LENTEJAS,2023-04-01,011702,BASE_lowR2,4675.326784568862
BOGOTÁ D.C.,LENTEJAS,2023-05-01,011702,BASE_lowR2,4646.09439200953
BOGOTÁ D.C.,LENTEJAS,2023-06-01,011702,BASE_lowR2,4534.500893429854
BOGOTÁ D.C.,LENTEJAS,2023-07-01,011702,BASE_lowR2,4502.716466599469
BOGOTÁ D.C.,LENTEJAS,2023-08-01,011702,BASE_lowR2,4441.23564097865
BOGOTÁ D.C.,LENTEJAS,2023-09-01,011702,BASE_lowR2,4357.946522496106
BOGOTÁ D.C.,LENTEJAS,2023-10-01,011702,BASE_lowR2,4349.826413451847
BOGOTÁ D.C.,LENTEJAS,2023-11-01,011702,BASE_lowR2,4329.410139283424
BOGOTÁ D.C.,LENTEJAS,2023-12-01,011702,BASE_lowR2,4193.45631357097
BOGOTÁ D.C.,LENTEJAS,2024-01-01,011702,BASE_lowR2,4165.383936589389
BOGOTÁ D.C.,LENTEJAS,2024-02-01,011702,BASE_lowR2,4061.446540822872
BOGOTÁ D.C.,LENTEJAS,2024-03-01,011702,BASE_lowR2,4035.926198112343
BOGOTÁ D.C.,LENTEJAS,2024-04-01,011702,BASE_lowR2,4048.222363236507
BOGOTÁ D.C.,LENTEJAS,2024-05-01,011702,BASE_lowR2,3976.3013974159257
BOGOTÁ D.C.,LENTEJAS,2024-06-01,011702,BASE_lowR2,3989.525575002291
BOGOTÁ D.C.,LENTEJAS,2024-07-01,011702,BASE_lowR2,4005.069783744158
BOGOTÁ D.C.,LENTEJAS,2024-08-01,011702,BASE_lowR2,4033.3741638412903
BOGOTÁ D.C.,LENTEJAS,2024-09-01,011702,BASE_lowR2,4022.9340236415283
BOGOTÁ D.C.,LENTEJAS,2024-10-01,011702,BASE_lowR2,4033.3741638412903
BOGOTÁ D.C.,LENTEJAS,2024-11-01,011702,BASE_lowR2,4054.4864473563634
BOGOTÁ D.C.,LENTEJAS,2024-12-01,011702,BASE_lowR2,4101.351076697517
BOGOTÁ D.C.,LIMONES,2019-01-01,011609,D_city,2204.8892331594075
BOGOTÁ D.C.,LIMONES,2019-02-01,011609,D_city,2262.8112181457705
BOGOTÁ D.C.,LIMONES,2019-03-01,011609,D_city,2661.3307229565185
BOGOTÁ D.C.,LIMONES,2019-04-01,011609,D_city,2774.2392201209054
BOGOTÁ D.C.,LIMONES,2019-05-01,011609,D_city,2633.423952178518
BOGOTÁ D.C.,LIMONES,2019-06-01,011609,D_city,2579.213155883054
BOGOTÁ D.C.,LIMONES,2019-07-01,011609,D_city,2817.5286733592247
BOGOTÁ D.C.,LIMONES,2019-08-01,011609,D_city,3160.1171521980414
BOGOTÁ D.C.,LIMONES,2019-09-01,011609,D_city,3465.548620932926
BOGOTÁ D.C.,LIMONES,2019-10-01,011609,D_city,3503.4885483277153
BOGOTÁ D.C.,LIMONES,2019-11-01,011609,D_city,3097.8729163477165
BOGOTÁ D.C.,LIMONES,2019-12-01,011609,D_city,2881.5199933271833
BOGOTÁ D.C.,LIMONES,2020-01-01,011609,D_city,2856.866361633579
BOGOTÁ D.C.,LIMONES,2020-02-01,011609,D_city,3069.7986851832334
BOGOTÁ D.C.,LIMONES,2020-03-01,011609,D_city,3684.97418440214
BOGOTÁ D.C.,LIMONES,2020-04-01,011609,D_city,3754.478957242179
BOGOTÁ D.C.,LIMONES,2020-05-01,011609,D_city,3600.064690637936
BOGOTÁ D.C.,LIMONES,2020-06-01,011609,D_city,3316.0484851723054
BOGOTÁ D.C.,LIMONES,2020-07-01,011609,D_city,3075.0541053977927
BOGOTÁ D.C.,LIMONES,2020-08-01,011609,D_city,3056.240347228368
BOGOTÁ D.C.,LIMONES,2020-09-01,011609,D_city,3303.3811316600395
BOGOTÁ D.C.,LIMONES,2020-10-01,011609,D_city,3409.4354028405965
BOGOTÁ D.C.,LIMONES,2020-11-01,011609,D_city,3389.296004453473
BOGOTÁ D.C.,LIMONES,2020-12-01,011609,D_city,3161.0039348083747
BOGOTÁ D.C.,LIMONES,2021-01-01,011609,D_city,3268.205143392265
BOGOTÁ D.C.,LIMONES,2021-02-01,011609,D_city,3290.734944056004
BOGOTÁ D.C.,LIMONES,2021-03-01,011609,D_city,3524.3858266153807
BOGOTÁ D.C.,LIMONES,2021-04-01,011609,D_city,3827.441643505571
BOGOTÁ D.C.,LIMONES,2021-05-01,011609,D_city,4651.208160120397
BOGOTÁ D.C.,LIMONES,2021-06-01,011609,D_city,4144.345004636597
BOGOTÁ D.C.,LIMONES,2021-07-01,011609,D_city,4115.941026237956
BOGOTÁ D.C.,LIMONES,2021-08-01,011609,D_city,4634.950548551636
BOGOTÁ D.C.,LIMONES,2021-09-01,011609,D_city,4957.2525287380295
BOGOTÁ D.C.,LIMONES,2021-10-01,011609,D_city,5202.682323661017
BOGOTÁ D.C.,LIMONES,2021-11-01,011609,D_city,5096.786374967124
BOGOTÁ D.C.,LIMONES,2021-12-01,011609,D_city,4929.225798825618
BOGOTÁ D.C.,LIMONES,2022-01-01,011609,D_city,5231.928788018448
BOGOTÁ D.C.,LIMONES,2022-02-01,011609,D_city,5466.78171937828
BOGOTÁ D.C.,LIMONES,2022-03-01,011609,D_city,5786.7042348683235
BOGOTÁ D.C.,LIMONES,2022-04-01,011609,D_city,6117.496626467894
BOGOTÁ D.C.,LIMONES,2022-05-01,011609,D_city,6177.961497198979
BOGOTÁ D.C.,LIMONES,2022-06-01,011609,D_city,6088.542111310853
BOGOTÁ D.C.,LIMONES,2022-07-01,011609,D_city,6083.230453533928
BOGOTÁ D.C.,LIMONES,2022-08-01,011609,D_city,6304.463077214581
BOGOTÁ D.C.,LIMONES,2022-09-01,011609,D_city,6857.638543147498
BOGOTÁ D.C.,LIMONES,2022-10-01,011609,D_city,7241.475546223193
BOGOTÁ D.C.,LIMONES,2022-11-01,011609,D_city,6895.61130707416
BOGOTÁ D.C.,LIMONES,2022-12-01,011609,D_city,6410.936228792487
BOGOTÁ D.C.,LIMONES,2023-01-01,011609,D_city,6369.9392314294855
BOGOTÁ D.C.,LIMONES,2023-02-01,011609,D_city,7158.909733983183
BOGOTÁ D.C.,LIMONES,2023-03-01,011609,D_city,8680.906740898648
BOGOTÁ D.C.,LIMONES,2023-04-01,011609,D_city,8166.7567749473255
BOGOTÁ D.C.,LIMONES,2023-05-01,011609,D_city,7328.294053447785
BOGOTÁ D.C.,LIMONES,2023-06-01,011609,D_city,7432.299072532524
BOGOTÁ D.C.,LIMONES,2023-07-01,011609,D_city,7863.937600509981
BOGOTÁ D.C.,LIMONES,2023-08-01,011609,D_city,8900.563132402503
BOGOTÁ D.C.,LIMONES,2023-09-01,011609,D_city,9426.193261165814
BOGOTÁ D.C.,LIMONES,2023-10-01,011609,D_city,9803.760248155722
BOGOTÁ D.C.,LIMONES,2023-11-01,011609,D_city,8899.866445254715
BOGOTÁ D.C.,LIMONES,2023-12-01,011609,D_city,7623.331779210694
BOGOTÁ D.C.,LIMONES,2024-01-01,011609,D_city,7682.687181945543
BOGOTÁ D.C.,LIMONES,2024-02-01,011609,D_city,8587.40439743443
BOGOTÁ D.C.,LIMONES,2024-03-01,011609,D_city,9684.171997299884
BOGOTÁ D.C.,LIMONES,2024-04-01,011609,D_city,10789.48942447503
BOGOTÁ D.C.,LIMONES,2024-05-01,011609,D_city,10947.603759836333
BOGOTÁ D.C.,LIMONES,2024-06-01,011609,D_city,10263.283632530956
BOGOTÁ D.C.,LIMONES,2024-07-01,011609,D_city,9806.667308334816
BOGOTÁ D.C.,LIMONES,2024-08-01,011609,D_city,9748.597597278243
BOGOTÁ D.C.,LIMONES,2024-09-01,011609,D_city,11310.892966068219
BOGOTÁ D.C.,LIMONES,2024-10-01,011609,D_city,11461.390328398009
BOGOTÁ D.C.,LIMONES,2024-11-01,011609,D_city,11233.65631615091
BOGOTÁ D.C.,LIMONES,2024-12-01,011609,D_city,10368.797089134616
BOGOTÁ D.C.,LULOS,2019-01-01,011609,BASE_lowR2,3784.551918704788
BOGOTÁ D.C.,LULOS,2019-02-01,011609,BASE_lowR2,3840.2609920771615
BOGOTÁ D.C.,LULOS,2019-03-01,011609,BASE_lowR2,4207.867574922493
BOGOTÁ D.C.,LULOS,2019-04-01,011609,BASE_lowR2,4307.557495694109
BOGOTÁ D.C.,LULOS,2019-05-01,011609,BASE_lowR2,4182.94509472959
BOGOTÁ D.C.,LULOS,2019-06-01,011609,BASE_lowR2,4134.199655528762
BOGOTÁ D.C.,LULOS,2019-07-01,011609,BASE_lowR2,4345.307723045125
BOGOTÁ D.C.,LULOS,2019-08-01,011609,BASE_lowR2,4635.581315880124
BOGOTÁ D.C.,LULOS,2019-09-01,011609,BASE_lowR2,4882.973582500861
BOGOTÁ D.C.,LULOS,2019-10-01,011609,BASE_lowR2,4913.02716155701
BOGOTÁ D.C.,LULOS,2019-11-01,011609,BASE_lowR2,4583.903820186014
BOGOTÁ D.C.,LULOS,2019-12-01,011609,BASE_lowR2,4400.650289355838
BOGOTÁ D.C.,LULOS,2020-01-01,011609,BASE_lowR2,4379.392879779538
BOGOTÁ D.C.,LULOS,2020-02-01,011609,BASE_lowR2,4560.447368239751
BOGOTÁ D.C.,LULOS,2020-03-01,011609,BASE_lowR2,5054.865394419565
BOGOTÁ D.C.,LULOS,2020-04-01,011609,BASE_lowR2,5108.375425421977
BOGOTÁ D.C.,LULOS,2020-05-01,011609,BASE_lowR2,4988.894123320702
BOGOTÁ D.C.,LULOS,2020-06-01,011609,BASE_lowR2,4763.125773337926
BOGOTÁ D.C.,LULOS,2020-07-01,011609,BASE_lowR2,4564.845452979675
BOGOTÁ D.C.,LULOS,2020-08-01,011609,BASE_lowR2,4549.085649328281
BOGOTÁ D.C.,LULOS,2020-09-01,011609,BASE_lowR2,4752.863575611436
BOGOTÁ D.C.,LULOS,2020-10-01,011609,BASE_lowR2,4838.259720978298
BOGOTÁ D.C.,LULOS,2020-11-01,011609,BASE_lowR2,4822.133410265242
BOGOTÁ D.C.,LULOS,2020-12-01,011609,BASE_lowR2,4636.314330003444
BOGOTÁ D.C.,LULOS,2021-01-01,011609,BASE_lowR2,4724.2760248019285
BOGOTÁ D.C.,LULOS,2021-02-01,011609,BASE_lowR2,4742.6013778849465
BOGOTÁ D.C.,LULOS,2021-03-01,011609,BASE_lowR2,4929.519979331725
BOGOTÁ D.C.,LULOS,2021-04-01,011609,BASE_lowR2,5164.08449879435
BOGOTÁ D.C.,LULOS,2021-05-01,011609,BASE_lowR2,5763.690051670685
BOGOTÁ D.C.,LULOS,2021-06-01,011609,BASE_lowR2,5400.848060626938
BOGOTÁ D.C.,LULOS,2021-07-01,011609,BASE_lowR2,5379.957158112297
BOGOTÁ D.C.,LULOS,2021-08-01,011609,BASE_lowR2,5752.328332759214
BOGOTÁ D.C.,LULOS,2021-09-01,011609,BASE_lowR2,5974.431612125387
BOGOTÁ D.C.,LULOS,2021-10-01,011609,BASE_lowR2,6139.359789872545
BOGOTÁ D.C.,LULOS,2021-11-01,011609,BASE_lowR2,6068.623926972098
BOGOTÁ D.C.,LULOS,2021-12-01,011609,BASE_lowR2,5955.373244919049
BOGOTÁ D.C.,LULOS,2022-01-01,011609,BASE_lowR2,6158.784664140543
BOGOTÁ D.C.,LULOS,2022-02-01,011609,BASE_lowR2,6313.084137099552
BOGOTÁ D.C.,LULOS,2022-03-01,011609,BASE_lowR2,6518.694598691009
BOGOTÁ D.C.,LULOS,2022-04-01,011609,BASE_lowR2,6726.137595590768
BOGOTÁ D.C.,LULOS,2022-05-01,011609,BASE_lowR2,6763.5213158801225
BOGOTÁ D.C.,LULOS,2022-06-01,011609,BASE_lowR2,6708.178749569411
BOGOTÁ D.C.,LULOS,2022-07-01,011609,BASE_lowR2,6704.880186014467
BOGOTÁ D.C.,LULOS,2022-08-01,011609,BASE_lowR2,6841.220812952117
BOGOTÁ D.C.,LULOS,2022-09-01,011609,BASE_lowR2,7173.276210816396
BOGOTÁ D.C.,LULOS,2022-10-01,011609,BASE_lowR2,7396.84551842921
BOGOTÁ D.C.,LULOS,2022-11-01,011609,BASE_lowR2,7195.633141577678
BOGOTÁ D.C.,LULOS,2022-12-01,011609,BASE_lowR2,6906.092562866
BOGOTÁ D.C.,LULOS,2023-01-01,011609,BASE_lowR2,6881.170082673096
BOGOTÁ D.C.,LULOS,2023-02-01,011609,BASE_lowR2,7349.199600413365
BOGOTÁ D.C.,LULOS,2023-03-01,011609,BASE_lowR2,8192.532349293833
BOGOTÁ D.C.,LULOS,2023-04-01,011609,BASE_lowR2,7915.453010678607
BOGOTÁ D.C.,LULOS,2023-05-01,011609,BASE_lowR2,7446.690478815018
BOGOTÁ D.C.,LULOS,2023-06-01,011609,BASE_lowR2,7506.064622803995
BOGOTÁ D.C.,LULOS,2023-07-01,011609,BASE_lowR2,7748.692297623148
BOGOTÁ D.C.,LULOS,2023-08-01,011609,BASE_lowR2,8308.715087840164
BOGOTÁ D.C.,LULOS,2023-09-01,011609,BASE_lowR2,8581.762848777127
BOGOTÁ D.C.,LULOS,2023-10-01,011609,BASE_lowR2,8773.81254908715
BOGOTÁ D.C.,LULOS,2023-11-01,011609,BASE_lowR2,8308.348580778504
BOGOTÁ D.C.,LULOS,2023-12-01,011609,BASE_lowR2,7614.184205993798
BOGOTÁ D.C.,LULOS,2024-01-01,011609,BASE_lowR2,7647.536348604891
BOGOTÁ D.C.,LULOS,2024-02-01,011609,BASE_lowR2,8142.687388908025
BOGOTÁ D.C.,LULOS,2024-03-01,011609,BASE_lowR2,8713.338883913193
BOGOTÁ D.C.,LULOS,2024-04-01,011609,BASE_lowR2,9260.533926972097
BOGOTÁ D.C.,LULOS,2024-05-01,011609,BASE_lowR2,9336.76739579745
BOGOTÁ D.C.,LULOS,2024-06-01,011609,BASE_lowR2,9003.245969686532
BOGOTÁ D.C.,LULOS,2024-07-01,011609,BASE_lowR2,8775.278577333791
BOGOTÁ D.C.,LULOS,2024-08-01,011609,BASE_lowR2,8745.958012400964
BOGOTÁ D.C.,LULOS,2024-09-01,011609,BASE_lowR2,9510.125235962798
BOGOTÁ D.C.,LULOS,2024-10-01,011609,BASE_lowR2,9581.227605924905
BOGOTÁ D.C.,LULOS,2024-11-01,011609,BASE_lowR2,9473.474529796762
BOGOTÁ D.C.,LULOS,2024-12-01,011609,BASE_lowR2,9055.2899724423
BOGOTÁ D.C.,MANTECA VEGETAL,2019-01-01,011505,BASE,3091.409846905538
BOGOTÁ D.C.,MANTECA VEGETAL,2019-02-01,011505,BASE,3066.266338762215
BOGOTÁ D.C.,MANTECA VEGETAL,2019-03-01,011505,BASE,3052.608136807818
BOGOTÁ D.C.,MANTECA VEGETAL,2019-04-01,011505,BASE,3068.4392345276874
BOGOTÁ D.C.,MANTECA VEGETAL,2019-05-01,011505,BASE,3089.2369511400652
BOGOTÁ D.C.,MANTECA VEGETAL,2019-06-01,011505,BASE,3080.2349543973946
BOGOTÁ D.C.,MANTECA VEGETAL,2019-07-01,011505,BASE,3072.4746123778505
BOGOTÁ D.C.,MANTECA VEGETAL,2019-08-01,011505,BASE,3091.720260586319
BOGOTÁ D.C.,MANTECA VEGETAL,2019-09-01,011505,BASE,3120.588732899023
BOGOTÁ D.C.,MANTECA VEGETAL,2019-10-01,011505,BASE,3146.3530684039088
BOGOTÁ D.C.,MANTECA VEGETAL,2019-11-01,011505,BASE,3194.7776026058636
BOGOTÁ D.C.,MANTECA VEGETAL,2019-12-01,011505,BASE,3203.7795993485342
BOGOTÁ D.C.,MANTECA VEGETAL,2020-01-01,011505,BASE,3230.475175895765
BOGOTÁ D.C.,MANTECA VEGETAL,2020-02-01,011505,BASE,3250.962478827362
BOGOTÁ D.C.,MANTECA VEGETAL,2020-03-01,011505,BASE,3279.5205374592833
BOGOTÁ D.C.,MANTECA VEGETAL,2020-04-01,011505,BASE,3313.045214983714
BOGOTÁ D.C.,MANTECA VEGETAL,2020-05-01,011505,BASE,3326.0825895765474
BOGOTÁ D.C.,MANTECA VEGETAL,2020-06-01,011505,BASE,3338.4991368078176
BOGOTÁ D.C.,MANTECA VEGETAL,2020-07-01,011505,BASE,3344.707410423453
BOGOTÁ D.C.,MANTECA VEGETAL,2020-08-01,011505,BASE,3378.8529153094464
BOGOTÁ D.C.,MANTECA VEGETAL,2020-09-01,011505,BASE,3389.406980456026
BOGOTÁ D.C.,MANTECA VEGETAL,2020-10-01,011505,BASE,3387.854912052117
BOGOTÁ D.C.,MANTECA VEGETAL,2020-11-01,011505,BASE,3389.717394136808
BOGOTÁ D.C.,MANTECA VEGETAL,2020-12-01,011505,BASE,3386.302843648208
BOGOTÁ D.C.,MANTECA VEGETAL,2021-01-01,011505,BASE,3382.267465798045
BOGOTÁ D.C.,MANTECA VEGETAL,2021-02-01,011505,BASE,3385.0611889250813
BOGOTÁ D.C.,MANTECA VEGETAL,2021-03-01,011505,BASE,3392.5111172638435
BOGOTÁ D.C.,MANTECA VEGETAL,2021-04-01,011505,BASE,3435.3482052117265
BOGOTÁ D.C.,MANTECA VEGETAL,2021-05-01,011505,BASE,3492.1539087947885
BOGOTÁ D.C.,MANTECA VEGETAL,2021-06-01,011505,BASE,3520.7119674267105
BOGOTÁ D.C.,MANTECA VEGETAL,2021-07-01,011505,BASE,3566.032364820847
BOGOTÁ D.C.,MANTECA VEGETAL,2021-08-01,011505,BASE,3599.8674560260583
BOGOTÁ D.C.,MANTECA VEGETAL,2021-09-01,011505,BASE,3630.287996742671
BOGOTÁ D.C.,MANTECA VEGETAL,2021-10-01,011505,BASE,3653.569022801303
BOGOTÁ D.C.,MANTECA VEGETAL,2021-11-01,011505,BASE,3670.6417752443
BOGOTÁ D.C.,MANTECA VEGETAL,2021-12-01,011505,BASE,3671.8834299674268
BOGOTÁ D.C.,MANTECA VEGETAL,2022-01-01,011505,BASE,3734.8974071661237
BOGOTÁ D.C.,MANTECA VEGETAL,2022-02-01,011505,BASE,3772.4574625407167
BOGOTÁ D.C.,MANTECA VEGETAL,2022-03-01,011505,BASE,3811.88
BOGOTÁ D.C.,MANTECA VEGETAL,2022-04-01,011505,BASE,3882.964732899023
BOGOTÁ D.C.,MANTECA VEGETAL,2022-05-01,011505,BASE,3912.45403257329
BOGOTÁ D.C.,MANTECA VEGETAL,2022-06-01,011505,BASE,3968.9493224755697
BOGOTÁ D.C.,MANTECA VEGETAL,2022-07-01,011505,BASE,4015.5113745928343
BOGOTÁ D.C.,MANTECA VEGETAL,2022-08-01,011505,BASE,4110.497960912052
BOGOTÁ D.C.,MANTECA VEGETAL,2022-09-01,011505,BASE,4184.376416938111
BOGOTÁ D.C.,MANTECA VEGETAL,2022-10-01,011505,BASE,4202.690824104234
BOGOTÁ D.C.,MANTECA VEGETAL,2022-11-01,011505,BASE,4330.891674267101
BOGOTÁ D.C.,MANTECA VEGETAL,2022-12-01,011505,BASE,4477.717345276873
BOGOTÁ D.C.,MANTECA VEGETAL,2023-01-01,011505,BASE,4561.529039087948
BOGOTÁ D.C.,MANTECA VEGETAL,2023-02-01,011505,BASE,4599.709921824105
BOGOTÁ D.C.,MANTECA VEGETAL,2023-03-01,011505,BASE,4613.988951140065
BOGOTÁ D.C.,MANTECA VEGETAL,2023-04-01,011505,BASE,4659.619762214985
BOGOTÁ D.C.,MANTECA VEGETAL,2023-05-01,011505,BASE,4666.759276872965
BOGOTÁ D.C.,MANTECA VEGETAL,2023-06-01,011505,BASE,4661.792657980456
BOGOTÁ D.C.,MANTECA VEGETAL,2023-07-01,011505,BASE,4686.004925081434
BOGOTÁ D.C.,MANTECA VEGETAL,2023-08-01,011505,BASE,4670.173827361564
BOGOTÁ D.C.,MANTECA VEGETAL,2023-09-01,011505,BASE,4657.757280130294
BOGOTÁ D.C.,MANTECA VEGETAL,2023-10-01,011505,BASE,4650.928179153095
BOGOTÁ D.C.,MANTECA VEGETAL,2023-11-01,011505,BASE,4678.865410423453
BOGOTÁ D.C.,MANTECA VEGETAL,2023-12-01,011505,BASE,4677.9341693811075
BOGOTÁ D.C.,MANTECA VEGETAL,2024-01-01,011505,BASE,4688.177820846906
BOGOTÁ D.C.,MANTECA VEGETAL,2024-02-01,011505,BASE,4661.792657980456
BOGOTÁ D.C.,MANTECA VEGETAL,2024-03-01,011505,BASE,4633.545013029317
BOGOTÁ D.C.,MANTECA VEGETAL,2024-04-01,011505,BASE,4633.234599348534
BOGOTÁ D.C.,MANTECA VEGETAL,2024-05-01,011505,BASE,4625.4742573289905
BOGOTÁ D.C.,MANTECA VEGETAL,2024-06-01,011505,BASE,4604.676540716613
BOGOTÁ D.C.,MANTECA VEGETAL,2024-07-01,011505,BASE,4558.4249022801305
BOGOTÁ D.C.,MANTECA VEGETAL,2024-08-01,011505,BASE,4601.882817589576
BOGOTÁ D.C.,MANTECA VEGETAL,2024-09-01,011505,BASE,4591.949579804561
BOGOTÁ D.C.,MANTECA VEGETAL,2024-10-01,011505,BASE,4593.191234527688
BOGOTÁ D.C.,MANTECA VEGETAL,2024-11-01,011505,BASE,4607.78067752443
BOGOTÁ D.C.,MANTECA VEGETAL,2024-12-01,011505,BASE,4604.366127035831
BOGOTÁ D.C.,MANZANAS,2019-01-01,011609,BASE_lowR2,4727.515266965209
BOGOTÁ D.C.,MANZANAS,2019-02-01,011609,BASE_lowR2,4797.104877712711
BOGOTÁ D.C.,MANZANAS,2019-03-01,011609,BASE_lowR2,5256.304743368928
BOGOTÁ D.C.,MANZANAS,2019-04-01,011609,BASE_lowR2,5380.8335204960385
BOGOTÁ D.C.,MANZANAS,2019-05-01,011609,BASE_lowR2,5225.172549087151
BOGOTÁ D.C.,MANZANAS,2019-06-01,011609,BASE_lowR2,5164.281639683086
BOGOTÁ D.C.,MANZANAS,2019-07-01,011609,BASE_lowR2,5427.989638305202
BOGOTÁ D.C.,MANZANAS,2019-08-01,011609,BASE_lowR2,5790.58813641061
BOGOTÁ D.C.,MANZANAS,2019-09-01,011609,BASE_lowR2,6099.620947295901
BOGOTÁ D.C.,MANZANAS,2019-10-01,011609,BASE_lowR2,6137.162710988633
BOGOTÁ D.C.,MANZANAS,2019-11-01,011609,BASE_lowR2,5726.034615914571
BOGOTÁ D.C.,MANZANAS,2019-12-01,011609,BASE_lowR2,5497.121422666207
BOGOTÁ D.C.,MANZANAS,2020-01-01,011609,BASE_lowR2,5470.567492249396
BOGOTÁ D.C.,MANZANAS,2020-02-01,011609,BASE_lowR2,5696.73372717878
BOGOTÁ D.C.,MANZANAS,2020-03-01,011609,BASE_lowR2,6314.341522562865
BOGOTÁ D.C.,MANZANAS,2020-04-01,011609,BASE_lowR2,6381.184174991388
BOGOTÁ D.C.,MANZANAS,2020-05-01,011609,BASE_lowR2,6231.932772993456
BOGOTÁ D.C.,MANZANAS,2020-06-01,011609,BASE_lowR2,5949.911718911471
BOGOTÁ D.C.,MANZANAS,2020-07-01,011609,BASE_lowR2,5702.227643816741
BOGOTÁ D.C.,MANZANAS,2020-08-01,011609,BASE_lowR2,5682.541109197382
BOGOTÁ D.C.,MANZANAS,2020-09-01,011609,BASE_lowR2,5937.092580089562
BOGOTÁ D.C.,MANZANAS,2020-10-01,011609,BASE_lowR2,6043.766128143299
BOGOTÁ D.C.,MANZANAS,2020-11-01,011609,BASE_lowR2,6023.621767137443
BOGOTÁ D.C.,MANZANAS,2020-12-01,011609,BASE_lowR2,5791.503789183603
BOGOTÁ D.C.,MANZANAS,2021-01-01,011609,BASE_lowR2,5901.382121942818
BOGOTÁ D.C.,MANZANAS,2021-02-01,011609,BASE_lowR2,5924.273441267655
BOGOTÁ D.C.,MANZANAS,2021-03-01,011609,BASE_lowR2,6157.764898380985
BOGOTÁ D.C.,MANZANAS,2021-04-01,011609,BASE_lowR2,6450.77378573889
BOGOTÁ D.C.,MANZANAS,2021-05-01,011609,BASE_lowR2,7199.777754047536
BOGOTÁ D.C.,MANZANAS,2021-06-01,011609,BASE_lowR2,6746.529631415778
BOGOTÁ D.C.,MANZANAS,2021-07-01,011609,BASE_lowR2,6720.433527385463
BOGOTÁ D.C.,MANZANAS,2021-08-01,011609,BASE_lowR2,7185.585136066138
BOGOTÁ D.C.,MANZANAS,2021-09-01,011609,BASE_lowR2,7463.0279262831555
BOGOTÁ D.C.,MANZANAS,2021-10-01,011609,BASE_lowR2,7669.049800206682
BOGOTÁ D.C.,MANZANAS,2021-11-01,011609,BASE_lowR2,7580.689307612814
BOGOTÁ D.C.,MANZANAS,2021-12-01,011609,BASE_lowR2,7439.220954185325
BOGOTÁ D.C.,MANZANAS,2022-01-01,011609,BASE_lowR2,7693.3145986910085
BOGOTÁ D.C.,MANZANAS,2022-02-01,011609,BASE_lowR2,7886.059507406132
BOGOTÁ D.C.,MANZANAS,2022-03-01,011609,BASE_lowR2,8142.900110230796
BOGOTÁ D.C.,MANZANAS,2022-04-01,011609,BASE_lowR2,8402.029844987943
BOGOTÁ D.C.,MANZANAS,2022-05-01,011609,BASE_lowR2,8448.728136410607
BOGOTÁ D.C.,MANZANAS,2022-06-01,011609,BASE_lowR2,8379.596352049604
BOGOTÁ D.C.,MANZANAS,2022-07-01,011609,BASE_lowR2,8375.475914571132
BOGOTÁ D.C.,MANZANAS,2022-08-01,011609,BASE_lowR2,8545.787330347915
BOGOTÁ D.C.,MANZANAS,2022-09-01,011609,BASE_lowR2,8960.57803651395
BOGOTÁ D.C.,MANZANAS,2022-10-01,011609,BASE_lowR2,9239.852132276954
BOGOTÁ D.C.,MANZANAS,2022-11-01,011609,BASE_lowR2,8988.50544609025
BOGOTÁ D.C.,MANZANAS,2022-12-01,011609,BASE_lowR2,8626.822600757836
BOGOTÁ D.C.,MANZANAS,2023-01-01,011609,BASE_lowR2,8595.690406476058
BOGOTÁ D.C.,MANZANAS,2023-02-01,011609,BASE_lowR2,9180.33470203238
BOGOTÁ D.C.,MANZANAS,2023-03-01,011609,BASE_lowR2,10233.79321736135
BOGOTÁ D.C.,MANZANAS,2023-04-01,011609,BASE_lowR2,9887.676469169823
BOGOTÁ D.C.,MANZANAS,2023-05-01,011609,BASE_lowR2,9302.11652084051
BOGOTÁ D.C.,MANZANAS,2023-06-01,011609,BASE_lowR2,9376.28439545298
BOGOTÁ D.C.,MANZANAS,2023-07-01,011609,BASE_lowR2,9679.365463313812
BOGOTÁ D.C.,MANZANAS,2023-08-01,011609,BASE_lowR2,10378.924181880811
BOGOTÁ D.C.,MANZANAS,2023-09-01,011609,BASE_lowR2,10720.004839820875
BOGOTÁ D.C.,MANZANAS,2023-10-01,011609,BASE_lowR2,10959.90586634516
BOGOTÁ D.C.,MANZANAS,2023-11-01,011609,BASE_lowR2,10378.466355494316
BOGOTÁ D.C.,MANZANAS,2023-12-01,011609,BASE_lowR2,9511.343179469513
BOGOTÁ D.C.,MANZANAS,2024-01-01,011609,BASE_lowR2,9553.005380640716
BOGOTÁ D.C.,MANZANAS,2024-02-01,011609,BASE_lowR2,10171.528828797795
BOGOTÁ D.C.,MANZANAS,2024-03-01,011609,BASE_lowR2,10884.3645125732
BOGOTÁ D.C.,MANZANAS,2024-04-01,011609,BASE_lowR2,11567.899307612814
BOGOTÁ D.C.,MANZANAS,2024-05-01,011609,BASE_lowR2,11663.127196004132
BOGOTÁ D.C.,MANZANAS,2024-06-01,011609,BASE_lowR2,11246.505184292113
BOGOTÁ D.C.,MANZANAS,2024-07-01,011609,BASE_lowR2,10961.737171891147
BOGOTÁ D.C.,MANZANAS,2024-08-01,011609,BASE_lowR2,10925.111060971409
BOGOTÁ D.C.,MANZANAS,2024-09-01,011609,BASE_lowR2,11879.679076817087
BOGOTÁ D.C.,MANZANAS,2024-10-01,011609,BASE_lowR2,11968.497395797453
BOGOTÁ D.C.,MANZANAS,2024-11-01,011609,BASE_lowR2,11833.896438167414
BOGOTÁ D.C.,MANZANAS,2024-12-01,011609,BASE_lowR2,11311.516531174648
BOGOTÁ D.C.,MARACUYA,2019-01-01,011609,D_city,2712.4077299260994
BOGOTÁ D.C.,MARACUYA,2019-02-01,011609,D_city,2770.9305101599502
BOGOTÁ D.C.,MARACUYA,2019-03-01,011609,D_city,3166.806179535878
BOGOTÁ D.C.,MARACUYA,2019-04-01,011609,D_city,3276.999892451822
BOGOTÁ D.C.,MARACUYA,2019-05-01,011609,D_city,3139.4441111870447
BOGOTÁ D.C.,MARACUYA,2019-06-01,011609,D_city,3086.144207829087
BOGOTÁ D.C.,MARACUYA,2019-07-01,011609,D_city,3319.0368725874673
BOGOTÁ D.C.,MARACUYA,2019-08-01,011609,D_city,3647.8486223747027
BOGOTÁ D.C.,MARACUYA,2019-09-01,011609,D_city,3935.700216373132
BOGOTÁ D.C.,MARACUYA,2019-10-01,011609,D_city,3971.1358754277358
BOGOTÁ D.C.,MARACUYA,2019-11-01,011609,D_city,3588.5961036223985
BOGOTÁ D.C.,MARACUYA,2019-12-01,011609,D_city,3380.968489276376
BOGOTÁ D.C.,MARACUYA,2020-01-01,011609,D_city,3357.1374766222484
BOGOTÁ D.C.,MARACUYA,2020-02-01,011609,D_city,3561.802536759073
BOGOTÁ D.C.,MARACUYA,2020-03-01,011609,D_city,4139.719472428145
BOGOTÁ D.C.,MARACUYA,2020-04-01,011609,D_city,4203.89129966147
BOGOTÁ D.C.,MARACUYA,2020-05-01,011609,D_city,4061.033533834315
BOGOTÁ D.C.,MARACUYA,2020-06-01,011609,D_city,3795.391139449756
BOGOTÁ D.C.,MARACUYA,2020-07-01,011609,D_city,3566.821504334946
BOGOTÁ D.C.,MARACUYA,2020-08-01,011609,D_city,3548.847194503208
BOGOTÁ D.C.,MARACUYA,2020-09-01,011609,D_city,3783.451778565605
BOGOTÁ D.C.,MARACUYA,2020-10-01,011609,D_city,3883.1647027610325
BOGOTÁ D.C.,MARACUYA,2020-11-01,011609,D_city,3864.2721890324483
BOGOTÁ D.C.,MARACUYA,2020-12-01,011609,D_city,3648.691283001778
BOGOTÁ D.C.,MARACUYA,2021-01-01,011609,D_city,3750.254780592283
BOGOTÁ D.C.,MARACUYA,2021-02-01,011609,D_city,3771.5242908471
BOGOTÁ D.C.,MARACUYA,2021-03-01,011609,D_city,3990.624803330432
BOGOTÁ D.C.,MARACUYA,2021-04-01,011609,D_city,4271.030207086066
BOGOTÁ D.C.,MARACUYA,2021-05-01,011609,D_city,5014.453673068523
BOGOTÁ D.C.,MARACUYA,2021-06-01,011609,D_city,4560.080186724626
BOGOTÁ D.C.,MARACUYA,2021-07-01,011609,D_city,4534.336415635794
BOGOTÁ D.C.,MARACUYA,2021-08-01,011609,D_city,5000.0205067469915
BOGOTÁ D.C.,MARACUYA,2021-09-01,011609,D_city,5284.529015427095
BOGOTÁ D.C.,MARACUYA,2021-10-01,011609,D_city,5498.984199931901
BOGOTÁ D.C.,MARACUYA,2021-11-01,011609,D_city,5406.677303189925
BOGOTÁ D.C.,MARACUYA,2021-12-01,011609,D_city,5259.921497029282
BOGOTÁ D.C.,MARACUYA,2022-01-01,011609,D_city,5524.418854144708
BOGOTÁ D.C.,MARACUYA,2022-02-01,011609,D_city,5727.765282023637
BOGOTÁ D.C.,MARACUYA,2022-03-01,011609,D_city,6002.307306800789
BOGOTÁ D.C.,MARACUYA,2022-04-01,011609,D_city,6283.3699235530785
BOGOTÁ D.C.,MARACUYA,2022-05-01,011609,D_city,6334.450591598941
BOGOTÁ D.C.,MARACUYA,2022-06-01,011609,D_city,6258.877606977777
BOGOTÁ D.C.,MARACUYA,2022-07-01,011609,D_city,6254.382299399329
BOGOTÁ D.C.,MARACUYA,2022-08-01,011609,D_city,6441.034557072877
BOGOTÁ D.C.,MARACUYA,2022-09-01,011609,D_city,6902.791222625384
BOGOTÁ D.C.,MARACUYA,2022-10-01,011609,D_city,7219.311585077722
BOGOTÁ D.C.,MARACUYA,2022-11-01,011609,D_city,6934.241383951974
BOGOTÁ D.C.,MARACUYA,2022-12-01,011609,D_city,6530.450665408163
BOGOTÁ D.C.,MARACUYA,2023-01-01,011609,D_city,6496.05272302067
BOGOTÁ D.C.,MARACUYA,2023-02-01,011609,D_city,7151.481696603865
BOGOTÁ D.C.,MARACUYA,2023-03-01,011609,D_city,8381.350803964233
BOGOTÁ D.C.,MARACUYA,2023-04-01,011609,D_city,7970.5101011878505
BOGOTÁ D.C.,MARACUYA,2023-05-01,011609,D_city,7290.487880169451
BOGOTÁ D.C.,MARACUYA,2023-06-01,011609,D_city,7375.5582918252685
BOGOTÁ D.C.,MARACUYA,2023-07-01,011609,D_city,7726.406204720469
BOGOTÁ D.C.,MARACUYA,2023-08-01,011609,D_city,8555.548551581212
BOGOTÁ D.C.,MARACUYA,2023-09-01,011609,D_city,8969.358999730312
BOGOTÁ D.C.,MARACUYA,2023-10-01,011609,D_city,9264.082729172595
BOGOTÁ D.C.,MARACUYA,2023-11-01,011609,D_city,8554.9972568271
BOGOTÁ D.C.,MARACUYA,2023-12-01,011609,D_city,7531.267443728017
BOGOTÁ D.C.,MARACUYA,2024-01-01,011609,D_city,7579.506421712056
BOGOTÁ D.C.,MARACUYA,2024-02-01,011609,D_city,8306.963443483275
BOGOTÁ D.C.,MARACUYA,2024-03-01,011609,D_city,9170.954528843915
BOGOTÁ D.C.,MARACUYA,2024-04-01,011609,D_city,10024.31907398974
BOGOTÁ D.C.,MARACUYA,2024-05-01,011609,D_city,10145.094394433681
BOGOTÁ D.C.,MARACUYA,2024-06-01,011609,D_city,9620.090388694827
BOGOTÁ D.C.,MARACUYA,2024-07-01,011609,D_city,9266.344065001416
BOGOTÁ D.C.,MARACUYA,2024-08-01,011609,D_city,9221.150446833717
BOGOTÁ D.C.,MARACUYA,2024-09-01,011609,D_city,10421.43376285998
BOGOTÁ D.C.,MARACUYA,2024-10-01,011609,D_city,10535.449216013276
BOGOTÁ D.C.,MARACUYA,2024-11-01,011609,D_city,10362.815971367107
BOGOTÁ D.C.,MARACUYA,2024-12-01,011609,D_city,9701.433372119316
BOGOTÁ D.C.,MORAS,2019-01-01,011608,BASE,3413.7803174603173
BOGOTÁ D.C.,MORAS,2019-02-01,011608,BASE,3400.3613696715584
BOGOTÁ D.C.,MORAS,2019-03-01,011608,BASE,3530.8606369172403
BOGOTÁ D.C.,MORAS,2019-04-01,011608,BASE,3866.669805330938
BOGOTÁ D.C.,MORAS,2019-05-01,011608,BASE,3756.634433463113
BOGOTÁ D.C.,MORAS,2019-06-01,011608,BASE,3556.356637715883
BOGOTÁ D.C.,MORAS,2019-07-01,011608,BASE,3436.928002395927
BOGOTÁ D.C.,MORAS,2019-08-01,011608,BASE,3384.929579714485
BOGOTÁ D.C.,MORAS,2019-09-01,011608,BASE,3335.6149465907956
BOGOTÁ D.C.,MORAS,2019-10-01,011608,BASE,3443.3020025955875
BOGOTÁ D.C.,MORAS,2019-11-01,011608,BASE,3391.9745273035837
BOGOTÁ D.C.,MORAS,2019-12-01,011608,BASE,3717.3840111809923
BOGOTÁ D.C.,MORAS,2020-01-01,011608,BASE,3737.8479065588504
BOGOTÁ D.C.,MORAS,2020-02-01,011608,BASE,3388.619790356394
BOGOTÁ D.C.,MORAS,2020-03-01,011608,BASE,4038.432337027054
BOGOTÁ D.C.,MORAS,2020-04-01,011608,BASE,3927.3905440750723
BOGOTÁ D.C.,MORAS,2020-05-01,011608,BASE,4121.96528701208
BOGOTÁ D.C.,MORAS,2020-06-01,011608,BASE,4063.9283378256964
BOGOTÁ D.C.,MORAS,2020-07-01,011608,BASE,3324.2088409703506
BOGOTÁ D.C.,MORAS,2020-08-01,011608,BASE,3256.107680942398
BOGOTÁ D.C.,MORAS,2020-09-01,011608,BASE,3269.862102425876
BOGOTÁ D.C.,MORAS,2020-10-01,011608,BASE,3246.7144174902664
BOGOTÁ D.C.,MORAS,2020-11-01,011608,BASE,3345.3436837376457
BOGOTÁ D.C.,MORAS,2020-12-01,011608,BASE,3201.425468703205
BOGOTÁ D.C.,MORAS,2021-01-01,011608,BASE,3382.245790156733
BOGOTÁ D.C.,MORAS,2021-02-01,011608,BASE,3471.4817929519813
BOGOTÁ D.C.,MORAS,2021-03-01,011608,BASE,3707.319800339423
BOGOTÁ D.C.,MORAS,2021-04-01,011608,BASE,3455.043581910751
BOGOTÁ D.C.,MORAS,2021-05-01,011608,BASE,4167.9251831885795
BOGOTÁ D.C.,MORAS,2021-06-01,011608,BASE,3760.66011779974
BOGOTÁ D.C.,MORAS,2021-07-01,011608,BASE,3464.101371668164
BOGOTÁ D.C.,MORAS,2021-08-01,011608,BASE,4006.8978097234703
BOGOTÁ D.C.,MORAS,2021-09-01,011608,BASE,3963.2862294100028
BOGOTÁ D.C.,MORAS,2021-10-01,011608,BASE,3982.4082300089844
BOGOTÁ D.C.,MORAS,2021-11-01,011608,BASE,3844.864015174204
BOGOTÁ D.C.,MORAS,2021-12-01,011608,BASE,3828.4258041329745
BOGOTÁ D.C.,MORAS,2022-01-01,011608,BASE,4107.539918139163
BOGOTÁ D.C.,MORAS,2022-02-01,011608,BASE,4492.328245981831
BOGOTÁ D.C.,MORAS,2022-03-01,011608,BASE,4727.495305979834
BOGOTÁ D.C.,MORAS,2022-04-01,011608,BASE,4708.708779075572
BOGOTÁ D.C.,MORAS,2022-05-01,011608,BASE,4844.575625436758
BOGOTÁ D.C.,MORAS,2022-06-01,011608,BASE,4750.642990915444
BOGOTÁ D.C.,MORAS,2022-07-01,011608,BASE,4638.259303184586
BOGOTÁ D.C.,MORAS,2022-08-01,011608,BASE,4664.090777677948
BOGOTÁ D.C.,MORAS,2022-09-01,011608,BASE,4697.638147149845
BOGOTÁ D.C.,MORAS,2022-10-01,011608,BASE,4610.75046021763
BOGOTÁ D.C.,MORAS,2022-11-01,011608,BASE,4383.970242587601
BOGOTÁ D.C.,MORAS,2022-12-01,011608,BASE,4232.336132574623
BOGOTÁ D.C.,MORAS,2023-01-01,011608,BASE,4525.20466806429
BOGOTÁ D.C.,MORAS,2023-02-01,011608,BASE,4976.416787461316
BOGOTÁ D.C.,MORAS,2023-03-01,011608,BASE,5262.2403753618855
BOGOTÁ D.C.,MORAS,2023-04-01,011608,BASE,5021.705736248378
BOGOTÁ D.C.,MORAS,2023-05-01,011608,BASE,4822.434361585305
BOGOTÁ D.C.,MORAS,2023-06-01,011608,BASE,4865.374994509334
BOGOTÁ D.C.,MORAS,2023-07-01,011608,BASE,4351.764767894579
BOGOTÁ D.C.,MORAS,2023-08-01,011608,BASE,4469.8515084356595
BOGOTÁ D.C.,MORAS,2023-09-01,011608,BASE,4856.652678446641
BOGOTÁ D.C.,MORAS,2023-10-01,011608,BASE,4795.9319397025065
BOGOTÁ D.C.,MORAS,2023-11-01,011608,BASE,4986.4809983028845
BOGOTÁ D.C.,MORAS,2023-12-01,011608,BASE,5056.93047419387
BOGOTÁ D.C.,MORAS,2024-01-01,011608,BASE,5291.762060497155
BOGOTÁ D.C.,MORAS,2024-02-01,011608,BASE,5143.482687431367
BOGOTÁ D.C.,MORAS,2024-03-01,011608,BASE,5401.79743236498
BOGOTÁ D.C.,MORAS,2024-04-01,011608,BASE,5955.99997604073
BOGOTÁ D.C.,MORAS,2024-05-01,011608,BASE,6378.696831386642
BOGOTÁ D.C.,MORAS,2024-06-01,011608,BASE,5735.258284915643
BOGOTÁ D.C.,MORAS,2024-07-01,011608,BASE,5701.710915443746
BOGOTÁ D.C.,MORAS,2024-08-01,011608,BASE,4960.649523809524
BOGOTÁ D.C.,MORAS,2024-09-01,011608,BASE,4318.5528721174
BOGOTÁ D.C.,MORAS,2024-10-01,011608,BASE,4492.999193371269
BOGOTÁ D.C.,MORAS,2024-11-01,011608,BASE,4703.341199960068
BOGOTÁ D.C.,MORAS,2024-12-01,011608,BASE,5187.094267744834
BOGOTÁ D.C.,NARANJAS,2019-01-01,011605,BASE,1057.9062422231439
BOGOTÁ D.C.,NARANJAS,2019-02-01,011605,BASE,1077.3775006221483
BOGOTÁ D.C.,NARANJAS,2019-03-01,011605,BASE,1094.1497727084197
BOGOTÁ D.C.,NARANJAS,2019-04-01,011605,BASE,1114.1993853172958
BOGOTÁ D.C.,NARANJAS,2019-05-01,011605,BASE,1052.2190924927415
BOGOTÁ D.C.,NARANJAS,2019-06-01,011605,BASE,1011.8306901700539
BOGOTÁ D.C.,NARANJAS,2019-07-01,011605,BASE,1035.4468204064704
BOGOTÁ D.C.,NARANJAS,2019-08-01,011605,BASE,1062.4366835338035
BOGOTÁ D.C.,NARANJAS,2019-09-01,011605,BASE,1144.0810194939859
BOGOTÁ D.C.,NARANJAS,2019-10-01,011605,BASE,1093.3786337619244
BOGOTÁ D.C.,NARANJAS,2019-11-01,011605,BASE,1051.1587764413107
BOGOTÁ D.C.,NARANJAS,2019-12-01,011605,BASE,1043.832956449606
BOGOTÁ D.C.,NARANJAS,2020-01-01,011605,BASE,1269.1983135628368
BOGOTÁ D.C.,NARANJAS,2020-02-01,011605,BASE,1303.224819576939
BOGOTÁ D.C.,NARANJAS,2020-03-01,011605,BASE,1383.7124471173788
BOGOTÁ D.C.,NARANJAS,2020-04-01,011605,BASE,1496.587910410618
BOGOTÁ D.C.,NARANJAS,2020-05-01,011605,BASE,1405.1115528826215
BOGOTÁ D.C.,NARANJAS,2020-06-01,011605,BASE,1239.895033596018
BOGOTÁ D.C.,NARANJAS,2020-07-01,011605,BASE,1138.4902621318954
BOGOTÁ D.C.,NARANJAS,2020-08-01,011605,BASE,1178.3967026130238
BOGOTÁ D.C.,NARANJAS,2020-09-01,011605,BASE,1233.6295296557444
BOGOTÁ D.C.,NARANJAS,2020-10-01,011605,BASE,1197.5787839070924
BOGOTÁ D.C.,NARANJAS,2020-11-01,011605,BASE,1124.8989381999172
BOGOTÁ D.C.,NARANJAS,2020-12-01,011605,BASE,1112.4643226876815
BOGOTÁ D.C.,NARANJAS,2021-01-01,011605,BASE,1311.5145632517629
BOGOTÁ D.C.,NARANJAS,2021-02-01,011605,BASE,1372.338147656574
BOGOTÁ D.C.,NARANJAS,2021-03-01,011605,BASE,1278.259196184156
BOGOTÁ D.C.,NARANJAS,2021-04-01,011605,BASE,1231.6052899211945
BOGOTÁ D.C.,NARANJAS,2021-05-01,011605,BASE,1442.415399419328
BOGOTÁ D.C.,NARANJAS,2021-06-01,011605,BASE,1391.8094060555784
BOGOTÁ D.C.,NARANJAS,2021-07-01,011605,BASE,1450.1267888842806
BOGOTÁ D.C.,NARANJAS,2021-08-01,011605,BASE,1415.618321028619
BOGOTÁ D.C.,NARANJAS,2021-09-01,011605,BASE,1357.493722936541
BOGOTÁ D.C.,NARANJAS,2021-10-01,011605,BASE,1376.0010576524264
BOGOTÁ D.C.,NARANJAS,2021-11-01,011605,BASE,1397.3037710493572
BOGOTÁ D.C.,NARANJAS,2021-12-01,011605,BASE,1391.1346594773952
BOGOTÁ D.C.,NARANJAS,2022-01-01,011605,BASE,1523.2885964330153
BOGOTÁ D.C.,NARANJAS,2022-02-01,011605,BASE,1675.2993612608877
BOGOTÁ D.C.,NARANJAS,2022-03-01,011605,BASE,1816.2250037328909
BOGOTÁ D.C.,NARANJAS,2022-04-01,011605,BASE,1687.2520149315637
BOGOTÁ D.C.,NARANJAS,2022-05-01,011605,BASE,1711.157322272916
BOGOTÁ D.C.,NARANJAS,2022-06-01,011605,BASE,1794.2475437577766
BOGOTÁ D.C.,NARANJAS,2022-07-01,011605,BASE,1964.476466196599
BOGOTÁ D.C.,NARANJAS,2022-08-01,011605,BASE,2025.7820124429697
BOGOTÁ D.C.,NARANJAS,2022-09-01,011605,BASE,1977.489435918706
BOGOTÁ D.C.,NARANJAS,2022-10-01,011605,BASE,1817.285319784322
BOGOTÁ D.C.,NARANJAS,2022-11-01,011605,BASE,1620.2593189547906
BOGOTÁ D.C.,NARANJAS,2022-12-01,011605,BASE,1565.1228842803816
BOGOTÁ D.C.,NARANJAS,2023-01-01,011605,BASE,1750.5818009124848
BOGOTÁ D.C.,NARANJAS,2023-02-01,011605,BASE,2002.551451679801
BOGOTÁ D.C.,NARANJAS,2023-03-01,011605,BASE,2037.2527042720862
BOGOTÁ D.C.,NARANJAS,2023-04-01,011605,BASE,1853.5288502695976
BOGOTÁ D.C.,NARANJAS,2023-05-01,011605,BASE,1763.4019858979677
BOGOTÁ D.C.,NARANJAS,2023-06-01,011605,BASE,2020.5768245541271
BOGOTÁ D.C.,NARANJAS,2023-07-01,011605,BASE,2181.552079635006
BOGOTÁ D.C.,NARANJAS,2023-08-01,011605,BASE,2200.059414350892
BOGOTÁ D.C.,NARANJAS,2023-09-01,011605,BASE,1871.6506155122356
BOGOTÁ D.C.,NARANJAS,2023-10-01,011605,BASE,1677.3236009954376
BOGOTÁ D.C.,NARANJAS,2023-11-01,011605,BASE,1556.3511787639984
BOGOTÁ D.C.,NARANJAS,2023-12-01,011605,BASE,1462.2722272915803
BOGOTÁ D.C.,NARANJAS,2024-01-01,011605,BASE,1668.069933637495
BOGOTÁ D.C.,NARANJAS,2024-02-01,011605,BASE,1805.6218432185815
BOGOTÁ D.C.,NARANJAS,2024-03-01,011605,BASE,2053.543014516798
BOGOTÁ D.C.,NARANJAS,2024-04-01,011605,BASE,2244.01433430112
BOGOTÁ D.C.,NARANJAS,2024-05-01,011605,BASE,2034.8428950642885
BOGOTÁ D.C.,NARANJAS,2024-06-01,011605,BASE,1948.7645101617584
BOGOTÁ D.C.,NARANJAS,2024-07-01,011605,BASE,2009.6844869348818
BOGOTÁ D.C.,NARANJAS,2024-08-01,011605,BASE,2038.8913745333887
BOGOTÁ D.C.,NARANJAS,2024-09-01,011605,BASE,2089.2081907922025
BOGOTÁ D.C.,NARANJAS,2024-10-01,011605,BASE,2010.648410618001
BOGOTÁ D.C.,NARANJAS,2024-11-01,011605,BASE,1908.9544620489423
BOGOTÁ D.C.,NARANJAS,2024-12-01,011605,BASE,2002.1658822065533
BOGOTÁ D.C.,PAN CORRIENTE,2019-01-01,011108,D_city,3902.4853753527186
BOGOTÁ D.C.,PAN CORRIENTE,2019-02-01,011108,D_city,3905.3274266915028
BOGOTÁ D.C.,PAN CORRIENTE,2019-03-01,011108,D_city,3912.230001996887
BOGOTÁ D.C.,PAN CORRIENTE,2019-04-01,011108,D_city,3908.1695863023256
BOGOTÁ D.C.,PAN CORRIENTE,2019-05-01,011108,D_city,3893.147969868071
BOGOTÁ D.C.,PAN CORRIENTE,2019-06-01,011108,D_city,3957.721682777325
BOGOTÁ D.C.,PAN CORRIENTE,2019-07-01,011108,D_city,3971.130718143103
BOGOTÁ D.C.,PAN CORRIENTE,2019-08-01,011108,D_city,3997.9558934231336
BOGOTÁ D.C.,PAN CORRIENTE,2019-09-01,011108,D_city,4009.745696779557
BOGOTÁ D.C.,PAN CORRIENTE,2019-10-01,011108,D_city,4004.460387793937
BOGOTÁ D.C.,PAN CORRIENTE,2019-11-01,011108,D_city,4031.2972648164755
BOGOTÁ D.C.,PAN CORRIENTE,2019-12-01,011108,D_city,3981.2906568532962
BOGOTÁ D.C.,PAN CORRIENTE,2020-01-01,011108,D_city,3988.6066534101587
BOGOTÁ D.C.,PAN CORRIENTE,2020-02-01,011108,D_city,3991.045475102475
BOGOTÁ D.C.,PAN CORRIENTE,2020-03-01,011108,D_city,3989.01311827266
BOGOTÁ D.C.,PAN CORRIENTE,2020-04-01,011108,D_city,4030.890575525737
BOGOTÁ D.C.,PAN CORRIENTE,2020-05-01,011108,D_city,4024.7904940222325
BOGOTÁ D.C.,PAN CORRIENTE,2020-06-01,011108,D_city,4044.7192151189797
BOGOTÁ D.C.,PAN CORRIENTE,2020-07-01,011108,D_city,4058.9571649903787
BOGOTÁ D.C.,PAN CORRIENTE,2020-08-01,011108,D_city,4103.721992949525
BOGOTÁ D.C.,PAN CORRIENTE,2020-09-01,011108,D_city,4118.785014091172
BOGOTÁ D.C.,PAN CORRIENTE,2020-10-01,011108,D_city,4130.593182505976
BOGOTÁ D.C.,PAN CORRIENTE,2020-11-01,011108,D_city,4115.120770154978
BOGOTÁ D.C.,PAN CORRIENTE,2020-12-01,011108,D_city,4126.9283891746745
BOGOTÁ D.C.,PAN CORRIENTE,2021-01-01,011108,D_city,4163.17658875194
BOGOTÁ D.C.,PAN CORRIENTE,2021-02-01,011108,D_city,4178.250936502056
BOGOTÁ D.C.,PAN CORRIENTE,2021-03-01,011108,D_city,4174.991376477948
BOGOTÁ D.C.,PAN CORRIENTE,2021-04-01,011108,D_city,4210.446224799101
BOGOTÁ D.C.,PAN CORRIENTE,2021-05-01,011108,D_city,4238.168952639755
BOGOTÁ D.C.,PAN CORRIENTE,2021-06-01,011108,D_city,4264.269607281973
BOGOTÁ D.C.,PAN CORRIENTE,2021-07-01,011108,D_city,4267.532778253142
BOGOTÁ D.C.,PAN CORRIENTE,2021-08-01,011108,D_city,4334.048205703105
BOGOTÁ D.C.,PAN CORRIENTE,2021-09-01,011108,D_city,4370.7974796725375
BOGOTÁ D.C.,PAN CORRIENTE,2021-10-01,011108,D_city,4383.867794101153
BOGOTÁ D.C.,PAN CORRIENTE,2021-11-01,011108,D_city,4443.11814397742
BOGOTÁ D.C.,PAN CORRIENTE,2021-12-01,011108,D_city,4525.728898592872
BOGOTÁ D.C.,PAN CORRIENTE,2022-01-01,011108,D_city,4797.831088333873
BOGOTÁ D.C.,PAN CORRIENTE,2022-02-01,011108,D_city,5001.20798907267
BOGOTÁ D.C.,PAN CORRIENTE,2022-03-01,011108,D_city,5085.1510963373385
BOGOTÁ D.C.,PAN CORRIENTE,2022-04-01,011108,D_city,5208.728430647445
BOGOTÁ D.C.,PAN CORRIENTE,2022-05-01,011108,D_city,5356.398229963584
BOGOTÁ D.C.,PAN CORRIENTE,2022-06-01,011108,D_city,5486.507853777894
BOGOTÁ D.C.,PAN CORRIENTE,2022-07-01,011108,D_city,5548.521871516775
BOGOTÁ D.C.,PAN CORRIENTE,2022-08-01,011108,D_city,5707.442338556937
BOGOTÁ D.C.,PAN CORRIENTE,2022-09-01,011108,D_city,5843.37084535705
BOGOTÁ D.C.,PAN CORRIENTE,2022-10-01,011108,D_city,5898.950493862885
BOGOTÁ D.C.,PAN CORRIENTE,2022-11-01,011108,D_city,6003.9627791826915
BOGOTÁ D.C.,PAN CORRIENTE,2022-12-01,011108,D_city,6153.1371183155325
BOGOTÁ D.C.,PAN CORRIENTE,2023-01-01,011108,D_city,6258.795832347839
BOGOTÁ D.C.,PAN CORRIENTE,2023-02-01,011108,D_city,6468.724697677432
BOGOTÁ D.C.,PAN CORRIENTE,2023-03-01,011108,D_city,6570.068699583801
BOGOTÁ D.C.,PAN CORRIENTE,2023-04-01,011108,D_city,6679.4284417175595
BOGOTÁ D.C.,PAN CORRIENTE,2023-05-01,011108,D_city,6711.586416845201
BOGOTÁ D.C.,PAN CORRIENTE,2023-06-01,011108,D_city,6723.282228086617
BOGOTÁ D.C.,PAN CORRIENTE,2023-07-01,011108,D_city,6722.029054476258
BOGOTÁ D.C.,PAN CORRIENTE,2023-08-01,011108,D_city,6760.46526518091
BOGOTÁ D.C.,PAN CORRIENTE,2023-09-01,011108,D_city,6769.2403542216
BOGOTÁ D.C.,PAN CORRIENTE,2023-10-01,011108,D_city,6777.180233649733
BOGOTÁ D.C.,PAN CORRIENTE,2023-11-01,011108,D_city,6748.766073998761
BOGOTÁ D.C.,PAN CORRIENTE,2023-12-01,011108,D_city,6800.166838423171
BOGOTÁ D.C.,PAN CORRIENTE,2024-01-01,011108,D_city,6844.897877943743
BOGOTÁ D.C.,PAN CORRIENTE,2024-02-01,011108,D_city,6831.100687063725
BOGOTÁ D.C.,PAN CORRIENTE,2024-03-01,011108,D_city,6805.182638704733
BOGOTÁ D.C.,PAN CORRIENTE,2024-04-01,011108,D_city,6858.696524798424
BOGOTÁ D.C.,PAN CORRIENTE,2024-05-01,011108,D_city,6849.079132448952
BOGOTÁ D.C.,PAN CORRIENTE,2024-06-01,011108,D_city,6855.769417567271
BOGOTÁ D.C.,PAN CORRIENTE,2024-07-01,011108,D_city,6866.641859707967
BOGOTÁ D.C.,PAN CORRIENTE,2024-08-01,011108,D_city,6815.632844060981
BOGOTÁ D.C.,PAN CORRIENTE,2024-09-01,011108,D_city,6824.41166485231
BOGOTÁ D.C.,PAN CORRIENTE,2024-10-01,011108,D_city,6826.501947441708
BOGOTÁ D.C.,PAN CORRIENTE,2024-11-01,011108,D_city,6823.157511384987
BOGOTÁ D.C.,PAN CORRIENTE,2024-12-01,011108,D_city,6828.592263536297
BOGOTÁ D.C.,PAN FRANCÉS,2019-01-01,011108,D_city,3759.2153041200863
BOGOTÁ D.C.,PAN FRANCÉS,2019-02-01,011108,D_city,3761.7195800372237
BOGOTÁ D.C.,PAN FRANCÉS,2019-03-01,011108,D_city,3767.8011435025796
BOGOTÁ D.C.,PAN FRANCÉS,2019-04-01,011108,D_city,3764.223796010788
BOGOTÁ D.C.,PAN FRANCÉS,2019-05-01,011108,D_city,3750.986546380668
BOGOTÁ D.C.,PAN FRANCÉS,2019-06-01,011108,D_city,3807.859120732274
BOGOTÁ D.C.,PAN FRANCÉS,2019-07-01,011108,D_city,3819.65902105054
BOGOTÁ D.C.,PAN FRANCÉS,2019-08-01,011108,D_city,3843.2548943081256
BOGOTÁ D.C.,PAN FRANCÉS,2019-09-01,011108,D_city,3853.6211291223008
BOGOTÁ D.C.,PAN FRANCÉS,2019-10-01,011108,D_city,3848.9743204250685
BOGOTÁ D.C.,PAN FRANCÉS,2019-11-01,011108,D_city,3872.5637285200132
BOGOTÁ D.C.,PAN FRANCÉS,2019-12-01,011108,D_city,3828.5974667316514
BOGOTÁ D.C.,PAN FRANCÉS,2020-01-01,011108,D_city,3835.0326829403375
BOGOTÁ D.C.,PAN FRANCÉS,2020-02-01,011108,D_city,3837.17766869868
BOGOTÁ D.C.,PAN FRANCÉS,2020-03-01,011108,D_city,3835.3901835617485
BOGOTÁ D.C.,PAN FRANCÉS,2020-04-01,011108,D_city,3872.2063518711784
BOGOTÁ D.C.,PAN FRANCÉS,2020-05-01,011108,D_city,3866.8455597576044
BOGOTÁ D.C.,PAN FRANCÉS,2020-06-01,011108,D_city,3884.3564933742055
BOGOTÁ D.C.,PAN FRANCÉS,2020-07-01,011108,D_city,3896.862564777796
BOGOTÁ D.C.,PAN FRANCÉS,2020-08-01,011108,D_city,3936.1579896531784
BOGOTÁ D.C.,PAN FRANCÉS,2020-09-01,011108,D_city,3949.3723650255133
BOGOTÁ D.C.,PAN FRANCÉS,2020-10-01,011108,D_city,3959.728466655305
BOGOTÁ D.C.,PAN FRANCÉS,2020-11-01,011108,D_city,3946.1582040239605
BOGOTÁ D.C.,PAN FRANCÉS,2020-12-01,011108,D_city,3956.514608417964
BOGOTÁ D.C.,PAN FRANCÉS,2021-01-01,011108,D_city,3988.2919827556952
BOGOTÁ D.C.,PAN FRANCÉS,2021-02-01,011108,D_city,4001.500118507105
BOGOTÁ D.C.,PAN FRANCÉS,2021-03-01,011108,D_city,3998.644438374771
BOGOTÁ D.C.,PAN FRANCÉS,2021-04-01,011108,D_city,4029.69603412114
BOGOTÁ D.C.,PAN FRANCÉS,2021-05-01,011108,D_city,4053.9602546770307
BOGOTÁ D.C.,PAN FRANCÉS,2021-06-01,011108,D_city,4076.7923983644682
BOGOTÁ D.C.,PAN FRANCÉS,2021-07-01,011108,D_city,4079.646092540404
BOGOTÁ D.C.,PAN FRANCÉS,2021-08-01,011108,D_city,4137.774557526487
BOGOTÁ D.C.,PAN FRANCÉS,2021-09-01,011108,D_city,4169.857424930111
BOGOTÁ D.C.,PAN FRANCÉS,2021-10-01,011108,D_city,4181.262524538337
BOGOTÁ D.C.,PAN FRANCÉS,2021-11-01,011108,D_city,4232.92791370842
BOGOTÁ D.C.,PAN FRANCÉS,2021-12-01,011108,D_city,4304.865429068018
BOGOTÁ D.C.,PAN FRANCÉS,2022-01-01,011108,D_city,4541.0329441074355
BOGOTÁ D.C.,PAN FRANCÉS,2022-02-01,011108,D_city,4716.803298072872
BOGOTÁ D.C.,PAN FRANCÉS,2022-03-01,011108,D_city,4789.173002397264
BOGOTÁ D.C.,PAN FRANCÉS,2022-04-01,011108,D_city,4895.527821895388
BOGOTÁ D.C.,PAN FRANCÉS,2022-05-01,011108,D_city,5022.3360856197005
BOGOTÁ D.C.,PAN FRANCÉS,2022-06-01,011108,D_city,5133.817950536532
BOGOTÁ D.C.,PAN FRANCÉS,2022-07-01,011108,D_city,5186.873856685081
BOGOTÁ D.C.,PAN FRANCÉS,2022-08-01,011108,D_city,5322.6085878637805
BOGOTÁ D.C.,PAN FRANCÉS,2022-09-01,011108,D_city,5438.450062013887
BOGOTÁ D.C.,PAN FRANCÉS,2022-10-01,011108,D_city,5485.749918697058
BOGOTÁ D.C.,PAN FRANCÉS,2022-11-01,011108,D_city,5575.0150115468805
BOGOTÁ D.C.,PAN FRANCÉS,2022-12-01,011108,D_city,5701.591764339449
BOGOTÁ D.C.,PAN FRANCÉS,2023-01-01,011108,D_city,5791.08633178079
BOGOTÁ D.C.,PAN FRANCÉS,2023-02-01,011108,D_city,5968.519731036668
BOGOTÁ D.C.,PAN FRANCÉS,2023-03-01,011108,D_city,6053.999903002077
BOGOTÁ D.C.,PAN FRANCÉS,2023-04-01,011108,D_city,6146.115131955123
BOGOTÁ D.C.,PAN FRANCÉS,2023-05-01,011108,D_city,6173.17769569507
BOGOTÁ D.C.,PAN FRANCÉS,2023-06-01,011108,D_city,6183.017569428898
BOGOTÁ D.C.,PAN FRANCÉS,2023-07-01,011108,D_city,6181.96332419057
BOGOTÁ D.C.,PAN FRANCÉS,2023-08-01,011108,D_city,6214.290576531053
BOGOTÁ D.C.,PAN FRANCÉS,2023-09-01,011108,D_city,6221.66877455728
BOGOTÁ D.C.,PAN FRANCÉS,2023-10-01,011108,D_city,6228.344015967585
BOGOTÁ D.C.,PAN FRANCÉS,2023-11-01,011108,D_city,6204.452489102214
BOGOTÁ D.C.,PAN FRANCÉS,2023-12-01,011108,D_city,6247.665634228389
BOGOTÁ D.C.,PAN FRANCÉS,2024-01-01,011108,D_city,6285.248815538393
BOGOTÁ D.C.,PAN FRANCÉS,2024-02-01,011108,D_city,6273.658604922368
BOGOTÁ D.C.,PAN FRANCÉS,2024-03-01,011108,D_city,6251.880974289953
BOGOTÁ D.C.,PAN FRANCÉS,2024-04-01,011108,D_city,6296.8382577202165
BOGOTÁ D.C.,PAN FRANCÉS,2024-05-01,011108,D_city,6288.760848792837
BOGOTÁ D.C.,PAN FRANCÉS,2024-06-01,011108,D_city,6294.3799553338085
BOGOTÁ D.C.,PAN FRANCÉS,2024-07-01,011108,D_city,6303.510618863229
BOGOTÁ D.C.,PAN FRANCÉS,2024-08-01,011108,D_city,6260.662604614664
BOGOTÁ D.C.,PAN FRANCÉS,2024-09-01,011108,D_city,6268.03883180452
BOGOTÁ D.C.,PAN FRANCÉS,2024-10-01,011108,D_city,6269.795030357677
BOGOTÁ D.C.,PAN FRANCÉS,2024-11-01,011108,D_city,6266.985104180454
BOGOTÁ D.C.,PAN FRANCÉS,2024-12-01,011108,D_city,6271.551211223412
BOGOTÁ D.C.,PAN INTEGRAL,2019-01-01,011108,D_city,4567.386534972207
BOGOTÁ D.C.,PAN INTEGRAL,2019-02-01,011108,D_city,4569.9823772965165
BOGOTÁ D.C.,PAN INTEGRAL,2019-03-01,011108,D_city,4576.285251481248
BOGOTÁ D.C.,PAN INTEGRAL,2019-04-01,011108,D_city,4572.577903805094
BOGOTÁ D.C.,PAN INTEGRAL,2019-05-01,011108,D_city,4558.855111979496
BOGOTÁ D.C.,PAN INTEGRAL,2019-06-01,011108,D_city,4617.763770182452
BOGOTÁ D.C.,PAN INTEGRAL,2019-07-01,011108,D_city,4629.969880571864
BOGOTÁ D.C.,PAN INTEGRAL,2019-08-01,011108,D_city,4654.361459236126
BOGOTÁ D.C.,PAN INTEGRAL,2019-09-01,011108,D_city,4665.070309652258
BOGOTÁ D.C.,PAN INTEGRAL,2019-10-01,011108,D_city,4660.27044240408
BOGOTÁ D.C.,PAN INTEGRAL,2019-11-01,011108,D_city,4684.628069735766
BOGOTÁ D.C.,PAN INTEGRAL,2019-12-01,011108,D_city,4639.212345949733
BOGOTÁ D.C.,PAN INTEGRAL,2020-01-01,011108,D_city,4645.864479069803
BOGOTÁ D.C.,PAN INTEGRAL,2020-02-01,011108,D_city,4648.081403303368
BOGOTÁ D.C.,PAN INTEGRAL,2020-03-01,011108,D_city,4646.233982176327
BOGOTÁ D.C.,PAN INTEGRAL,2020-04-01,011108,D_city,4684.259217471434
BOGOTÁ D.C.,PAN INTEGRAL,2020-05-01,011108,D_city,4678.725686498675
BOGOTÁ D.C.,PAN INTEGRAL,2020-06-01,011108,D_city,4696.796708603279
BOGOTÁ D.C.,PAN INTEGRAL,2020-07-01,011108,D_city,4709.69546554764
BOGOTÁ D.C.,PAN INTEGRAL,2020-08-01,011108,D_city,4750.18531612076
BOGOTÁ D.C.,PAN INTEGRAL,2020-09-01,011108,D_city,4763.787998828895
BOGOTÁ D.C.,PAN INTEGRAL,2020-10-01,011108,D_city,4774.443746452148
BOGOTÁ D.C.,PAN INTEGRAL,2020-11-01,011108,D_city,4760.480004784773
BOGOTÁ D.C.,PAN INTEGRAL,2020-12-01,011108,D_city,4771.137335967399
BOGOTÁ D.C.,PAN INTEGRAL,2021-01-01,011108,D_city,4803.812563314924
BOGOTÁ D.C.,PAN INTEGRAL,2021-02-01,011108,D_city,4817.382629790889
BOGOTÁ D.C.,PAN INTEGRAL,2021-03-01,011108,D_city,4814.449255905709
BOGOTÁ D.C.,PAN INTEGRAL,2021-04-01,011108,D_city,4846.329207305618
BOGOTÁ D.C.,PAN INTEGRAL,2021-05-01,011108,D_city,4871.215614901319
BOGOTÁ D.C.,PAN INTEGRAL,2021-06-01,011108,D_city,4894.613260408011
BOGOTÁ D.C.,PAN INTEGRAL,2021-07-01,011108,D_city,4897.536279838555
BOGOTÁ D.C.,PAN INTEGRAL,2021-08-01,011108,D_city,4957.0118781118035
BOGOTÁ D.C.,PAN INTEGRAL,2021-09-01,011108,D_city,4989.785662280633
BOGOTÁ D.C.,PAN INTEGRAL,2021-10-01,011108,D_city,5001.427444040597
BOGOTÁ D.C.,PAN INTEGRAL,2021-11-01,011108,D_city,5054.1068417358765
BOGOTÁ D.C.,PAN INTEGRAL,2021-12-01,011108,D_city,5127.299438604803
BOGOTÁ D.C.,PAN INTEGRAL,2022-01-01,011108,D_city,5366.34429599155
BOGOTÁ D.C.,PAN INTEGRAL,2022-02-01,011108,D_city,5543.0695213464605
BOGOTÁ D.C.,PAN INTEGRAL,2022-03-01,011108,D_city,5615.54975937137
BOGOTÁ D.C.,PAN INTEGRAL,2022-04-01,011108,D_city,5721.776327413391
BOGOTÁ D.C.,PAN INTEGRAL,2022-05-01,011108,D_city,5847.990244132338
BOGOTÁ D.C.,PAN INTEGRAL,2022-06-01,011108,D_city,5958.56338158603
BOGOTÁ D.C.,PAN INTEGRAL,2022-07-01,011108,D_city,6011.062661528555
BOGOTÁ D.C.,PAN INTEGRAL,2022-08-01,011108,D_city,6145.016930932031
BOGOTÁ D.C.,PAN INTEGRAL,2022-09-01,011108,D_city,6258.942385828183
BOGOTÁ D.C.,PAN INTEGRAL,2022-10-01,011108,D_city,6305.3571340816025
BOGOTÁ D.C.,PAN INTEGRAL,2022-11-01,011108,D_city,6392.7923315805365
BOGOTÁ D.C.,PAN INTEGRAL,2022-12-01,011108,D_city,6516.4232588830455
BOGOTÁ D.C.,PAN INTEGRAL,2023-01-01,011108,D_city,6603.591632684382
BOGOTÁ D.C.,PAN INTEGRAL,2023-02-01,011108,D_city,6775.832331537985
BOGOTÁ D.C.,PAN INTEGRAL,2023-03-01,011108,D_city,6858.5415427278695
BOGOTÁ D.C.,PAN INTEGRAL,2023-04-01,011108,D_city,6947.47907397054
BOGOTÁ D.C.,PAN INTEGRAL,2023-05-01,011108,D_city,6973.570759358916
BOGOTÁ D.C.,PAN INTEGRAL,2023-06-01,011108,D_city,6983.0534584560455
BOGOTÁ D.C.,PAN INTEGRAL,2023-07-01,011108,D_city,6982.037586977996
BOGOTÁ D.C.,PAN INTEGRAL,2023-08-01,011108,D_city,7013.176607286626
BOGOTÁ D.C.,PAN INTEGRAL,2023-09-01,011108,D_city,7020.280272552229
BOGOTÁ D.C.,PAN INTEGRAL,2023-10-01,011108,D_city,7026.706071711788
BOGOTÁ D.C.,PAN INTEGRAL,2023-11-01,011108,D_city,7003.702655073174
BOGOTÁ D.C.,PAN INTEGRAL,2023-12-01,011108,D_city,7045.29998066338
BOGOTÁ D.C.,PAN INTEGRAL,2024-01-01,011108,D_city,7081.443519699044
BOGOTÁ D.C.,PAN INTEGRAL,2024-02-01,011108,D_city,7070.300670091709
BOGOTÁ D.C.,PAN INTEGRAL,2024-03-01,011108,D_city,7049.355435971981
BOGOTÁ D.C.,PAN INTEGRAL,2024-04-01,011108,D_city,7092.582614659523
BOGOTÁ D.C.,PAN INTEGRAL,2024-05-01,011108,D_city,7084.81939912973
BOGOTÁ D.C.,PAN INTEGRAL,2024-06-01,011108,D_city,7090.2200896639
BOGOTÁ D.C.,PAN INTEGRAL,2024-07-01,011108,D_city,7098.994333041185
BOGOTÁ D.C.,PAN INTEGRAL,2024-08-01,011108,D_city,7057.80269669247
BOGOTÁ D.C.,PAN INTEGRAL,2024-09-01,011108,D_city,7064.896722288118
BOGOTÁ D.C.,PAN INTEGRAL,2024-10-01,011108,D_city,7066.585551062892
BOGOTÁ D.C.,PAN INTEGRAL,2024-11-01,011108,D_city,7063.883383513172
BOGOTÁ D.C.,PAN INTEGRAL,2024-12-01,011108,D_city,7068.274293383909
BOGOTÁ D.C.,PANELA,2019-01-01,011802,BASE,2016.2371133481506
BOGOTÁ D.C.,PANELA,2019-02-01,011802,BASE,2022.5024852921952
BOGOTÁ D.C.,PANELA,2019-03-01,011802,BASE,2013.0033729899333
BOGOTÁ D.C.,PANELA,2019-04-01,011802,BASE,1976.6237939599948
BOGOTÁ D.C.,PANELA,2019-05-01,011802,BASE,1976.2195764152177
BOGOTÁ D.C.,PANELA,2019-06-01,011802,BASE,1974.1984886913324
BOGOTÁ D.C.,PANELA,2019-07-01,011802,BASE,1950.9559798666494
BOGOTÁ D.C.,PANELA,2019-08-01,011802,BASE,1963.8909412995165
BOGOTÁ D.C.,PANELA,2019-09-01,011802,BASE,1947.520130736044
BOGOTÁ D.C.,PANELA,2019-10-01,011802,BASE,1928.5219061315206
BOGOTÁ D.C.,PANELA,2019-11-01,011802,BASE,1932.1598640345144
BOGOTÁ D.C.,PANELA,2019-12-01,011802,BASE,1904.8751797620605
BOGOTÁ D.C.,PANELA,2020-01-01,011802,BASE,1920.0333376912017
BOGOTÁ D.C.,PANELA,2020-02-01,011802,BASE,1924.4797306837495
BOGOTÁ D.C.,PANELA,2020-03-01,011802,BASE,1935.5957131651196
BOGOTÁ D.C.,PANELA,2020-04-01,011802,BASE,2115.270411818539
BOGOTÁ D.C.,PANELA,2020-05-01,011802,BASE,2201.36874885606
BOGOTÁ D.C.,PANELA,2020-06-01,011802,BASE,2230.0681945352335
BOGOTÁ D.C.,PANELA,2020-07-01,011802,BASE,2244.215808602432
BOGOTÁ D.C.,PANELA,2020-08-01,011802,BASE,2275.340559550268
BOGOTÁ D.C.,PANELA,2020-09-01,011802,BASE,2331.1225807295073
BOGOTÁ D.C.,PANELA,2020-10-01,011802,BASE,2391.5531036736834
BOGOTÁ D.C.,PANELA,2020-11-01,011802,BASE,2416.210373905086
BOGOTÁ D.C.,PANELA,2020-12-01,011802,BASE,2501.0960583082756
BOGOTÁ D.C.,PANELA,2021-01-01,011802,BASE,2563.3455602039485
BOGOTÁ D.C.,PANELA,2021-02-01,011802,BASE,2657.1240305922347
BOGOTÁ D.C.,PANELA,2021-03-01,011802,BASE,2673.6969499280954
BOGOTÁ D.C.,PANELA,2021-04-01,011802,BASE,2696.535241208001
BOGOTÁ D.C.,PANELA,2021-05-01,011802,BASE,2701.790069290104
BOGOTÁ D.C.,PANELA,2021-06-01,011802,BASE,2720.7882938946273
BOGOTÁ D.C.,PANELA,2021-07-01,011802,BASE,2748.881413256635
BOGOTÁ D.C.,PANELA,2021-08-01,011802,BASE,2739.3823009543735
BOGOTÁ D.C.,PANELA,2021-09-01,011802,BASE,2710.480746502811
BOGOTÁ D.C.,PANELA,2021-10-01,011802,BASE,2710.6828552752
BOGOTÁ D.C.,PANELA,2021-11-01,011802,BASE,2719.5756412602955
BOGOTÁ D.C.,PANELA,2021-12-01,011802,BASE,2735.3401255066024
BOGOTÁ D.C.,PANELA,2022-01-01,011802,BASE,2763.6353536409993
BOGOTÁ D.C.,PANELA,2022-02-01,011802,BASE,2797.7917361746636
BOGOTÁ D.C.,PANELA,2022-03-01,011802,BASE,2783.0377957902997
BOGOTÁ D.C.,PANELA,2022-04-01,011802,BASE,2764.8480062753306
BOGOTÁ D.C.,PANELA,2022-05-01,011802,BASE,2747.870869394693
BOGOTÁ D.C.,PANELA,2022-06-01,011802,BASE,2763.8374624133876
BOGOTÁ D.C.,PANELA,2022-07-01,011802,BASE,2763.8374624133876
BOGOTÁ D.C.,PANELA,2022-08-01,011802,BASE,2755.7531115178454
BOGOTÁ D.C.,PANELA,2022-09-01,011802,BASE,2765.2522238201072
BOGOTÁ D.C.,PANELA,2022-10-01,011802,BASE,2766.869093999216
BOGOTÁ D.C.,PANELA,2022-11-01,011802,BASE,2767.8796378611582
BOGOTÁ D.C.,PANELA,2022-12-01,011802,BASE,2764.2416799581647
BOGOTÁ D.C.,PANELA,2023-01-01,011802,BASE,2771.1133782193756
BOGOTÁ D.C.,PANELA,2023-02-01,011802,BASE,2830.129139756831
BOGOTÁ D.C.,PANELA,2023-03-01,011802,BASE,2839.628252059093
BOGOTÁ D.C.,PANELA,2023-04-01,011802,BASE,2840.8409046934244
BOGOTÁ D.C.,PANELA,2023-05-01,011802,BASE,2842.6598836449216
BOGOTÁ D.C.,PANELA,2023-06-01,011802,BASE,2839.8303608314814
BOGOTÁ D.C.,PANELA,2023-07-01,011802,BASE,2845.489406458361
BOGOTÁ D.C.,PANELA,2023-08-01,011802,BASE,2862.062325794222
BOGOTÁ D.C.,PANELA,2023-09-01,011802,BASE,2858.424367891228
BOGOTÁ D.C.,PANELA,2023-10-01,011802,BASE,2865.2960661524385
BOGOTÁ D.C.,PANELA,2023-11-01,011802,BASE,2892.782859197281
BOGOTÁ D.C.,PANELA,2023-12-01,011802,BASE,2899.4524486861033
BOGOTÁ D.C.,PANELA,2024-01-01,011802,BASE,2907.3346908092562
BOGOTÁ D.C.,PANELA,2024-02-01,011802,BASE,2923.3012838279515
BOGOTÁ D.C.,PANELA,2024-03-01,011802,BASE,2960.0850804026677
BOGOTÁ D.C.,PANELA,2024-04-01,011802,BASE,2962.106168126553
BOGOTÁ D.C.,PANELA,2024-05-01,011802,BASE,2967.7652137534324
BOGOTÁ D.C.,PANELA,2024-06-01,011802,BASE,2956.6492312720616
BOGOTÁ D.C.,PANELA,2024-07-01,011802,BASE,2945.3311400183034
BOGOTÁ D.C.,PANELA,2024-08-01,011802,BASE,2994.6456804811087
BOGOTÁ D.C.,PANELA,2024-09-01,011802,BASE,3035.673761275984
BOGOTÁ D.C.,PANELA,2024-10-01,011802,BASE,3136.5260386978694
BOGOTÁ D.C.,PANELA,2024-11-01,011802,BASE,3273.960003922082
BOGOTÁ D.C.,PANELA,2024-12-01,011802,BASE,3502.7471342659173
BOGOTÁ D.C.,PAPA,2019-01-01,011705,D_city,1047.2153303481155
BOGOTÁ D.C.,PAPA,2019-02-01,011705,D_city,1071.7894765660544
BOGOTÁ D.C.,PAPA,2019-03-01,011705,D_city,1122.8812179953275
BOGOTÁ D.C.,PAPA,2019-04-01,011705,D_city,1249.8645974257174
BOGOTÁ D.C.,PAPA,2019-05-01,011705,D_city,1263.554934724282
BOGOTÁ D.C.,PAPA,2019-06-01,011705,D_city,1254.5954612372109
BOGOTÁ D.C.,PAPA,2019-07-01,011705,D_city,1261.0380930203135
BOGOTÁ D.C.,PAPA,2019-08-01,011705,D_city,1183.5722377685095
BOGOTÁ D.C.,PAPA,2019-09-01,011705,D_city,1164.8754668196268
BOGOTÁ D.C.,PAPA,2019-10-01,011705,D_city,1138.6503607914115
BOGOTÁ D.C.,PAPA,2019-11-01,011705,D_city,1103.3018452020153
BOGOTÁ D.C.,PAPA,2019-12-01,011705,D_city,949.4434007076984
BOGOTÁ D.C.,PAPA,2020-01-01,011705,D_city,868.0613316377096
BOGOTÁ D.C.,PAPA,2020-02-01,011705,D_city,867.3621622404668
BOGOTÁ D.C.,PAPA,2020-03-01,011705,D_city,1004.114743921583
BOGOTÁ D.C.,PAPA,2020-04-01,011705,D_city,1033.6796491177122
BOGOTÁ D.C.,PAPA,2020-05-01,011705,D_city,1111.0323193733855
BOGOTÁ D.C.,PAPA,2020-06-01,011705,D_city,1185.7840975338406
BOGOTÁ D.C.,PAPA,2020-07-01,011705,D_city,1109.6266940443427
BOGOTÁ D.C.,PAPA,2020-08-01,011705,D_city,1016.0387478908615
BOGOTÁ D.C.,PAPA,2020-09-01,011705,D_city,927.633233910971
BOGOTÁ D.C.,PAPA,2020-10-01,011705,D_city,842.9986047244496
BOGOTÁ D.C.,PAPA,2020-11-01,011705,D_city,782.9528624644623
BOGOTÁ D.C.,PAPA,2020-12-01,011705,D_city,750.874730865904
BOGOTÁ D.C.,PAPA,2021-01-01,011705,D_city,827.1303100141635
BOGOTÁ D.C.,PAPA,2021-02-01,011705,D_city,977.271665455818
BOGOTÁ D.C.,PAPA,2021-03-01,011705,D_city,1172.3132149876615
BOGOTÁ D.C.,PAPA,2021-04-01,011705,D_city,1425.5508449327094
BOGOTÁ D.C.,PAPA,2021-05-01,011705,D_city,1584.5982942691692
BOGOTÁ D.C.,PAPA,2021-06-01,011705,D_city,1310.3872425296177
BOGOTÁ D.C.,PAPA,2021-07-01,011705,D_city,1183.4717007573538
BOGOTÁ D.C.,PAPA,2021-08-01,011705,D_city,1153.017346972418
BOGOTÁ D.C.,PAPA,2021-09-01,011705,D_city,1182.365805520357
BOGOTÁ D.C.,PAPA,2021-10-01,011705,D_city,1224.304368361764
BOGOTÁ D.C.,PAPA,2021-11-01,011705,D_city,1359.9772726687333
BOGOTÁ D.C.,PAPA,2021-12-01,011705,D_city,1581.8670938107516
BOGOTÁ D.C.,PAPA,2022-01-01,011705,D_city,1946.2359657967681
BOGOTÁ D.C.,PAPA,2022-02-01,011705,D_city,2227.1522641090555
BOGOTÁ D.C.,PAPA,2022-03-01,011705,D_city,2385.5989454860755
BOGOTÁ D.C.,PAPA,2022-04-01,011705,D_city,2437.443797036724
BOGOTÁ D.C.,PAPA,2022-05-01,011705,D_city,2048.8030236880877
BOGOTÁ D.C.,PAPA,2022-06-01,011705,D_city,1614.1420275232947
BOGOTÁ D.C.,PAPA,2022-07-01,011705,D_city,1530.8020275579956
BOGOTÁ D.C.,PAPA,2022-08-01,011705,D_city,1381.1554444611547
BOGOTÁ D.C.,PAPA,2022-09-01,011705,D_city,1361.4897699649523
BOGOTÁ D.C.,PAPA,2022-10-01,011705,D_city,1544.8540292751434
BOGOTÁ D.C.,PAPA,2022-11-01,011705,D_city,1783.9297180676235
BOGOTÁ D.C.,PAPA,2022-12-01,011705,D_city,2070.2655120080767
BOGOTÁ D.C.,PAPA,2023-01-01,011705,D_city,2224.91079866659
BOGOTÁ D.C.,PAPA,2023-02-01,011705,D_city,2217.7791800721493
BOGOTÁ D.C.,PAPA,2023-03-01,011705,D_city,2136.004283545235
BOGOTÁ D.C.,PAPA,2023-04-01,011705,D_city,1948.4711204873884
BOGOTÁ D.C.,PAPA,2023-05-01,011705,D_city,1827.8517204470338
BOGOTÁ D.C.,PAPA,2023-06-01,011705,D_city,1757.0602524147519
BOGOTÁ D.C.,PAPA,2023-07-01,011705,D_city,1589.2516790757936
BOGOTÁ D.C.,PAPA,2023-08-01,011705,D_city,1641.1663175974472
BOGOTÁ D.C.,PAPA,2023-09-01,011705,D_city,1663.440581107096
BOGOTÁ D.C.,PAPA,2023-10-01,011705,D_city,1911.801141293122
BOGOTÁ D.C.,PAPA,2023-11-01,011705,D_city,1932.3182679405631
BOGOTÁ D.C.,PAPA,2023-12-01,011705,D_city,1889.9687047797302
BOGOTÁ D.C.,PAPA,2024-01-01,011705,D_city,1848.146566257072
BOGOTÁ D.C.,PAPA,2024-02-01,011705,D_city,1806.445807167814
BOGOTÁ D.C.,PAPA,2024-03-01,011705,D_city,1818.7205861855907
BOGOTÁ D.C.,PAPA,2024-04-01,011705,D_city,1981.6999872849394
BOGOTÁ D.C.,PAPA,2024-05-01,011705,D_city,2414.171942676537
BOGOTÁ D.C.,PAPA,2024-06-01,011705,D_city,2917.1325402581356
BOGOTÁ D.C.,PAPA,2024-07-01,011705,D_city,3231.436415139969
BOGOTÁ D.C.,PAPA,2024-08-01,011705,D_city,2845.1170279267953
BOGOTÁ D.C.,PAPA,2024-09-01,011705,D_city,2614.2759974847245
BOGOTÁ D.C.,PAPA,2024-10-01,011705,D_city,2135.698895508226
BOGOTÁ D.C.,PAPA,2024-11-01,011705,D_city,2103.129483076184
BOGOTÁ D.C.,PAPA,2024-12-01,011705,D_city,2142.1122374005777
BOGOTÁ D.C.,PAPA CRIOLLA,2019-01-01,011705,BASE_lowR2,1976.1858031088086
BOGOTÁ D.C.,PAPA CRIOLLA,2019-02-01,011705,BASE_lowR2,2021.5706476683938
BOGOTÁ D.C.,PAPA CRIOLLA,2019-03-01,011705,BASE_lowR2,2115.859977794227
BOGOTÁ D.C.,PAPA CRIOLLA,2019-04-01,011705,BASE_lowR2,2349.8234826054772
BOGOTÁ D.C.,PAPA CRIOLLA,2019-05-01,011705,BASE_lowR2,2375.0167024426355
BOGOTÁ D.C.,PAPA CRIOLLA,2019-06-01,011705,BASE_lowR2,2358.5299629903775
BOGOTÁ D.C.,PAPA CRIOLLA,2019-07-01,011705,BASE_lowR2,2370.3855958549225
BOGOTÁ D.C.,PAPA CRIOLLA,2019-08-01,011705,BASE_lowR2,2227.747512953368
BOGOTÁ D.C.,PAPA CRIOLLA,2019-09-01,011705,BASE_lowR2,2193.292079940785
BOGOTÁ D.C.,PAPA CRIOLLA,2019-10-01,011705,BASE_lowR2,2144.9433271650632
BOGOTÁ D.C.,PAPA CRIOLLA,2019-11-01,011705,BASE_lowR2,2079.737346410067
BOGOTÁ D.C.,PAPA CRIOLLA,2019-12-01,011705,BASE_lowR2,1795.3874019245006
BOGOTÁ D.C.,PAPA CRIOLLA,2020-01-01,011705,BASE_lowR2,1644.5985714285714
BOGOTÁ D.C.,PAPA CRIOLLA,2020-02-01,011705,BASE_lowR2,1643.301861584012
BOGOTÁ D.C.,PAPA CRIOLLA,2020-03-01,011705,BASE_lowR2,1896.5307698001482
BOGOTÁ D.C.,PAPA CRIOLLA,2020-04-01,011705,BASE_lowR2,1951.1778275351594
BOGOTÁ D.C.,PAPA CRIOLLA,2020-05-01,011705,BASE_lowR2,2094.0011547002223
BOGOTÁ D.C.,PAPA CRIOLLA,2020-06-01,011705,BASE_lowR2,2231.8228867505554
BOGOTÁ D.C.,PAPA CRIOLLA,2020-07-01,011705,BASE_lowR2,2091.4077350111033
BOGOTÁ D.C.,PAPA CRIOLLA,2020-08-01,011705,BASE_lowR2,1918.574837157661
BOGOTÁ D.C.,PAPA CRIOLLA,2020-09-01,011705,BASE_lowR2,1755.0041524796447
BOGOTÁ D.C.,PAPA CRIOLLA,2020-10-01,011705,BASE_lowR2,1598.102261287935
BOGOTÁ D.C.,PAPA CRIOLLA,2020-11-01,011705,BASE_lowR2,1486.5852146558107
BOGOTÁ D.C.,PAPA CRIOLLA,2020-12-01,011705,BASE_lowR2,1426.93656180607
BOGOTÁ D.C.,PAPA CRIOLLA,2021-01-01,011705,BASE_lowR2,1568.6484233900817
BOGOTÁ D.C.,PAPA CRIOLLA,2021-02-01,011705,BASE_lowR2,1846.8853071798671
BOGOTÁ D.C.,PAPA CRIOLLA,2021-03-01,011705,BASE_lowR2,2207.000155440415
BOGOTÁ D.C.,PAPA CRIOLLA,2021-04-01,011705,BASE_lowR2,2672.704233900814
BOGOTÁ D.C.,PAPA CRIOLLA,2021-05-01,011705,BASE_lowR2,2964.278704663213
BOGOTÁ D.C.,PAPA CRIOLLA,2021-06-01,011705,BASE_lowR2,2461.155284974094
BOGOTÁ D.C.,PAPA CRIOLLA,2021-07-01,011705,BASE_lowR2,2227.5622686898596
BOGOTÁ D.C.,PAPA CRIOLLA,2021-08-01,011705,BASE_lowR2,2171.4332568467803
BOGOTÁ D.C.,PAPA CRIOLLA,2021-09-01,011705,BASE_lowR2,2225.524581791266
BOGOTÁ D.C.,PAPA CRIOLLA,2021-10-01,011705,BASE_lowR2,2302.7714396743154
BOGOTÁ D.C.,PAPA CRIOLLA,2021-11-01,011705,BASE_lowR2,2552.2954626202813
BOGOTÁ D.C.,PAPA CRIOLLA,2021-12-01,011705,BASE_lowR2,2959.2771095484827
BOGOTÁ D.C.,PAPA CRIOLLA,2022-01-01,011705,BASE_lowR2,3625.044992598076
BOGOTÁ D.C.,PAPA CRIOLLA,2022-02-01,011705,BASE_lowR2,4136.504404145078
BOGOTÁ D.C.,PAPA CRIOLLA,2022-03-01,011705,BASE_lowR2,4424.373989637306
BOGOTÁ D.C.,PAPA CRIOLLA,2022-04-01,011705,BASE_lowR2,4518.47807549963
BOGOTÁ D.C.,PAPA CRIOLLA,2022-05-01,011705,BASE_lowR2,3811.9564544781647
BOGOTÁ D.C.,PAPA CRIOLLA,2022-06-01,011705,BASE_lowR2,3018.370029607698
BOGOTÁ D.C.,PAPA CRIOLLA,2022-07-01,011705,BASE_lowR2,2865.7287564766843
BOGOTÁ D.C.,PAPA CRIOLLA,2022-08-01,011705,BASE_lowR2,2591.196757957069
BOGOTÁ D.C.,PAPA CRIOLLA,2022-09-01,011705,BASE_lowR2,2555.0741265729093
BOGOTÁ D.C.,PAPA CRIOLLA,2022-10-01,011705,BASE_lowR2,2891.4777091043675
BOGOTÁ D.C.,PAPA CRIOLLA,2022-11-01,011705,BASE_lowR2,3328.8394152479646
BOGOTÁ D.C.,PAPA CRIOLLA,2022-12-01,011705,BASE_lowR2,3851.04299407846
BOGOTÁ D.C.,PAPA CRIOLLA,2023-01-01,011705,BASE_lowR2,4132.429030347891
BOGOTÁ D.C.,PAPA CRIOLLA,2023-02-01,011705,BASE_lowR2,4119.461931902295
BOGOTÁ D.C.,PAPA CRIOLLA,2023-03-01,011705,BASE_lowR2,3970.7107883049594
BOGOTÁ D.C.,PAPA CRIOLLA,2023-04-01,011705,BASE_lowR2,3629.1203663952633
BOGOTÁ D.C.,PAPA CRIOLLA,2023-05-01,011705,BASE_lowR2,3409.0501813471506
BOGOTÁ D.C.,PAPA CRIOLLA,2023-06-01,011705,BASE_lowR2,3279.749685418209
BOGOTÁ D.C.,PAPA CRIOLLA,2023-07-01,011705,BASE_lowR2,2972.7999407846037
BOGOTÁ D.C.,PAPA CRIOLLA,2023-08-01,011705,BASE_lowR2,3067.8302479644717
BOGOTÁ D.C.,PAPA CRIOLLA,2023-09-01,011705,BASE_lowR2,3108.5839859363437
BOGOTÁ D.C.,PAPA CRIOLLA,2023-10-01,011705,BASE_lowR2,3562.2471872686906
BOGOTÁ D.C.,PAPA CRIOLLA,2023-11-01,011705,BASE_lowR2,3599.666528497409
BOGOTÁ D.C.,PAPA CRIOLLA,2023-12-01,011705,BASE_lowR2,3522.4196706143603
BOGOTÁ D.C.,PAPA CRIOLLA,2024-01-01,011705,BASE_lowR2,3446.0990340488534
BOGOTÁ D.C.,PAPA CRIOLLA,2024-02-01,011705,BASE_lowR2,3369.963641746854
BOGOTÁ D.C.,PAPA CRIOLLA,2024-03-01,011705,BASE_lowR2,3392.3781976313844
BOGOTÁ D.C.,PAPA CRIOLLA,2024-04-01,011705,BASE_lowR2,3689.695240562547
BOGOTÁ D.C.,PAPA CRIOLLA,2024-05-01,011705,BASE_lowR2,4476.242383419689
BOGOTÁ D.C.,PAPA CRIOLLA,2024-06-01,011705,BASE_lowR2,5387.273671354552
BOGOTÁ D.C.,PAPA CRIOLLA,2024-07-01,011705,BASE_lowR2,5954.862094744633
BOGOTÁ D.C.,PAPA CRIOLLA,2024-08-01,011705,BASE_lowR2,5257.046954108069
BOGOTÁ D.C.,PAPA CRIOLLA,2024-09-01,011705,BASE_lowR2,4839.135895632865
BOGOTÁ D.C.,PAPA CRIOLLA,2024-10-01,011705,BASE_lowR2,3970.155055514434
BOGOTÁ D.C.,PAPA CRIOLLA,2024-11-01,011705,BASE_lowR2,3910.8768911917105
BOGOTÁ D.C.,PAPA CRIOLLA,2024-12-01,011705,BASE_lowR2,3981.82544411547
BOGOTÁ D.C.,PAPAYAS,2019-01-01,011609,D_city,1768.3267606857453
BOGOTÁ D.C.,PAPAYAS,2019-02-01,011609,D_city,1805.216151258841
BOGOTÁ D.C.,PAPAYAS,2019-03-01,011609,D_city,2054.108923088979
BOGOTÁ D.C.,PAPAYAS,2019-04-01,011609,D_city,2123.202138381567
BOGOTÁ D.C.,PAPAYAS,2019-05-01,011609,D_city,2036.940353709828
BOGOTÁ D.C.,PAPAYAS,2019-06-01,011609,D_city,2003.482733038623
BOGOTÁ D.C.,PAPAYAS,2019-07-01,011609,D_city,2149.5397861200695
BOGOTÁ D.C.,PAPAYAS,2019-08-01,011609,D_city,2355.185309297333
BOGOTÁ D.C.,PAPAYAS,2019-09-01,011609,D_city,2534.712782352996
BOGOTÁ D.C.,PAPAYAS,2019-10-01,011609,D_city,2556.7829101679677
BOGOTÁ D.C.,PAPAYAS,2019-11-01,011609,D_city,2318.1741336825894
BOGOTÁ D.C.,PAPAYAS,2019-12-01,011609,D_city,2188.3222414417996
BOGOTÁ D.C.,PAPAYAS,2020-01-01,011609,D_city,2173.4017044178827
BOGOTÁ D.C.,PAPAYAS,2020-02-01,011609,D_city,2301.431383325269
BOGOTÁ D.C.,PAPAYAS,2020-03-01,011609,D_city,2661.6931528196383
BOGOTÁ D.C.,PAPAYAS,2020-04-01,011609,D_city,2701.5904231803265
BOGOTÁ D.C.,PAPAYAS,2020-05-01,011609,D_city,2612.744368382936
BOGOTÁ D.C.,PAPAYAS,2020-06-01,011609,D_city,2447.260542450967
BOGOTÁ D.C.,PAPAYAS,2020-07-01,011609,D_city,2304.5679466193997
BOGOTÁ D.C.,PAPAYAS,2020-08-01,011609,D_city,2293.3343763496086
BOGOTÁ D.C.,PAPAYAS,2020-09-01,011609,D_city,2439.8141028532614
BOGOTÁ D.C.,PAPAYAS,2020-10-01,011609,D_city,2501.9804692054167
BOGOTÁ D.C.,PAPAYAS,2020-11-01,011609,D_city,2490.2059265115577
BOGOTÁ D.C.,PAPAYAS,2020-12-01,011609,D_city,2355.7115214032588
BOGOTÁ D.C.,PAPAYAS,2021-01-01,011609,D_city,2419.1054663639156
BOGOTÁ D.C.,PAPAYAS,2021-02-01,011609,D_city,2432.374299038177
BOGOTÁ D.C.,PAPAYAS,2021-03-01,011609,D_city,2568.9182983751166
BOGOTÁ D.C.,PAPAYAS,2021-04-01,011609,D_city,2743.3110377448434
BOGOTÁ D.C.,PAPAYAS,2021-05-01,011609,D_city,3203.91493048999
BOGOTÁ D.C.,PAPAYAS,2021-06-01,011609,D_city,2922.687559906676
BOGOTÁ D.C.,PAPAYAS,2021-07-01,011609,D_city,2906.7271570270054
BOGOTÁ D.C.,PAPAYAS,2021-08-01,011609,D_city,3194.9950099836956
BOGOTÁ D.C.,PAPAYAS,2021-09-01,011609,D_city,3370.6730828113505
BOGOTÁ D.C.,PAPAYAS,2021-10-01,011609,D_city,3502.888871959319
BOGOTÁ D.C.,PAPAYAS,2021-11-01,011609,D_city,3446.0009937121335
BOGOTÁ D.C.,PAPAYAS,2021-12-01,011609,D_city,3355.490946995472
BOGOTÁ D.C.,PAPAYAS,2022-01-01,011609,D_city,3518.558487688958
BOGOTÁ D.C.,PAPAYAS,2022-02-01,011609,D_city,3643.7507057106186
BOGOTÁ D.C.,PAPAYAS,2022-03-01,011609,D_city,3812.5450441089047
BOGOTÁ D.C.,PAPAYAS,2022-04-01,011609,D_city,3985.086347567793
BOGOTÁ D.C.,PAPAYAS,2022-05-01,011609,D_city,4016.416712487611
BOGOTÁ D.C.,PAPAYAS,2022-06-01,011609,D_city,3970.061009147588
BOGOTÁ D.C.,PAPAYAS,2022-07-01,011609,D_city,3967.303056846296
BOGOTÁ D.C.,PAPAYAS,2022-08-01,011609,D_city,4081.7634725652847
BOGOTÁ D.C.,PAPAYAS,2022-09-01,011609,D_city,4364.465111956841
BOGOTÁ D.C.,PAPAYAS,2022-10-01,011609,D_city,4557.8880099147955
BOGOTÁ D.C.,PAPAYAS,2022-11-01,011609,D_city,4383.696838600251
BOGOTÁ D.C.,PAPAYAS,2022-12-01,011609,D_city,4136.557230768052
BOGOTÁ D.C.,PAPAYAS,2023-01-01,011609,D_city,4115.481268122828
BOGOTÁ D.C.,PAPAYAS,2023-02-01,011609,D_city,4516.461573451931
BOGOTÁ D.C.,PAPAYAS,2023-03-01,011609,D_city,5265.70587188443
BOGOTÁ D.C.,PAPAYAS,2023-04-01,011609,D_city,5015.848339849516
BOGOTÁ D.C.,PAPAYAS,2023-05-01,011609,D_city,4601.344513264258
BOGOTÁ D.C.,PAPAYAS,2023-06-01,011609,D_city,4653.265799029896
BOGOTÁ D.C.,PAPAYAS,2023-07-01,011609,D_city,4867.194946785009
BOGOTÁ D.C.,PAPAYAS,2023-08-01,011609,D_city,5371.523898504501
BOGOTÁ D.C.,PAPAYAS,2023-09-01,011609,D_city,5622.616374038806
BOGOTÁ D.C.,PAPAYAS,2023-10-01,011609,D_city,5801.216697254469
BOGOTÁ D.C.,PAPAYAS,2023-11-01,011609,D_city,5371.189121613045
BOGOTÁ D.C.,PAPAYAS,2023-12-01,011609,D_city,4748.24955628932
BOGOTÁ D.C.,PAPAYAS,2024-01-01,011609,D_city,4777.662572311719
BOGOTÁ D.C.,PAPAYAS,2024-02-01,011609,D_city,5220.4966939930955
BOGOTÁ D.C.,PAPAYAS,2024-03-01,011609,D_city,5744.80213893109
BOGOTÁ D.C.,PAPAYAS,2024-04-01,011609,D_city,6261.068604775766
BOGOTÁ D.C.,PAPAYAS,2024-05-01,011609,D_city,6334.015673274609
BOGOTÁ D.C.,PAPAYAS,2024-06-01,011609,D_city,6016.706817870034
BOGOTÁ D.C.,PAPAYAS,2024-07-01,011609,D_city,5802.58632167593
BOGOTÁ D.C.,PAPAYAS,2024-08-01,011609,D_city,5775.211797192235
BOGOTÁ D.C.,PAPAYAS,2024-09-01,011609,D_city,6500.815316688246
BOGOTÁ D.C.,PAPAYAS,2024-10-01,011609,D_city,6569.59306675765
BOGOTÁ D.C.,PAPAYAS,2024-11-01,011609,D_city,6465.445612100252
BOGOTÁ D.C.,PAPAYAS,2024-12-01,011609,D_city,6065.9063829275465
BOGOTÁ D.C.,PASTA PARA SECO,2019-01-01,011102,D_city,2795.3653486432495
BOGOTÁ D.C.,PASTA PARA SECO,2019-02-01,011102,D_city,2828.4993051249544
BOGOTÁ D.C.,PASTA PARA SECO,2019-03-01,011102,D_city,2830.984066330662
BOGOTÁ D.C.,PASTA PARA SECO,2019-04-01,011102,D_city,2838.438112156553
BOGOTÁ D.C.,PASTA PARA SECO,2019-05-01,011102,D_city,2829.0514777106782
BOGOTÁ D.C.,PASTA PARA SECO,2019-06-01,011102,D_city,2830.984066330662
BOGOTÁ D.C.,PASTA PARA SECO,2019-07-01,011102,D_city,2826.8427756056076
BOGOTÁ D.C.,PASTA PARA SECO,2019-08-01,011102,D_city,2810.552626786387
BOGOTÁ D.C.,PASTA PARA SECO,2019-09-01,011102,D_city,2813.8660161610264
BOGOTÁ D.C.,PASTA PARA SECO,2019-10-01,011102,D_city,2844.787574117409
BOGOTÁ D.C.,PASTA PARA SECO,2019-11-01,011102,D_city,2858.86589752657
BOGOTÁ D.C.,PASTA PARA SECO,2019-12-01,011102,D_city,2866.870656094156
BOGOTÁ D.C.,PASTA PARA SECO,2020-01-01,011102,D_city,2871.5629117535686
BOGOTÁ D.C.,PASTA PARA SECO,2020-02-01,011102,D_city,2871.5629117535686
BOGOTÁ D.C.,PASTA PARA SECO,2020-03-01,011102,D_city,2879.015031343821
BOGOTÁ D.C.,PASTA PARA SECO,2020-04-01,011102,D_city,2906.3364762338197
BOGOTÁ D.C.,PASTA PARA SECO,2020-05-01,011102,D_city,2904.4048108446545
BOGOTÁ D.C.,PASTA PARA SECO,2020-06-01,011102,D_city,2921.788960271369
BOGOTÁ D.C.,PASTA PARA SECO,2020-07-01,011102,D_city,2949.103114232723
BOGOTÁ D.C.,PASTA PARA SECO,2020-08-01,011102,D_city,2995.9955012514597
BOGOTÁ D.C.,PASTA PARA SECO,2020-09-01,011102,D_city,3015.851771674906
BOGOTÁ D.C.,PASTA PARA SECO,2020-10-01,011102,D_city,3008.130172071528
BOGOTÁ D.C.,PASTA PARA SECO,2020-11-01,011102,D_city,3009.7848308676535
BOGOTÁ D.C.,PASTA PARA SECO,2020-12-01,011102,D_city,3008.130172071528
BOGOTÁ D.C.,PASTA PARA SECO,2021-01-01,011102,D_city,3022.469999472588
BOGOTÁ D.C.,PASTA PARA SECO,2021-02-01,011102,D_city,3039.5658697856434
BOGOTÁ D.C.,PASTA PARA SECO,2021-03-01,011102,D_city,3052.248772290274
BOGOTÁ D.C.,PASTA PARA SECO,2021-04-01,011102,D_city,3064.1036623730006
BOGOTÁ D.C.,PASTA PARA SECO,2021-05-01,011102,D_city,3099.1120861259606
BOGOTÁ D.C.,PASTA PARA SECO,2021-06-01,011102,D_city,3125.5703706362065
BOGOTÁ D.C.,PASTA PARA SECO,2021-07-01,011102,D_city,3143.206962516649
BOGOTÁ D.C.,PASTA PARA SECO,2021-08-01,011102,D_city,3142.655846309917
BOGOTÁ D.C.,PASTA PARA SECO,2021-09-01,011102,D_city,3139.0735481149572
BOGOTÁ D.C.,PASTA PARA SECO,2021-10-01,011102,D_city,3144.0336335322986
BOGOTÁ D.C.,PASTA PARA SECO,2021-11-01,011102,D_city,3186.4641275141657
BOGOTÁ D.C.,PASTA PARA SECO,2021-12-01,011102,D_city,3215.112667869372
BOGOTÁ D.C.,PASTA PARA SECO,2022-01-01,011102,D_city,3254.4968413981433
BOGOTÁ D.C.,PASTA PARA SECO,2022-02-01,011102,D_city,3389.934902324783
BOGOTÁ D.C.,PASTA PARA SECO,2022-03-01,011102,D_city,3538.4733705357694
BOGOTÁ D.C.,PASTA PARA SECO,2022-04-01,011102,D_city,3601.979932534993
BOGOTÁ D.C.,PASTA PARA SECO,2022-05-01,011102,D_city,3662.4434433200286
BOGOTÁ D.C.,PASTA PARA SECO,2022-06-01,011102,D_city,3739.92017511603
BOGOTÁ D.C.,PASTA PARA SECO,2022-07-01,011102,D_city,3769.5843543241763
BOGOTÁ D.C.,PASTA PARA SECO,2022-08-01,011102,D_city,3833.842228403647
BOGOTÁ D.C.,PASTA PARA SECO,2022-09-01,011102,D_city,3848.668175773616
BOGOTÁ D.C.,PASTA PARA SECO,2022-10-01,011102,D_city,3896.98259561476
BOGOTÁ D.C.,PASTA PARA SECO,2022-11-01,011102,D_city,4052.832816808419
BOGOTÁ D.C.,PASTA PARA SECO,2022-12-01,011102,D_city,4111.248334972533
BOGOTÁ D.C.,PASTA PARA SECO,2023-01-01,011102,D_city,4111.522550470568
BOGOTÁ D.C.,PASTA PARA SECO,2023-02-01,011102,D_city,4118.103622709746
BOGOTÁ D.C.,PASTA PARA SECO,2023-03-01,011102,D_city,4113.990474990668
BOGOTÁ D.C.,PASTA PARA SECO,2023-04-01,011102,D_city,4131.265193800766
BOGOTÁ D.C.,PASTA PARA SECO,2023-05-01,011102,D_city,4101.650582852843
BOGOTÁ D.C.,PASTA PARA SECO,2023-06-01,011102,D_city,4052.5585296095855
BOGOTÁ D.C.,PASTA PARA SECO,2023-07-01,011102,D_city,4060.2384436615907
BOGOTÁ D.C.,PASTA PARA SECO,2023-08-01,011102,D_city,4075.3232206088337
BOGOTÁ D.C.,PASTA PARA SECO,2023-09-01,011102,D_city,4089.8584996302434
BOGOTÁ D.C.,PASTA PARA SECO,2023-10-01,011102,D_city,4106.860841757725
BOGOTÁ D.C.,PASTA PARA SECO,2023-11-01,011102,D_city,4112.345194969435
BOGOTÁ D.C.,PASTA PARA SECO,2023-12-01,011102,D_city,4125.507100409578
BOGOTÁ D.C.,PASTA PARA SECO,2024-01-01,011102,D_city,4113.167836475929
BOGOTÁ D.C.,PASTA PARA SECO,2024-02-01,011102,D_city,4111.796765636048
BOGOTÁ D.C.,PASTA PARA SECO,2024-03-01,011102,D_city,4100.553670910911
BOGOTÁ D.C.,PASTA PARA SECO,2024-04-01,011102,D_city,4087.664555523396
BOGOTÁ D.C.,PASTA PARA SECO,2024-05-01,011102,D_city,4075.04896101054
BOGOTÁ D.C.,PASTA PARA SECO,2024-06-01,011102,D_city,4057.4956475631884
BOGOTÁ D.C.,PASTA PARA SECO,2024-07-01,011102,D_city,4093.4236131661773
BOGOTÁ D.C.,PASTA PARA SECO,2024-08-01,011102,D_city,4087.664555523396
BOGOTÁ D.C.,PASTA PARA SECO,2024-09-01,011102,D_city,4102.747489460624
BOGOTÁ D.C.,PASTA PARA SECO,2024-10-01,011102,D_city,4091.7781831683374
BOGOTÁ D.C.,PASTA PARA SECO,2024-11-01,011102,D_city,4097.262903065407
BOGOTÁ D.C.,PASTA PARA SECO,2024-12-01,011102,D_city,4113.442049646562
BOGOTÁ D.C.,PASTA PARA SOPA,2019-01-01,011102,D_city,2932.4222320601148
BOGOTÁ D.C.,PASTA PARA SOPA,2019-02-01,011102,D_city,2965.879229403125
BOGOTÁ D.C.,PASTA PARA SOPA,2019-03-01,011102,D_city,2968.387625610556
BOGOTÁ D.C.,PASTA PARA SOPA,2019-04-01,011102,D_city,2975.912082674489
BOGOTÁ D.C.,PASTA PARA SOPA,2019-05-01,011102,D_city,2966.4366613319066
BOGOTÁ D.C.,PASTA PARA SOPA,2019-06-01,011102,D_city,2968.387625610556
BOGOTÁ D.C.,PASTA PARA SOPA,2019-07-01,011102,D_city,2964.2068974286162
BOGOTÁ D.C.,PASTA PARA SOPA,2019-08-01,011102,D_city,2947.7594016061817
BOGOTÁ D.C.,PASTA PARA SOPA,2019-09-01,011102,D_city,2951.1050819953534
BOGOTÁ D.C.,PASTA PARA SOPA,2019-10-01,011102,D_city,2982.3209416088603
BOGOTÁ D.C.,PASTA PARA SOPA,2019-11-01,011102,D_city,2996.529065007693
BOGOTÁ D.C.,PASTA PARA SOPA,2019-12-01,011102,D_city,3004.6064637643867
BOGOTÁ D.C.,PASTA PARA SOPA,2020-01-01,011102,D_city,3009.3409093641844
BOGOTÁ D.C.,PASTA PARA SOPA,2020-02-01,011102,D_city,3009.3409093641844
BOGOTÁ D.C.,PASTA PARA SOPA,2020-03-01,011102,D_city,3016.859442144601
BOGOTÁ D.C.,PASTA PARA SOPA,2020-04-01,011102,D_city,3044.4181922701464
BOGOTÁ D.C.,PASTA PARA SOPA,2020-05-01,011102,D_city,3042.470066995302
BOGOTÁ D.C.,PASTA PARA SOPA,2020-06-01,011102,D_city,3060.000615690734
BOGOTÁ D.C.,PASTA PARA SOPA,2020-07-01,011102,D_city,3087.5369590920295
BOGOTÁ D.C.,PASTA PARA SOPA,2020-08-01,011102,D_city,3134.788705583344
BOGOTÁ D.C.,PASTA PARA SOPA,2020-09-01,011102,D_city,3154.788821915407
BOGOTÁ D.C.,PASTA PARA SOPA,2020-10-01,011102,D_city,3147.011868649662
BOGOTÁ D.C.,PASTA PARA SOPA,2020-11-01,011102,D_city,3148.678451670063
BOGOTÁ D.C.,PASTA PARA SOPA,2020-12-01,011102,D_city,3147.011868649662
BOGOTÁ D.C.,PASTA PARA SOPA,2021-01-01,011102,D_city,3161.453903578434
BOGOTÁ D.C.,PASTA PARA SOPA,2021-02-01,011102,D_city,3178.668292758509
BOGOTÁ D.C.,PASTA PARA SOPA,2021-03-01,011102,D_city,3191.4367906145567
BOGOTÁ D.C.,PASTA PARA SOPA,2021-04-01,011102,D_city,3203.36990165082
BOGOTÁ D.C.,PASTA PARA SOPA,2021-05-01,011102,D_city,3238.5993112044753
BOGOTÁ D.C.,PASTA PARA SOPA,2021-06-01,011102,D_city,3265.2147715250167
BOGOTÁ D.C.,PASTA PARA SOPA,2021-07-01,011102,D_city,3282.951470421415
BOGOTÁ D.C.,PASTA PARA SOPA,2021-08-01,011102,D_city,3282.3972822178594
BOGOTÁ D.C.,PASTA PARA SOPA,2021-09-01,011102,D_city,3278.7949275714154
BOGOTÁ D.C.,PASTA PARA SOPA,2021-10-01,011102,D_city,3283.782742630658
BOGOTÁ D.C.,PASTA PARA SOPA,2021-11-01,011102,D_city,3326.4385230862263
BOGOTÁ D.C.,PASTA PARA SOPA,2021-12-01,011102,D_city,3355.2271988149314
BOGOTÁ D.C.,PASTA PARA SOPA,2022-01-01,011102,D_city,3394.788451194514
BOGOTÁ D.C.,PASTA PARA SOPA,2022-02-01,011102,D_city,3530.700803979369
BOGOTÁ D.C.,PASTA PARA SOPA,2022-03-01,011102,D_city,3679.5273951229374
BOGOTÁ D.C.,PASTA PARA SOPA,2022-04-01,011102,D_city,3743.0856063093047
BOGOTÁ D.C.,PASTA PARA SOPA,2022-05-01,011102,D_city,3803.5595186810433
BOGOTÁ D.C.,PASTA PARA SOPA,2022-06-01,011102,D_city,3880.9953462968333
BOGOTÁ D.C.,PASTA PARA SOPA,2022-07-01,011102,D_city,3910.627987256697
BOGOTÁ D.C.,PASTA PARA SOPA,2022-08-01,011102,D_city,3974.787867629211
BOGOTÁ D.C.,PASTA PARA SOPA,2022-09-01,011102,D_city,3989.5854967941755
BOGOTÁ D.C.,PASTA PARA SOPA,2022-10-01,011102,D_city,4037.792951119018
BOGOTÁ D.C.,PASTA PARA SOPA,2022-11-01,011102,D_city,4193.147908983966
BOGOTÁ D.C.,PASTA PARA SOPA,2022-12-01,011102,D_city,4251.320036214963
BOGOTÁ D.C.,PASTA PARA SOPA,2023-01-01,011102,D_city,4251.593036272149
BOGOTÁ D.C.,PASTA PARA SOPA,2023-02-01,011102,D_city,4258.144735110192
BOGOTÁ D.C.,PASTA PARA SOPA,2023-03-01,011102,D_city,4254.04999139043
BOGOTÁ D.C.,PASTA PARA SOPA,2023-04-01,011102,D_city,4271.246393215687
BOGOTÁ D.C.,PASTA PARA SOPA,2023-05-01,011102,D_city,4241.764397980335
BOGOTÁ D.C.,PASTA PARA SOPA,2023-06-01,011102,D_city,4192.874691321615
BOGOTÁ D.C.,PASTA PARA SOPA,2023-07-01,011102,D_city,4200.524398775724
BOGOTÁ D.C.,PASTA PARA SOPA,2023-08-01,011102,D_city,4215.548277074477
BOGOTÁ D.C.,PASTA PARA SOPA,2023-09-01,011102,D_city,4230.022917068164
BOGOTÁ D.C.,PASTA PARA SOPA,2023-10-01,011102,D_city,4246.951898016762
BOGOTÁ D.C.,PASTA PARA SOPA,2023-11-01,011102,D_city,4252.412030389991
BOGOTÁ D.C.,PASTA PARA SOPA,2023-12-01,011102,D_city,4265.514702846414
BOGOTÁ D.C.,PASTA PARA SOPA,2024-01-01,011102,D_city,4253.231015428767
BOGOTÁ D.C.,PASTA PARA SOPA,2024-02-01,011102,D_city,4251.866035320335
BOGOTÁ D.C.,PASTA PARA SOPA,2024-03-01,011102,D_city,4240.672246192181
BOGOTÁ D.C.,PASTA PARA SOPA,2024-04-01,011102,D_city,4227.8382486695755
BOGOTÁ D.C.,PASTA PARA SOPA,2024-05-01,011102,D_city,4215.275143190954
BOGOTÁ D.C.,PASTA PARA SOPA,2024-06-01,011102,D_city,4197.792452526041
BOGOTÁ D.C.,PASTA PARA SOPA,2024-07-01,011102,D_city,4233.572864720356
BOGOTÁ D.C.,PASTA PARA SOPA,2024-08-01,011102,D_city,4227.8382486695755
BOGOTÁ D.C.,PASTA PARA SOPA,2024-09-01,011102,D_city,4242.856533582744
BOGOTÁ D.C.,PASTA PARA SOPA,2024-10-01,011102,D_city,4231.934448641757
BOGOTÁ D.C.,PASTA PARA SOPA,2024-11-01,011102,D_city,4237.395693666748
BOGOTÁ D.C.,PASTA PARA SOPA,2024-12-01,011102,D_city,4253.50400842446
BOGOTÁ D.C.,PESCADO DE MAR,2019-01-01,011303,D_city,12834.646397705883
BOGOTÁ D.C.,PESCADO DE MAR,2019-02-01,011303,D_city,12896.249507317794
BOGOTÁ D.C.,PESCADO DE MAR,2019-03-01,011303,D_city,12896.249507317794
BOGOTÁ D.C.,PESCADO DE MAR,2019-04-01,011303,D_city,12892.212326828358
BOGOTÁ D.C.,PESCADO DE MAR,2019-05-01,011303,D_city,12946.68634865522
BOGOTÁ D.C.,PESCADO DE MAR,2019-06-01,011303,D_city,12989.013497886164
BOGOTÁ D.C.,PESCADO DE MAR,2019-07-01,011303,D_city,12907.350045117953
BOGOTÁ D.C.,PESCADO DE MAR,2019-08-01,011303,D_city,12990.02084589897
BOGOTÁ D.C.,PESCADO DE MAR,2019-09-01,011303,D_city,13008.149609049924
BOGOTÁ D.C.,PESCADO DE MAR,2019-10-01,011303,D_city,12996.064503815463
BOGOTÁ D.C.,PESCADO DE MAR,2019-11-01,011303,D_city,13068.53105853467
BOGOTÁ D.C.,PESCADO DE MAR,2019-12-01,011303,D_city,13077.5819600341
BOGOTÁ D.C.,PESCADO DE MAR,2020-01-01,011303,D_city,13067.525301341693
BOGOTÁ D.C.,PESCADO DE MAR,2020-02-01,011303,D_city,13072.553884325276
BOGOTÁ D.C.,PESCADO DE MAR,2020-03-01,011303,D_city,13141.896655735802
BOGOTÁ D.C.,PESCADO DE MAR,2020-04-01,011303,D_city,13531.057883957295
BOGOTÁ D.C.,PESCADO DE MAR,2020-05-01,011303,D_city,13666.420284385365
BOGOTÁ D.C.,PESCADO DE MAR,2020-06-01,011303,D_city,13698.219093247155
BOGOTÁ D.C.,PESCADO DE MAR,2020-07-01,011303,D_city,13670.396195964007
BOGOTÁ D.C.,PESCADO DE MAR,2020-08-01,011303,D_city,13744.888534281945
BOGOTÁ D.C.,PESCADO DE MAR,2020-09-01,011303,D_city,13743.896000554523
BOGOTÁ D.C.,PESCADO DE MAR,2020-10-01,011303,D_city,13742.903448027646
BOGOTÁ D.C.,PESCADO DE MAR,2020-11-01,011303,D_city,13810.354298087617
BOGOTÁ D.C.,PESCADO DE MAR,2020-12-01,011303,D_city,13859.895422820155
BOGOTÁ D.C.,PESCADO DE MAR,2021-01-01,011303,D_city,13878.708870332806
BOGOTÁ D.C.,PESCADO DE MAR,2021-02-01,011303,D_city,13890.587601785714
BOGOTÁ D.C.,PESCADO DE MAR,2021-03-01,011303,D_city,13883.658665702731
BOGOTÁ D.C.,PESCADO DE MAR,2021-04-01,011303,D_city,13861.876100997624
BOGOTÁ D.C.,PESCADO DE MAR,2021-05-01,011303,D_city,13862.866412251256
BOGOTÁ D.C.,PESCADO DE MAR,2021-06-01,011303,D_city,13862.866412251256
BOGOTÁ D.C.,PESCADO DE MAR,2021-07-01,011303,D_city,14031.938450612595
BOGOTÁ D.C.,PESCADO DE MAR,2021-08-01,011303,D_city,14277.181217879734
BOGOTÁ D.C.,PESCADO DE MAR,2021-09-01,011303,D_city,14393.014778989585
BOGOTÁ D.C.,PESCADO DE MAR,2021-10-01,011303,D_city,14523.280616668133
BOGOTÁ D.C.,PESCADO DE MAR,2021-11-01,011303,D_city,14569.241084053261
BOGOTÁ D.C.,PESCADO DE MAR,2021-12-01,011303,D_city,14592.695592810815
BOGOTÁ D.C.,PESCADO DE MAR,2022-01-01,011303,D_city,14639.574985358166
BOGOTÁ D.C.,PESCADO DE MAR,2022-02-01,011303,D_city,14835.457358004684
BOGOTÁ D.C.,PESCADO DE MAR,2022-03-01,011303,D_city,15100.426483054547
BOGOTÁ D.C.,PESCADO DE MAR,2022-04-01,011303,D_city,15244.529195056082
BOGOTÁ D.C.,PESCADO DE MAR,2022-05-01,011303,D_city,15306.315948192974
BOGOTÁ D.C.,PESCADO DE MAR,2022-06-01,011303,D_city,15571.067233023094
BOGOTÁ D.C.,PESCADO DE MAR,2022-07-01,011303,D_city,15730.309870525904
BOGOTÁ D.C.,PESCADO DE MAR,2022-08-01,011303,D_city,15873.840957238366
BOGOTÁ D.C.,PESCADO DE MAR,2022-09-01,011303,D_city,16372.607563983189
BOGOTÁ D.C.,PESCADO DE MAR,2022-10-01,011303,D_city,16495.72809965788
BOGOTÁ D.C.,PESCADO DE MAR,2022-11-01,011303,D_city,16650.706584496063
BOGOTÁ D.C.,PESCADO DE MAR,2022-12-01,011303,D_city,17063.714698111955
BOGOTÁ D.C.,PESCADO DE MAR,2023-01-01,011303,D_city,17222.00889244397
BOGOTÁ D.C.,PESCADO DE MAR,2023-02-01,011303,D_city,17336.977431387368
BOGOTÁ D.C.,PESCADO DE MAR,2023-03-01,011303,D_city,17453.6108797171
BOGOTÁ D.C.,PESCADO DE MAR,2023-04-01,011303,D_city,17566.317665566276
BOGOTÁ D.C.,PESCADO DE MAR,2023-05-01,011303,D_city,17645.378521459297
BOGOTÁ D.C.,PESCADO DE MAR,2023-06-01,011303,D_city,17518.836343950457
BOGOTÁ D.C.,PESCADO DE MAR,2023-07-01,011303,D_city,17549.56340007012
BOGOTÁ D.C.,PESCADO DE MAR,2023-08-01,011303,D_city,17490.89038608376
BOGOTÁ D.C.,PESCADO DE MAR,2023-09-01,011303,D_city,17455.4753507405
BOGOTÁ D.C.,PESCADO DE MAR,2023-10-01,011303,D_city,17504.864827684436
BOGOTÁ D.C.,PESCADO DE MAR,2023-11-01,011303,D_city,17417.24324300005
BOGOTÁ D.C.,PESCADO DE MAR,2023-12-01,011303,D_city,17446.152473148955
BOGOTÁ D.C.,PESCADO DE MAR,2024-01-01,011303,D_city,17460.13629980942
BOGOTÁ D.C.,PESCADO DE MAR,2024-02-01,011303,D_city,17373.389094630336
BOGOTÁ D.C.,PESCADO DE MAR,2024-03-01,011303,D_city,17283.724268670027
BOGOTÁ D.C.,PESCADO DE MAR,2024-04-01,011303,D_city,17475.0491446982
BOGOTÁ D.C.,PESCADO DE MAR,2024-05-01,011303,D_city,17354.718949684306
BOGOTÁ D.C.,PESCADO DE MAR,2024-06-01,011303,D_city,17480.640600967134
BOGOTÁ D.C.,PESCADO DE MAR,2024-07-01,011303,D_city,17535.598307034255
BOGOTÁ D.C.,PESCADO DE MAR,2024-08-01,011303,D_city,17637.941465552256
BOGOTÁ D.C.,PESCADO DE MAR,2024-09-01,011303,D_city,17598.883414888827
BOGOTÁ D.C.,PESCADO DE MAR,2024-10-01,011303,D_city,17768.89954545986
BOGOTÁ D.C.,PESCADO DE MAR,2024-11-01,011303,D_city,17780.033207781777
BOGOTÁ D.C.,PESCADO DE MAR,2024-12-01,011303,D_city,17762.4040641287
BOGOTÁ D.C.,PESCADO DE RÍO,2019-01-01,011303,D_city,13777.04558103621
BOGOTÁ D.C.,PESCADO DE RÍO,2019-02-01,011303,D_city,13864.698013586949
BOGOTÁ D.C.,PESCADO DE RÍO,2019-03-01,011303,D_city,13864.698013586949
BOGOTÁ D.C.,PESCADO DE RÍO,2019-04-01,011303,D_city,13858.949513658163
BOGOTÁ D.C.,PESCADO DE RÍO,2019-05-01,011303,D_city,13936.563696820822
BOGOTÁ D.C.,PESCADO DE RÍO,2019-06-01,011303,D_city,13996.94433165176
BOGOTÁ D.C.,PESCADO DE RÍO,2019-07-01,011303,D_city,13880.506965623888
BOGOTÁ D.C.,PESCADO DE RÍO,2019-08-01,011303,D_city,13998.38211517922
BOGOTÁ D.C.,PESCADO DE RÍO,2019-09-01,011303,D_city,14024.26340439725
BOGOTÁ D.C.,PESCADO DE RÍO,2019-10-01,011303,D_city,14007.008962013359
BOGOTÁ D.C.,PESCADO DE RÍO,2019-11-01,011303,D_city,14110.550554546433
BOGOTÁ D.C.,PESCADO DE RÍO,2019-12-01,011303,D_city,14123.49576907519
BOGOTÁ D.C.,PESCADO DE RÍO,2020-01-01,011303,D_city,14109.112231806721
BOGOTÁ D.C.,PESCADO DE RÍO,2020-02-01,011303,D_city,14116.303914376176
BOGOTÁ D.C.,PESCADO DE RÍO,2020-03-01,011303,D_city,14215.566677198649
BOGOTÁ D.C.,PESCADO DE RÍO,2020-04-01,011303,D_city,14775.782091483636
BOGOTÁ D.C.,PESCADO DE RÍO,2020-05-01,011303,D_city,14971.879100596892
BOGOTÁ D.C.,PESCADO DE RÍO,2020-06-01,011303,D_city,15018.03717327276
BOGOTÁ D.C.,PESCADO DE RÍO,2020-07-01,011303,D_city,14977.648494511606
BOGOTÁ D.C.,PESCADO DE RÍO,2020-08-01,011303,D_city,15085.84392223638
BOGOTÁ D.C.,PESCADO DE RÍO,2020-09-01,011303,D_city,15084.40107613328
BOGOTÁ D.C.,PESCADO DE RÍO,2020-10-01,011303,D_city,15082.958236513758
BOGOTÁ D.C.,PESCADO DE RÍO,2020-11-01,011303,D_city,15181.086072165144
BOGOTÁ D.C.,PESCADO DE RÍO,2020-12-01,011303,D_city,15253.257918582038
BOGOTÁ D.C.,PESCADO DE RÍO,2021-01-01,011303,D_city,15280.687431296803
BOGOTÁ D.C.,PESCADO DE RÍO,2021-02-01,011303,D_city,15298.012526204939
BOGOTÁ D.C.,PESCADO DE RÍO,2021-03-01,011303,D_city,15287.906108754869
BOGOTÁ D.C.,PESCADO DE RÍO,2021-04-01,011303,D_city,15256.14512666055
BOGOTÁ D.C.,PESCADO DE RÍO,2021-05-01,011303,D_city,15257.588740326211
BOGOTÁ D.C.,PESCADO DE RÍO,2021-06-01,011303,D_city,15257.588740326211
BOGOTÁ D.C.,PESCADO DE RÍO,2021-07-01,011303,D_city,15504.540588596114
BOGOTÁ D.C.,PESCADO DE RÍO,2021-08-01,011303,D_city,15864.467125279263
BOGOTÁ D.C.,PESCADO DE RÍO,2021-09-01,011303,D_city,16035.169331951605
BOGOTÁ D.C.,PESCADO DE RÍO,2021-10-01,011303,D_city,16227.673322040508
BOGOTÁ D.C.,PESCADO DE RÍO,2021-11-01,011303,D_city,16295.726776700867
BOGOTÁ D.C.,PESCADO DE RÍO,2021-12-01,011303,D_city,16330.482630777642
BOGOTÁ D.C.,PESCADO DE RÍO,2022-01-01,011303,D_city,16400.004758463245
BOGOTÁ D.C.,PESCADO DE RÍO,2022-02-01,011303,D_city,16691.278469667668
BOGOTÁ D.C.,PESCADO DE RÍO,2022-03-01,011303,D_city,17087.271066203175
BOGOTÁ D.C.,PESCADO DE RÍO,2022-04-01,011303,D_city,17303.58154816466
BOGOTÁ D.C.,PESCADO DE RÍO,2022-05-01,011303,D_city,17396.532542258166
BOGOTÁ D.C.,PESCADO DE RÍO,2022-06-01,011303,D_city,17796.195531928726
BOGOTÁ D.C.,PESCADO DE RÍO,2022-07-01,011303,D_city,18037.65151121952
BOGOTÁ D.C.,PESCADO DE RÍO,2022-08-01,011303,D_city,18255.96535848876
BOGOTÁ D.C.,PESCADO DE RÍO,2022-09-01,011303,D_city,19019.56303985298
BOGOTÁ D.C.,PESCADO DE RÍO,2022-10-01,011303,D_city,19209.230698482454
BOGOTÁ D.C.,PESCADO DE RÍO,2022-11-01,011303,D_city,19448.62921108258
BOGOTÁ D.C.,PESCADO DE RÍO,2022-12-01,011303,D_city,20090.135655761303
BOGOTÁ D.C.,PESCADO DE RÍO,2023-01-01,011303,D_city,20337.352200814512
BOGOTÁ D.C.,PESCADO DE RÍO,2023-02-01,011303,D_city,20517.36794329002
BOGOTÁ D.C.,PESCADO DE RÍO,2023-03-01,011303,D_city,20700.386819643853
BOGOTÁ D.C.,PESCADO DE RÍO,2023-04-01,011303,D_city,20877.621537460633
BOGOTÁ D.C.,PESCADO DE RÍO,2023-05-01,011303,D_city,21002.167581905538
BOGOTÁ D.C.,PESCADO DE RÍO,2023-06-01,011303,D_city,20802.91064835741
BOGOTÁ D.C.,PESCADO DE RÍO,2023-07-01,011303,D_city,20851.25155182849
BOGOTÁ D.C.,PESCADO DE RÍO,2023-08-01,011303,D_city,20758.968951147264
BOGOTÁ D.C.,PESCADO DE RÍO,2023-09-01,011303,D_city,20703.31574143116
BOGOTÁ D.C.,PESCADO DE RÍO,2023-10-01,011303,D_city,20780.939254115612
BOGOTÁ D.C.,PESCADO DE RÍO,2023-11-01,011303,D_city,20643.276739198373
BOGOTÁ D.C.,PESCADO DE RÍO,2023-12-01,011303,D_city,20688.671327207612
BOGOTÁ D.C.,PESCADO DE RÍO,2024-01-01,011303,D_city,20710.63813105906
BOGOTÁ D.C.,PESCADO DE RÍO,2024-02-01,011303,D_city,20574.461633424864
BOGOTÁ D.C.,PESCADO DE RÍO,2024-03-01,011303,D_city,20433.936748719625
BOGOTÁ D.C.,PESCADO DE RÍO,2024-04-01,011303,D_city,20734.070594999423
BOGOTÁ D.C.,PESCADO DE RÍO,2024-05-01,011303,D_city,20545.181886895425
BOGOTÁ D.C.,PESCADO DE RÍO,2024-06-01,011303,D_city,20742.858089807884
BOGOTÁ D.C.,PESCADO DE RÍO,2024-07-01,011303,D_city,20829.27776045825
BOGOTÁ D.C.,PESCADO DE RÍO,2024-08-01,011303,D_city,20990.444118776282
BOGOTÁ D.C.,PESCADO DE RÍO,2024-09-01,011303,D_city,20928.900987504236
BOGOTÁ D.C.,PESCADO DE RÍO,2024-10-01,011303,D_city,21197.11508104265
BOGOTÁ D.C.,PESCADO DE RÍO,2024-11-01,011303,D_city,21214.708484064296
BOGOTÁ D.C.,PESCADO DE RÍO,2024-12-01,011303,D_city,21186.852579369366
BOGOTÁ D.C.,PESCADO ENLATADO,2019-01-01,011303,BASE_lowR2,12983.583964404894
BOGOTÁ D.C.,PESCADO ENLATADO,2019-02-01,011303,BASE_lowR2,13062.295813125693
BOGOTÁ D.C.,PESCADO ENLATADO,2019-03-01,011303,BASE_lowR2,13062.295813125693
BOGOTÁ D.C.,PESCADO ENLATADO,2019-04-01,011303,BASE_lowR2,13057.13438042269
BOGOTÁ D.C.,PESCADO ENLATADO,2019-05-01,011303,BASE_lowR2,13126.813721913237
BOGOTÁ D.C.,PESCADO ENLATADO,2019-06-01,011303,BASE_lowR2,13181.008765294771
BOGOTÁ D.C.,PESCADO ENLATADO,2019-07-01,011303,BASE_lowR2,13076.489753058953
BOGOTÁ D.C.,PESCADO ENLATADO,2019-08-01,011303,BASE_lowR2,13182.29912347052
BOGOTÁ D.C.,PESCADO ENLATADO,2019-09-01,011303,BASE_lowR2,13205.525570634038
BOGOTÁ D.C.,PESCADO ENLATADO,2019-10-01,011303,BASE_lowR2,13190.041272525026
BOGOTÁ D.C.,PESCADO ENLATADO,2019-11-01,011303,BASE_lowR2,13282.947061179088
BOGOTÁ D.C.,PESCADO ENLATADO,2019-12-01,011303,BASE_lowR2,13294.560284760844
BOGOTÁ D.C.,PESCADO ENLATADO,2020-01-01,011303,BASE_lowR2,13281.656703003337
BOGOTÁ D.C.,PESCADO ENLATADO,2020-02-01,011303,BASE_lowR2,13288.10849388209
BOGOTÁ D.C.,PESCADO ENLATADO,2020-03-01,011303,BASE_lowR2,13377.1432080089
BOGOTÁ D.C.,PESCADO ENLATADO,2020-04-01,011303,BASE_lowR2,13879.092538375973
BOGOTÁ D.C.,PESCADO ENLATADO,2020-05-01,011303,BASE_lowR2,14054.581250278085
BOGOTÁ D.C.,PESCADO ENLATADO,2020-06-01,011303,BASE_lowR2,14095.872711902111
BOGOTÁ D.C.,PESCADO ENLATADO,2020-07-01,011303,BASE_lowR2,14059.742682981087
BOGOTÁ D.C.,PESCADO ENLATADO,2020-08-01,011303,BASE_lowR2,14156.519546162399
BOGOTÁ D.C.,PESCADO ENLATADO,2020-09-01,011303,BASE_lowR2,14155.22918798665
BOGOTÁ D.C.,PESCADO ENLATADO,2020-10-01,011303,BASE_lowR2,14153.938829810899
BOGOTÁ D.C.,PESCADO ENLATADO,2020-11-01,011303,BASE_lowR2,14241.683185761956
BOGOTÁ D.C.,PESCADO ENLATADO,2020-12-01,011303,BASE_lowR2,14306.201094549499
BOGOTÁ D.C.,PESCADO ENLATADO,2021-01-01,011303,BASE_lowR2,14330.717899888765
BOGOTÁ D.C.,PESCADO ENLATADO,2021-02-01,011303,BASE_lowR2,14346.202197997774
BOGOTÁ D.C.,PESCADO ENLATADO,2021-03-01,011303,BASE_lowR2,14337.16969076752
BOGOTÁ D.C.,PESCADO ENLATADO,2021-04-01,011303,BASE_lowR2,14308.781810901
BOGOTÁ D.C.,PESCADO ENLATADO,2021-05-01,011303,BASE_lowR2,14310.072169076751
BOGOTÁ D.C.,PESCADO ENLATADO,2021-06-01,011303,BASE_lowR2,14310.072169076751
BOGOTÁ D.C.,PESCADO ENLATADO,2021-07-01,011303,BASE_lowR2,14530.723417130144
BOGOTÁ D.C.,PESCADO ENLATADO,2021-08-01,011303,BASE_lowR2,14852.0226028921
BOGOTÁ D.C.,PESCADO ENLATADO,2021-09-01,011303,BASE_lowR2,15004.284867630698
BOGOTÁ D.C.,PESCADO ENLATADO,2021-10-01,011303,BASE_lowR2,15175.90250500556
BOGOTÁ D.C.,PESCADO ENLATADO,2021-11-01,011303,BASE_lowR2,15236.549339265848
BOGOTÁ D.C.,PESCADO ENLATADO,2021-12-01,011303,BASE_lowR2,15267.51793548387
BOGOTÁ D.C.,PESCADO ENLATADO,2022-01-01,011303,BASE_lowR2,15329.455127919908
BOGOTÁ D.C.,PESCADO ENLATADO,2022-02-01,011303,BASE_lowR2,15588.817121245827
BOGOTÁ D.C.,PESCADO ENLATADO,2022-03-01,011303,BASE_lowR2,15941.084903225807
BOGOTÁ D.C.,PESCADO ENLATADO,2022-04-01,011303,BASE_lowR2,16133.34827141268
BOGOTÁ D.C.,PESCADO ENLATADO,2022-05-01,011303,BASE_lowR2,16215.931194660732
BOGOTÁ D.C.,PESCADO ENLATADO,2022-06-01,011303,BASE_lowR2,16570.77969299221
BOGOTÁ D.C.,PESCADO ENLATADO,2022-07-01,011303,BASE_lowR2,16784.97915016685
BOGOTÁ D.C.,PESCADO ENLATADO,2022-08-01,011303,BASE_lowR2,16978.532876529476
BOGOTÁ D.C.,PESCADO ENLATADO,2022-09-01,011303,BASE_lowR2,17654.680560622914
BOGOTÁ D.C.,PESCADO ENLATADO,2022-10-01,011303,BASE_lowR2,17822.427123470523
BOGOTÁ D.C.,PESCADO ENLATADO,2022-11-01,011303,BASE_lowR2,18034.045864293657
BOGOTÁ D.C.,PESCADO ENLATADO,2022-12-01,011303,BASE_lowR2,18600.513103448277
BOGOTÁ D.C.,PESCADO ENLATADO,2023-01-01,011303,BASE_lowR2,18818.583635150168
BOGOTÁ D.C.,PESCADO ENLATADO,2023-02-01,011303,BASE_lowR2,18977.29769076752
BOGOTÁ D.C.,PESCADO ENLATADO,2023-03-01,011303,BASE_lowR2,19138.59246273637
BOGOTÁ D.C.,PESCADO ENLATADO,2023-04-01,011303,BASE_lowR2,19294.725802002224
BOGOTÁ D.C.,PESCADO ENLATADO,2023-05-01,011303,BASE_lowR2,19404.406246941046
BOGOTÁ D.C.,PESCADO ENLATADO,2023-06-01,011303,BASE_lowR2,19228.91753503893
BOGOTÁ D.C.,PESCADO ENLATADO,2023-07-01,011303,BASE_lowR2,19271.499354838706
BOGOTÁ D.C.,PESCADO ENLATADO,2023-08-01,011303,BASE_lowR2,19190.206789766406
BOGOTÁ D.C.,PESCADO ENLATADO,2023-09-01,011303,BASE_lowR2,19141.173179087873
BOGOTÁ D.C.,PESCADO ENLATADO,2023-10-01,011303,BASE_lowR2,19209.562162402668
BOGOTÁ D.C.,PESCADO ENLATADO,2023-11-01,011303,BASE_lowR2,19088.26849388209
BOGOTÁ D.C.,PESCADO ENLATADO,2023-12-01,011303,BASE_lowR2,19128.269597330367
BOGOTÁ D.C.,PESCADO ENLATADO,2024-01-01,011303,BASE_lowR2,19147.624969966626
BOGOTÁ D.C.,PESCADO ENLATADO,2024-02-01,011303,BASE_lowR2,19027.6216596218
BOGOTÁ D.C.,PESCADO ENLATADO,2024-03-01,011303,BASE_lowR2,18903.74727474972
BOGOTÁ D.C.,PESCADO ENLATADO,2024-04-01,011303,BASE_lowR2,19168.270700778645
BOGOTÁ D.C.,PESCADO ENLATADO,2024-05-01,011303,BASE_lowR2,19001.81449610678
BOGOTÁ D.C.,PESCADO ENLATADO,2024-06-01,011303,BASE_lowR2,19176.012849833147
BOGOTÁ D.C.,PESCADO ENLATADO,2024-07-01,011303,BASE_lowR2,19252.143982202444
BOGOTÁ D.C.,PESCADO ENLATADO,2024-08-01,011303,BASE_lowR2,19394.083381535038
BOGOTÁ D.C.,PESCADO ENLATADO,2024-09-01,011303,BASE_lowR2,19339.8883381535
BOGOTÁ D.C.,PESCADO ENLATADO,2024-10-01,011303,BASE_lowR2,19576.023884315906
BOGOTÁ D.C.,PESCADO ENLATADO,2024-11-01,011303,BASE_lowR2,19591.508182424917
BOGOTÁ D.C.,PESCADO ENLATADO,2024-12-01,011303,BASE_lowR2,19566.991377085647
BOGOTÁ D.C.,PIÑAS,2019-01-01,011609,BASE_lowR2,1216.7582638649674
BOGOTÁ D.C.,PIÑAS,2019-02-01,011609,BASE_lowR2,1234.6690963371225
BOGOTÁ D.C.,PIÑAS,2019-03-01,011609,BASE_lowR2,1352.8570237685153
BOGOTÁ D.C.,PIÑAS,2019-04-01,011609,BASE_lowR2,1384.9079871397405
BOGOTÁ D.C.,PIÑAS,2019-05-01,011609,BASE_lowR2,1344.844282925709
BOGOTÁ D.C.,PIÑAS,2019-06-01,011609,BASE_lowR2,1329.1723045125732
BOGOTÁ D.C.,PIÑAS,2019-07-01,011609,BASE_lowR2,1397.0449328281088
BOGOTÁ D.C.,PIÑAS,2019-08-01,011609,BASE_lowR2,1490.3697967619705
BOGOTÁ D.C.,PIÑAS,2019-09-01,011609,BASE_lowR2,1569.9080330692386
BOGOTÁ D.C.,PIÑAS,2019-10-01,011609,BASE_lowR2,1579.57045585027
BOGOTÁ D.C.,PIÑAS,2019-11-01,011609,BASE_lowR2,1473.755142955563
BOGOTÁ D.C.,PIÑAS,2019-12-01,011609,BASE_lowR2,1414.837930876105
BOGOTÁ D.C.,PIÑAS,2020-01-01,011609,BASE_lowR2,1408.003534274888
BOGOTÁ D.C.,PIÑAS,2020-02-01,011609,BASE_lowR2,1466.2137398093926
BOGOTÁ D.C.,PIÑAS,2020-03-01,011609,BASE_lowR2,1625.17237799977
BOGOTÁ D.C.,PIÑAS,2020-04-01,011609,BASE_lowR2,1642.376203926972
BOGOTÁ D.C.,PIÑAS,2020-05-01,011609,BASE_lowR2,1603.9621816511656
BOGOTÁ D.C.,PIÑAS,2020-06-01,011609,BASE_lowR2,1531.3761763692733
BOGOTÁ D.C.,PIÑAS,2020-07-01,011609,BASE_lowR2,1467.6277528992994
BOGOTÁ D.C.,PIÑAS,2020-08-01,011609,BASE_lowR2,1462.5608726604662
BOGOTÁ D.C.,PIÑAS,2020-09-01,011609,BASE_lowR2,1528.0768124928236
BOGOTÁ D.C.,PIÑAS,2020-10-01,011609,BASE_lowR2,1555.532233321851
BOGOTÁ D.C.,PIÑAS,2020-11-01,011609,BASE_lowR2,1550.3475186588585
BOGOTÁ D.C.,PIÑAS,2020-12-01,011609,BASE_lowR2,1490.605465610288
BOGOTÁ D.C.,PIÑAS,2021-01-01,011609,BASE_lowR2,1518.885727408428
BOGOTÁ D.C.,PIÑAS,2021-02-01,011609,BASE_lowR2,1524.777448616374
BOGOTÁ D.C.,PIÑAS,2021-03-01,011609,BASE_lowR2,1584.873004937421
BOGOTÁ D.C.,PIÑAS,2021-04-01,011609,BASE_lowR2,1660.2870363991274
BOGOTÁ D.C.,PIÑAS,2021-05-01,011609,BASE_lowR2,1853.0641543231138
BOGOTÁ D.C.,PIÑAS,2021-06-01,011609,BASE_lowR2,1736.4080744057874
BOGOTÁ D.C.,PIÑAS,2021-07-01,011609,BASE_lowR2,1729.691512228729
BOGOTÁ D.C.,PIÑAS,2021-08-01,011609,BASE_lowR2,1849.4112871741875
BOGOTÁ D.C.,PIÑAS,2021-09-01,011609,BASE_lowR2,1920.8189482144908
BOGOTÁ D.C.,PIÑAS,2021-10-01,011609,BASE_lowR2,1973.844439086003
BOGOTÁ D.C.,PIÑAS,2021-11-01,011609,BASE_lowR2,1951.1023952233325
BOGOTÁ D.C.,PIÑAS,2021-12-01,011609,BASE_lowR2,1914.6915581582273
BOGOTÁ D.C.,PIÑAS,2022-01-01,011609,BASE_lowR2,1980.0896635664253
BOGOTÁ D.C.,PIÑAS,2022-02-01,011609,BASE_lowR2,2029.6979561373294
BOGOTÁ D.C.,PIÑAS,2022-03-01,011609,BASE_lowR2,2095.8030680904812
BOGOTÁ D.C.,PIÑAS,2022-04-01,011609,BASE_lowR2,2162.4973521644274
BOGOTÁ D.C.,PIÑAS,2022-05-01,011609,BASE_lowR2,2174.5164634286366
BOGOTÁ D.C.,PIÑAS,2022-06-01,011609,BASE_lowR2,2156.723465380641
BOGOTÁ D.C.,PIÑAS,2022-07-01,011609,BASE_lowR2,2155.6629555632103
BOGOTÁ D.C.,PIÑAS,2022-08-01,011609,BASE_lowR2,2199.497361350327
BOGOTÁ D.C.,PIÑAS,2022-09-01,011609,BASE_lowR2,2306.255349638305
BOGOTÁ D.C.,PIÑAS,2022-10-01,011609,BASE_lowR2,2378.134348375244
BOGOTÁ D.C.,PIÑAS,2022-11-01,011609,BASE_lowR2,2313.443249511999
BOGOTÁ D.C.,PIÑAS,2022-12-01,011609,BASE_lowR2,2220.354054426455
BOGOTÁ D.C.,PIÑAS,2023-01-01,011609,BASE_lowR2,2212.341313583649
BOGOTÁ D.C.,PIÑAS,2023-02-01,011609,BASE_lowR2,2362.815873234585
BOGOTÁ D.C.,PIÑAS,2023-03-01,011609,BASE_lowR2,2633.952883224251
BOGOTÁ D.C.,PIÑAS,2023-04-01,011609,BASE_lowR2,2544.87005856011
BOGOTÁ D.C.,PIÑAS,2023-05-01,011609,BASE_lowR2,2394.1598300608566
BOGOTÁ D.C.,PIÑAS,2023-06-01,011609,BASE_lowR2,2413.2490067746007
BOGOTÁ D.C.,PIÑAS,2023-07-01,011609,BASE_lowR2,2491.255395567803
BOGOTÁ D.C.,PIÑAS,2023-08-01,011609,BASE_lowR2,2671.3063956826268
BOGOTÁ D.C.,PIÑAS,2023-09-01,011609,BASE_lowR2,2759.0930416810197
BOGOTÁ D.C.,PIÑAS,2023-10-01,011609,BASE_lowR2,2820.8382799402916
BOGOTÁ D.C.,PIÑAS,2023-11-01,011609,BASE_lowR2,2671.1885612584683
BOGOTÁ D.C.,PIÑAS,2023-12-01,011609,BASE_lowR2,2448.010161901481
BOGOTÁ D.C.,PIÑAS,2024-01-01,011609,BASE_lowR2,2458.7330944999426
BOGOTÁ D.C.,PIÑAS,2024-02-01,011609,BASE_lowR2,2617.927401538638
BOGOTÁ D.C.,PIÑAS,2024-03-01,011609,BASE_lowR2,2801.3955999540703
BOGOTÁ D.C.,PIÑAS,2024-04-01,011609,BASE_lowR2,2977.322395223332
BOGOTÁ D.C.,PIÑAS,2024-05-01,011609,BASE_lowR2,3001.8319554483865
BOGOTÁ D.C.,PIÑAS,2024-06-01,011609,BASE_lowR2,2894.602629463773
BOGOTÁ D.C.,PIÑAS,2024-07-01,011609,BASE_lowR2,2821.309617636927
BOGOTÁ D.C.,PIÑAS,2024-08-01,011609,BASE_lowR2,2811.882863704214
BOGOTÁ D.C.,PIÑAS,2024-09-01,011609,BASE_lowR2,3057.5676380755544
BOGOTÁ D.C.,PIÑAS,2024-10-01,011609,BASE_lowR2,3080.427516362384
BOGOTÁ D.C.,PIÑAS,2024-11-01,011609,BASE_lowR2,3045.7841956596626
BOGOTÁ D.C.,PIÑAS,2024-12-01,011609,BASE_lowR2,2911.3351176943393
BOGOTÁ D.C.,PLÁTANO,2019-01-01,011704,BASE,1341.8986148238155
BOGOTÁ D.C.,PLÁTANO,2019-02-01,011704,BASE,1322.2504981773998
BOGOTÁ D.C.,PLÁTANO,2019-03-01,011704,BASE,1459.1097934386394
BOGOTÁ D.C.,PLÁTANO,2019-04-01,011704,BASE,1590.955431348724
BOGOTÁ D.C.,PLÁTANO,2019-05-01,011704,BASE,1649.2222600243012
BOGOTÁ D.C.,PLÁTANO,2019-06-01,011704,BASE,1664.940753341434
BOGOTÁ D.C.,PLÁTANO,2019-07-01,011704,BASE,1704.7790036452006
BOGOTÁ D.C.,PLÁTANO,2019-08-01,011704,BASE,1614.1266585662213
BOGOTÁ D.C.,PLÁTANO,2019-09-01,011704,BASE,1712.7737545565005
BOGOTÁ D.C.,PLÁTANO,2019-10-01,011704,BASE,1697.0552612393683
BOGOTÁ D.C.,PLÁTANO,2019-11-01,011704,BASE,1553.8272660996354
BOGOTÁ D.C.,PLÁTANO,2019-12-01,011704,BASE,1356.8040826245442
BOGOTÁ D.C.,PLÁTANO,2020-01-01,011704,BASE,1225.229453219927
BOGOTÁ D.C.,PLÁTANO,2020-02-01,011704,BASE,1072.7871688942892
BOGOTÁ D.C.,PLÁTANO,2020-03-01,011704,BASE,1178.8869987849332
BOGOTÁ D.C.,PLÁTANO,2020-04-01,011704,BASE,1436.7515917375456
BOGOTÁ D.C.,PLÁTANO,2020-05-01,011704,BASE,1483.3650546780075
BOGOTÁ D.C.,PLÁTANO,2020-06-01,011704,BASE,1460.1938274605104
BOGOTÁ D.C.,PLÁTANO,2020-07-01,011704,BASE,1457.619246658566
BOGOTÁ D.C.,PLÁTANO,2020-08-01,011704,BASE,1347.5897934386392
BOGOTÁ D.C.,PLÁTANO,2020-09-01,011704,BASE,1351.5194167679222
BOGOTÁ D.C.,PLÁTANO,2020-10-01,011704,BASE,1439.8681895504253
BOGOTÁ D.C.,PLÁTANO,2020-11-01,011704,BASE,1454.7736573511545
BOGOTÁ D.C.,PLÁTANO,2020-12-01,011704,BASE,1396.3713244228434
BOGOTÁ D.C.,PLÁTANO,2021-01-01,011704,BASE,1341.221093560146
BOGOTÁ D.C.,PLÁTANO,2021-02-01,011704,BASE,1258.8345078979346
BOGOTÁ D.C.,PLÁTANO,2021-03-01,011704,BASE,1122.3817253948969
BOGOTÁ D.C.,PLÁTANO,2021-04-01,011704,BASE,1317.1013365735116
BOGOTÁ D.C.,PLÁTANO,2021-05-01,011704,BASE,1491.4953098420413
BOGOTÁ D.C.,PLÁTANO,2021-06-01,011704,BASE,1251.110765492102
BOGOTÁ D.C.,PLÁTANO,2021-07-01,011704,BASE,1134.5771081409478
BOGOTÁ D.C.,PLÁTANO,2021-08-01,011704,BASE,1290.0004860267316
BOGOTÁ D.C.,PLÁTANO,2021-09-01,011704,BASE,1541.9028918590525
BOGOTÁ D.C.,PLÁTANO,2021-10-01,011704,BASE,1674.6970595382745
BOGOTÁ D.C.,PLÁTANO,2021-11-01,011704,BASE,1744.888262454435
BOGOTÁ D.C.,PLÁTANO,2021-12-01,011704,BASE,1797.3284082624543
BOGOTÁ D.C.,PLÁTANO,2022-01-01,011704,BASE,2128.9073147023087
BOGOTÁ D.C.,PLÁTANO,2022-02-01,011704,BASE,2420.3769623329285
BOGOTÁ D.C.,PLÁTANO,2022-03-01,011704,BASE,2459.131178614824
BOGOTÁ D.C.,PLÁTANO,2022-04-01,011704,BASE,2608.72787363305
BOGOTÁ D.C.,PLÁTANO,2022-05-01,011704,BASE,2434.0628918590523
BOGOTÁ D.C.,PLÁTANO,2022-06-01,011704,BASE,2204.654191980559
BOGOTÁ D.C.,PLÁTANO,2022-07-01,011704,BASE,2196.659441069259
BOGOTÁ D.C.,PLÁTANO,2022-08-01,011704,BASE,2240.969331713244
BOGOTÁ D.C.,PLÁTANO,2022-09-01,011704,BASE,2324.9819684082627
BOGOTÁ D.C.,PLÁTANO,2022-10-01,011704,BASE,2366.852782503038
BOGOTÁ D.C.,PLÁTANO,2022-11-01,011704,BASE,2329.453608748481
BOGOTÁ D.C.,PLÁTANO,2022-12-01,011704,BASE,2670.788821385176
BOGOTÁ D.C.,PLÁTANO,2023-01-01,011704,BASE,2949.9275820170105
BOGOTÁ D.C.,PLÁTANO,2023-02-01,011704,BASE,3136.1104252733903
BOGOTÁ D.C.,PLÁTANO,2023-03-01,011704,BASE,3518.9099392466587
BOGOTÁ D.C.,PLÁTANO,2023-04-01,011704,BASE,3486.930935601458
BOGOTÁ D.C.,PLÁTANO,2023-05-01,011704,BASE,3077.572588092345
BOGOTÁ D.C.,PLÁTANO,2023-06-01,011704,BASE,2540.7047387606317
BOGOTÁ D.C.,PLÁTANO,2023-07-01,011704,BASE,2410.2141433778856
BOGOTÁ D.C.,PLÁTANO,2023-08-01,011704,BASE,2268.205686512758
BOGOTÁ D.C.,PLÁTANO,2023-09-01,011704,BASE,2145.8453462940465
BOGOTÁ D.C.,PLÁTANO,2023-10-01,011704,BASE,2185.819100850547
BOGOTÁ D.C.,PLÁTANO,2023-11-01,011704,BASE,2075.247630619684
BOGOTÁ D.C.,PLÁTANO,2023-12-01,011704,BASE,1928.2255164034023
BOGOTÁ D.C.,PLÁTANO,2024-01-01,011704,BASE,1877.9534386391251
BOGOTÁ D.C.,PLÁTANO,2024-02-01,011704,BASE,1928.9030376670717
BOGOTÁ D.C.,PLÁTANO,2024-03-01,011704,BASE,2104.5165492102064
BOGOTÁ D.C.,PLÁTANO,2024-04-01,011704,BASE,2317.9357472660995
BOGOTÁ D.C.,PLÁTANO,2024-05-01,011704,BASE,2404.5229647630617
BOGOTÁ D.C.,PLÁTANO,2024-06-01,011704,BASE,2378.0996354799518
BOGOTÁ D.C.,PLÁTANO,2024-07-01,011704,BASE,2235.9556743620897
BOGOTÁ D.C.,PLÁTANO,2024-08-01,011704,BASE,2196.659441069259
BOGOTÁ D.C.,PLÁTANO,2024-09-01,011704,BASE,2196.388432563791
BOGOTÁ D.C.,PLÁTANO,2024-10-01,011704,BASE,2307.908432563791
BOGOTÁ D.C.,PLÁTANO,2024-11-01,011704,BASE,2463.6028189550425
BOGOTÁ D.C.,PLÁTANO,2024-12-01,011704,BASE,2460.215212636695
BOGOTÁ D.C.,POLLO DESPRESADO POR LIBRA,2019-01-01,011203,D_city,4818.924970445326
BOGOTÁ D.C.,POLLO DESPRESADO POR LIBRA,2019-02-01,011203,D_city,4840.115173321158
BOGOTÁ D.C.,POLLO DESPRESADO POR LIBRA,2019-03-01,011203,D_city,4848.726091145915
BOGOTÁ D.C.,POLLO DESPRESADO POR LIBRA,2019-04-01,011203,D_city,4854.105333332088
BOGOTÁ D.C.,POLLO DESPRESADO POR LIBRA,2019-05-01,011203,D_city,4827.548444734899
BOGOTÁ D.C.,POLLO DESPRESADO POR LIBRA,2019-06-01,011203,D_city,4834.371730890734
BOGOTÁ D.C.,POLLO DESPRESADO POR LIBRA,2019-07-01,011203,D_city,4856.973452118396
BOGOTÁ D.C.,POLLO DESPRESADO POR LIBRA,2019-08-01,011203,D_city,4867.365667026703
BOGOTÁ D.C.,POLLO DESPRESADO POR LIBRA,2019-09-01,011203,D_city,4868.440302524015
BOGOTÁ D.C.,POLLO DESPRESADO POR LIBRA,2019-10-01,011203,D_city,4882.403397770774
BOGOTÁ D.C.,POLLO DESPRESADO POR LIBRA,2019-11-01,011203,D_city,4901.357636071719
BOGOTÁ D.C.,POLLO DESPRESADO POR LIBRA,2019-12-01,011203,D_city,4908.14661661252
BOGOTÁ D.C.,POLLO DESPRESADO POR LIBRA,2020-01-01,011203,D_city,4918.145743624655
BOGOTÁ D.C.,POLLO DESPRESADO POR LIBRA,2020-02-01,011203,D_city,4939.549727691249
BOGOTÁ D.C.,POLLO DESPRESADO POR LIBRA,2020-03-01,011203,D_city,4948.102686618564
BOGOTÁ D.C.,POLLO DESPRESADO POR LIBRA,2020-04-01,011203,D_city,4857.331927367532
BOGOTÁ D.C.,POLLO DESPRESADO POR LIBRA,2020-05-01,011203,D_city,4860.199412787934
BOGOTÁ D.C.,POLLO DESPRESADO POR LIBRA,2020-06-01,011203,D_city,4971.953740231572
BOGOTÁ D.C.,POLLO DESPRESADO POR LIBRA,2020-07-01,011203,D_city,5019.542200810334
BOGOTÁ D.C.,POLLO DESPRESADO POR LIBRA,2020-08-01,011203,D_city,5038.323100610848
BOGOTÁ D.C.,POLLO DESPRESADO POR LIBRA,2020-09-01,011203,D_city,4988.307081399998
BOGOTÁ D.C.,POLLO DESPRESADO POR LIBRA,2020-10-01,011203,D_city,4983.331867016209
BOGOTÁ D.C.,POLLO DESPRESADO POR LIBRA,2020-11-01,011203,D_city,4969.107856036426
BOGOTÁ D.C.,POLLO DESPRESADO POR LIBRA,2020-12-01,011203,D_city,5014.222610824206
BOGOTÁ D.C.,POLLO DESPRESADO POR LIBRA,2021-01-01,011203,D_city,5078.6411558257905
BOGOTÁ D.C.,POLLO DESPRESADO POR LIBRA,2021-02-01,011203,D_city,5104.755624426198
BOGOTÁ D.C.,POLLO DESPRESADO POR LIBRA,2021-03-01,011203,D_city,5182.132795810347
BOGOTÁ D.C.,POLLO DESPRESADO POR LIBRA,2021-04-01,011203,D_city,5276.922920650963
BOGOTÁ D.C.,POLLO DESPRESADO POR LIBRA,2021-05-01,011203,D_city,5439.303616287804
BOGOTÁ D.C.,POLLO DESPRESADO POR LIBRA,2021-06-01,011203,D_city,5575.110321579377
BOGOTÁ D.C.,POLLO DESPRESADO POR LIBRA,2021-07-01,011203,D_city,5619.22386130494
BOGOTÁ D.C.,POLLO DESPRESADO POR LIBRA,2021-08-01,011203,D_city,5761.383947915759
BOGOTÁ D.C.,POLLO DESPRESADO POR LIBRA,2021-09-01,011203,D_city,5787.44373661647
BOGOTÁ D.C.,POLLO DESPRESADO POR LIBRA,2021-10-01,011203,D_city,5837.760745729855
BOGOTÁ D.C.,POLLO DESPRESADO POR LIBRA,2021-11-01,011203,D_city,5824.267028988346
BOGOTÁ D.C.,POLLO DESPRESADO POR LIBRA,2021-12-01,011203,D_city,5882.8894184364135
BOGOTÁ D.C.,POLLO DESPRESADO POR LIBRA,2022-01-01,011203,D_city,5996.214640639632
BOGOTÁ D.C.,POLLO DESPRESADO POR LIBRA,2022-02-01,011203,D_city,6042.6121665998835
BOGOTÁ D.C.,POLLO DESPRESADO POR LIBRA,2022-03-01,011203,D_city,6082.905132908678
BOGOTÁ D.C.,POLLO DESPRESADO POR LIBRA,2022-04-01,011203,D_city,6146.991216079562
BOGOTÁ D.C.,POLLO DESPRESADO POR LIBRA,2022-05-01,011203,D_city,6206.89142965947
BOGOTÁ D.C.,POLLO DESPRESADO POR LIBRA,2022-06-01,011203,D_city,6294.245880520108
BOGOTÁ D.C.,POLLO DESPRESADO POR LIBRA,2022-07-01,011203,D_city,6389.709048148155
BOGOTÁ D.C.,POLLO DESPRESADO POR LIBRA,2022-08-01,011203,D_city,6413.909183471441
BOGOTÁ D.C.,POLLO DESPRESADO POR LIBRA,2022-09-01,011203,D_city,6459.936479857715
BOGOTÁ D.C.,POLLO DESPRESADO POR LIBRA,2022-10-01,011203,D_city,6532.834688172941
BOGOTÁ D.C.,POLLO DESPRESADO POR LIBRA,2022-11-01,011203,D_city,6539.979719696864
BOGOTÁ D.C.,POLLO DESPRESADO POR LIBRA,2022-12-01,011203,D_city,6593.485079166079
BOGOTÁ D.C.,POLLO DESPRESADO POR LIBRA,2023-01-01,011203,D_city,6643.93951816568
BOGOTÁ D.C.,POLLO DESPRESADO POR LIBRA,2023-02-01,011203,D_city,6643.293473970304
BOGOTÁ D.C.,POLLO DESPRESADO POR LIBRA,2023-03-01,011203,D_city,6629.075210475913
BOGOTÁ D.C.,POLLO DESPRESADO POR LIBRA,2023-04-01,011203,D_city,6721.314149395301
BOGOTÁ D.C.,POLLO DESPRESADO POR LIBRA,2023-05-01,011203,D_city,6744.147338848271
BOGOTÁ D.C.,POLLO DESPRESADO POR LIBRA,2023-06-01,011203,D_city,6798.0731778423
BOGOTÁ D.C.,POLLO DESPRESADO POR LIBRA,2023-07-01,011203,D_city,6912.834447917777
BOGOTÁ D.C.,POLLO DESPRESADO POR LIBRA,2023-08-01,011203,D_city,7014.914246826932
BOGOTÁ D.C.,POLLO DESPRESADO POR LIBRA,2023-09-01,011203,D_city,7028.867920693648
BOGOTÁ D.C.,POLLO DESPRESADO POR LIBRA,2023-10-01,011203,D_city,7051.364679943586
BOGOTÁ D.C.,POLLO DESPRESADO POR LIBRA,2023-11-01,011203,D_city,7019.037882986782
BOGOTÁ D.C.,POLLO DESPRESADO POR LIBRA,2023-12-01,011203,D_city,7037.425843458869
BOGOTÁ D.C.,POLLO DESPRESADO POR LIBRA,2024-01-01,011203,D_city,7117.449634533641
BOGOTÁ D.C.,POLLO DESPRESADO POR LIBRA,2024-02-01,011203,D_city,7153.4100457852
BOGOTÁ D.C.,POLLO DESPRESADO POR LIBRA,2024-03-01,011203,D_city,7084.907066043638
BOGOTÁ D.C.,POLLO DESPRESADO POR LIBRA,2024-04-01,011203,D_city,7093.75850001865
BOGOTÁ D.C.,POLLO DESPRESADO POR LIBRA,2024-05-01,011203,D_city,7156.561597811427
BOGOTÁ D.C.,POLLO DESPRESADO POR LIBRA,2024-06-01,011203,D_city,7154.040393117744
BOGOTÁ D.C.,POLLO DESPRESADO POR LIBRA,2024-07-01,011203,D_city,7137.96076022161
BOGOTÁ D.C.,POLLO DESPRESADO POR LIBRA,2024-08-01,011203,D_city,7154.355559858964
BOGOTÁ D.C.,POLLO DESPRESADO POR LIBRA,2024-09-01,011203,D_city,7133.229164660498
BOGOTÁ D.C.,POLLO DESPRESADO POR LIBRA,2024-10-01,011203,D_city,7134.806479099887
BOGOTÁ D.C.,POLLO DESPRESADO POR LIBRA,2024-11-01,011203,D_city,7144.2679326302605
BOGOTÁ D.C.,POLLO DESPRESADO POR LIBRA,2024-12-01,011203,D_city,7169.163195412382
BOGOTÁ D.C.,POLLO ENTERO POR LIBRA,2019-01-01,011203,D_city,3654.539009173647
BOGOTÁ D.C.,POLLO ENTERO POR LIBRA,2019-02-01,011203,D_city,3676.1635372825567
BOGOTÁ D.C.,POLLO ENTERO POR LIBRA,2019-03-01,011203,D_city,3684.960284154114
BOGOTÁ D.C.,POLLO ENTERO POR LIBRA,2019-04-01,011203,D_city,3690.458347159028
BOGOTÁ D.C.,POLLO ENTERO POR LIBRA,2019-05-01,011203,D_city,3663.3352885293502
BOGOTÁ D.C.,POLLO ENTERO POR LIBRA,2019-06-01,011203,D_city,3670.299144812659
BOGOTÁ D.C.,POLLO ENTERO POR LIBRA,2019-07-01,011203,D_city,3693.39067764304
BOGOTÁ D.C.,POLLO ENTERO POR LIBRA,2019-08-01,011203,D_city,3704.0205515480325
BOGOTÁ D.C.,POLLO ENTERO POR LIBRA,2019-09-01,011203,D_city,3705.1202093933243
BOGOTÁ D.C.,POLLO ENTERO POR LIBRA,2019-10-01,011203,D_city,3719.4160289408965
BOGOTÁ D.C.,POLLO ENTERO POR LIBRA,2019-11-01,011203,D_city,3738.844475177993
BOGOTÁ D.C.,POLLO ENTERO POR LIBRA,2019-12-01,011203,D_city,3745.8096118437693
BOGOTÁ D.C.,POLLO ENTERO POR LIBRA,2020-01-01,011203,D_city,3756.074236627434
BOGOTÁ D.C.,POLLO ENTERO POR LIBRA,2020-02-01,011203,D_city,3778.0707122579497
BOGOTÁ D.C.,POLLO ENTERO POR LIBRA,2020-03-01,011203,D_city,3786.8696263158936
BOGOTÁ D.C.,POLLO ENTERO POR LIBRA,2020-04-01,011203,D_city,3693.7572204302824
BOGOTÁ D.C.,POLLO ENTERO POR LIBRA,2020-05-01,011203,D_city,3696.6895745356323
BOGOTÁ D.C.,POLLO ENTERO POR LIBRA,2020-06-01,011203,D_city,3811.4342360026253
BOGOTÁ D.C.,POLLO ENTERO POR LIBRA,2020-07-01,011203,D_city,3860.5677304025085
BOGOTÁ D.C.,POLLO ENTERO POR LIBRA,2020-08-01,011203,D_city,3880.0026880803384
BOGOTÁ D.C.,POLLO ENTERO POR LIBRA,2020-09-01,011203,D_city,3828.300317731613
BOGOTÁ D.C.,POLLO ENTERO POR LIBRA,2020-10-01,011203,D_city,3823.167091340816
BOGOTÁ D.C.,POLLO ENTERO POR LIBRA,2020-11-01,011203,D_city,3808.501073027171
BOGOTÁ D.C.,POLLO ENTERO POR LIBRA,2020-12-01,011203,D_city,3855.0674307016116
BOGOTÁ D.C.,POLLO ENTERO POR LIBRA,2021-01-01,011203,D_city,3921.8091519065592
BOGOTÁ D.C.,POLLO ENTERO POR LIBRA,2021-02-01,011203,D_city,3948.9488353221714
BOGOTÁ D.C.,POLLO ENTERO POR LIBRA,2021-03-01,011203,D_city,4029.6442727851136
BOGOTÁ D.C.,POLLO ENTERO POR LIBRA,2021-04-01,011203,D_city,4129.0663890822
BOGOTÁ D.C.,POLLO ENTERO POR LIBRA,2021-05-01,011203,D_city,4300.812717389743
BOGOTÁ D.C.,POLLO ENTERO POR LIBRA,2021-06-01,011203,D_city,4445.817818053081
BOGOTÁ D.C.,POLLO ENTERO POR LIBRA,2021-07-01,011203,D_city,4493.183224885153
BOGOTÁ D.C.,POLLO ENTERO POR LIBRA,2021-08-01,011203,D_city,4646.69253621369
BOGOTÁ D.C.,POLLO ENTERO POR LIBRA,2021-09-01,011203,D_city,4674.975602483458
BOGOTÁ D.C.,POLLO ENTERO POR LIBRA,2021-10-01,011203,D_city,4729.709547018757
BOGOTÁ D.C.,POLLO ENTERO POR LIBRA,2021-11-01,011203,D_city,4715.01530690194
BOGOTÁ D.C.,POLLO ENTERO POR LIBRA,2021-12-01,011203,D_city,4778.93824444875
BOGOTÁ D.C.,POLLO ENTERO POR LIBRA,2022-01-01,011203,D_city,4903.132340883993
BOGOTÁ D.C.,POLLO ENTERO POR LIBRA,2022-02-01,011203,D_city,4954.214520380692
BOGOTÁ D.C.,POLLO ENTERO POR LIBRA,2022-03-01,011203,D_city,4998.685611011834
BOGOTÁ D.C.,POLLO ENTERO POR LIBRA,2022-04-01,011203,D_city,5069.626211278797
BOGOTÁ D.C.,POLLO ENTERO POR LIBRA,2022-05-01,011203,D_city,5136.1641361973225
BOGOTÁ D.C.,POLLO ENTERO POR LIBRA,2022-06-01,011203,D_city,5233.595538461276
BOGOTÁ D.C.,POLLO ENTERO POR LIBRA,2022-07-01,011203,D_city,5340.60508693801
BOGOTÁ D.C.,POLLO ENTERO POR LIBRA,2022-08-01,011203,D_city,5367.820237008583
BOGOTÁ D.C.,POLLO ENTERO POR LIBRA,2022-09-01,011203,D_city,5419.679570827097
BOGOTÁ D.C.,POLLO ENTERO POR LIBRA,2022-10-01,011203,D_city,5502.075217165701
BOGOTÁ D.C.,POLLO ENTERO POR LIBRA,2022-11-01,011203,D_city,5510.168249654112
BOGOTÁ D.C.,POLLO ENTERO POR LIBRA,2022-12-01,011203,D_city,5570.869399997022
BOGOTÁ D.C.,POLLO ENTERO POR LIBRA,2023-01-01,011203,D_city,5628.265066416396
BOGOTÁ D.C.,POLLO ENTERO POR LIBRA,2023-02-01,011203,D_city,5627.529191016607
BOGOTÁ D.C.,POLLO ENTERO POR LIBRA,2023-03-01,011203,D_city,5611.340151992565
BOGOTÁ D.C.,POLLO ENTERO POR LIBRA,2023-04-01,011203,D_city,5716.576382553175
BOGOTÁ D.C.,POLLO ENTERO POR LIBRA,2023-05-01,011203,D_city,5742.704180860373
BOGOTÁ D.C.,POLLO ENTERO POR LIBRA,2023-06-01,011203,D_city,5804.531965076599
BOGOTÁ D.C.,POLLO ENTERO POR LIBRA,2023-07-01,011203,D_city,5936.671883748069
BOGOTÁ D.C.,POLLO ENTERO POR LIBRA,2023-08-01,011203,D_city,6054.847334869275
BOGOTÁ D.C.,POLLO ENTERO POR LIBRA,2023-09-01,011203,D_city,6071.047469549888
BOGOTÁ D.C.,POLLO ENTERO POR LIBRA,2023-10-01,011203,D_city,6097.189417721598
BOGOTÁ D.C.,POLLO ENTERO POR LIBRA,2023-11-01,011203,D_city,6059.633697656076
BOGOTÁ D.C.,POLLO ENTERO POR LIBRA,2023-12-01,011203,D_city,6080.988654387899
BOGOTÁ D.C.,POLLO ENTERO POR LIBRA,2024-01-01,011203,D_city,6174.148328533307
BOGOTÁ D.C.,POLLO ENTERO POR LIBRA,2024-02-01,011203,D_city,6216.129570151244
BOGOTÁ D.C.,POLLO ENTERO POR LIBRA,2024-03-01,011203,D_city,6136.220121790282
BOGOTÁ D.C.,POLLO ENTERO POR LIBRA,2024-04-01,011203,D_city,6146.530493541999
BOGOTÁ D.C.,POLLO ENTERO POR LIBRA,2024-05-01,011203,D_city,6219.812257454736
BOGOTÁ D.C.,POLLO ENTERO POR LIBRA,2024-06-01,011203,D_city,6216.866106038082
BOGOTÁ D.C.,POLLO ENTERO POR LIBRA,2024-07-01,011203,D_city,6198.084687022287
BOGOTÁ D.C.,POLLO ENTERO POR LIBRA,2024-08-01,011203,D_city,6217.234374276642
BOGOTÁ D.C.,POLLO ENTERO POR LIBRA,2024-09-01,011203,D_city,6192.560837868269
BOGOTÁ D.C.,POLLO ENTERO POR LIBRA,2024-10-01,011203,D_city,6194.402115983694
BOGOTÁ D.C.,POLLO ENTERO POR LIBRA,2024-11-01,011203,D_city,6205.449888290159
BOGOTÁ D.C.,POLLO ENTERO POR LIBRA,2024-12-01,011203,D_city,6234.543203218184
BOGOTÁ D.C.,QUESO CAMPESINO,2019-01-01,011402,BASE,10569.62555450684
BOGOTÁ D.C.,QUESO CAMPESINO,2019-02-01,011402,BASE,10601.214393581879
BOGOTÁ D.C.,QUESO CAMPESINO,2019-03-01,011402,BASE,10712.828291647003
BOGOTÁ D.C.,QUESO CAMPESINO,2019-04-01,011402,BASE,10709.669407739499
BOGOTÁ D.C.,QUESO CAMPESINO,2019-05-01,011402,BASE,10753.893782444547
BOGOTÁ D.C.,QUESO CAMPESINO,2019-06-01,011402,BASE,10800.224079754598
BOGOTÁ D.C.,QUESO CAMPESINO,2019-07-01,011402,BASE,10780.217815007078
BOGOTÁ D.C.,QUESO CAMPESINO,2019-08-01,011402,BASE,10770.741163284569
BOGOTÁ D.C.,QUESO CAMPESINO,2019-09-01,011402,BASE,10851.81918357716
BOGOTÁ D.C.,QUESO CAMPESINO,2019-10-01,011402,BASE,10832.865880132136
BOGOTÁ D.C.,QUESO CAMPESINO,2019-11-01,011402,BASE,10925.526474752241
BOGOTÁ D.C.,QUESO CAMPESINO,2019-12-01,011402,BASE,10935.00312647475
BOGOTÁ D.C.,QUESO CAMPESINO,2020-01-01,011402,BASE,10986.59823029731
BOGOTÁ D.C.,QUESO CAMPESINO,2020-02-01,011402,BASE,11151.913154789994
BOGOTÁ D.C.,QUESO CAMPESINO,2020-03-01,011402,BASE,11252.997439830107
BOGOTÁ D.C.,QUESO CAMPESINO,2020-04-01,011402,BASE,11435.159745162811
BOGOTÁ D.C.,QUESO CAMPESINO,2020-05-01,011402,BASE,11594.15690184049
BOGOTÁ D.C.,QUESO CAMPESINO,2020-06-01,011402,BASE,11588.892095327983
BOGOTÁ D.C.,QUESO CAMPESINO,2020-07-01,011402,BASE,11504.65519112789
BOGOTÁ D.C.,QUESO CAMPESINO,2020-08-01,011402,BASE,11615.216127890513
BOGOTÁ D.C.,QUESO CAMPESINO,2020-09-01,011402,BASE,11582.574327512977
BOGOTÁ D.C.,QUESO CAMPESINO,2020-10-01,011402,BASE,11422.524209532798
BOGOTÁ D.C.,QUESO CAMPESINO,2020-11-01,011402,BASE,11549.932527135441
BOGOTÁ D.C.,QUESO CAMPESINO,2020-12-01,011402,BASE,11575.203598395468
BOGOTÁ D.C.,QUESO CAMPESINO,2021-01-01,011402,BASE,11552.038449740443
BOGOTÁ D.C.,QUESO CAMPESINO,2021-02-01,011402,BASE,11559.40917885795
BOGOTÁ D.C.,QUESO CAMPESINO,2021-03-01,011402,BASE,11437.265667767815
BOGOTÁ D.C.,QUESO CAMPESINO,2021-04-01,011402,BASE,11619.427973100517
BOGOTÁ D.C.,QUESO CAMPESINO,2021-05-01,011402,BASE,11708.929683813118
BOGOTÁ D.C.,QUESO CAMPESINO,2021-06-01,011402,BASE,11740.518522888153
BOGOTÁ D.C.,QUESO CAMPESINO,2021-07-01,011402,BASE,11738.41260028315
BOGOTÁ D.C.,QUESO CAMPESINO,2021-08-01,011402,BASE,11857.397227465783
BOGOTÁ D.C.,QUESO CAMPESINO,2021-09-01,011402,BASE,11989.017390278432
BOGOTÁ D.C.,QUESO CAMPESINO,2021-10-01,011402,BASE,12097.472404436054
BOGOTÁ D.C.,QUESO CAMPESINO,2021-11-01,011402,BASE,12425.996330816422
BOGOTÁ D.C.,QUESO CAMPESINO,2021-12-01,011402,BASE,12456.532208588957
BOGOTÁ D.C.,QUESO CAMPESINO,2022-01-01,011402,BASE,12665.018546484189
BOGOTÁ D.C.,QUESO CAMPESINO,2022-02-01,011402,BASE,12939.841446436996
BOGOTÁ D.C.,QUESO CAMPESINO,2022-03-01,011402,BASE,13531.605698442658
BOGOTÁ D.C.,QUESO CAMPESINO,2022-04-01,011402,BASE,14040.18600755073
BOGOTÁ D.C.,QUESO CAMPESINO,2022-05-01,011402,BASE,14262.360842378477
BOGOTÁ D.C.,QUESO CAMPESINO,2022-06-01,011402,BASE,15054.187741859367
BOGOTÁ D.C.,QUESO CAMPESINO,2022-07-01,011402,BASE,15124.736149126944
BOGOTÁ D.C.,QUESO CAMPESINO,2022-08-01,011402,BASE,15248.985582822084
BOGOTÁ D.C.,QUESO CAMPESINO,2022-09-01,011402,BASE,15102.623961774421
BOGOTÁ D.C.,QUESO CAMPESINO,2022-10-01,011402,BASE,15146.848336479468
BOGOTÁ D.C.,QUESO CAMPESINO,2022-11-01,011402,BASE,15702.811904200093
BOGOTÁ D.C.,QUESO CAMPESINO,2022-12-01,011402,BASE,15954.469655497876
BOGOTÁ D.C.,QUESO CAMPESINO,2023-01-01,011402,BASE,16290.36431099575
BOGOTÁ D.C.,QUESO CAMPESINO,2023-02-01,011402,BASE,16696.807373761203
BOGOTÁ D.C.,QUESO CAMPESINO,2023-03-01,011402,BASE,16947.412163756486
BOGOTÁ D.C.,QUESO CAMPESINO,2023-04-01,011402,BASE,16951.624008966493
BOGOTÁ D.C.,QUESO CAMPESINO,2023-05-01,011402,BASE,17067.449752241624
BOGOTÁ D.C.,QUESO CAMPESINO,2023-06-01,011402,BASE,17046.390526191597
BOGOTÁ D.C.,QUESO CAMPESINO,2023-07-01,011402,BASE,16963.206583294002
BOGOTÁ D.C.,QUESO CAMPESINO,2023-08-01,011402,BASE,17167.48107597923
BOGOTÁ D.C.,QUESO CAMPESINO,2023-09-01,011402,BASE,17215.917295894287
BOGOTÁ D.C.,QUESO CAMPESINO,2023-10-01,011402,BASE,17477.05169891458
BOGOTÁ D.C.,QUESO CAMPESINO,2023-11-01,011402,BASE,17574.97710004719
BOGOTÁ D.C.,QUESO CAMPESINO,2023-12-01,011402,BASE,17699.22653374233
BOGOTÁ D.C.,QUESO CAMPESINO,2024-01-01,011402,BASE,17926.666175082588
BOGOTÁ D.C.,QUESO CAMPESINO,2024-02-01,011402,BASE,18110.93440302029
BOGOTÁ D.C.,QUESO CAMPESINO,2024-03-01,011402,BASE,18093.03406087777
BOGOTÁ D.C.,QUESO CAMPESINO,2024-04-01,011402,BASE,18095.13998348277
BOGOTÁ D.C.,QUESO CAMPESINO,2024-05-01,011402,BASE,18004.585311467672
BOGOTÁ D.C.,QUESO CAMPESINO,2024-06-01,011402,BASE,17940.3546720151
BOGOTÁ D.C.,QUESO CAMPESINO,2024-07-01,011402,BASE,18023.538614912693
BOGOTÁ D.C.,QUESO CAMPESINO,2024-08-01,011402,BASE,17783.46343794242
BOGOTÁ D.C.,QUESO CAMPESINO,2024-09-01,011402,BASE,17601.30113260972
BOGOTÁ D.C.,QUESO CAMPESINO,2024-10-01,011402,BASE,17752.92756016989
BOGOTÁ D.C.,QUESO CAMPESINO,2024-11-01,011402,BASE,17695.014688532327
BOGOTÁ D.C.,QUESO CAMPESINO,2024-12-01,011402,BASE,17722.391682397356
BOGOTÁ D.C.,REPOLLO,2019-01-01,011716,BASE_lowR2,1485.5831904090269
BOGOTÁ D.C.,REPOLLO,2019-02-01,011716,BASE_lowR2,1530.306431593794
BOGOTÁ D.C.,REPOLLO,2019-03-01,011716,BASE_lowR2,1484.0114471086038
BOGOTÁ D.C.,REPOLLO,2019-04-01,011716,BASE_lowR2,1605.7501100141044
BOGOTÁ D.C.,REPOLLO,2019-05-01,011716,BASE_lowR2,1574.6010155148097
BOGOTÁ D.C.,REPOLLO,2019-06-01,011716,BASE_lowR2,1545.7380930888578
BOGOTÁ D.C.,REPOLLO,2019-07-01,011716,BASE_lowR2,1593.6048208744712
BOGOTÁ D.C.,REPOLLO,2019-08-01,011716,BASE_lowR2,1588.603819464034
BOGOTÁ D.C.,REPOLLO,2019-09-01,011716,BASE_lowR2,1586.0318758815233
BOGOTÁ D.C.,REPOLLO,2019-10-01,011716,BASE_lowR2,1711.7713399153738
BOGOTÁ D.C.,REPOLLO,2019-11-01,011716,BASE_lowR2,1642.75752045134
BOGOTÁ D.C.,REPOLLO,2019-12-01,011716,BASE_lowR2,1570.457328631876
BOGOTÁ D.C.,REPOLLO,2020-01-01,011716,BASE_lowR2,1663.4759548660086
BOGOTÁ D.C.,REPOLLO,2020-02-01,011716,BASE_lowR2,1720.344485190409
BOGOTÁ D.C.,REPOLLO,2020-03-01,011716,BASE_lowR2,1905.3815373765867
BOGOTÁ D.C.,REPOLLO,2020-04-01,011716,BASE_lowR2,1872.517813822285
BOGOTÁ D.C.,REPOLLO,2020-05-01,011716,BASE_lowR2,1816.0779407616358
BOGOTÁ D.C.,REPOLLO,2020-06-01,011716,BASE_lowR2,1820.9360564174892
BOGOTÁ D.C.,REPOLLO,2020-07-01,011716,BASE_lowR2,1704.0555091678423
BOGOTÁ D.C.,REPOLLO,2020-08-01,011716,BASE_lowR2,1688.3380761636106
BOGOTÁ D.C.,REPOLLO,2020-09-01,011716,BASE_lowR2,1769.21141325811
BOGOTÁ D.C.,REPOLLO,2020-10-01,011716,BASE_lowR2,1760.2096107193229
BOGOTÁ D.C.,REPOLLO,2020-11-01,011716,BASE_lowR2,1709.342282087447
BOGOTÁ D.C.,REPOLLO,2020-12-01,011716,BASE_lowR2,1832.795574047955
BOGOTÁ D.C.,REPOLLO,2021-01-01,011716,BASE_lowR2,1933.530031029619
BOGOTÁ D.C.,REPOLLO,2021-02-01,011716,BASE_lowR2,1939.1025754583923
BOGOTÁ D.C.,REPOLLO,2021-03-01,011716,BASE_lowR2,1979.682129760226
BOGOTÁ D.C.,REPOLLO,2021-04-01,011716,BASE_lowR2,2124.568284908322
BOGOTÁ D.C.,REPOLLO,2021-05-01,011716,BASE_lowR2,2180.2937291960507
BOGOTÁ D.C.,REPOLLO,2021-06-01,011716,BASE_lowR2,2190.438617771509
BOGOTÁ D.C.,REPOLLO,2021-07-01,011716,BASE_lowR2,2229.4464287729197
BOGOTÁ D.C.,REPOLLO,2021-08-01,011716,BASE_lowR2,2189.4384174894217
BOGOTÁ D.C.,REPOLLO,2021-09-01,011716,BASE_lowR2,2202.5839069111425
BOGOTÁ D.C.,REPOLLO,2021-10-01,011716,BASE_lowR2,2094.5622764456984
BOGOTÁ D.C.,REPOLLO,2021-11-01,011716,BASE_lowR2,2101.7065641748945
BOGOTÁ D.C.,REPOLLO,2021-12-01,011716,BASE_lowR2,2129.283514809591
BOGOTÁ D.C.,REPOLLO,2022-01-01,011716,BASE_lowR2,2213.0145669957687
BOGOTÁ D.C.,REPOLLO,2022-02-01,011716,BASE_lowR2,2289.6013314527504
BOGOTÁ D.C.,REPOLLO,2022-03-01,011716,BASE_lowR2,2387.3351875881526
BOGOTÁ D.C.,REPOLLO,2022-04-01,011716,BASE_lowR2,2495.3568180535963
BOGOTÁ D.C.,REPOLLO,2022-05-01,011716,BASE_lowR2,2523.362425952045
BOGOTÁ D.C.,REPOLLO,2022-06-01,011716,BASE_lowR2,2624.09688293371
BOGOTÁ D.C.,REPOLLO,2022-07-01,011716,BASE_lowR2,2737.1195148095912
BOGOTÁ D.C.,REPOLLO,2022-08-01,011716,BASE_lowR2,2839.2828293370944
BOGOTÁ D.C.,REPOLLO,2022-09-01,011716,BASE_lowR2,2886.0064710860365
BOGOTÁ D.C.,REPOLLO,2022-10-01,011716,BASE_lowR2,2801.989647390691
BOGOTÁ D.C.,REPOLLO,2022-11-01,011716,BASE_lowR2,2815.278022566996
BOGOTÁ D.C.,REPOLLO,2022-12-01,011716,BASE_lowR2,2818.993052186178
BOGOTÁ D.C.,REPOLLO,2023-01-01,011716,BASE_lowR2,2790.558787023978
BOGOTÁ D.C.,REPOLLO,2023-02-01,011716,BASE_lowR2,2848.2846318758816
BOGOTÁ D.C.,REPOLLO,2023-03-01,011716,BASE_lowR2,2901.723904090268
BOGOTÁ D.C.,REPOLLO,2023-04-01,011716,BASE_lowR2,2997.3144739069116
BOGOTÁ D.C.,REPOLLO,2023-05-01,011716,BASE_lowR2,2890.435929478138
BOGOTÁ D.C.,REPOLLO,2023-06-01,011716,BASE_lowR2,2711.400078984485
BOGOTÁ D.C.,REPOLLO,2023-07-01,011716,BASE_lowR2,2682.5371565585333
BOGOTÁ D.C.,REPOLLO,2023-08-01,011716,BASE_lowR2,2753.265605077574
BOGOTÁ D.C.,REPOLLO,2023-09-01,011716,BASE_lowR2,2751.122318758815
BOGOTÁ D.C.,REPOLLO,2023-10-01,011716,BASE_lowR2,2728.117712270804
BOGOTÁ D.C.,REPOLLO,2023-11-01,011716,BASE_lowR2,2688.3954724964738
BOGOTÁ D.C.,REPOLLO,2023-12-01,011716,BASE_lowR2,2685.5377574047952
BOGOTÁ D.C.,REPOLLO,2024-01-01,011716,BASE_lowR2,2797.7030747531735
BOGOTÁ D.C.,REPOLLO,2024-02-01,011716,BASE_lowR2,2840.8545726375173
BOGOTÁ D.C.,REPOLLO,2024-03-01,011716,BASE_lowR2,2898.723303244006
BOGOTÁ D.C.,REPOLLO,2024-04-01,011716,BASE_lowR2,2957.735119887165
BOGOTÁ D.C.,REPOLLO,2024-05-01,011716,BASE_lowR2,3112.7661636107196
BOGOTÁ D.C.,REPOLLO,2024-06-01,011716,BASE_lowR2,3277.799210155148
BOGOTÁ D.C.,REPOLLO,2024-07-01,011716,BASE_lowR2,3321.3793653032435
BOGOTÁ D.C.,REPOLLO,2024-08-01,011716,BASE_lowR2,3111.051534555712
BOGOTÁ D.C.,REPOLLO,2024-09-01,011716,BASE_lowR2,3044.609658674189
BOGOTÁ D.C.,REPOLLO,2024-10-01,011716,BASE_lowR2,2974.1669816643157
BOGOTÁ D.C.,REPOLLO,2024-11-01,011716,BASE_lowR2,2925.7287108603664
BOGOTÁ D.C.,REPOLLO,2024-12-01,011716,BASE_lowR2,2928.872197461213
BOGOTÁ D.C.,SAL,2019-01-01,011902,BASE,613.4700627034848
BOGOTÁ D.C.,SAL,2019-02-01,011902,BASE,615.6067382129506
BOGOTÁ D.C.,SAL,2019-03-01,011902,BASE,614.8131158808633
BOGOTÁ D.C.,SAL,2019-04-01,011902,BASE,617.8655094658144
BOGOTÁ D.C.,SAL,2019-05-01,011902,BASE,637.9502592547931
BOGOTÁ D.C.,SAL,2019-06-01,011902,BASE,644.2381900397925
BOGOTÁ D.C.,SAL,2019-07-01,011902,BASE,631.5402327263956
BOGOTÁ D.C.,SAL,2019-08-01,011902,BASE,645.2149559869769
BOGOTÁ D.C.,SAL,2019-09-01,011902,BASE,650.587168696491
BOGOTÁ D.C.,SAL,2019-10-01,011902,BASE,653.5785144097431
BOGOTÁ D.C.,SAL,2019-11-01,011902,BASE,657.7908175569758
BOGOTÁ D.C.,SAL,2019-12-01,011902,BASE,660.8432111419269
BOGOTÁ D.C.,SAL,2020-01-01,011902,BASE,677.3871843723621
BOGOTÁ D.C.,SAL,2020-02-01,011902,BASE,679.340716266731
BOGOTÁ D.C.,SAL,2020-03-01,011902,BASE,692.832295912215
BOGOTÁ D.C.,SAL,2020-04-01,011902,BASE,700.0359447726997
BOGOTÁ D.C.,SAL,2020-05-01,011902,BASE,700.8295671047871
BOGOTÁ D.C.,SAL,2020-06-01,011902,BASE,707.6058808633786
BOGOTÁ D.C.,SAL,2020-07-01,011902,BASE,710.9635138068248
BOGOTÁ D.C.,SAL,2020-08-01,011902,BASE,712.9780935728927
BOGOTÁ D.C.,SAL,2020-09-01,011902,BASE,709.9867478596406
BOGOTÁ D.C.,SAL,2020-10-01,011902,BASE,702.3557638972626
BOGOTÁ D.C.,SAL,2020-11-01,011902,BASE,705.4692053539128
BOGOTÁ D.C.,SAL,2020-12-01,011902,BASE,696.8004075726516
BOGOTÁ D.C.,SAL,2021-01-01,011902,BASE,701.6842373085733
BOGOTÁ D.C.,SAL,2021-02-01,011902,BASE,705.4081574822138
BOGOTÁ D.C.,SAL,2021-03-01,011902,BASE,705.0418702520196
BOGOTÁ D.C.,SAL,2021-04-01,011902,BASE,715.6641999276497
BOGOTÁ D.C.,SAL,2021-05-01,011902,BASE,725.9202423730857
BOGOTÁ D.C.,SAL,2021-06-01,011902,BASE,740.083348607259
BOGOTÁ D.C.,SAL,2021-07-01,011902,BASE,740.083348607259
BOGOTÁ D.C.,SAL,2021-08-01,011902,BASE,758.0314228867718
BOGOTÁ D.C.,SAL,2021-09-01,011902,BASE,758.0314228867718
BOGOTÁ D.C.,SAL,2021-10-01,011902,BASE,766.8223164114313
BOGOTÁ D.C.,SAL,2021-11-01,011902,BASE,772.6829120945374
BOGOTÁ D.C.,SAL,2021-12-01,011902,BASE,778.5435077776438
BOGOTÁ D.C.,SAL,2022-01-01,011902,BASE,786.7239225853128
BOGOTÁ D.C.,SAL,2022-02-01,011902,BASE,822.9863583745328
BOGOTÁ D.C.,SAL,2022-03-01,011902,BASE,842.2164379597251
BOGOTÁ D.C.,SAL,2022-04-01,011902,BASE,854.4260122995297
BOGOTÁ D.C.,SAL,2022-05-01,011902,BASE,878.6009694923428
BOGOTÁ D.C.,SAL,2022-06-01,011902,BASE,894.3513203906908
BOGOTÁ D.C.,SAL,2022-07-01,011902,BASE,912.2993946702036
BOGOTÁ D.C.,SAL,2022-08-01,011902,BASE,923.2269637043288
BOGOTÁ D.C.,SAL,2022-09-01,011902,BASE,937.8784529120944
BOGOTÁ D.C.,SAL,2022-10-01,011902,BASE,949.4775485349089
BOGOTÁ D.C.,SAL,2022-11-01,011902,BASE,956.9253888821896
BOGOTÁ D.C.,SAL,2022-12-01,011902,BASE,994.0424948751959
BOGOTÁ D.C.,SAL,2023-01-01,011902,BASE,1013.4557180754853
BOGOTÁ D.C.,SAL,2023-02-01,011902,BASE,1038.973728445677
BOGOTÁ D.C.,SAL,2023-03-01,011902,BASE,1057.5933293138792
BOGOTÁ D.C.,SAL,2023-04-01,011902,BASE,1074.1983504160135
BOGOTÁ D.C.,SAL,2023-05-01,011902,BASE,1090.7423236464485
BOGOTÁ D.C.,SAL,2023-06-01,011902,BASE,1099.2890256843118
BOGOTÁ D.C.,SAL,2023-07-01,011902,BASE,1106.1874351863014
BOGOTÁ D.C.,SAL,2023-08-01,011902,BASE,1117.3591957072229
BOGOTÁ D.C.,SAL,2023-09-01,011902,BASE,1125.966945616785
BOGOTÁ D.C.,SAL,2023-10-01,011902,BASE,1127.859429639455
BOGOTÁ D.C.,SAL,2023-11-01,011902,BASE,1130.0571530206198
BOGOTÁ D.C.,SAL,2023-12-01,011902,BASE,1179.078593994935
BOGOTÁ D.C.,SAL,2024-01-01,011902,BASE,1170.8371313155671
BOGOTÁ D.C.,SAL,2024-02-01,011902,BASE,1175.8430567948872
BOGOTÁ D.C.,SAL,2024-03-01,011902,BASE,1172.729615338237
BOGOTÁ D.C.,SAL,2024-04-01,011902,BASE,1180.0553599421198
BOGOTÁ D.C.,SAL,2024-05-01,011902,BASE,1184.6339503195466
BOGOTÁ D.C.,SAL,2024-06-01,011902,BASE,1184.0845194742553
BOGOTÁ D.C.,SAL,2024-07-01,011902,BASE,1184.5729024478476
BOGOTÁ D.C.,SAL,2024-08-01,011902,BASE,1186.038051368624
BOGOTÁ D.C.,SAL,2024-09-01,011902,BASE,1189.9451151573614
BOGOTÁ D.C.,SAL,2024-10-01,011902,BASE,1186.9537694441094
BOGOTÁ D.C.,SAL,2024-11-01,011902,BASE,1226.3296466899794
BOGOTÁ D.C.,SAL,2024-12-01,011902,BASE,1233.655391293862
BOGOTÁ D.C.,TOMATE,2019-01-01,011713,BASE,1425.3858249215855
BOGOTÁ D.C.,TOMATE,2019-02-01,011713,BASE,1306.7427852865699
BOGOTÁ D.C.,TOMATE,2019-03-01,011713,BASE,1259.5240479041918
BOGOTÁ D.C.,TOMATE,2019-04-01,011713,BASE,1305.3119144568009
BOGOTÁ D.C.,TOMATE,2019-05-01,011713,BASE,1804.9243125178216
BOGOTÁ D.C.,TOMATE,2019-06-01,011713,BASE,2089.5483684060455
BOGOTÁ D.C.,TOMATE,2019-07-01,011713,BASE,1771.2988480182496
BOGOTÁ D.C.,TOMATE,2019-08-01,011713,BASE,1647.1708035357856
BOGOTÁ D.C.,TOMATE,2019-09-01,011713,BASE,1471.6506484174508
BOGOTÁ D.C.,TOMATE,2019-10-01,011713,BASE,1562.1532284003422
BOGOTÁ D.C.,TOMATE,2019-11-01,011713,BASE,1361.7120729968638
BOGOTÁ D.C.,TOMATE,2019-12-01,011713,BASE,1350.9805417735959
BOGOTÁ D.C.,TOMATE,2020-01-01,011713,BASE,1462.5884664955802
BOGOTÁ D.C.,TOMATE,2020-02-01,011713,BASE,1645.3822149985745
BOGOTÁ D.C.,TOMATE,2020-03-01,011713,BASE,1706.1942252637584
BOGOTÁ D.C.,TOMATE,2020-04-01,011713,BASE,1578.7274821785004
BOGOTÁ D.C.,TOMATE,2020-05-01,011713,BASE,1479.1627202737384
BOGOTÁ D.C.,TOMATE,2020-06-01,011713,BASE,1411.1963558597092
BOGOTÁ D.C.,TOMATE,2020-07-01,011713,BASE,1316.758881094953
BOGOTÁ D.C.,TOMATE,2020-08-01,011713,BASE,1332.975417165669
BOGOTÁ D.C.,TOMATE,2020-09-01,011713,BASE,1559.7684436840607
BOGOTÁ D.C.,TOMATE,2020-10-01,011713,BASE,1516.126883376105
BOGOTÁ D.C.,TOMATE,2020-11-01,011713,BASE,1483.6938112346736
BOGOTÁ D.C.,TOMATE,2020-12-01,011713,BASE,1515.2922087254065
BOGOTÁ D.C.,TOMATE,2021-01-01,011713,BASE,1930.4832278300544
BOGOTÁ D.C.,TOMATE,2021-02-01,011713,BASE,1792.7619104647847
BOGOTÁ D.C.,TOMATE,2021-03-01,011713,BASE,1858.3434901625324
BOGOTÁ D.C.,TOMATE,2021-04-01,011713,BASE,1648.959392072997
BOGOTÁ D.C.,TOMATE,2021-05-01,011713,BASE,1793.119628172227
BOGOTÁ D.C.,TOMATE,2021-06-01,011713,BASE,1404.7574371257485
BOGOTÁ D.C.,TOMATE,2021-07-01,011713,BASE,1378.8825229540919
BOGOTÁ D.C.,TOMATE,2021-08-01,011713,BASE,1446.729648132307
BOGOTÁ D.C.,TOMATE,2021-09-01,011713,BASE,1494.9022994011978
BOGOTÁ D.C.,TOMATE,2021-10-01,011713,BASE,1470.2197775876818
BOGOTÁ D.C.,TOMATE,2021-11-01,011713,BASE,1613.9030567436557
BOGOTÁ D.C.,TOMATE,2021-12-01,011713,BASE,1644.3090618762476
BOGOTÁ D.C.,TOMATE,2022-01-01,011713,BASE,1734.3346849158827
BOGOTÁ D.C.,TOMATE,2022-02-01,011713,BASE,2078.220641003707
BOGOTÁ D.C.,TOMATE,2022-03-01,011713,BASE,2216.8958722554894
BOGOTÁ D.C.,TOMATE,2022-04-01,011713,BASE,2198.0560729968633
BOGOTÁ D.C.,TOMATE,2022-05-01,011713,BASE,2898.4673441688055
BOGOTÁ D.C.,TOMATE,2022-06-01,011713,BASE,2477.552841745082
BOGOTÁ D.C.,TOMATE,2022-07-01,011713,BASE,2236.4511069289993
BOGOTÁ D.C.,TOMATE,2022-08-01,011713,BASE,2030.4057074422585
BOGOTÁ D.C.,TOMATE,2022-09-01,011713,BASE,2032.1942959794699
BOGOTÁ D.C.,TOMATE,2022-10-01,011713,BASE,1820.544652409467
BOGOTÁ D.C.,TOMATE,2022-11-01,011713,BASE,1774.1605896777874
BOGOTÁ D.C.,TOMATE,2022-12-01,011713,BASE,2052.703444539493
BOGOTÁ D.C.,TOMATE,2023-01-01,011713,BASE,2424.8490995152556
BOGOTÁ D.C.,TOMATE,2023-02-01,011713,BASE,2475.645013972056
BOGOTÁ D.C.,TOMATE,2023-03-01,011713,BASE,1936.5644288565727
BOGOTÁ D.C.,TOMATE,2023-04-01,011713,BASE,1754.4861157684632
BOGOTÁ D.C.,TOMATE,2023-05-01,011713,BASE,1708.9367276874823
BOGOTÁ D.C.,TOMATE,2023-06-01,011713,BASE,1675.9074593669807
BOGOTÁ D.C.,TOMATE,2023-07-01,011713,BASE,1764.3829723410324
BOGOTÁ D.C.,TOMATE,2023-08-01,011713,BASE,2248.494269746222
BOGOTÁ D.C.,TOMATE,2023-09-01,011713,BASE,3407.380402623325
BOGOTÁ D.C.,TOMATE,2023-10-01,011713,BASE,3318.7856504134593
BOGOTÁ D.C.,TOMATE,2023-11-01,011713,BASE,2676.443887082977
BOGOTÁ D.C.,TOMATE,2023-12-01,011713,BASE,2359.148280581694
BOGOTÁ D.C.,TOMATE,2024-01-01,011713,BASE,2324.9266199030512
BOGOTÁ D.C.,TOMATE,2024-02-01,011713,BASE,2537.887895067009
BOGOTÁ D.C.,TOMATE,2024-03-01,011713,BASE,2510.2243923581414
BOGOTÁ D.C.,TOMATE,2024-04-01,011713,BASE,2644.6070111206163
BOGOTÁ D.C.,TOMATE,2024-05-01,011713,BASE,2452.6318414599377
BOGOTÁ D.C.,TOMATE,2024-06-01,011713,BASE,2025.278420302253
BOGOTÁ D.C.,TOMATE,2024-07-01,011713,BASE,1948.011395494725
BOGOTÁ D.C.,TOMATE,2024-08-01,011713,BASE,1892.445911605361
BOGOTÁ D.C.,TOMATE,2024-09-01,011713,BASE,1967.3281516966072
BOGOTÁ D.C.,TOMATE,2024-10-01,011713,BASE,1623.919152552039
BOGOTÁ D.C.,TOMATE,2024-11-01,011713,BASE,1777.3800490447677
BOGOTÁ D.C.,TOMATE,2024-12-01,011713,BASE,2048.0531143427434
BOGOTÁ D.C.,TOMATE DE ÁRBOL,2019-01-01,011607,BASE,1652.1463311073458
BOGOTÁ D.C.,TOMATE DE ÁRBOL,2019-02-01,011607,BASE,1582.9075520781423
BOGOTÁ D.C.,TOMATE DE ÁRBOL,2019-03-01,011607,BASE,1684.0391338582676
BOGOTÁ D.C.,TOMATE DE ÁRBOL,2019-04-01,011607,BASE,1692.7972610385727
BOGOTÁ D.C.,TOMATE DE ÁRBOL,2019-05-01,011607,BASE,1669.9930808332504
BOGOTÁ D.C.,TOMATE DE ÁRBOL,2019-06-01,011607,BASE,1742.8673088806938
BOGOTÁ D.C.,TOMATE DE ÁRBOL,2019-07-01,011607,BASE,1900.6788458088308
BOGOTÁ D.C.,TOMATE DE ÁRBOL,2019-08-01,011607,BASE,1866.9683185487893
BOGOTÁ D.C.,TOMATE DE ÁRBOL,2019-09-01,011607,BASE,1729.6474942689126
BOGOTÁ D.C.,TOMATE DE ÁRBOL,2019-10-01,011607,BASE,1732.1262095086217
BOGOTÁ D.C.,TOMATE DE ÁRBOL,2019-11-01,011607,BASE,1714.775202830659
BOGOTÁ D.C.,TOMATE DE ÁRBOL,2019-12-01,011607,BASE,1666.8533748629525
BOGOTÁ D.C.,TOMATE DE ÁRBOL,2020-01-01,011607,BASE,1641.9009747832154
BOGOTÁ D.C.,TOMATE DE ÁRBOL,2020-02-01,011607,BASE,1626.6981879796672
BOGOTÁ D.C.,TOMATE DE ÁRBOL,2020-03-01,011607,BASE,1861.349897338782
BOGOTÁ D.C.,TOMATE DE ÁRBOL,2020-04-01,011607,BASE,1968.4303956942094
BOGOTÁ D.C.,TOMATE DE ÁRBOL,2020-05-01,011607,BASE,1999.4969600318948
BOGOTÁ D.C.,TOMATE DE ÁRBOL,2020-06-01,011607,BASE,2058.655630419615
BOGOTÁ D.C.,TOMATE DE ÁRBOL,2020-07-01,011607,BASE,2036.6776886275295
BOGOTÁ D.C.,TOMATE DE ÁRBOL,2020-08-01,011607,BASE,1907.1235054320744
BOGOTÁ D.C.,TOMATE DE ÁRBOL,2020-09-01,011607,BASE,1730.3084849995014
BOGOTÁ D.C.,TOMATE DE ÁRBOL,2020-10-01,011607,BASE,1715.6014412438951
BOGOTÁ D.C.,TOMATE DE ÁRBOL,2020-11-01,011607,BASE,1708.9915339380047
BOGOTÁ D.C.,TOMATE DE ÁRBOL,2020-12-01,011607,BASE,1693.623499451809
BOGOTÁ D.C.,TOMATE DE ÁRBOL,2021-01-01,011607,BASE,1720.7241194059602
BOGOTÁ D.C.,TOMATE DE ÁRBOL,2021-02-01,011607,BASE,1830.4485806837438
BOGOTÁ D.C.,TOMATE DE ÁRBOL,2021-03-01,011607,BASE,1841.6854231037578
BOGOTÁ D.C.,TOMATE DE ÁRBOL,2021-04-01,011607,BASE,1885.9718020532243
BOGOTÁ D.C.,TOMATE DE ÁRBOL,2021-05-01,011607,BASE,2095.0101206020136
BOGOTÁ D.C.,TOMATE DE ÁRBOL,2021-06-01,011607,BASE,2018.6656912189776
BOGOTÁ D.C.,TOMATE DE ÁRBOL,2021-07-01,011607,BASE,2124.2589604305795
BOGOTÁ D.C.,TOMATE DE ÁRBOL,2021-08-01,011607,BASE,2197.463683843317
BOGOTÁ D.C.,TOMATE DE ÁRBOL,2021-09-01,011607,BASE,2215.145185886575
BOGOTÁ D.C.,TOMATE DE ÁRBOL,2021-10-01,011607,BASE,2198.4551699392005
BOGOTÁ D.C.,TOMATE DE ÁRBOL,2021-11-01,011607,BASE,2202.0906189574403
BOGOTÁ D.C.,TOMATE DE ÁRBOL,2021-12-01,011607,BASE,2089.722194757301
BOGOTÁ D.C.,TOMATE DE ÁRBOL,2022-01-01,011607,BASE,2094.679625236719
BOGOTÁ D.C.,TOMATE DE ÁRBOL,2022-02-01,011607,BASE,2188.044565932423
BOGOTÁ D.C.,TOMATE DE ÁRBOL,2022-03-01,011607,BASE,2232.9919356124788
BOGOTÁ D.C.,TOMATE DE ÁRBOL,2022-04-01,011607,BASE,2375.9311811023626
BOGOTÁ D.C.,TOMATE DE ÁRBOL,2022-05-01,011607,BASE,2578.524840027908
BOGOTÁ D.C.,TOMATE DE ÁRBOL,2022-06-01,011607,BASE,2567.9489883384836
BOGOTÁ D.C.,TOMATE DE ÁRBOL,2022-07-01,011607,BASE,2539.856882288448
BOGOTÁ D.C.,TOMATE DE ÁRBOL,2022-08-01,011607,BASE,2683.126623143626
BOGOTÁ D.C.,TOMATE DE ÁRBOL,2022-09-01,011607,BASE,2911.1684251968504
BOGOTÁ D.C.,TOMATE DE ÁRBOL,2022-10-01,011607,BASE,2845.730342868534
BOGOTÁ D.C.,TOMATE DE ÁRBOL,2022-11-01,011607,BASE,2692.2152456892254
BOGOTÁ D.C.,TOMATE DE ÁRBOL,2022-12-01,011607,BASE,2509.947051729293
BOGOTÁ D.C.,TOMATE DE ÁRBOL,2023-01-01,011607,BASE,2611.5743765573607
BOGOTÁ D.C.,TOMATE DE ÁRBOL,2023-02-01,011607,BASE,2803.922679158776
BOGOTÁ D.C.,TOMATE DE ÁRBOL,2023-03-01,011607,BASE,2818.464475231736
BOGOTÁ D.C.,TOMATE DE ÁRBOL,2023-04-01,011607,BASE,2801.6092116017144
BOGOTÁ D.C.,TOMATE DE ÁRBOL,2023-05-01,011607,BASE,2816.6467507226153
BOGOTÁ D.C.,TOMATE DE ÁRBOL,2023-06-01,011607,BASE,2874.4834396491574
BOGOTÁ D.C.,TOMATE DE ÁRBOL,2023-07-01,011607,BASE,3281.1579866440748
BOGOTÁ D.C.,TOMATE DE ÁRBOL,2023-08-01,011607,BASE,3279.8360051828963
BOGOTÁ D.C.,TOMATE DE ÁRBOL,2023-09-01,011607,BASE,2905.715251669491
BOGOTÁ D.C.,TOMATE DE ÁRBOL,2023-10-01,011607,BASE,2638.8402441941594
BOGOTÁ D.C.,TOMATE DE ÁRBOL,2023-11-01,011607,BASE,2434.9246038074357
BOGOTÁ D.C.,TOMATE DE ÁRBOL,2023-12-01,011607,BASE,2231.339458786006
BOGOTÁ D.C.,TOMATE DE ÁRBOL,2024-01-01,011607,BASE,2097.3235881590754
BOGOTÁ D.C.,TOMATE DE ÁRBOL,2024-02-01,011607,BASE,2337.9242140934916
BOGOTÁ D.C.,TOMATE DE ÁRBOL,2024-03-01,011607,BASE,2323.3824180205324
BOGOTÁ D.C.,TOMATE DE ÁRBOL,2024-04-01,011607,BASE,2758.810061796073
BOGOTÁ D.C.,TOMATE DE ÁRBOL,2024-05-01,011607,BASE,3085.339482707067
BOGOTÁ D.C.,TOMATE DE ÁRBOL,2024-06-01,011607,BASE,3186.8015598524867
BOGOTÁ D.C.,TOMATE DE ÁRBOL,2024-07-01,011607,BASE,3315.5295046347055
BOGOTÁ D.C.,TOMATE DE ÁRBOL,2024-08-01,011607,BASE,3124.9989265424106
BOGOTÁ D.C.,TOMATE DE ÁRBOL,2024-09-01,011607,BASE,2964.3781790092694
BOGOTÁ D.C.,TOMATE DE ÁRBOL,2024-10-01,011607,BASE,2848.704801156184
BOGOTÁ D.C.,TOMATE DE ÁRBOL,2024-11-01,011607,BASE,2776.9873068872726
BOGOTÁ D.C.,TOMATE DE ÁRBOL,2024-12-01,011607,BASE,2802.931193062893
BOGOTÁ D.C.,VISCERAS - HIGADO,2019-01-01,011201,BASE_lowR2,5619.268376944411
BOGOTÁ D.C.,VISCERAS - HIGADO,2019-02-01,011201,BASE_lowR2,5567.54196310141
BOGOTÁ D.C.,VISCERAS - HIGADO,2019-03-01,011201,BASE_lowR2,5592.570873025443
BOGOTÁ D.C.,VISCERAS - HIGADO,2019-04-01,011201,BASE_lowR2,5566.429567104787
BOGOTÁ D.C.,VISCERAS - HIGADO,2019-05-01,011201,BASE_lowR2,5660.983226817799
BOGOTÁ D.C.,VISCERAS - HIGADO,2019-06-01,011201,BASE_lowR2,5805.038508380562
BOGOTÁ D.C.,VISCERAS - HIGADO,2019-07-01,011201,BASE_lowR2,5799.476528397443
BOGOTÁ D.C.,VISCERAS - HIGADO,2019-08-01,011201,BASE_lowR2,5757.205480525744
BOGOTÁ D.C.,VISCERAS - HIGADO,2019-09-01,011201,BASE_lowR2,5771.666628481851
BOGOTÁ D.C.,VISCERAS - HIGADO,2019-10-01,011201,BASE_lowR2,5714.934432654046
BOGOTÁ D.C.,VISCERAS - HIGADO,2019-11-01,011201,BASE_lowR2,5742.744332569637
BOGOTÁ D.C.,VISCERAS - HIGADO,2019-12-01,011201,BASE_lowR2,5757.761678524056
BOGOTÁ D.C.,VISCERAS - HIGADO,2020-01-01,011201,BASE_lowR2,5769.441836488605
BOGOTÁ D.C.,VISCERAS - HIGADO,2020-02-01,011201,BASE_lowR2,5812.269082358615
BOGOTÁ D.C.,VISCERAS - HIGADO,2020-03-01,011201,BASE_lowR2,5805.5947063788735
BOGOTÁ D.C.,VISCERAS - HIGADO,2020-04-01,011201,BASE_lowR2,5870.113674183046
BOGOTÁ D.C.,VISCERAS - HIGADO,2020-05-01,011201,BASE_lowR2,5856.20872422525
BOGOTÁ D.C.,VISCERAS - HIGADO,2020-06-01,011201,BASE_lowR2,5851.202942240444
BOGOTÁ D.C.,VISCERAS - HIGADO,2020-07-01,011201,BASE_lowR2,5875.119456167852
BOGOTÁ D.C.,VISCERAS - HIGADO,2020-08-01,011201,BASE_lowR2,5816.162468346798
BOGOTÁ D.C.,VISCERAS - HIGADO,2020-09-01,011201,BASE_lowR2,5852.87153623538
BOGOTÁ D.C.,VISCERAS - HIGADO,2020-10-01,011201,BASE_lowR2,5910.716128059808
BOGOTÁ D.C.,VISCERAS - HIGADO,2020-11-01,011201,BASE_lowR2,5936.8574339804645
BOGOTÁ D.C.,VISCERAS - HIGADO,2020-12-01,011201,BASE_lowR2,5975.791293862293
BOGOTÁ D.C.,VISCERAS - HIGADO,2021-01-01,011201,BASE_lowR2,6070.344953575304
BOGOTÁ D.C.,VISCERAS - HIGADO,2021-02-01,011201,BASE_lowR2,6093.705269504401
BOGOTÁ D.C.,VISCERAS - HIGADO,2021-03-01,011201,BASE_lowR2,6135.420119377789
BOGOTÁ D.C.,VISCERAS - HIGADO,2021-04-01,011201,BASE_lowR2,6379.03484263837
BOGOTÁ D.C.,VISCERAS - HIGADO,2021-05-01,011201,BASE_lowR2,6931.339454962016
BOGOTÁ D.C.,VISCERAS - HIGADO,2021-06-01,011201,BASE_lowR2,6980.284878813457
BOGOTÁ D.C.,VISCERAS - HIGADO,2021-07-01,011201,BASE_lowR2,7089.855884480888
BOGOTÁ D.C.,VISCERAS - HIGADO,2021-08-01,011201,BASE_lowR2,7215.000434101048
BOGOTÁ D.C.,VISCERAS - HIGADO,2021-09-01,011201,BASE_lowR2,7273.957421922102
BOGOTÁ D.C.,VISCERAS - HIGADO,2021-10-01,011201,BASE_lowR2,7395.764783552393
BOGOTÁ D.C.,VISCERAS - HIGADO,2021-11-01,011201,BASE_lowR2,7537.039075123598
BOGOTÁ D.C.,VISCERAS - HIGADO,2021-12-01,011201,BASE_lowR2,7766.748848426382
BOGOTÁ D.C.,VISCERAS - HIGADO,2022-01-01,011201,BASE_lowR2,7973.098305800071
BOGOTÁ D.C.,VISCERAS - HIGADO,2022-02-01,011201,BASE_lowR2,8080.444519474256
BOGOTÁ D.C.,VISCERAS - HIGADO,2022-03-01,011201,BASE_lowR2,8171.104793199082
BOGOTÁ D.C.,VISCERAS - HIGADO,2022-04-01,011201,BASE_lowR2,8320.165856746653
BOGOTÁ D.C.,VISCERAS - HIGADO,2022-05-01,011201,BASE_lowR2,8547.09464005788
BOGOTÁ D.C.,VISCERAS - HIGADO,2022-06-01,011201,BASE_lowR2,8747.325919450139
BOGOTÁ D.C.,VISCERAS - HIGADO,2022-07-01,011201,BASE_lowR2,8876.920053056794
BOGOTÁ D.C.,VISCERAS - HIGADO,2022-08-01,011201,BASE_lowR2,9010.407572651633
BOGOTÁ D.C.,VISCERAS - HIGADO,2022-09-01,011201,BASE_lowR2,9108.854618352829
BOGOTÁ D.C.,VISCERAS - HIGADO,2022-10-01,011201,BASE_lowR2,9132.771132280235
BOGOTÁ D.C.,VISCERAS - HIGADO,2022-11-01,011201,BASE_lowR2,9164.47441818401
BOGOTÁ D.C.,VISCERAS - HIGADO,2022-12-01,011201,BASE_lowR2,9411.426329434462
BOGOTÁ D.C.,VISCERAS - HIGADO,2023-01-01,011201,BASE_lowR2,9470.383317255517
BOGOTÁ D.C.,VISCERAS - HIGADO,2023-02-01,011201,BASE_lowR2,9592.746876884119
BOGOTÁ D.C.,VISCERAS - HIGADO,2023-03-01,011201,BASE_lowR2,9656.153448691668
BOGOTÁ D.C.,VISCERAS - HIGADO,2023-04-01,011201,BASE_lowR2,9776.292216327023
BOGOTÁ D.C.,VISCERAS - HIGADO,2023-05-01,011201,BASE_lowR2,9823.012848185217
BOGOTÁ D.C.,VISCERAS - HIGADO,2023-06-01,011201,BASE_lowR2,9824.681442180152
BOGOTÁ D.C.,VISCERAS - HIGADO,2023-07-01,011201,BASE_lowR2,9885.863221994452
BOGOTÁ D.C.,VISCERAS - HIGADO,2023-08-01,011201,BASE_lowR2,9892.537597974195
BOGOTÁ D.C.,VISCERAS - HIGADO,2023-09-01,011201,BASE_lowR2,9900.880567948872
BOGOTÁ D.C.,VISCERAS - HIGADO,2023-10-01,011201,BASE_lowR2,9811.332690220666
BOGOTÁ D.C.,VISCERAS - HIGADO,2023-11-01,011201,BASE_lowR2,9894.762389967442
BOGOTÁ D.C.,VISCERAS - HIGADO,2023-12-01,011201,BASE_lowR2,9898.655775955624
BOGOTÁ D.C.,VISCERAS - HIGADO,2024-01-01,011201,BASE_lowR2,9969.84911973954
BOGOTÁ D.C.,VISCERAS - HIGADO,2024-02-01,011201,BASE_lowR2,9941.483021825636
BOGOTÁ D.C.,VISCERAS - HIGADO,2024-03-01,011201,BASE_lowR2,9957.612763776679
BOGOTÁ D.C.,VISCERAS - HIGADO,2024-04-01,011201,BASE_lowR2,9895.874785964064
BOGOTÁ D.C.,VISCERAS - HIGADO,2024-05-01,011201,BASE_lowR2,9889.756607982636
BOGOTÁ D.C.,VISCERAS - HIGADO,2024-06-01,011201,BASE_lowR2,9860.278114072107
BOGOTÁ D.C.,VISCERAS - HIGADO,2024-07-01,011201,BASE_lowR2,9865.283896056915
BOGOTÁ D.C.,VISCERAS - HIGADO,2024-08-01,011201,BASE_lowR2,9799.65253225612
BOGOTÁ D.C.,VISCERAS - HIGADO,2024-09-01,011201,BASE_lowR2,9804.658314240925
BOGOTÁ D.C.,VISCERAS - HIGADO,2024-10-01,011201,BASE_lowR2,9784.078988303387
BOGOTÁ D.C.,VISCERAS - HIGADO,2024-11-01,011201,BASE_lowR2,9815.226076208852
BOGOTÁ D.C.,VISCERAS - HIGADO,2024-12-01,011201,BASE_lowR2,9857.49712408055
BOGOTÁ D.C.,YUCA,2019-01-01,011706,BASE,1673.0361493987048
BOGOTÁ D.C.,YUCA,2019-02-01,011706,BASE,1642.358341813136
BOGOTÁ D.C.,YUCA,2019-03-01,011706,BASE,1592.1156059204438
BOGOTÁ D.C.,YUCA,2019-04-01,011706,BASE,1772.5825046253467
BOGOTÁ D.C.,YUCA,2019-05-01,011706,BASE,1820.007890841813
BOGOTÁ D.C.,YUCA,2019-06-01,011706,BASE,1771.643388066605
BOGOTÁ D.C.,YUCA,2019-07-01,011706,BASE,1710.13125346901
BOGOTÁ D.C.,YUCA,2019-08-01,011706,BASE,1610.428378815911
BOGOTÁ D.C.,YUCA,2019-09-01,011706,BASE,1560.65520120259
BOGOTÁ D.C.,YUCA,2019-10-01,011706,BASE,1490.2214592969472
BOGOTÁ D.C.,YUCA,2019-11-01,011706,BASE,1457.8219380203516
BOGOTÁ D.C.,YUCA,2019-12-01,011706,BASE,1414.4660568917668
BOGOTÁ D.C.,YUCA,2020-01-01,011706,BASE,1435.9092183163734
BOGOTÁ D.C.,YUCA,2020-02-01,011706,BASE,1409.1443963922293
BOGOTÁ D.C.,YUCA,2020-03-01,011706,BASE,1455.6306660499536
BOGOTÁ D.C.,YUCA,2020-04-01,011706,BASE,1447.4916558741907
BOGOTÁ D.C.,YUCA,2020-05-01,011706,BASE,1439.1961262719703
BOGOTÁ D.C.,YUCA,2020-06-01,011706,BASE,1429.8049606845511
BOGOTÁ D.C.,YUCA,2020-07-01,011706,BASE,1434.970101757632
BOGOTÁ D.C.,YUCA,2020-08-01,011706,BASE,1378.3100693802035
BOGOTÁ D.C.,YUCA,2020-09-01,011706,BASE,1371.73625346901
BOGOTÁ D.C.,YUCA,2020-10-01,011706,BASE,1349.8235337650322
BOGOTÁ D.C.,YUCA,2020-11-01,011706,BASE,1298.7982007400553
BOGOTÁ D.C.,YUCA,2020-12-01,011706,BASE,1257.1640333024975
BOGOTÁ D.C.,YUCA,2021-01-01,011706,BASE,1248.0859065679924
BOGOTÁ D.C.,YUCA,2021-02-01,011706,BASE,1252.311931082331
BOGOTÁ D.C.,YUCA,2021-03-01,011706,BASE,1227.8949005550414
BOGOTÁ D.C.,YUCA,2021-04-01,011706,BASE,1214.2777104532838
BOGOTÁ D.C.,YUCA,2021-05-01,011706,BASE,1507.2820767807584
BOGOTÁ D.C.,YUCA,2021-06-01,011706,BASE,1308.6589246068454
BOGOTÁ D.C.,YUCA,2021-07-01,011706,BASE,1323.99782839963
BOGOTÁ D.C.,YUCA,2021-08-01,011706,BASE,1390.3620652173913
BOGOTÁ D.C.,YUCA,2021-09-01,011706,BASE,1438.8830874190564
BOGOTÁ D.C.,YUCA,2021-10-01,011706,BASE,1461.4218848288622
BOGOTÁ D.C.,YUCA,2021-11-01,011706,BASE,1472.5347641073079
BOGOTÁ D.C.,YUCA,2021-12-01,011706,BASE,1534.8294958371878
BOGOTÁ D.C.,YUCA,2022-01-01,011706,BASE,1761.782664199815
BOGOTÁ D.C.,YUCA,2022-02-01,011706,BASE,1963.0666466234966
BOGOTÁ D.C.,YUCA,2022-03-01,011706,BASE,2113.4818154486584
BOGOTÁ D.C.,YUCA,2022-04-01,011706,BASE,2337.930672987974
BOGOTÁ D.C.,YUCA,2022-05-01,011706,BASE,2768.3590957446804
BOGOTÁ D.C.,YUCA,2022-06-01,011706,BASE,3081.710987511563
BOGOTÁ D.C.,YUCA,2022-07-01,011706,BASE,3203.9526595744674
BOGOTÁ D.C.,YUCA,2022-08-01,011706,BASE,3145.5709135060124
BOGOTÁ D.C.,YUCA,2022-09-01,011706,BASE,3156.9968316373725
BOGOTÁ D.C.,YUCA,2022-10-01,011706,BASE,3293.3252520814053
BOGOTÁ D.C.,YUCA,2022-11-01,011706,BASE,3412.1234967622568
BOGOTÁ D.C.,YUCA,2022-12-01,011706,BASE,3286.438397317298
BOGOTÁ D.C.,YUCA,2023-01-01,011706,BASE,3257.3257839962994
BOGOTÁ D.C.,YUCA,2023-02-01,011706,BASE,2969.7995975948197
BOGOTÁ D.C.,YUCA,2023-03-01,011706,BASE,2598.8485568917663
BOGOTÁ D.C.,YUCA,2023-04-01,011706,BASE,2557.2143894542087
BOGOTÁ D.C.,YUCA,2023-05-01,011706,BASE,2511.6672363552266
BOGOTÁ D.C.,YUCA,2023-06-01,011706,BASE,2427.4597849213687
BOGOTÁ D.C.,YUCA,2023-07-01,011706,BASE,2430.5901734505082
BOGOTÁ D.C.,YUCA,2023-08-01,011706,BASE,2445.146480111008
BOGOTÁ D.C.,YUCA,2023-09-01,011706,BASE,2341.530619796484
BOGOTÁ D.C.,YUCA,2023-10-01,011706,BASE,2160.1246045328394
BOGOTÁ D.C.,YUCA,2023-11-01,011706,BASE,2124.7512141535612
BOGOTÁ D.C.,YUCA,2023-12-01,011706,BASE,2036.4742576318222
BOGOTÁ D.C.,YUCA,2024-01-01,011706,BASE,2062.456482423682
BOGOTÁ D.C.,YUCA,2024-02-01,011706,BASE,2100.9602613320994
BOGOTÁ D.C.,YUCA,2024-03-01,011706,BASE,2034.5960245143388
BOGOTÁ D.C.,YUCA,2024-04-01,011706,BASE,2008.4572802960217
BOGOTÁ D.C.,YUCA,2024-05-01,011706,BASE,2016.1267321924142
BOGOTÁ D.C.,YUCA,2024-06-01,011706,BASE,2055.1000693802034
BOGOTÁ D.C.,YUCA,2024-07-01,011706,BASE,2127.8816026827008
BOGOTÁ D.C.,YUCA,2024-08-01,011706,BASE,2062.2999629972246
BOGOTÁ D.C.,YUCA,2024-09-01,011706,BASE,2179.84605226642
BOGOTÁ D.C.,YUCA,2024-10-01,011706,BASE,2137.116248843663
BOGOTÁ D.C.,YUCA,2024-11-01,011706,BASE,2072.4737257169286
BOGOTÁ D.C.,YUCA,2024-12-01,011706,BASE,2048.5262534690096
BOGOTÁ D.C.,ZANAHORIA,2019-01-01,011715,BASE,980.9613673872616
BOGOTÁ D.C.,ZANAHORIA,2019-02-01,011715,BASE,1070.1036884007435
BOGOTÁ D.C.,ZANAHORIA,2019-03-01,011715,BASE,984.2863917945141
BOGOTÁ D.C.,ZANAHORIA,2019-04-01,011715,BASE,913.3525377731287
BOGOTÁ D.C.,ZANAHORIA,2019-05-01,011715,BASE,1061.949461878196
BOGOTÁ D.C.,ZANAHORIA,2019-06-01,011715,BASE,1235.721570781032
BOGOTÁ D.C.,ZANAHORIA,2019-07-01,011715,BASE,1277.7593793584379
BOGOTÁ D.C.,ZANAHORIA,2019-08-01,011715,BASE,1178.483650627615
BOGOTÁ D.C.,ZANAHORIA,2019-09-01,011715,BASE,1185.8462046722452
BOGOTÁ D.C.,ZANAHORIA,2019-10-01,011715,BASE,1131.9333089260806
BOGOTÁ D.C.,ZANAHORIA,2019-11-01,011715,BASE,978.1905137145512
BOGOTÁ D.C.,ZANAHORIA,2019-12-01,011715,BASE,993.3906252905624
BOGOTÁ D.C.,ZANAHORIA,2020-01-01,011715,BASE,1266.200961180846
BOGOTÁ D.C.,ZANAHORIA,2020-02-01,011715,BASE,1151.725120874012
BOGOTÁ D.C.,ZANAHORIA,2020-03-01,011715,BASE,1233.1882188516968
BOGOTÁ D.C.,ZANAHORIA,2020-04-01,011715,BASE,1176.9003056717804
BOGOTÁ D.C.,ZANAHORIA,2020-05-01,011715,BASE,1388.3560245234773
BOGOTÁ D.C.,ZANAHORIA,2020-06-01,011715,BASE,1491.8276173872616
BOGOTÁ D.C.,ZANAHORIA,2020-07-01,011715,BASE,1509.1652446536493
BOGOTÁ D.C.,ZANAHORIA,2020-08-01,011715,BASE,1422.5562755695023
BOGOTÁ D.C.,ZANAHORIA,2020-09-01,011715,BASE,1374.2642544165503
BOGOTÁ D.C.,ZANAHORIA,2020-10-01,011715,BASE,1272.8510099953508
BOGOTÁ D.C.,ZANAHORIA,2020-11-01,011715,BASE,1183.4711872384937
BOGOTÁ D.C.,ZANAHORIA,2020-12-01,011715,BASE,1085.0662982333797
BOGOTÁ D.C.,ZANAHORIA,2021-01-01,011715,BASE,1140.6417061831705
BOGOTÁ D.C.,ZANAHORIA,2021-02-01,011715,BASE,1132.487479660623
BOGOTÁ D.C.,ZANAHORIA,2021-03-01,011715,BASE,1077.9412459321245
BOGOTÁ D.C.,ZANAHORIA,2021-04-01,011715,BASE,1142.0667166434214
BOGOTÁ D.C.,ZANAHORIA,2021-05-01,011715,BASE,1409.414512436076
BOGOTÁ D.C.,ZANAHORIA,2021-06-01,011715,BASE,1460.635721757322
BOGOTÁ D.C.,ZANAHORIA,2021-07-01,011715,BASE,1496.7359867503485
BOGOTÁ D.C.,ZANAHORIA,2021-08-01,011715,BASE,1469.4232862622036
BOGOTÁ D.C.,ZANAHORIA,2021-09-01,011715,BASE,1546.8488546025103
BOGOTÁ D.C.,ZANAHORIA,2021-10-01,011715,BASE,1568.6990149930264
BOGOTÁ D.C.,ZANAHORIA,2021-11-01,011715,BASE,1446.8606206415618
BOGOTÁ D.C.,ZANAHORIA,2021-12-01,011715,BASE,1335.23480125523
BOGOTÁ D.C.,ZANAHORIA,2022-01-01,011715,BASE,1410.4436866573685
BOGOTÁ D.C.,ZANAHORIA,2022-02-01,011715,BASE,1359.3016445839141
BOGOTÁ D.C.,ZANAHORIA,2022-03-01,011715,BASE,1389.7018677359365
BOGOTÁ D.C.,ZANAHORIA,2022-04-01,011715,BASE,1417.5687389586237
BOGOTÁ D.C.,ZANAHORIA,2022-05-01,011715,BASE,1704.1541759646673
BOGOTÁ D.C.,ZANAHORIA,2022-06-01,011715,BASE,1900.2514487447697
BOGOTÁ D.C.,ZANAHORIA,2022-07-01,011715,BASE,1896.0555846118082
BOGOTÁ D.C.,ZANAHORIA,2022-08-01,011715,BASE,1763.2921100650856
BOGOTÁ D.C.,ZANAHORIA,2022-09-01,011715,BASE,1653.1704683867965
BOGOTÁ D.C.,ZANAHORIA,2022-10-01,011715,BASE,1604.3242764993024
BOGOTÁ D.C.,ZANAHORIA,2022-11-01,011715,BASE,1601.870091817759
BOGOTÁ D.C.,ZANAHORIA,2022-12-01,011715,BASE,1682.6998518131102
BOGOTÁ D.C.,ZANAHORIA,2023-01-01,011715,BASE,1795.8298489074846
BOGOTÁ D.C.,ZANAHORIA,2023-02-01,011715,BASE,1856.946964202696
BOGOTÁ D.C.,ZANAHORIA,2023-03-01,011715,BASE,1751.5753573919108
BOGOTÁ D.C.,ZANAHORIA,2023-04-01,011715,BASE,1864.6261872384935
BOGOTÁ D.C.,ZANAHORIA,2023-05-01,011715,BASE,1956.9351981636446
BOGOTÁ D.C.,ZANAHORIA,2023-06-01,011715,BASE,1820.3716957229194
BOGOTÁ D.C.,ZANAHORIA,2023-07-01,011715,BASE,1691.9624198047418
BOGOTÁ D.C.,ZANAHORIA,2023-08-01,011715,BASE,1621.424402022315
BOGOTÁ D.C.,ZANAHORIA,2023-09-01,011715,BASE,1514.3111157601113
BOGOTÁ D.C.,ZANAHORIA,2023-10-01,011715,BASE,1409.5728469316596
BOGOTÁ D.C.,ZANAHORIA,2023-11-01,011715,BASE,1357.0057943979543
BOGOTÁ D.C.,ZANAHORIA,2023-12-01,011715,BASE,1406.9603277545327
BOGOTÁ D.C.,ZANAHORIA,2024-01-01,011715,BASE,1519.3778196187816
BOGOTÁ D.C.,ZANAHORIA,2024-02-01,011715,BASE,1825.8342358205482
BOGOTÁ D.C.,ZANAHORIA,2024-03-01,011715,BASE,1980.9228742445373
BOGOTÁ D.C.,ZANAHORIA,2024-04-01,011715,BASE,2080.119435727568
BOGOTÁ D.C.,ZANAHORIA,2024-05-01,011715,BASE,1862.726173291492
BOGOTÁ D.C.,ZANAHORIA,2024-06-01,011715,BASE,1948.7809716410968
BOGOTÁ D.C.,ZANAHORIA,2024-07-01,011715,BASE,2111.3904986052994
BOGOTÁ D.C.,ZANAHORIA,2024-08-01,011715,BASE,2111.3113313575077
BOGOTÁ D.C.,ZANAHORIA,2024-09-01,011715,BASE,2070.4610314969777
BOGOTÁ D.C.,ZANAHORIA,2024-10-01,011715,BASE,1929.5433304277076
BOGOTÁ D.C.,ZANAHORIA,2024-11-01,011715,BASE,1863.913682008368
BOGOTÁ D.C.,ZANAHORIA,2024-12-01,011715,BASE,1925.5058007903299
CALI,ACEITE DE GIRASOL,2019-01-01,011501,D_city,5402.952505581124
CALI,ACEITE DE GIRASOL,2019-02-01,011501,D_city,5462.552776643847
CALI,ACEITE DE GIRASOL,2019-03-01,011501,D_city,5449.424270160895
CALI,ACEITE DE GIRASOL,2019-04-01,011501,D_city,5504.953542236283
CALI,ACEITE DE GIRASOL,2019-05-01,011501,D_city,5581.119127653825
CALI,ACEITE DE GIRASOL,2019-06-01,011501,D_city,5591.202045653656
CALI,ACEITE DE GIRASOL,2019-07-01,011501,D_city,5561.453926245872
CALI,ACEITE DE GIRASOL,2019-08-01,011501,D_city,5526.145715996589
CALI,ACEITE DE GIRASOL,2019-09-01,011501,D_city,5531.190668815094
CALI,ACEITE DE GIRASOL,2019-10-01,011501,D_city,5556.9151420806065
CALI,ACEITE DE GIRASOL,2019-11-01,011501,D_city,5576.077211309895
CALI,ACEITE DE GIRASOL,2019-12-01,011501,D_city,5639.079321879113
CALI,ACEITE DE GIRASOL,2020-01-01,011501,D_city,5728.713178063605
CALI,ACEITE DE GIRASOL,2020-02-01,011501,D_city,5896.650645011127
CALI,ACEITE DE GIRASOL,2020-03-01,011501,D_city,5969.959404234862
CALI,ACEITE DE GIRASOL,2020-04-01,011501,D_city,6013.113032102333
CALI,ACEITE DE GIRASOL,2020-05-01,011501,D_city,6052.234437880081
CALI,ACEITE DE GIRASOL,2020-06-01,011501,D_city,6128.422501775218
CALI,ACEITE DE GIRASOL,2020-07-01,011501,D_city,6178.511609399089
CALI,ACEITE DE GIRASOL,2020-08-01,011501,D_city,6184.520470985468
CALI,ACEITE DE GIRASOL,2020-09-01,011501,D_city,6202.544711845028
CALI,ACEITE DE GIRASOL,2020-10-01,011501,D_city,6196.537021778665
CALI,ACEITE DE GIRASOL,2020-11-01,011501,D_city,6209.553191146544
CALI,ACEITE DE GIRASOL,2020-12-01,011501,D_city,6247.089613322201
CALI,ACEITE DE GIRASOL,2021-01-01,011501,D_city,6315.117218888821
CALI,ACEITE DE GIRASOL,2021-02-01,011501,D_city,6426.057191052645
CALI,ACEITE DE GIRASOL,2021-03-01,011501,D_city,6635.595151947577
CALI,ACEITE DE GIRASOL,2021-04-01,011501,D_city,6948.084039223859
CALI,ACEITE DE GIRASOL,2021-05-01,011501,D_city,7426.9433117246535
CALI,ACEITE DE GIRASOL,2021-06-01,011501,D_city,7753.413848199187
CALI,ACEITE DE GIRASOL,2021-07-01,011501,D_city,7956.4349983471375
CALI,ACEITE DE GIRASOL,2021-08-01,011501,D_city,8135.023082713456
CALI,ACEITE DE GIRASOL,2021-09-01,011501,D_city,8334.94673945553
CALI,ACEITE DE GIRASOL,2021-10-01,011501,D_city,8413.943028080092
CALI,ACEITE DE GIRASOL,2021-11-01,011501,D_city,8595.300037181125
CALI,ACEITE DE GIRASOL,2021-12-01,011501,D_city,8742.647363154549
CALI,ACEITE DE GIRASOL,2022-01-01,011501,D_city,8970.928332969792
CALI,ACEITE DE GIRASOL,2022-02-01,011501,D_city,9078.822442411094
CALI,ACEITE DE GIRASOL,2022-03-01,011501,D_city,9221.735482784155
CALI,ACEITE DE GIRASOL,2022-04-01,011501,D_city,9448.239731699528
CALI,ACEITE DE GIRASOL,2022-05-01,011501,D_city,9529.497292673888
CALI,ACEITE DE GIRASOL,2022-06-01,011501,D_city,9678.754305367504
CALI,ACEITE DE GIRASOL,2022-07-01,011501,D_city,9858.921551583668
CALI,ACEITE DE GIRASOL,2022-08-01,011501,D_city,10074.250392385089
CALI,ACEITE DE GIRASOL,2022-09-01,011501,D_city,10107.201318040052
CALI,ACEITE DE GIRASOL,2022-10-01,011501,D_city,10181.79892605379
CALI,ACEITE DE GIRASOL,2022-11-01,011501,D_city,10187.125923190144
CALI,ACEITE DE GIRASOL,2022-12-01,011501,D_city,10206.979451884854
CALI,ACEITE DE GIRASOL,2023-01-01,011501,D_city,10280.560260316235
CALI,ACEITE DE GIRASOL,2023-02-01,011501,D_city,10501.57559364034
CALI,ACEITE DE GIRASOL,2023-03-01,011501,D_city,10709.731588091601
CALI,ACEITE DE GIRASOL,2023-04-01,011501,D_city,10765.226072501086
CALI,ACEITE DE GIRASOL,2023-05-01,011501,D_city,10765.226072501086
CALI,ACEITE DE GIRASOL,2023-06-01,011501,D_city,10561.007683134781
CALI,ACEITE DE GIRASOL,2023-07-01,011501,D_city,10395.21800633691
CALI,ACEITE DE GIRASOL,2023-08-01,011501,D_city,10101.87150956643
CALI,ACEITE DE GIRASOL,2023-09-01,011501,D_city,9968.564799150203
CALI,ACEITE DE GIRASOL,2023-10-01,011501,D_city,9846.7878726918
CALI,ACEITE DE GIRASOL,2023-11-01,011501,D_city,9515.39003809823
CALI,ACEITE DE GIRASOL,2023-12-01,011501,D_city,9473.546486107516
CALI,ACEITE DE GIRASOL,2024-01-01,011501,D_city,9389.822178950195
CALI,ACEITE DE GIRASOL,2024-02-01,011501,D_city,9364.987356032578
CALI,ACEITE DE GIRASOL,2024-03-01,011501,D_city,9277.29969156361
CALI,ACEITE DE GIRASOL,2024-04-01,011501,D_city,9215.885316622174
CALI,ACEITE DE GIRASOL,2024-05-01,011501,D_city,9157.369946917463
CALI,ACEITE DE GIRASOL,2024-06-01,011501,D_city,9147.127186862497
CALI,ACEITE DE GIRASOL,2024-07-01,011501,D_city,9051.490920384678
CALI,ACEITE DE GIRASOL,2024-08-01,011501,D_city,8999.252803222696
CALI,ACEITE DE GIRASOL,2024-09-01,011501,D_city,8889.828565872755
CALI,ACEITE DE GIRASOL,2024-10-01,011501,D_city,8898.624903779777
CALI,ACEITE DE GIRASOL,2024-11-01,011501,D_city,8983.626248761737
CALI,ACEITE DE GIRASOL,2024-12-01,011501,D_city,9040.263873511358
CALI,ACEITE DE SOYA O DE MAÍZ,2019-01-01,011501,D_city,3312.639805983463
CALI,ACEITE DE SOYA O DE MAÍZ,2019-02-01,011501,D_city,3351.770872656009
CALI,ACEITE DE SOYA O DE MAÍZ,2019-03-01,011501,D_city,3343.1486452750532
CALI,ACEITE DE SOYA O DE MAÍZ,2019-04-01,011501,D_city,3379.6277905478887
CALI,ACEITE DE SOYA O DE MAÍZ,2019-05-01,011501,D_city,3429.705786333418
CALI,ACEITE DE SOYA O DE MAÍZ,2019-06-01,011501,D_city,3436.3388121654134
CALI,ACEITE DE SOYA O DE MAÍZ,2019-07-01,011501,D_city,3416.771505764103
CALI,ACEITE DE SOYA O DE MAÍZ,2019-08-01,011501,D_city,3393.5565292945257
CALI,ACEITE DE SOYA O DE MAÍZ,2019-09-01,011501,D_city,3396.872923035131
CALI,ACEITE DE SOYA O DE MAÍZ,2019-10-01,011501,D_city,3413.7866943280414
CALI,ACEITE DE SOYA O DE MAÍZ,2019-11-01,011501,D_city,3426.389289022601
CALI,ACEITE DE SOYA O DE MAÍZ,2019-12-01,011501,D_city,3467.846250894023
CALI,ACEITE DE SOYA O DE MAÍZ,2020-01-01,011501,D_city,3526.883735773845
CALI,ACEITE DE SOYA O DE MAÍZ,2020-02-01,011501,D_city,3637.6705513383595
CALI,ACEITE DE SOYA O DE MAÍZ,2020-03-01,011501,D_city,3686.1017803240793
CALI,ACEITE DE SOYA O DE MAÍZ,2020-04-01,011501,D_city,3714.630732689564
CALI,ACEITE DE SOYA O DE MAÍZ,2020-05-01,011501,D_city,3740.5064440529286
CALI,ACEITE DE SOYA O DE MAÍZ,2020-06-01,011501,D_city,3790.932572526676
CALI,ACEITE DE SOYA O DE MAÍZ,2020-07-01,011501,D_city,3824.108845944877
CALI,ACEITE DE SOYA O DE MAÍZ,2020-08-01,011501,D_city,3828.0900616796816
CALI,ACEITE DE SOYA O DE MAÍZ,2020-09-01,011501,D_city,3840.033789443431
CALI,ACEITE DE SOYA O DE MAÍZ,2020-10-01,011501,D_city,3836.052533442812
CALI,ACEITE DE SOYA O DE MAÍZ,2020-11-01,011501,D_city,3844.678605038731
CALI,ACEITE DE SOYA O DE MAÍZ,2020-12-01,011501,D_city,3869.561855256749
CALI,ACEITE DE SOYA O DE MAÍZ,2021-01-01,011501,D_city,3914.6848045194033
CALI,ACEITE DE SOYA O DE MAÍZ,2021-02-01,011501,D_city,3988.3450010989063
CALI,ACEITE DE SOYA O DE MAÍZ,2021-03-01,011501,D_city,4127.714142705487
CALI,ACEITE DE SOYA O DE MAÍZ,2021-04-01,011501,D_city,4336.132532886249
CALI,ACEITE DE SOYA O DE MAÍZ,2021-05-01,011501,D_city,4656.78812117126
CALI,ACEITE DE SOYA O DE MAÍZ,2021-06-01,011501,D_city,4876.243139916103
CALI,ACEITE DE SOYA O DE MAÍZ,2021-07-01,011501,D_city,5013.045332877989
CALI,ACEITE DE SOYA O DE MAÍZ,2021-08-01,011501,D_city,5133.587413691487
CALI,ACEITE DE SOYA O DE MAÍZ,2021-09-01,011501,D_city,5268.751569701926
CALI,ACEITE DE SOYA O DE MAÍZ,2021-10-01,011501,D_city,5322.222576854242
CALI,ACEITE DE SOYA O DE MAÍZ,2021-11-01,011501,D_city,5445.112836490702
CALI,ACEITE DE SOYA O DE MAÍZ,2021-12-01,011501,D_city,5545.092372505235
CALI,ACEITE DE SOYA O DE MAÍZ,2022-01-01,011501,D_city,5700.221666287999
CALI,ACEITE DE SOYA O DE MAÍZ,2022-02-01,011501,D_city,5773.638829272719
CALI,ACEITE DE SOYA O DE MAÍZ,2022-03-01,011501,D_city,5870.9793705711545
CALI,ACEITE DE SOYA O DE MAÍZ,2022-04-01,011501,D_city,6025.472517392512
CALI,ACEITE DE SOYA O DE MAÍZ,2022-05-01,011501,D_city,6080.960307686629
CALI,ACEITE DE SOYA O DE MAÍZ,2022-06-01,011501,D_city,6182.9690841877355
CALI,ACEITE DE SOYA O DE MAÍZ,2022-07-01,011501,D_city,6306.250814113882
CALI,ACEITE DE SOYA O DE MAÍZ,2022-08-01,011501,D_city,6453.800403659944
CALI,ACEITE DE SOYA O DE MAÍZ,2022-09-01,011501,D_city,6476.399061510131
CALI,ACEITE DE SOYA O DE MAÍZ,2022-10-01,011501,D_city,6527.579319466608
CALI,ACEITE DE SOYA O DE MAÍZ,2022-11-01,011501,D_city,6531.2351021273435
CALI,ACEITE DE SOYA O DE MAÍZ,2022-12-01,011501,D_city,6544.861259605303
CALI,ACEITE DE SOYA O DE MAÍZ,2023-01-01,011501,D_city,6595.378547648485
CALI,ACEITE DE SOYA O DE MAÍZ,2023-02-01,011501,D_city,6747.270287126762
CALI,ACEITE DE SOYA O DE MAÍZ,2023-03-01,011501,D_city,6890.53065602106
CALI,ACEITE DE SOYA O DE MAÍZ,2023-04-01,011501,D_city,6928.757222384553
CALI,ACEITE DE SOYA O DE MAÍZ,2023-05-01,011501,D_city,6928.757222384553
CALI,ACEITE DE SOYA O DE MAÍZ,2023-06-01,011501,D_city,6788.153339295828
CALI,ACEITE DE SOYA O DE MAÍZ,2023-07-01,011501,D_city,6674.148136630129
CALI,ACEITE DE SOYA O DE MAÍZ,2023-08-01,011501,D_city,6472.743378897547
CALI,ACEITE DE SOYA O DE MAÍZ,2023-09-01,011501,D_city,6381.353500854368
CALI,ACEITE DE SOYA O DE MAÍZ,2023-10-01,011501,D_city,6297.943172442504
CALI,ACEITE DE SOYA O DE MAÍZ,2023-11-01,011501,D_city,6071.324585077964
CALI,ACEITE DE SOYA O DE MAÍZ,2023-12-01,011501,D_city,6042.749975637991
CALI,ACEITE DE SOYA O DE MAÍZ,2024-01-01,011501,D_city,5985.602074218499
CALI,ACEITE DE SOYA O DE MAÍZ,2024-02-01,011501,D_city,5968.657396498408
CALI,ACEITE DE SOYA O DE MAÍZ,2024-03-01,011501,D_city,5908.853902294994
CALI,ACEITE DE SOYA O DE MAÍZ,2024-04-01,011501,D_city,5866.99262379134
CALI,ACEITE DE SOYA O DE MAÍZ,2024-05-01,011501,D_city,5827.125640475384
CALI,ACEITE DE SOYA O DE MAÍZ,2024-06-01,011501,D_city,5820.149009221384
CALI,ACEITE DE SOYA O DE MAÍZ,2024-07-01,011501,D_city,5755.035097163823
CALI,ACEITE DE SOYA O DE MAÍZ,2024-08-01,011501,D_city,5719.4892236445885
CALI,ACEITE DE SOYA O DE MAÍZ,2024-09-01,011501,D_city,5645.077758776084
CALI,ACEITE DE SOYA O DE MAÍZ,2024-10-01,011501,D_city,5651.057134436941
CALI,ACEITE DE SOYA O DE MAÍZ,2024-11-01,011501,D_city,5708.858821080222
CALI,ACEITE DE SOYA O DE MAÍZ,2024-12-01,011501,D_city,5747.3943351174285
CALI,AGUACATE,2019-01-01,011609,D_city,2781.1647760086285
CALI,AGUACATE,2019-02-01,011609,D_city,2970.407092046171
CALI,AGUACATE,2019-03-01,011609,D_city,3406.953196492537
CALI,AGUACATE,2019-04-01,011609,D_city,3334.1194592916177
CALI,AGUACATE,2019-05-01,011609,D_city,3067.532984899249
CALI,AGUACATE,2019-06-01,011609,D_city,3087.2492606865076
CALI,AGUACATE,2019-07-01,011609,D_city,3323.782444397667
CALI,AGUACATE,2019-08-01,011609,D_city,3582.9063297650605
CALI,AGUACATE,2019-09-01,011609,D_city,3875.0379232187847
CALI,AGUACATE,2019-10-01,011609,D_city,3821.5905484275295
CALI,AGUACATE,2019-11-01,011609,D_city,3564.041054269723
CALI,AGUACATE,2019-12-01,011609,D_city,3326.808021143966
CALI,AGUACATE,2020-01-01,011609,D_city,3340.674094785374
CALI,AGUACATE,2020-02-01,011609,D_city,3522.2742381764974
CALI,AGUACATE,2020-03-01,011609,D_city,3907.897290627229
CALI,AGUACATE,2020-04-01,011609,D_city,3904.887650318349
CALI,AGUACATE,2020-05-01,011609,D_city,3628.421149840932
CALI,AGUACATE,2020-06-01,011609,D_city,3369.912727908284
CALI,AGUACATE,2020-07-01,011609,D_city,3200.1599113262464
CALI,AGUACATE,2020-08-01,011609,D_city,3243.823814945244
CALI,AGUACATE,2020-09-01,011609,D_city,3344.4554233892395
CALI,AGUACATE,2020-10-01,011609,D_city,3494.3367735291076
CALI,AGUACATE,2020-11-01,011609,D_city,3530.8302036064365
CALI,AGUACATE,2020-12-01,011609,D_city,3336.6405229028287
CALI,AGUACATE,2021-01-01,011609,D_city,3405.4416000747838
CALI,AGUACATE,2021-02-01,011609,D_city,3534.856304947955
CALI,AGUACATE,2021-03-01,011609,D_city,3803.2672794732166
CALI,AGUACATE,2021-04-01,011609,D_city,3898.8681414432576
CALI,AGUACATE,2021-05-01,011609,D_city,4980.136067858864
CALI,AGUACATE,2021-06-01,011609,D_city,3919.4335416105982
CALI,AGUACATE,2021-07-01,011609,D_city,3961.8071924768
CALI,AGUACATE,2021-08-01,011609,D_city,4230.752618086803
CALI,AGUACATE,2021-09-01,011609,D_city,4310.275392029528
CALI,AGUACATE,2021-10-01,011609,D_city,4589.729339550363
CALI,AGUACATE,2021-11-01,011609,D_city,4503.88136006441
CALI,AGUACATE,2021-12-01,011609,D_city,4375.508114336542
CALI,AGUACATE,2022-01-01,011609,D_city,4726.628141069687
CALI,AGUACATE,2022-02-01,011609,D_city,5160.669063412826
CALI,AGUACATE,2022-03-01,011609,D_city,5641.098857587959
CALI,AGUACATE,2022-04-01,011609,D_city,5667.363596581727
CALI,AGUACATE,2022-05-01,011609,D_city,5385.921153848887
CALI,AGUACATE,2022-06-01,011609,D_city,5331.80987299907
CALI,AGUACATE,2022-07-01,011609,D_city,5479.208933864753
CALI,AGUACATE,2022-08-01,011609,D_city,5724.091746307193
CALI,AGUACATE,2022-09-01,011609,D_city,6128.344389776513
CALI,AGUACATE,2022-10-01,011609,D_city,6309.648631122134
CALI,AGUACATE,2022-11-01,011609,D_city,6056.663706720977
CALI,AGUACATE,2022-12-01,011609,D_city,5627.964985382366
CALI,AGUACATE,2023-01-01,011609,D_city,5901.836958862624
CALI,AGUACATE,2023-02-01,011609,D_city,6271.6236464247795
CALI,AGUACATE,2023-03-01,011609,D_city,7086.340362089562
CALI,AGUACATE,2023-04-01,011609,D_city,6808.23221807346
CALI,AGUACATE,2023-05-01,011609,D_city,6467.841280884131
CALI,AGUACATE,2023-06-01,011609,D_city,6205.432238350111
CALI,AGUACATE,2023-07-01,011609,D_city,6574.383019585309
CALI,AGUACATE,2023-08-01,011609,D_city,7070.844767351728
CALI,AGUACATE,2023-09-01,011609,D_city,7421.80970756305
CALI,AGUACATE,2023-10-01,011609,D_city,7711.656677404186
CALI,AGUACATE,2023-11-01,011609,D_city,7153.966887432997
CALI,AGUACATE,2023-12-01,011609,D_city,6429.600515918964
CALI,AGUACATE,2024-01-01,011609,D_city,6645.625819025392
CALI,AGUACATE,2024-02-01,011609,D_city,7125.443357170561
CALI,AGUACATE,2024-03-01,011609,D_city,7746.482716898751
CALI,AGUACATE,2024-04-01,011609,D_city,8243.553489196587
CALI,AGUACATE,2024-05-01,011609,D_city,7980.322947451537
CALI,AGUACATE,2024-06-01,011609,D_city,7460.6080659488
CALI,AGUACATE,2024-07-01,011609,D_city,7240.989847604488
CALI,AGUACATE,2024-08-01,011609,D_city,7535.2394953358225
CALI,AGUACATE,2024-09-01,011609,D_city,8446.358541493384
CALI,AGUACATE,2024-10-01,011609,D_city,8601.351253974537
CALI,AGUACATE,2024-11-01,011609,D_city,8275.367169643232
CALI,AGUACATE,2024-12-01,011609,D_city,7706.015355291342
CALI,AHUYAMA,2019-01-01,011716,BASE_lowR2,1427.655741501681
CALI,AHUYAMA,2019-02-01,011716,BASE_lowR2,1432.8704893537542
CALI,AHUYAMA,2019-03-01,011716,BASE_lowR2,1400.7523832648485
CALI,AHUYAMA,2019-04-01,011716,BASE_lowR2,1369.5824131490474
CALI,AHUYAMA,2019-05-01,011716,BASE_lowR2,1386.1747926783712
CALI,AHUYAMA,2019-06-01,011716,BASE_lowR2,1532.1877325364214
CALI,AHUYAMA,2019-07-01,011716,BASE_lowR2,1634.8234516249531
CALI,AHUYAMA,2019-08-01,011716,BASE_lowR2,1615.9792491595067
CALI,AHUYAMA,2019-09-01,011716,BASE_lowR2,1721.1038251774373
CALI,AHUYAMA,2019-10-01,011716,BASE_lowR2,1654.3787560702278
CALI,AHUYAMA,2019-11-01,011716,BASE_lowR2,1508.3658162121778
CALI,AHUYAMA,2019-12-01,011716,BASE_lowR2,1435.3593462831527
CALI,AHUYAMA,2020-01-01,011716,BASE_lowR2,1757.844094135226
CALI,AHUYAMA,2020-02-01,011716,BASE_lowR2,1933.4862831527828
CALI,AHUYAMA,2020-03-01,011716,BASE_lowR2,2100.358214419126
CALI,AHUYAMA,2020-04-01,011716,BASE_lowR2,1832.0357340306314
CALI,AHUYAMA,2020-05-01,011716,BASE_lowR2,1613.2533582368324
CALI,AHUYAMA,2020-06-01,011716,BASE_lowR2,1631.8605267090027
CALI,AHUYAMA,2020-07-01,011716,BASE_lowR2,1564.1873216286888
CALI,AHUYAMA,2020-08-01,011716,BASE_lowR2,1617.164419125887
CALI,AHUYAMA,2020-09-01,011716,BASE_lowR2,1848.035528576765
CALI,AHUYAMA,2020-10-01,011716,BASE_lowR2,1870.5537579379904
CALI,AHUYAMA,2020-11-01,011716,BASE_lowR2,1787.2363093014567
CALI,AHUYAMA,2020-12-01,011716,BASE_lowR2,1743.3850205453864
CALI,AHUYAMA,2021-01-01,011716,BASE_lowR2,1723.3556481135597
CALI,AHUYAMA,2021-02-01,011716,BASE_lowR2,1710.200261486739
CALI,AHUYAMA,2021-03-01,011716,BASE_lowR2,1770.2883787822188
CALI,AHUYAMA,2021-04-01,011716,BASE_lowR2,1841.2800597683977
CALI,AHUYAMA,2021-05-01,011716,BASE_lowR2,2250.5192491595067
CALI,AHUYAMA,2021-06-01,011716,BASE_lowR2,2100.1211804258496
CALI,AHUYAMA,2021-07-01,011716,BASE_lowR2,2149.779802017183
CALI,AHUYAMA,2021-08-01,011716,BASE_lowR2,2081.3954949570416
CALI,AHUYAMA,2021-09-01,011716,BASE_lowR2,2058.403197609264
CALI,AHUYAMA,2021-10-01,011716,BASE_lowR2,1930.878909226746
CALI,AHUYAMA,2021-11-01,011716,BASE_lowR2,2020.7147926783714
CALI,AHUYAMA,2021-12-01,011716,BASE_lowR2,2176.8016772506535
CALI,AHUYAMA,2022-01-01,011716,BASE_lowR2,2462.072088158386
CALI,AHUYAMA,2022-02-01,011716,BASE_lowR2,2470.131243929772
CALI,AHUYAMA,2022-03-01,011716,BASE_lowR2,2516.945457601793
CALI,AHUYAMA,2022-04-01,011716,BASE_lowR2,2412.0579155771384
CALI,AHUYAMA,2022-05-01,011716,BASE_lowR2,2455.0795853567424
CALI,AHUYAMA,2022-06-01,011716,BASE_lowR2,2587.700104594696
CALI,AHUYAMA,2022-07-01,011716,BASE_lowR2,2773.890306313037
CALI,AHUYAMA,2022-08-01,011716,BASE_lowR2,2937.9178296600667
CALI,AHUYAMA,2022-09-01,011716,BASE_lowR2,2858.1558909226746
CALI,AHUYAMA,2022-10-01,011716,BASE_lowR2,2693.8913335823686
CALI,AHUYAMA,2022-11-01,011716,BASE_lowR2,2615.07753081808
CALI,AHUYAMA,2022-12-01,011716,BASE_lowR2,2577.2706088905493
CALI,AHUYAMA,2023-01-01,011716,BASE_lowR2,2964.584153903623
CALI,AHUYAMA,2023-02-01,011716,BASE_lowR2,2910.540403436683
CALI,AHUYAMA,2023-03-01,011716,BASE_lowR2,3137.974519985057
CALI,AHUYAMA,2023-04-01,011716,BASE_lowR2,3174.7147889428466
CALI,AHUYAMA,2023-05-01,011716,BASE_lowR2,3005.828068733657
CALI,AHUYAMA,2023-06-01,011716,BASE_lowR2,2906.0367575644377
CALI,AHUYAMA,2023-07-01,011716,BASE_lowR2,2753.2683488980197
CALI,AHUYAMA,2023-08-01,011716,BASE_lowR2,2935.5474897273066
CALI,AHUYAMA,2023-09-01,011716,BASE_lowR2,3111.189678744863
CALI,AHUYAMA,2023-10-01,011716,BASE_lowR2,3189.5294135226
CALI,AHUYAMA,2023-11-01,011716,BASE_lowR2,2835.7561785580874
CALI,AHUYAMA,2023-12-01,011716,BASE_lowR2,2675.639716100112
CALI,AHUYAMA,2024-01-01,011716,BASE_lowR2,3160.729783339559
CALI,AHUYAMA,2024-02-01,011716,BASE_lowR2,3519.243698169593
CALI,AHUYAMA,2024-03-01,011716,BASE_lowR2,3692.634064251027
CALI,AHUYAMA,2024-04-01,011716,BASE_lowR2,3779.0329548001496
CALI,AHUYAMA,2024-05-01,011716,BASE_lowR2,3436.6373515128876
CALI,AHUYAMA,2024-06-01,011716,BASE_lowR2,3207.069929025028
CALI,AHUYAMA,2024-07-01,011716,BASE_lowR2,3189.0553455360473
CALI,AHUYAMA,2024-08-01,011716,BASE_lowR2,3264.6691893911093
CALI,AHUYAMA,2024-09-01,011716,BASE_lowR2,3483.214531191632
CALI,AHUYAMA,2024-10-01,011716,BASE_lowR2,3512.9622973477776
CALI,AHUYAMA,2024-11-01,011716,BASE_lowR2,3280.787500933881
CALI,AHUYAMA,2024-12-01,011716,BASE_lowR2,2993.2652670900256
CALI,AJO,2019-01-01,011716,BASE_lowR2,6492.791750093388
CALI,AJO,2019-02-01,011716,BASE_lowR2,6516.5077418752335
CALI,AJO,2019-03-01,011716,BASE_lowR2,6370.4387924915945
CALI,AJO,2019-04-01,011716,BASE_lowR2,6228.681841613747
CALI,AJO,2019-05-01,011716,BASE_lowR2,6304.141815465072
CALI,AJO,2019-06-01,011716,BASE_lowR2,6968.189585356743
CALI,AJO,2019-07-01,011716,BASE_lowR2,7434.963423608516
CALI,AJO,2019-08-01,011716,BASE_lowR2,7349.262453305939
CALI,AJO,2019-09-01,011716,BASE_lowR2,7827.355287635412
CALI,AJO,2019-10-01,011716,BASE_lowR2,7523.898392790436
CALI,AJO,2019-11-01,011716,BASE_lowR2,6859.850622898767
CALI,AJO,2019-12-01,011716,BASE_lowR2,6527.826737952932
CALI,AJO,2020-01-01,011716,BASE_lowR2,7994.445229734777
CALI,AJO,2020-02-01,011716,BASE_lowR2,8793.242952932385
CALI,AJO,2020-03-01,011716,BASE_lowR2,9552.154689951438
CALI,AJO,2020-04-01,011716,BASE_lowR2,8331.85911281285
CALI,AJO,2020-05-01,011716,BASE_lowR2,7336.865457601793
CALI,AJO,2020-06-01,011716,BASE_lowR2,7421.488428277923
CALI,AJO,2020-07-01,011716,BASE_lowR2,7113.719534927157
CALI,AJO,2020-08-01,011716,BASE_lowR2,7354.652451438175
CALI,AJO,2020-09-01,011716,BASE_lowR2,8404.624087598057
CALI,AJO,2020-10-01,011716,BASE_lowR2,8507.034052110572
CALI,AJO,2020-11-01,011716,BASE_lowR2,8128.11718341427
CALI,AJO,2020-12-01,011716,BASE_lowR2,7928.6872525214785
CALI,AJO,2021-01-01,011716,BASE_lowR2,7837.596284086663
CALI,AJO,2021-02-01,011716,BASE_lowR2,7777.767304818828
CALI,AJO,2021-03-01,011716,BASE_lowR2,8051.040210123272
CALI,AJO,2021-04-01,011716,BASE_lowR2,8373.901098244303
CALI,AJO,2021-05-01,011716,BASE_lowR2,10235.06745330594
CALI,AJO,2021-06-01,011716,BASE_lowR2,9551.07669032499
CALI,AJO,2021-07-01,011716,BASE_lowR2,9776.917612065745
CALI,AJO,2021-08-01,011716,BASE_lowR2,9465.914719835637
CALI,AJO,2021-09-01,011716,BASE_lowR2,9361.348756070227
CALI,AJO,2021-10-01,011716,BASE_lowR2,8781.384957041462
CALI,AJO,2021-11-01,011716,BASE_lowR2,9189.946815465073
CALI,AJO,2021-12-01,011716,BASE_lowR2,9899.809569480762
CALI,AJO,2022-01-01,011716,BASE_lowR2,11197.182119910347
CALI,AJO,2022-02-01,011716,BASE_lowR2,11233.834107209563
CALI,AJO,2022-03-01,011716,BASE_lowR2,11446.739033432947
CALI,AJO,2022-04-01,011716,BASE_lowR2,10969.724198729922
CALI,AJO,2022-05-01,011716,BASE_lowR2,11165.381130930145
CALI,AJO,2022-06-01,011716,BASE_lowR2,11768.521921927531
CALI,AJO,2022-07-01,011716,BASE_lowR2,12615.290628502054
CALI,AJO,2022-08-01,011716,BASE_lowR2,13361.266370003734
CALI,AJO,2022-09-01,011716,BASE_lowR2,12998.519495704146
CALI,AJO,2022-10-01,011716,BASE_lowR2,12251.46575457602
CALI,AJO,2022-11-01,011716,BASE_lowR2,11893.030878782218
CALI,AJO,2022-12-01,011716,BASE_lowR2,11721.08993836384
CALI,AJO,2023-01-01,011716,BASE_lowR2,13482.54132797908
CALI,AJO,2023-02-01,011716,BASE_lowR2,13236.757413149047
CALI,AJO,2023-03-01,011716,BASE_lowR2,14271.098054725437
CALI,AJO,2023-04-01,011716,BASE_lowR2,14438.187996824805
CALI,AJO,2023-05-01,011716,BASE_lowR2,13670.113262980949
CALI,AJO,2023-06-01,011716,BASE_lowR2,13216.275420246544
CALI,AJO,2023-07-01,011716,BASE_lowR2,12521.50466100112
CALI,AJO,2023-08-01,011716,BASE_lowR2,13350.48637373926
CALI,AJO,2023-09-01,011716,BASE_lowR2,14149.284096936868
CALI,AJO,2023-10-01,011716,BASE_lowR2,14505.562973477774
CALI,AJO,2023-11-01,011716,BASE_lowR2,12896.648531004856
CALI,AJO,2023-12-01,011716,BASE_lowR2,12168.459783339558
CALI,AJO,2024-01-01,011716,BASE_lowR2,14374.5860188644
CALI,AJO,2024-02-01,011716,BASE_lowR2,16005.060453866268
CALI,AJO,2024-03-01,011716,BASE_lowR2,16793.617180612626
CALI,AJO,2024-04-01,011716,BASE_lowR2,17186.548044452746
CALI,AJO,2024-05-01,011716,BASE_lowR2,15629.377584049309
CALI,AJO,2024-06-01,011716,BASE_lowR2,14585.334945834891
CALI,AJO,2024-07-01,011716,BASE_lowR2,14503.406974224878
CALI,AJO,2024-08-01,011716,BASE_lowR2,14847.288855061635
CALI,AJO,2024-09-01,011716,BASE_lowR2,15841.204510646245
CALI,AJO,2024-10-01,011716,BASE_lowR2,15976.49346376541
CALI,AJO,2024-11-01,011716,BASE_lowR2,14920.592829660065
CALI,AJO,2024-12-01,011716,BASE_lowR2,13612.979282779228
CALI,ARRACACHA,2019-01-01,011712,BASE,2302.7461079176705
CALI,ARRACACHA,2019-02-01,011712,BASE,2235.8313248655663
CALI,ARRACACHA,2019-03-01,011712,BASE,2187.3455312442056
CALI,ARRACACHA,2019-04-01,011712,BASE,2166.064436306323
CALI,ARRACACHA,2019-05-01,011712,BASE,2131.8391702206563
CALI,ARRACACHA,2019-06-01,011712,BASE,2107.4865770443166
CALI,ARRACACHA,2019-07-01,011712,BASE,2156.8499415909514
CALI,ARRACACHA,2019-08-01,011712,BASE,2209.5041971073615
CALI,ARRACACHA,2019-09-01,011712,BASE,2372.2936037455956
CALI,ARRACACHA,2019-10-01,011712,BASE,2461.3670526608566
CALI,ARRACACHA,2019-11-01,011712,BASE,2489.22992953829
CALI,ARRACACHA,2019-12-01,011712,BASE,2485.28086037456
CALI,ARRACACHA,2020-01-01,011712,BASE,2675.055572964955
CALI,ARRACACHA,2020-02-01,011712,BASE,2637.1006304468756
CALI,ARRACACHA,2020-03-01,011712,BASE,2678.1270712034116
CALI,ARRACACHA,2020-04-01,011712,BASE,2670.22893287595
CALI,ARRACACHA,2020-05-01,011712,BASE,2502.6128861487114
CALI,ARRACACHA,2020-06-01,011712,BASE,2426.4836083812347
CALI,ARRACACHA,2020-07-01,011712,BASE,2423.1927174114594
CALI,ARRACACHA,2020-08-01,011712,BASE,2432.845997589468
CALI,ARRACACHA,2020-09-01,011712,BASE,2449.5198451696647
CALI,ARRACACHA,2020-10-01,011712,BASE,2487.474787687743
CALI,ARRACACHA,2020-11-01,011712,BASE,2372.2936037455956
CALI,ARRACACHA,2020-12-01,011712,BASE,2279.7098711292415
CALI,ARRACACHA,2021-01-01,011712,BASE,2283.8783330242904
CALI,ARRACACHA,2021-02-01,011712,BASE,2235.8313248655663
CALI,ARRACACHA,2021-03-01,011712,BASE,2175.278931021695
CALI,ARRACACHA,2021-04-01,011712,BASE,2113.8489662525494
CALI,ARRACACHA,2021-05-01,011712,BASE,2698.5305952160206
CALI,ARRACACHA,2021-06-01,011712,BASE,2239.5610012979787
CALI,ARRACACHA,2021-07-01,011712,BASE,1933.7275338401632
CALI,ARRACACHA,2021-08-01,011712,BASE,1873.6139254589282
CALI,ARRACACHA,2021-09-01,011712,BASE,1836.755946597441
CALI,ARRACACHA,2021-10-01,011712,BASE,1804.0664296310033
CALI,ARRACACHA,2021-11-01,011712,BASE,1798.581611348044
CALI,ARRACACHA,2021-12-01,011712,BASE,1831.4905210458
CALI,ARRACACHA,2022-01-01,011712,BASE,2037.2809030224364
CALI,ARRACACHA,2022-02-01,011712,BASE,2118.4562136102354
CALI,ARRACACHA,2022-03-01,011712,BASE,2123.9410318931946
CALI,ARRACACHA,2022-04-01,011712,BASE,2454.565877989987
CALI,ARRACACHA,2022-05-01,011712,BASE,2621.0849610606338
CALI,ARRACACHA,2022-06-01,011712,BASE,2661.0144381605783
CALI,ARRACACHA,2022-07-01,011712,BASE,3045.1711106990547
CALI,ARRACACHA,2022-08-01,011712,BASE,3595.40808084554
CALI,ARRACACHA,2022-09-01,011712,BASE,3882.373773409976
CALI,ARRACACHA,2022-10-01,011712,BASE,4505.449130354163
CALI,ARRACACHA,2022-11-01,011712,BASE,4873.8095262377155
CALI,ARRACACHA,2022-12-01,011712,BASE,5047.787962173187
CALI,ARRACACHA,2023-01-01,011712,BASE,5410.005361579826
CALI,ARRACACHA,2023-02-01,011712,BASE,5165.382466159836
CALI,ARRACACHA,2023-03-01,011712,BASE,5298.553854070091
CALI,ARRACACHA,2023-04-01,011712,BASE,5243.266885777861
CALI,ARRACACHA,2023-05-01,011712,BASE,5228.34818004821
CALI,ARRACACHA,2023-06-01,011712,BASE,5149.3667967735955
CALI,ARRACACHA,2023-07-01,011712,BASE,4972.316862599665
CALI,ARRACACHA,2023-08-01,011712,BASE,5062.2678824402
CALI,ARRACACHA,2023-09-01,011712,BASE,5095.396184869274
CALI,ARRACACHA,2023-10-01,011712,BASE,5103.733108659373
CALI,ARRACACHA,2023-11-01,011712,BASE,5053.492173187466
CALI,ARRACACHA,2023-12-01,011712,BASE,4780.348222696087
CALI,ARRACACHA,2024-01-01,011712,BASE,4924.489247172261
CALI,ARRACACHA,2024-02-01,011712,BASE,4756.434414982385
CALI,ARRACACHA,2024-03-01,011712,BASE,4381.272844427962
CALI,ARRACACHA,2024-04-01,011712,BASE,4454.330623956981
CALI,ARRACACHA,2024-05-01,011712,BASE,4429.539245318005
CALI,ARRACACHA,2024-06-01,011712,BASE,4399.04365566475
CALI,ARRACACHA,2024-07-01,011712,BASE,4071.490307806416
CALI,ARRACACHA,2024-08-01,011712,BASE,3714.3189412201004
CALI,ARRACACHA,2024-09-01,011712,BASE,3611.423750231782
CALI,ARRACACHA,2024-10-01,011712,BASE,3378.648062302985
CALI,ARRACACHA,2024-11-01,011712,BASE,3010.945844613388
CALI,ARRACACHA,2024-12-01,011712,BASE,2758.8635963285737
CALI,ARROZ INTEGRAL,2019-01-01,011101,D_city,1567.111542637207
CALI,ARROZ INTEGRAL,2019-02-01,011101,D_city,1561.1283964731965
CALI,ARROZ INTEGRAL,2019-03-01,011101,D_city,1559.9313010149997
CALI,ARROZ INTEGRAL,2019-04-01,011101,D_city,1564.452845601053
CALI,ARROZ INTEGRAL,2019-05-01,011101,D_city,1580.3935937780009
CALI,ARROZ INTEGRAL,2019-06-01,011101,D_city,1589.1493810327806
CALI,ARROZ INTEGRAL,2019-07-01,011101,D_city,1630.958836417985
CALI,ARROZ INTEGRAL,2019-08-01,011101,D_city,1670.2208404447865
CALI,ARROZ INTEGRAL,2019-09-01,011101,D_city,1676.5302173280124
CALI,ARROZ INTEGRAL,2019-10-01,011101,D_city,1685.5929029783742
CALI,ARROZ INTEGRAL,2019-11-01,011101,D_city,1702.6451498823956
CALI,ARROZ INTEGRAL,2019-12-01,011101,D_city,1796.8349381004691
CALI,ARROZ INTEGRAL,2020-01-01,011101,D_city,1927.6005844973897
CALI,ARROZ INTEGRAL,2020-02-01,011101,D_city,2024.3409311727883
CALI,ARROZ INTEGRAL,2020-03-01,011101,D_city,2046.338374804654
CALI,ARROZ INTEGRAL,2020-04-01,011101,D_city,2121.0609722361733
CALI,ARROZ INTEGRAL,2020-05-01,011101,D_city,2131.4105477223234
CALI,ARROZ INTEGRAL,2020-06-01,011101,D_city,2128.0037035323016
CALI,ARROZ INTEGRAL,2020-07-01,011101,D_city,2054.4659854497877
CALI,ARROZ INTEGRAL,2020-08-01,011101,D_city,1963.9885768543472
CALI,ARROZ INTEGRAL,2020-09-01,011101,D_city,1937.9906320511022
CALI,ARROZ INTEGRAL,2020-10-01,011101,D_city,1906.4061992432335
CALI,ARROZ INTEGRAL,2020-11-01,011101,D_city,1891.8681995303482
CALI,ARROZ INTEGRAL,2020-12-01,011101,D_city,1882.3374743794363
CALI,ARROZ INTEGRAL,2021-01-01,011101,D_city,1867.6389609754442
CALI,ARROZ INTEGRAL,2021-02-01,011101,D_city,1846.3299566076566
CALI,ARROZ INTEGRAL,2021-03-01,011101,D_city,1822.6474385954245
CALI,ARROZ INTEGRAL,2021-04-01,011101,D_city,1816.81589346296
CALI,ARROZ INTEGRAL,2021-05-01,011101,D_city,1834.818703676231
CALI,ARROZ INTEGRAL,2021-06-01,011101,D_city,1838.3121721030589
CALI,ARROZ INTEGRAL,2021-07-01,011101,D_city,1803.7157320566594
CALI,ARROZ INTEGRAL,2021-08-01,011101,D_city,1757.0199501517707
CALI,ARROZ INTEGRAL,2021-09-01,011101,D_city,1720.7151433655865
CALI,ARROZ INTEGRAL,2021-10-01,011101,D_city,1660.7491866715873
CALI,ARROZ INTEGRAL,2021-11-01,011101,D_city,1647.0517050327242
CALI,ARROZ INTEGRAL,2021-12-01,011101,D_city,1645.9972542035432
CALI,ARROZ INTEGRAL,2022-01-01,011101,D_city,1672.4558728376103
CALI,ARROZ INTEGRAL,2022-02-01,011101,D_city,1738.6224239373355
CALI,ARROZ INTEGRAL,2022-03-01,011101,D_city,1838.3121721030589
CALI,ARROZ INTEGRAL,2022-04-01,011101,D_city,1953.1098828614142
CALI,ARROZ INTEGRAL,2022-05-01,011101,D_city,2043.1620408990311
CALI,ARROZ INTEGRAL,2022-06-01,011101,D_city,2095.9085742160773
CALI,ARROZ INTEGRAL,2022-07-01,011101,D_city,2123.2073182311065
CALI,ARROZ INTEGRAL,2022-08-01,011101,D_city,2158.3804512814045
CALI,ARROZ INTEGRAL,2022-09-01,011101,D_city,2201.740311279687
CALI,ARROZ INTEGRAL,2022-10-01,011101,D_city,2253.3320270668
CALI,ARROZ INTEGRAL,2022-11-01,011101,D_city,2332.335494567771
CALI,ARROZ INTEGRAL,2022-12-01,011101,D_city,2396.9192290568644
CALI,ARROZ INTEGRAL,2023-01-01,011101,D_city,2425.953327347696
CALI,ARROZ INTEGRAL,2023-02-01,011101,D_city,2444.9479778826494
CALI,ARROZ INTEGRAL,2023-03-01,011101,D_city,2466.1332545067567
CALI,ARROZ INTEGRAL,2023-04-01,011101,D_city,2480.5265391582825
CALI,ARROZ INTEGRAL,2023-05-01,011101,D_city,2488.639579954174
CALI,ARROZ INTEGRAL,2023-06-01,011101,D_city,2465.764008927327
CALI,ARROZ INTEGRAL,2023-07-01,011101,D_city,2449.631115883313
CALI,ARROZ INTEGRAL,2023-08-01,011101,D_city,2444.33166233407
CALI,ARROZ INTEGRAL,2023-09-01,011101,D_city,2444.701454824574
CALI,ARROZ INTEGRAL,2023-10-01,011101,D_city,2438.2903741656787
CALI,ARROZ INTEGRAL,2023-11-01,011101,D_city,2446.0572794980458
CALI,ARROZ INTEGRAL,2023-12-01,011101,D_city,2437.673773571968
CALI,ARROZ INTEGRAL,2024-01-01,011101,D_city,2446.4270277469877
CALI,ARROZ INTEGRAL,2024-02-01,011101,D_city,2441.619560769838
CALI,ARROZ INTEGRAL,2024-03-01,011101,D_city,2473.516200123785
CALI,ARROZ INTEGRAL,2024-04-01,011101,D_city,2463.05592141563
CALI,ARROZ INTEGRAL,2024-05-01,011101,D_city,2473.7622339119885
CALI,ARROZ INTEGRAL,2024-06-01,011101,D_city,2489.7455560003896
CALI,ARROZ INTEGRAL,2024-07-01,011101,D_city,2482.3708066471836
CALI,ARROZ INTEGRAL,2024-08-01,011101,D_city,2449.138225518736
CALI,ARROZ INTEGRAL,2024-09-01,011101,D_city,2435.453792399119
CALI,ARROZ INTEGRAL,2024-10-01,011101,D_city,2445.317754567796
CALI,ARROZ INTEGRAL,2024-11-01,011101,D_city,2464.41002824225
CALI,ARROZ INTEGRAL,2024-12-01,011101,D_city,2454.928626273604
CALI,ARROZ PARA SECO,2019-01-01,011101,D_city,1345.6642282615705
CALI,ARROZ PARA SECO,2019-02-01,011101,D_city,1339.2987512252257
CALI,ARROZ PARA SECO,2019-03-01,011101,D_city,1338.025860540507
CALI,ARROZ PARA SECO,2019-04-01,011101,D_city,1342.8349169598255
CALI,ARROZ PARA SECO,2019-05-01,011101,D_city,1359.815811613982
CALI,ARROZ PARA SECO,2019-06-01,011101,D_city,1369.1604198432337
CALI,ARROZ PARA SECO,2019-07-01,011101,D_city,1413.9508153052857
CALI,ARROZ PARA SECO,2019-08-01,011101,D_city,1456.2634447322891
CALI,ARROZ PARA SECO,2019-09-01,011101,D_city,1463.08545184978
CALI,ARROZ PARA SECO,2019-10-01,011101,D_city,1472.895232912163
CALI,ARROZ PARA SECO,2019-11-01,011101,D_city,1491.3874390795231
CALI,ARROZ PARA SECO,2019-12-01,011101,D_city,1594.322299867336
CALI,ARROZ PARA SECO,2020-01-01,011101,D_city,1739.3754141205268
CALI,ARROZ PARA SECO,2020-02-01,011101,D_city,1848.2227399875337
CALI,ARROZ PARA SECO,2020-03-01,011101,D_city,1873.149714911169
CALI,ARROZ PARA SECO,2020-04-01,011101,D_city,1958.3004566583131
CALI,ARROZ PARA SECO,2020-05-01,011101,D_city,1970.151743723349
CALI,ARROZ PARA SECO,2020-06-01,011101,D_city,1966.2490449264774
CALI,ARROZ PARA SECO,2020-07-01,011101,D_city,1882.3760167535486
CALI,ARROZ PARA SECO,2020-08-01,011101,D_city,1780.1673149843707
CALI,ARROZ PARA SECO,2020-09-01,011101,D_city,1751.0042730691457
CALI,ARROZ PARA SECO,2020-10-01,011101,D_city,1715.700600831652
CALI,ARROZ PARA SECO,2020-11-01,011101,D_city,1699.4975620323082
CALI,ARROZ PARA SECO,2020-12-01,011101,D_city,1688.8914421275717
CALI,ARROZ PARA SECO,2021-01-01,011101,D_city,1672.5596493985984
CALI,ARROZ PARA SECO,2021-02-01,011101,D_city,1648.9374896820466
CALI,ARROZ PARA SECO,2021-03-01,011101,D_city,1622.7607097868738
CALI,ARROZ PARA SECO,2021-04-01,011101,D_city,1616.3274329300061
CALI,ARROZ PARA SECO,2021-05-01,011101,D_city,1636.2037517106348
CALI,ARROZ PARA SECO,2021-06-01,011101,D_city,1640.066206517692
CALI,ARROZ PARA SECO,2021-07-01,011101,D_city,1601.893571509637
CALI,ARROZ PARA SECO,2021-08-01,011101,D_city,1550.6488799026329
CALI,ARROZ PARA SECO,2021-09-01,011101,D_city,1511.0318015698726
CALI,ARROZ PARA SECO,2021-10-01,011101,D_city,1446.0338192034988
CALI,ARROZ PARA SECO,2021-11-01,011101,D_city,1431.2649116747104
CALI,ARROZ PARA SECO,2021-12-01,011101,D_city,1430.1291971039886
CALI,ARROZ PARA SECO,2022-01-01,011101,D_city,1458.679366304785
CALI,ARROZ PARA SECO,2022-02-01,011101,D_city,1530.5480898296937
CALI,ARROZ PARA SECO,2022-03-01,011101,D_city,1640.066206517692
CALI,ARROZ PARA SECO,2022-04-01,011101,D_city,1767.9528800924588
CALI,ARROZ PARA SECO,2022-05-01,011101,D_city,1869.5463869340165
CALI,ARROZ PARA SECO,2022-06-01,011101,D_city,1929.5562845341694
CALI,ARROZ PARA SECO,2022-07-01,011101,D_city,1960.7570988538032
CALI,ARROZ PARA SECO,2022-08-01,011101,D_city,2001.0996269638003
CALI,ARROZ PARA SECO,2022-09-01,011101,D_city,2051.049044169651
CALI,ARROZ PARA SECO,2022-10-01,011101,D_city,2110.7887845953833
CALI,ARROZ PARA SECO,2022-11-01,011101,D_city,2202.904381276526
CALI,ARROZ PARA SECO,2022-12-01,011101,D_city,2278.7654939947965
CALI,ARROZ PARA SECO,2023-01-01,011101,D_city,2313.0300943277775
CALI,ARROZ PARA SECO,2023-02-01,011101,D_city,2335.499925982736
CALI,ARROZ PARA SECO,2023-03-01,011101,D_city,2360.610535923333
CALI,ARROZ PARA SECO,2023-04-01,011101,D_city,2377.70022401031
CALI,ARROZ PARA SECO,2023-05-01,011101,D_city,2387.3436248845373
CALI,ARROZ PARA SECO,2023-06-01,011101,D_city,2360.1724304292384
CALI,ARROZ PARA SECO,2023-07-01,011101,D_city,2341.0463127138464
CALI,ARROZ PARA SECO,2023-08-01,011101,D_city,2334.7701935852087
CALI,ARROZ PARA SECO,2023-09-01,011101,D_city,2335.208031478484
CALI,ARROZ PARA SECO,2023-10-01,011101,D_city,2327.6194981965414
CALI,ARROZ PARA SECO,2023-11-01,011101,D_city,2336.81347674175
CALI,ARROZ PARA SECO,2023-12-01,011101,D_city,2326.8899050805985
CALI,ARROZ PARA SECO,2024-01-01,011101,D_city,2337.251336261406
CALI,ARROZ PARA SECO,2024-02-01,011101,D_city,2331.5595240856733
CALI,ARROZ PARA SECO,2024-03-01,011101,D_city,2369.373608987193
CALI,ARROZ PARA SECO,2024-04-01,011101,D_city,2356.959797169338
CALI,ARROZ PARA SECO,2024-05-01,011101,D_city,2369.6657429816196
CALI,ARROZ PARA SECO,2024-06-01,011101,D_city,2388.658804735503
CALI,ARROZ PARA SECO,2024-07-01,011101,D_city,2379.89171242379
CALI,ARROZ PARA SECO,2024-08-01,011101,D_city,2340.4624475572127
CALI,ARROZ PARA SECO,2024-09-01,011101,D_city,2324.2634768466874
CALI,ARROZ PARA SECO,2024-10-01,011101,D_city,2335.9377716016447
CALI,ARROZ PARA SECO,2024-11-01,011101,D_city,2358.5660829114136
CALI,ARROZ PARA SECO,2024-12-01,011101,D_city,2347.3233821021754
CALI,ARVEJA FRESCA,2019-01-01,011716,BASE_lowR2,5745.777756817332
CALI,ARVEJA FRESCA,2019-02-01,011716,BASE_lowR2,5766.765156892043
CALI,ARVEJA FRESCA,2019-03-01,011716,BASE_lowR2,5637.501851886439
CALI,ARVEJA FRESCA,2019-04-01,011716,BASE_lowR2,5512.054437803512
CALI,ARVEJA FRESCA,2019-05-01,011716,BASE_lowR2,5578.832528950316
CALI,ARVEJA FRESCA,2019-06-01,011716,BASE_lowR2,6166.479731042212
CALI,ARVEJA FRESCA,2019-07-01,011716,BASE_lowR2,6579.5499234217405
CALI,ARVEJA FRESCA,2019-08-01,011716,BASE_lowR2,6503.709091333582
CALI,ARVEJA FRESCA,2019-09-01,011716,BASE_lowR2,6926.795997385132
CALI,ARVEJA FRESCA,2019-10-01,011716,BASE_lowR2,6658.252673701905
CALI,ARVEJA FRESCA,2019-11-01,011716,BASE_lowR2,6070.605471610012
CALI,ARVEJA FRESCA,2019-12-01,011716,BASE_lowR2,5776.781870564064
CALI,ARVEJA FRESCA,2020-01-01,011716,BASE_lowR2,7074.661770638774
CALI,ARVEJA FRESCA,2020-02-01,011716,BASE_lowR2,7781.555564064251
CALI,ARVEJA FRESCA,2020-03-01,011716,BASE_lowR2,8453.152366454988
CALI,ARVEJA FRESCA,2020-04-01,011716,BASE_lowR2,7373.255235338065
CALI,ARVEJA FRESCA,2020-05-01,011716,BASE_lowR2,6492.738404930893
CALI,ARVEJA FRESCA,2020-06-01,011716,BASE_lowR2,6567.625264288383
CALI,ARVEJA FRESCA,2020-07-01,011716,BASE_lowR2,6295.26604968248
CALI,ARVEJA FRESCA,2020-08-01,011716,BASE_lowR2,6508.478954986925
CALI,ARVEJA FRESCA,2020-09-01,011716,BASE_lowR2,7437.648394658199
CALI,ARVEJA FRESCA,2020-10-01,011716,BASE_lowR2,7528.275804071723
CALI,ARVEJA FRESCA,2020-11-01,011716,BASE_lowR2,7192.954389241688
CALI,ARVEJA FRESCA,2020-12-01,011716,BASE_lowR2,7016.469434067986
CALI,ARVEJA FRESCA,2021-01-01,011716,BASE_lowR2,6935.858738326484
CALI,ARVEJA FRESCA,2021-02-01,011716,BASE_lowR2,6882.913251774375
CALI,ARVEJA FRESCA,2021-03-01,011716,BASE_lowR2,7124.74533899888
CALI,ARVEJA FRESCA,2021-04-01,011716,BASE_lowR2,7410.460171834143
CALI,ARVEJA FRESCA,2021-05-01,011716,BASE_lowR2,9057.494091333581
CALI,ARVEJA FRESCA,2021-06-01,011716,BASE_lowR2,8452.198393724317
CALI,ARVEJA FRESCA,2021-07-01,011716,BASE_lowR2,8652.055680799402
CALI,ARVEJA FRESCA,2021-08-01,011716,BASE_lowR2,8376.834548001494
CALI,ARVEJA FRESCA,2021-09-01,011716,BASE_lowR2,8284.299193126633
CALI,ARVEJA FRESCA,2021-10-01,011716,BASE_lowR2,7771.061864026894
CALI,ARVEJA FRESCA,2021-11-01,011716,BASE_lowR2,8132.617528950318
CALI,ARVEJA FRESCA,2021-12-01,011716,BASE_lowR2,8760.80857209563
CALI,ARVEJA FRESCA,2022-01-01,011716,BASE_lowR2,9908.91475345536
CALI,ARVEJA FRESCA,2022-02-01,011716,BASE_lowR2,9941.349826298094
CALI,ARVEJA FRESCA,2022-03-01,011716,BASE_lowR2,10129.759440605156
CALI,ARVEJA FRESCA,2022-04-01,011716,BASE_lowR2,9707.626507284273
CALI,ARVEJA FRESCA,2022-05-01,011716,BASE_lowR2,9880.772557900635
CALI,ARVEJA FRESCA,2022-06-01,011716,BASE_lowR2,10414.52030070975
CALI,ARVEJA FRESCA,2022-07-01,011716,BASE_lowR2,11163.86588064998
CALI,ARVEJA FRESCA,2022-08-01,011716,BASE_lowR2,11824.015010272691
CALI,ARVEJA FRESCA,2022-09-01,011716,BASE_lowR2,11503.00318640269
CALI,ARVEJA FRESCA,2022-10-01,011716,BASE_lowR2,10841.90008404931
CALI,ARVEJA FRESCA,2022-11-01,011716,BASE_lowR2,10524.70415110198
CALI,ARVEJA FRESCA,2022-12-01,011716,BASE_lowR2,10372.545500560329
CALI,ARVEJA FRESCA,2023-01-01,011716,BASE_lowR2,11931.336942472915
CALI,ARVEJA FRESCA,2023-02-01,011716,BASE_lowR2,11713.831159880463
CALI,ARVEJA FRESCA,2023-03-01,011716,BASE_lowR2,12629.167994957039
CALI,ARVEJA FRESCA,2023-04-01,011716,BASE_lowR2,12777.033768210684
CALI,ARVEJA FRESCA,2023-05-01,011716,BASE_lowR2,12097.328197609264
CALI,ARVEJA FRESCA,2023-06-01,011716,BASE_lowR2,11695.70567799776
CALI,ARVEJA FRESCA,2023-07-01,011716,BASE_lowR2,11080.870253081806
CALI,ARVEJA FRESCA,2023-08-01,011716,BASE_lowR2,11814.475282966006
CALI,ARVEJA FRESCA,2023-09-01,011716,BASE_lowR2,12521.369076391482
CALI,ARVEJA FRESCA,2023-10-01,011716,BASE_lowR2,12836.657063877476
CALI,ARVEJA FRESCA,2023-11-01,011716,BASE_lowR2,11412.852763354502
CALI,ARVEJA FRESCA,2023-12-01,011716,BASE_lowR2,10768.44418378782
CALI,ARVEJA FRESCA,2024-01-01,011716,BASE_lowR2,12720.749377101232
CALI,ARVEJA FRESCA,2024-02-01,011716,BASE_lowR2,14163.633132237579
CALI,ARVEJA FRESCA,2024-03-01,011716,BASE_lowR2,14861.464184721703
CALI,ARVEJA FRESCA,2024-04-01,011716,BASE_lowR2,15209.18724505043
CALI,ARVEJA FRESCA,2024-05-01,011716,BASE_lowR2,13831.173635599553
CALI,ARVEJA FRESCA,2024-06-01,011716,BASE_lowR2,12907.251045946956
CALI,ARVEJA FRESCA,2024-07-01,011716,BASE_lowR2,12834.749118416135
CALI,ARVEJA FRESCA,2024-08-01,011716,BASE_lowR2,13139.066419499439
CALI,ARVEJA FRESCA,2024-09-01,011716,BASE_lowR2,14018.629277175942
CALI,ARVEJA FRESCA,2024-10-01,011716,BASE_lowR2,14138.35285487486
CALI,ARVEJA FRESCA,2024-11-01,011716,BASE_lowR2,13203.936565184908
CALI,ARVEJA FRESCA,2024-12-01,011716,BASE_lowR2,12046.767642883824
CALI,ARVEJA SECA,2019-01-01,011716,BASE_lowR2,1446.0374785207323
CALI,ARVEJA SECA,2019-02-01,011716,BASE_lowR2,1451.319368696302
CALI,ARVEJA SECA,2019-03-01,011716,BASE_lowR2,1418.787726933134
CALI,ARVEJA SECA,2019-04-01,011716,BASE_lowR2,1387.2164288382521
CALI,ARVEJA SECA,2019-05-01,011716,BASE_lowR2,1404.0224430332462
CALI,ARVEJA SECA,2019-06-01,011716,BASE_lowR2,1551.9153679491972
CALI,ARVEJA SECA,2019-07-01,011716,BASE_lowR2,1655.8725700410907
CALI,ARVEJA SECA,2019-08-01,011716,BASE_lowR2,1636.7857396339186
CALI,ARVEJA SECA,2019-09-01,011716,BASE_lowR2,1743.2638438550616
CALI,ARVEJA SECA,2019-10-01,011716,BASE_lowR2,1675.6796581994772
CALI,ARVEJA SECA,2019-11-01,011716,BASE_lowR2,1527.7867332835265
CALI,ARVEJA SECA,2019-12-01,011716,BASE_lowR2,1453.840270825551
CALI,ARVEJA SECA,2020-01-01,011716,BASE_lowR2,1780.4771610011207
CALI,ARVEJA SECA,2020-02-01,011716,BASE_lowR2,1958.38082555099
CALI,ARVEJA SECA,2020-03-01,011716,BASE_lowR2,2127.4013111692193
CALI,ARVEJA SECA,2020-04-01,011716,BASE_lowR2,1855.6240530444531
CALI,ARVEJA SECA,2020-05-01,011716,BASE_lowR2,1634.0247515875983
CALI,ARVEJA SECA,2020-06-01,011716,BASE_lowR2,1652.871496077699
CALI,ARVEJA SECA,2020-07-01,011716,BASE_lowR2,1584.326966753829
CALI,ARVEJA SECA,2020-08-01,011716,BASE_lowR2,1637.986169219275
CALI,ARVEJA SECA,2020-09-01,011716,BASE_lowR2,1871.8298524467689
CALI,ARVEJA SECA,2020-10-01,011716,BASE_lowR2,1894.6380145685473
CALI,ARVEJA SECA,2020-11-01,011716,BASE_lowR2,1810.247814717968
CALI,ARVEJA SECA,2020-12-01,011716,BASE_lowR2,1765.8319200597684
CALI,ARVEJA SECA,2021-01-01,011716,BASE_lowR2,1745.5446600672394
CALI,ARVEJA SECA,2021-02-01,011716,BASE_lowR2,1732.21989166978
CALI,ARVEJA SECA,2021-03-01,011716,BASE_lowR2,1793.0816716473666
CALI,ARVEJA SECA,2021-04-01,011716,BASE_lowR2,1864.9874038102357
CALI,ARVEJA SECA,2021-05-01,011716,BASE_lowR2,2279.4957396339187
CALI,ARVEJA SECA,2021-06-01,011716,BASE_lowR2,2127.1612252521477
CALI,ARVEJA SECA,2021-07-01,011716,BASE_lowR2,2177.4592248785953
CALI,ARVEJA SECA,2021-08-01,011716,BASE_lowR2,2108.194437803512
CALI,ARVEJA SECA,2021-09-01,011716,BASE_lowR2,2084.9061038475907
CALI,ARVEJA SECA,2021-10-01,011716,BASE_lowR2,1955.739880463205
CALI,ARVEJA SECA,2021-11-01,011716,BASE_lowR2,2046.7324430332465
CALI,ARVEJA SECA,2021-12-01,011716,BASE_lowR2,2204.8290194247293
CALI,ARVEJA SECA,2022-01-01,011716,BASE_lowR2,2493.7724206200974
CALI,ARVEJA SECA,2022-02-01,011716,BASE_lowR2,2501.935341800523
CALI,ARVEJA SECA,2022-03-01,011716,BASE_lowR2,2549.3523104221144
CALI,ARVEJA SECA,2022-04-01,011716,BASE_lowR2,2443.1142921180426
CALI,ARVEJA SECA,2022-05-01,011716,BASE_lowR2,2486.6898860664924
CALI,ARVEJA SECA,2022-06-01,011716,BASE_lowR2,2621.017956667912
CALI,ARVEJA SECA,2022-07-01,011716,BASE_lowR2,2809.6054445274563
CALI,ARVEJA SECA,2022-08-01,011716,BASE_lowR2,2975.744899140829
CALI,ARVEJA SECA,2022-09-01,011716,BASE_lowR2,2894.9559880463207
CALI,ARVEJA SECA,2022-10-01,011716,BASE_lowR2,2728.5764475158767
CALI,ARVEJA SECA,2022-11-01,011716,BASE_lowR2,2648.747880089653
CALI,ARVEJA SECA,2022-12-01,011716,BASE_lowR2,2610.454176316773
CALI,ARVEJA SECA,2023-01-01,011716,BASE_lowR2,3002.754564811356
CALI,ARVEJA SECA,2023-02-01,011716,BASE_lowR2,2948.014975719089
CALI,ARVEJA SECA,2023-03-01,011716,BASE_lowR2,3178.3774131490472
CALI,ARVEJA SECA,2023-04-01,011716,BASE_lowR2,3215.590730295107
CALI,ARVEJA SECA,2023-05-01,011716,BASE_lowR2,3044.529514381771
CALI,ARVEJA SECA,2023-06-01,011716,BASE_lowR2,2943.4533432947333
CALI,ARVEJA SECA,2023-07-01,011716,BASE_lowR2,2788.717969742249
CALI,ARVEJA SECA,2023-08-01,011716,BASE_lowR2,2973.3440399701162
CALI,ARVEJA SECA,2023-09-01,011716,BASE_lowR2,3151.247704519985
CALI,ARVEJA SECA,2023-10-01,011716,BASE_lowR2,3230.5961001120663
CALI,ARVEJA SECA,2023-11-01,011716,BASE_lowR2,2872.2678688830783
CALI,ARVEJA SECA,2023-12-01,011716,BASE_lowR2,2710.0898319013822
CALI,ARVEJA SECA,2024-01-01,011716,BASE_lowR2,3201.4256611878973
CALI,ARVEJA SECA,2024-02-01,011716,BASE_lowR2,3564.5556107583116
CALI,ARVEJA SECA,2024-03-01,011716,BASE_lowR2,3740.1784590960033
CALI,ARVEJA SECA,2024-04-01,011716,BASE_lowR2,3827.68977586851
CALI,ARVEJA SECA,2024-05-01,011716,BASE_lowR2,3480.885668658947
CALI,ARVEJA SECA,2024-06-01,011716,BASE_lowR2,3248.362457975346
CALI,ARVEJA SECA,2024-07-01,011716,BASE_lowR2,3230.115928277923
CALI,ARVEJA SECA,2024-08-01,011716,BASE_lowR2,3306.7033358236836
CALI,ARVEJA SECA,2024-09-01,011716,BASE_lowR2,3528.062551363467
CALI,ARVEJA SECA,2024-10-01,011716,BASE_lowR2,3558.1933339559214
CALI,ARVEJA SECA,2024-11-01,011716,BASE_lowR2,3323.029178184535
CALI,ARVEJA SECA,2024-12-01,011716,BASE_lowR2,3031.804960776989
CALI,ARVEJA TARRO,2019-01-01,011703,D_city,4213.683416286486
CALI,ARVEJA TARRO,2019-02-01,011703,D_city,4193.29607588896
CALI,ARVEJA TARRO,2019-03-01,011703,D_city,4151.6759889557425
CALI,ARVEJA TARRO,2019-04-01,011703,D_city,4132.141924321788
CALI,ARVEJA TARRO,2019-05-01,011703,D_city,4175.458225345606
CALI,ARVEJA TARRO,2019-06-01,011703,D_city,4223.452811759344
CALI,ARVEJA TARRO,2019-07-01,011703,D_city,4266.781540135669
CALI,ARVEJA TARRO,2019-08-01,011703,D_city,4273.1539029396135
CALI,ARVEJA TARRO,2019-09-01,011703,D_city,4268.905647130593
CALI,ARVEJA TARRO,2019-10-01,011703,D_city,4284.624471762569
CALI,ARVEJA TARRO,2019-11-01,011703,D_city,4289.2977826666765
CALI,ARVEJA TARRO,2019-12-01,011703,D_city,4275.278051740214
CALI,ARVEJA TARRO,2020-01-01,011703,D_city,4317.763942404417
CALI,ARVEJA TARRO,2020-02-01,011703,D_city,4319.888382156689
CALI,ARVEJA TARRO,2020-03-01,011703,D_city,4316.914170363878
CALI,ARVEJA TARRO,2020-04-01,011703,D_city,4445.679548549259
CALI,ARVEJA TARRO,2020-05-01,011703,D_city,4493.288525543303
CALI,ARVEJA TARRO,2020-06-01,011703,D_city,4520.496647736387
CALI,ARVEJA TARRO,2020-07-01,011703,D_city,4548.557286329031
CALI,ARVEJA TARRO,2020-08-01,011703,D_city,4556.21058468981
CALI,ARVEJA TARRO,2020-09-01,011703,D_city,4564.289250266533
CALI,ARVEJA TARRO,2020-10-01,011703,D_city,4572.793312541016
CALI,ARVEJA TARRO,2020-11-01,011703,D_city,4594.904849881351
CALI,ARVEJA TARRO,2020-12-01,011703,D_city,4551.9587313129205
CALI,ARVEJA TARRO,2021-01-01,011703,D_city,4564.289250266533
CALI,ARVEJA TARRO,2021-02-01,011703,D_city,4591.928214871267
CALI,ARVEJA TARRO,2021-03-01,011703,D_city,4676.98489296953
CALI,ARVEJA TARRO,2021-04-01,011703,D_city,4692.722626461626
CALI,ARVEJA TARRO,2021-05-01,011703,D_city,4689.319814200476
CALI,ARVEJA TARRO,2021-06-01,011703,D_city,4684.6410005304015
CALI,ARVEJA TARRO,2021-07-01,011703,D_city,4678.260899422882
CALI,ARVEJA TARRO,2021-08-01,011703,D_city,4729.730306648985
CALI,ARVEJA TARRO,2021-09-01,011703,D_city,4781.632562066426
CALI,ARVEJA TARRO,2021-10-01,011703,D_city,4782.058021208782
CALI,ARVEJA TARRO,2021-11-01,011703,D_city,4839.499571632876
CALI,ARVEJA TARRO,2021-12-01,011703,D_city,4853.967754583988
CALI,ARVEJA TARRO,2022-01-01,011703,D_city,4970.15923715054
CALI,ARVEJA TARRO,2022-02-01,011703,D_city,5065.94842958142
CALI,ARVEJA TARRO,2022-03-01,011703,D_city,5165.594536271689
CALI,ARVEJA TARRO,2022-04-01,011703,D_city,5223.520197914129
CALI,ARVEJA TARRO,2022-05-01,011703,D_city,5244.392554644331
CALI,ARVEJA TARRO,2022-06-01,011703,D_city,5487.699109325099
CALI,ARVEJA TARRO,2022-07-01,011703,D_city,5586.596748672116
CALI,ARVEJA TARRO,2022-08-01,011703,D_city,5681.679620752879
CALI,ARVEJA TARRO,2022-09-01,011703,D_city,6013.9927084623705
CALI,ARVEJA TARRO,2022-10-01,011703,D_city,6263.707611718783
CALI,ARVEJA TARRO,2022-11-01,011703,D_city,6557.129976892289
CALI,ARVEJA TARRO,2022-12-01,011703,D_city,6683.180121439729
CALI,ARVEJA TARRO,2023-01-01,011703,D_city,6672.496681103208
CALI,ARVEJA TARRO,2023-02-01,011703,D_city,6901.598515763701
CALI,ARVEJA TARRO,2023-03-01,011703,D_city,7229.182423343451
CALI,ARVEJA TARRO,2023-04-01,011703,D_city,7319.024617120258
CALI,ARVEJA TARRO,2023-05-01,011703,D_city,7391.764677196268
CALI,ARVEJA TARRO,2023-06-01,011703,D_city,7411.448908886336
CALI,ARVEJA TARRO,2023-07-01,011703,D_city,7424.286822959891
CALI,ARVEJA TARRO,2023-08-01,011703,D_city,7464.086215394786
CALI,ARVEJA TARRO,2023-09-01,011703,D_city,7487.624808835501
CALI,ARVEJA TARRO,2023-10-01,011703,D_city,7514.588396974306
CALI,ARVEJA TARRO,2023-11-01,011703,D_city,7617.318482269721
CALI,ARVEJA TARRO,2023-12-01,011703,D_city,7807.845372371203
CALI,ARVEJA TARRO,2024-01-01,011703,D_city,8054.550850470392
CALI,ARVEJA TARRO,2024-02-01,011703,D_city,8125.668642306768
CALI,ARVEJA TARRO,2024-03-01,011703,D_city,8132.5238042377705
CALI,ARVEJA TARRO,2024-04-01,011703,D_city,8103.818323090613
CALI,ARVEJA TARRO,2024-05-01,011703,D_city,8158.231339852272
CALI,ARVEJA TARRO,2024-06-01,011703,D_city,8106.817340545646
CALI,ARVEJA TARRO,2024-07-01,011703,D_city,8239.645570432565
CALI,ARVEJA TARRO,2024-08-01,011703,D_city,8179.655102653976
CALI,ARVEJA TARRO,2024-09-01,011703,D_city,8082.397195920085
CALI,ARVEJA TARRO,2024-10-01,011703,D_city,8062.262019177565
CALI,ARVEJA TARRO,2024-11-01,011703,D_city,8060.120018106982
CALI,ARVEJA TARRO,2024-12-01,011703,D_city,8046.411389151022
CALI,AVENA HOJUELAS,2019-01-01,011103,D_city,6524.331201044276
CALI,AVENA HOJUELAS,2019-02-01,011103,D_city,6528.848532131765
CALI,AVENA HOJUELAS,2019-03-01,011103,D_city,6417.851251966866
CALI,AVENA HOJUELAS,2019-04-01,011103,D_city,6410.752588556731
CALI,AVENA HOJUELAS,2019-05-01,011103,D_city,6404.299258168784
CALI,AVENA HOJUELAS,2019-06-01,011103,D_city,6375.904604290648
CALI,AVENA HOJUELAS,2019-07-01,011103,D_city,6363.64327639319
CALI,AVENA HOJUELAS,2019-08-01,011103,D_city,6273.296648161635
CALI,AVENA HOJUELAS,2019-09-01,011103,D_city,6216.507337516156
CALI,AVENA HOJUELAS,2019-10-01,011103,D_city,6164.880690478722
CALI,AVENA HOJUELAS,2019-11-01,011103,D_city,6112.608709378402
CALI,AVENA HOJUELAS,2019-12-01,011103,D_city,6088.731384349595
CALI,AVENA HOJUELAS,2020-01-01,011103,D_city,6082.9233863383115
CALI,AVENA HOJUELAS,2020-02-01,011103,D_city,6042.267399915006
CALI,AVENA HOJUELAS,2020-03-01,011103,D_city,6032.587403058468
CALI,AVENA HOJUELAS,2020-04-01,011103,D_city,6136.4860342007805
CALI,AVENA HOJUELAS,2020-05-01,011103,D_city,6195.856678815495
CALI,AVENA HOJUELAS,2020-06-01,011103,D_city,6245.5473260572035
CALI,AVENA HOJUELAS,2020-07-01,011103,D_city,6288.139308710552
CALI,AVENA HOJUELAS,2020-08-01,011103,D_city,6204.246008930982
CALI,AVENA HOJUELAS,2020-09-01,011103,D_city,6245.5473260572035
CALI,AVENA HOJUELAS,2020-10-01,011103,D_city,6290.075307906864
CALI,AVENA HOJUELAS,2020-11-01,011103,D_city,6352.027281494735
CALI,AVENA HOJUELAS,2020-12-01,011103,D_city,6350.091282340425
CALI,AVENA HOJUELAS,2021-01-01,011103,D_city,6420.432584111696
CALI,AVENA HOJUELAS,2021-02-01,011103,D_city,6468.83256140299
CALI,AVENA HOJUELAS,2021-03-01,011103,D_city,6634.037811223017
CALI,AVENA HOJUELAS,2021-04-01,011103,D_city,6660.496463662624
CALI,AVENA HOJUELAS,2021-05-01,011103,D_city,6683.72845097874
CALI,AVENA HOJUELAS,2021-06-01,011103,D_city,6683.083118000154
CALI,AVENA HOJUELAS,2021-07-01,011103,D_city,6653.3978008358445
CALI,AVENA HOJUELAS,2021-08-01,011103,D_city,6661.141796646047
CALI,AVENA HOJUELAS,2021-09-01,011103,D_city,6697.925776472793
CALI,AVENA HOJUELAS,2021-10-01,011103,D_city,6706.960438116138
CALI,AVENA HOJUELAS,2021-11-01,011103,D_city,6752.133745929558
CALI,AVENA HOJUELAS,2021-12-01,011103,D_city,6796.661720119578
CALI,AVENA HOJUELAS,2022-01-01,011103,D_city,6907.658986313388
CALI,AVENA HOJUELAS,2022-02-01,011103,D_city,7063.184218946707
CALI,AVENA HOJUELAS,2022-03-01,011103,D_city,7097.386862445161
CALI,AVENA HOJUELAS,2022-04-01,011103,D_city,7054.79489124023
CALI,AVENA HOJUELAS,2022-05-01,011103,D_city,7062.538886046992
CALI,AVENA HOJUELAS,2022-06-01,011103,D_city,7032.20823961297
CALI,AVENA HOJUELAS,2022-07-01,011103,D_city,7067.056216342258
CALI,AVENA HOJUELAS,2022-08-01,011103,D_city,7078.672208500747
CALI,AVENA HOJUELAS,2022-09-01,011103,D_city,7198.704125013995
CALI,AVENA HOJUELAS,2022-10-01,011103,D_city,7253.557418715612
CALI,AVENA HOJUELAS,2022-11-01,011103,D_city,7431.669283734136
CALI,AVENA HOJUELAS,2022-12-01,011103,D_city,7576.223833894285
CALI,AVENA HOJUELAS,2023-01-01,011103,D_city,7833.711611319443
CALI,AVENA HOJUELAS,2023-02-01,011103,D_city,8018.276773550262
CALI,AVENA HOJUELAS,2023-03-01,011103,D_city,8152.50597652695
CALI,AVENA HOJUELAS,2023-04-01,011103,D_city,8290.607170638928
CALI,AVENA HOJUELAS,2023-05-01,011103,D_city,8493.241623834841
CALI,AVENA HOJUELAS,2023-06-01,011103,D_city,8481.62563636358
CALI,AVENA HOJUELAS,2023-07-01,011103,D_city,8540.996238625581
CALI,AVENA HOJUELAS,2023-08-01,011103,D_city,8630.052140307936
CALI,AVENA HOJUELAS,2023-09-01,011103,D_city,8657.801442589454
CALI,AVENA HOJUELAS,2023-10-01,011103,D_city,8744.276011230339
CALI,AVENA HOJUELAS,2023-11-01,011103,D_city,8795.902618470665
CALI,AVENA HOJUELAS,2023-12-01,011103,D_city,8807.518605007173
CALI,AVENA HOJUELAS,2024-01-01,011103,D_city,8754.601332732245
CALI,AVENA HOJUELAS,2024-02-01,011103,D_city,8717.817374758462
CALI,AVENA HOJUELAS,2024-03-01,011103,D_city,8667.481431711083
CALI,AVENA HOJUELAS,2024-04-01,011103,D_city,8605.529500918063
CALI,AVENA HOJUELAS,2024-05-01,011103,D_city,8521.636259727775
CALI,AVENA HOJUELAS,2024-06-01,011103,D_city,8500.340282827743
CALI,AVENA HOJUELAS,2024-07-01,011103,D_city,8495.177621743298
CALI,AVENA HOJUELAS,2024-08-01,011103,D_city,8486.142964828807
CALI,AVENA HOJUELAS,2024-09-01,011103,D_city,8406.121716939995
CALI,AVENA HOJUELAS,2024-10-01,011103,D_city,8346.751112579084
CALI,AVENA HOJUELAS,2024-11-01,011103,D_city,8243.497885373448
CALI,AVENA HOJUELAS,2024-12-01,011103,D_city,8166.057963092743
CALI,AVENA MOLIDA,2019-01-01,011103,D_city,6890.702253554768
CALI,AVENA MOLIDA,2019-02-01,011103,D_city,6895.212781176089
CALI,AVENA MOLIDA,2019-03-01,011103,D_city,6784.3330381244905
CALI,AVENA MOLIDA,2019-04-01,011103,D_city,6777.238349293272
CALI,AVENA MOLIDA,2019-05-01,011103,D_city,6770.788260099131
CALI,AVENA MOLIDA,2019-06-01,011103,D_city,6742.403648173907
CALI,AVENA MOLIDA,2019-07-01,011103,D_city,6730.1445254246555
CALI,AVENA MOLIDA,2019-08-01,011103,D_city,6639.774225228526
CALI,AVENA MOLIDA,2019-09-01,011103,D_city,6582.933731587603
CALI,AVENA MOLIDA,2019-10-01,011103,D_city,6531.23596339028
CALI,AVENA MOLIDA,2019-11-01,011103,D_city,6478.867892334569
CALI,AVENA MOLIDA,2019-12-01,011103,D_city,6454.93855357285
CALI,AVENA MOLIDA,2020-01-01,011103,D_city,6449.117129893838
CALI,AVENA MOLIDA,2020-02-01,011103,D_city,6408.358652425414
CALI,AVENA MOLIDA,2020-03-01,011103,D_city,6398.652050385653
CALI,AVENA MOLIDA,2020-04-01,011103,D_city,6502.792129897615
CALI,AVENA MOLIDA,2020-05-01,011103,D_city,6562.257447168164
CALI,AVENA MOLIDA,2020-06-01,011103,D_city,6612.003417611059
CALI,AVENA MOLIDA,2020-07-01,011103,D_city,6654.625624290803
CALI,AVENA MOLIDA,2020-08-01,011103,D_city,6570.657640636547
CALI,AVENA MOLIDA,2020-09-01,011103,D_city,6612.003417611059
CALI,AVENA MOLIDA,2020-10-01,011103,D_city,6656.562622149485
CALI,AVENA MOLIDA,2020-11-01,011103,D_city,6718.529430439074
CALI,AVENA MOLIDA,2020-12-01,011103,D_city,6716.59346862015
CALI,AVENA MOLIDA,2021-01-01,011103,D_city,6786.912818759079
CALI,AVENA MOLIDA,2021-02-01,011103,D_city,6835.273250345908
CALI,AVENA MOLIDA,2021-03-01,011103,D_city,7000.195735774012
CALI,AVENA MOLIDA,2021-04-01,011103,D_city,7026.588136861333
CALI,AVENA MOLIDA,2021-05-01,011103,D_city,7049.757234090153
CALI,AVENA MOLIDA,2021-06-01,011103,D_city,7049.113707477318
CALI,AVENA MOLIDA,2021-07-01,011103,D_city,7019.507811374006
CALI,AVENA MOLIDA,2021-08-01,011103,D_city,7027.231782385496
CALI,AVENA MOLIDA,2021-09-01,011103,D_city,7063.913962200627
CALI,AVENA MOLIDA,2021-10-01,011103,D_city,7072.921936267098
CALI,AVENA MOLIDA,2021-11-01,011103,D_city,7117.951891529365
CALI,AVENA MOLIDA,2021-12-01,011103,D_city,7162.322472074046
CALI,AVENA MOLIDA,2022-01-01,011103,D_city,7272.858576691014
CALI,AVENA MOLIDA,2022-02-01,011103,D_city,7427.575005734374
CALI,AVENA MOLIDA,2022-03-01,011103,D_city,7461.574701787982
CALI,AVENA MOLIDA,2022-04-01,011103,D_city,7419.234086865458
CALI,AVENA MOLIDA,2022-05-01,011103,D_city,7426.9334157955955
CALI,AVENA MOLIDA,2022-06-01,011103,D_city,7396.775074067232
CALI,AVENA MOLIDA,2022-07-01,011103,D_city,7431.424478190611
CALI,AVENA MOLIDA,2022-08-01,011103,D_city,7442.972205155873
CALI,AVENA MOLIDA,2022-09-01,011103,D_city,7562.238481531552
CALI,AVENA MOLIDA,2022-10-01,011103,D_city,7616.705653270905
CALI,AVENA MOLIDA,2022-11-01,011103,D_city,7793.409697590407
CALI,AVENA MOLIDA,2022-12-01,011103,D_city,7936.651580730387
CALI,AVENA MOLIDA,2023-01-01,011103,D_city,8191.433759133863
CALI,AVENA MOLIDA,2023-02-01,011103,D_city,8373.777639472652
CALI,AVENA MOLIDA,2023-03-01,011103,D_city,8506.247248197918
CALI,AVENA MOLIDA,2023-04-01,011103,D_city,8642.4139239860815
CALI,AVENA MOLIDA,2023-05-01,011103,D_city,8841.986497629836
CALI,AVENA MOLIDA,2023-06-01,011103,D_city,8830.553111733701
CALI,AVENA MOLIDA,2023-07-01,011103,D_city,8888.981464490547
CALI,AVENA MOLIDA,2023-08-01,011103,D_city,8976.582487847585
CALI,AVENA MOLIDA,2023-09-01,011103,D_city,9003.868354460155
CALI,AVENA MOLIDA,2023-10-01,011103,D_city,9088.868190662748
CALI,AVENA MOLIDA,2023-11-01,011103,D_city,9139.592465234095
CALI,AVENA MOLIDA,2023-12-01,011103,D_city,9151.003184413372
CALI,AVENA MOLIDA,2024-01-01,011103,D_city,9099.014350165202
CALI,AVENA MOLIDA,2024-02-01,011103,D_city,9062.865670221858
CALI,AVENA MOLIDA,2024-03-01,011103,D_city,9013.385556341074
CALI,AVENA MOLIDA,2024-04-01,011103,D_city,8952.465410879995
CALI,AVENA MOLIDA,2024-05-01,011103,D_city,8869.931183911012
CALI,AVENA MOLIDA,2024-06-01,011103,D_city,8848.973146579045
CALI,AVENA MOLIDA,2024-07-01,011103,D_city,8843.891978940033
CALI,AVENA MOLIDA,2024-08-01,011103,D_city,8834.999529960607
CALI,AVENA MOLIDA,2024-09-01,011103,D_city,8756.215215535058
CALI,AVENA MOLIDA,2024-10-01,011103,D_city,8697.735901547088
CALI,AVENA MOLIDA,2024-11-01,011103,D_city,8595.978559939114
CALI,AVENA MOLIDA,2024-12-01,011103,D_city,8519.614935938678
CALI,AZÚCAR NATURAL O MORENA,2019-01-01,011801,D_city,1372.74267125014
CALI,AZÚCAR NATURAL O MORENA,2019-02-01,011801,D_city,1371.3692700317679
CALI,AZÚCAR NATURAL O MORENA,2019-03-01,011801,D_city,1370.819909382281
CALI,AZÚCAR NATURAL O MORENA,2019-04-01,011801,D_city,1392.5195849243034
CALI,AZÚCAR NATURAL O MORENA,2019-05-01,011801,D_city,1463.2485628505365
CALI,AZÚCAR NATURAL O MORENA,2019-06-01,011801,D_city,1507.882609211977
CALI,AZÚCAR NATURAL O MORENA,2019-07-01,011801,D_city,1520.654710138516
CALI,AZÚCAR NATURAL O MORENA,2019-08-01,011801,D_city,1528.3454157643037
CALI,AZÚCAR NATURAL O MORENA,2019-09-01,011801,D_city,1523.2640585217864
CALI,AZÚCAR NATURAL O MORENA,2019-10-01,011801,D_city,1514.4746669672443
CALI,AZÚCAR NATURAL O MORENA,2019-11-01,011801,D_city,1517.4960227306053
CALI,AZÚCAR NATURAL O MORENA,2019-12-01,011801,D_city,1521.066712640085
CALI,AZÚCAR NATURAL O MORENA,2020-01-01,011801,D_city,1513.9253292831795
CALI,AZÚCAR NATURAL O MORENA,2020-02-01,011801,D_city,1503.487897303253
CALI,AZÚCAR NATURAL O MORENA,2020-03-01,011801,D_city,1502.9385579346501
CALI,AZÚCAR NATURAL O MORENA,2020-04-01,011801,D_city,1515.1613389543365
CALI,AZÚCAR NATURAL O MORENA,2020-05-01,011801,D_city,1522.577388077225
CALI,AZÚCAR NATURAL O MORENA,2020-06-01,011801,D_city,1526.6974087905894
CALI,AZÚCAR NATURAL O MORENA,2020-07-01,011801,D_city,1526.1480729662585
CALI,AZÚCAR NATURAL O MORENA,2020-08-01,011801,D_city,1516.2600138611397
CALI,AZÚCAR NATURAL O MORENA,2020-09-01,011801,D_city,1514.199998135702
CALI,AZÚCAR NATURAL O MORENA,2020-10-01,011801,D_city,1519.1440338971793
CALI,AZÚCAR NATURAL O MORENA,2020-11-01,011801,D_city,1517.0840198212366
CALI,AZÚCAR NATURAL O MORENA,2020-12-01,011801,D_city,1504.8612453550559
CALI,AZÚCAR NATURAL O MORENA,2021-01-01,011801,D_city,1497.1704894536883
CALI,AZÚCAR NATURAL O MORENA,2021-02-01,011801,D_city,1485.496988857626
CALI,AZÚCAR NATURAL O MORENA,2021-03-01,011801,D_city,1479.866227719978
CALI,AZÚCAR NATURAL O MORENA,2021-04-01,011801,D_city,1497.857164762836
CALI,AZÚCAR NATURAL O MORENA,2021-05-01,011801,D_city,1548.1214413117182
CALI,AZÚCAR NATURAL O MORENA,2021-06-01,011801,D_city,1558.009414108551
CALI,AZÚCAR NATURAL O MORENA,2021-07-01,011801,D_city,1578.4719407412588
CALI,AZÚCAR NATURAL O MORENA,2021-08-01,011801,D_city,1594.67708384395
CALI,AZÚCAR NATURAL O MORENA,2021-09-01,011801,D_city,1615.1394113278322
CALI,AZÚCAR NATURAL O MORENA,2021-10-01,011801,D_city,1635.7389596054484
CALI,AZÚCAR NATURAL O MORENA,2021-11-01,011801,D_city,1651.8065313573977
CALI,AZÚCAR NATURAL O MORENA,2021-12-01,011801,D_city,1666.638077621968
CALI,AZÚCAR NATURAL O MORENA,2022-01-01,011801,D_city,1684.6281193777806
CALI,AZÚCAR NATURAL O MORENA,2022-02-01,011801,D_city,1693.9664297132308
CALI,AZÚCAR NATURAL O MORENA,2022-03-01,011801,D_city,1705.6392871627106
CALI,AZÚCAR NATURAL O MORENA,2022-04-01,011801,D_city,1737.3618246070514
CALI,AZÚCAR NATURAL O MORENA,2022-05-01,011801,D_city,1817.147744207408
CALI,AZÚCAR NATURAL O MORENA,2022-06-01,011801,D_city,1962.0220619333563
CALI,AZÚCAR NATURAL O MORENA,2022-07-01,011801,D_city,2082.8616322830535
CALI,AZÚCAR NATURAL O MORENA,2022-08-01,011801,D_city,2223.4712436749646
CALI,AZÚCAR NATURAL O MORENA,2022-09-01,011801,D_city,2325.2186223085732
CALI,AZÚCAR NATURAL O MORENA,2022-10-01,011801,D_city,2383.300287952907
CALI,AZÚCAR NATURAL O MORENA,2022-11-01,011801,D_city,2405.2695561502896
CALI,AZÚCAR NATURAL O MORENA,2022-12-01,011801,D_city,2432.4564086455007
CALI,AZÚCAR NATURAL O MORENA,2023-01-01,011801,D_city,2443.166345629866
CALI,AZÚCAR NATURAL O MORENA,2023-02-01,011801,D_city,2450.992825534462
CALI,AZÚCAR NATURAL O MORENA,2023-03-01,011801,D_city,2457.583537290396
CALI,AZÚCAR NATURAL O MORENA,2023-04-01,011801,D_city,2456.3477794036844
CALI,AZÚCAR NATURAL O MORENA,2023-05-01,011801,D_city,2472.5499176271383
CALI,AZÚCAR NATURAL O MORENA,2023-06-01,011801,D_city,2469.9411017880607
CALI,AZÚCAR NATURAL O MORENA,2023-07-01,011801,D_city,2466.7830600092566
CALI,AZÚCAR NATURAL O MORENA,2023-08-01,011801,D_city,2457.4462308714633
CALI,AZÚCAR NATURAL O MORENA,2023-09-01,011801,D_city,2454.700101814153
CALI,AZÚCAR NATURAL O MORENA,2023-10-01,011801,D_city,2452.503197636946
CALI,AZÚCAR NATURAL O MORENA,2023-11-01,011801,D_city,2502.619869457439
CALI,AZÚCAR NATURAL O MORENA,2023-12-01,011801,D_city,2544.4978597771756
CALI,AZÚCAR NATURAL O MORENA,2024-01-01,011801,D_city,2569.8991220218268
CALI,AZÚCAR NATURAL O MORENA,2024-02-01,011801,D_city,2586.7874702336057
CALI,AZÚCAR NATURAL O MORENA,2024-03-01,011801,D_city,2602.440044185415
CALI,AZÚCAR NATURAL O MORENA,2024-04-01,011801,D_city,2594.751065458477
CALI,AZÚCAR NATURAL O MORENA,2024-05-01,011801,D_city,2587.199380584351
CALI,AZÚCAR NATURAL O MORENA,2024-06-01,011801,D_city,2591.7303926209097
CALI,AZÚCAR NATURAL O MORENA,2024-07-01,011801,D_city,2585.8263459744494
CALI,AZÚCAR NATURAL O MORENA,2024-08-01,011801,D_city,2570.448337331351
CALI,AZÚCAR NATURAL O MORENA,2024-09-01,011801,D_city,2572.5078943020603
CALI,AZÚCAR NATURAL O MORENA,2024-10-01,011801,D_city,2550.6765549752363
CALI,AZÚCAR NATURAL O MORENA,2024-11-01,011801,D_city,2545.321686168277
CALI,AZÚCAR NATURAL O MORENA,2024-12-01,011801,D_city,2511.2701013137935
CALI,AZÚCAR REFINADA,2019-01-01,011801,D_city,1340.699766484703
CALI,AZÚCAR REFINADA,2019-02-01,011801,D_city,1339.3405255823452
CALI,AZÚCAR REFINADA,2019-03-01,011801,D_city,1338.7968341483017
CALI,AZÚCAR REFINADA,2019-04-01,011801,D_city,1360.274776446934
CALI,AZÚCAR REFINADA,2019-05-01,011801,D_city,1430.3116970365575
CALI,AZÚCAR REFINADA,2019-06-01,011801,D_city,1474.532425922091
CALI,AZÚCAR REFINADA,2019-07-01,011801,D_city,1487.189494419438
CALI,AZÚCAR REFINADA,2019-08-01,011801,D_city,1494.8116187816613
CALI,AZÚCAR REFINADA,2019-09-01,011801,D_city,1489.7755165908402
CALI,AZÚCAR REFINADA,2019-10-01,011801,D_city,1481.064934092517
CALI,AZÚCAR REFINADA,2019-11-01,011801,D_city,1484.0591232967001
CALI,AZÚCAR REFINADA,2019-12-01,011801,D_city,1487.5978098980006
CALI,AZÚCAR REFINADA,2020-01-01,011801,D_city,1480.5205443482325
CALI,AZÚCAR REFINADA,2020-02-01,011801,D_city,1470.1776255000077
CALI,AZÚCAR REFINADA,2020-03-01,011801,D_city,1469.6332870089789
CALI,AZÚCAR REFINADA,2020-04-01,011801,D_city,1481.7454248629401
CALI,AZÚCAR REFINADA,2020-05-01,011801,D_city,1489.0949788836185
CALI,AZÚCAR REFINADA,2020-06-01,011801,D_city,1493.1782645869723
CALI,AZÚCAR REFINADA,2020-07-01,011801,D_city,1492.6338182532008
CALI,AZÚCAR REFINADA,2020-08-01,011801,D_city,1482.8342183884556
CALI,AZÚCAR REFINADA,2020-09-01,011801,D_city,1480.7927389011907
CALI,AZÚCAR REFINADA,2020-10-01,011801,D_city,1485.6923499046861
CALI,AZÚCAR REFINADA,2020-11-01,011801,D_city,1483.6508202268594
CALI,AZÚCAR REFINADA,2020-12-01,011801,D_city,1471.5384829755812
CALI,AZÚCAR REFINADA,2021-01-01,011801,D_city,1463.9178883374736
CALI,AZÚCAR REFINADA,2021-02-01,011801,D_city,1452.3518822832448
CALI,AZÚCAR REFINADA,2021-03-01,011801,D_city,1446.7734047764382
CALI,AZÚCAR REFINADA,2021-04-01,011801,D_city,1464.5982780343154
CALI,AZÚCAR REFINADA,2021-05-01,011801,D_city,1514.4136383802386
CALI,AZÚCAR REFINADA,2021-06-01,011801,D_city,1524.215864888009
CALI,AZÚCAR REFINADA,2021-07-01,011801,D_city,1544.503577051258
CALI,AZÚCAR REFINADA,2021-08-01,011801,D_city,1560.5727709481944
CALI,AZÚCAR REFINADA,2021-09-01,011801,D_city,1580.8665464203038
CALI,AZÚCAR REFINADA,2021-10-01,011801,D_city,1601.2998796176391
CALI,AZÚCAR REFINADA,2021-11-01,011801,D_city,1617.2401914267173
CALI,AZÚCAR REFINADA,2021-12-01,011801,D_city,1631.956105309745
CALI,AZÚCAR REFINADA,2022-01-01,011801,D_city,1649.8082349834028
CALI,AZÚCAR REFINADA,2022-02-01,011801,D_city,1659.0759628293424
CALI,AZÚCAR REFINADA,2022-03-01,011801,D_city,1670.6615511430855
CALI,AZÚCAR REFINADA,2022-04-01,011801,D_city,1702.1522500564138
CALI,AZÚCAR REFINADA,2022-05-01,011801,D_city,1781.3887047131948
CALI,AZÚCAR REFINADA,2022-06-01,011801,D_city,1925.3827716948304
CALI,AZÚCAR REFINADA,2022-07-01,011801,D_city,2045.5972769804064
CALI,AZÚCAR REFINADA,2022-08-01,011801,D_city,2185.5965196958787
CALI,AZÚCAR REFINADA,2022-09-01,011801,D_city,2286.9764283001896
CALI,AZÚCAR REFINADA,2022-10-01,011801,D_city,2344.875057979202
CALI,AZÚCAR REFINADA,2022-11-01,011801,D_city,2366.780028909931
CALI,AZÚCAR REFINADA,2022-12-01,011801,D_city,2393.8910094216963
CALI,AZÚCAR REFINADA,2023-01-01,011801,D_city,2404.572170784991
CALI,AZÚCAR REFINADA,2023-02-01,011801,D_city,2412.378017848899
CALI,AZÚCAR REFINADA,2023-03-01,011801,D_city,2418.9516127456595
CALI,AZÚCAR REFINADA,2023-04-01,011801,D_city,2417.7190463225343
CALI,AZÚCAR REFINADA,2023-05-01,011801,D_city,2433.8799966835545
CALI,AZÚCAR REFINADA,2023-06-01,011801,D_city,2431.277717043581
CALI,AZÚCAR REFINADA,2023-07-01,011801,D_city,2428.127636607693
CALI,AZÚCAR REFINADA,2023-08-01,011801,D_city,2418.814660525086
CALI,AZÚCAR REFINADA,2023-09-01,011801,D_city,2416.075636896768
CALI,AZÚCAR REFINADA,2023-10-01,011801,D_city,2413.884446516156
CALI,AZÚCAR REFINADA,2023-11-01,011801,D_city,2463.877247009967
CALI,AZÚCAR REFINADA,2023-12-01,011801,D_city,2505.661992486717
CALI,AZÚCAR REFINADA,2024-01-01,011801,D_city,2531.011180093417
CALI,AZÚCAR REFINADA,2024-02-01,011801,D_city,2547.8667592512425
CALI,AZÚCAR REFINADA,2024-03-01,011801,D_city,2563.4902740303555
CALI,AZÚCAR REFINADA,2024-04-01,011801,D_city,2555.815412741975
CALI,AZÚCAR REFINADA,2024-05-01,011801,D_city,2548.277888750187
CALI,AZÚCAR REFINADA,2024-06-01,011801,D_city,2552.800369064142
CALI,AZÚCAR REFINADA,2024-07-01,011801,D_city,2546.907460378895
CALI,AZÚCAR REFINADA,2024-08-01,011801,D_city,2531.5593065309677
CALI,AZÚCAR REFINADA,2024-09-01,011801,D_city,2533.614794154916
CALI,AZÚCAR REFINADA,2024-10-01,011801,D_city,2511.8277112096375
CALI,AZÚCAR REFINADA,2024-11-01,011801,D_city,2506.4840771425515
CALI,AZÚCAR REFINADA,2024-12-01,011801,D_city,2472.5074585963116
CALI,BANANOS,2019-01-01,011606,BASE,753.5024999999999
CALI,BANANOS,2019-02-01,011606,BASE,726.0525
CALI,BANANOS,2019-03-01,011606,BASE,761.5087500000001
CALI,BANANOS,2019-04-01,011606,BASE,797.1937499999999
CALI,BANANOS,2019-05-01,011606,BASE,816.71375
CALI,BANANOS,2019-06-01,011606,BASE,792.00875
CALI,BANANOS,2019-07-01,011606,BASE,774.4712499999999
CALI,BANANOS,2019-08-01,011606,BASE,793.3812499999999
CALI,BANANOS,2019-09-01,011606,BASE,800.7774999999999
CALI,BANANOS,2019-10-01,011606,BASE,821.2887499999999
CALI,BANANOS,2019-11-01,011606,BASE,900.8175
CALI,BANANOS,2019-12-01,011606,BASE,874.6637499999999
CALI,BANANOS,2020-01-01,011606,BASE,870.9274999999999
CALI,BANANOS,2020-02-01,011606,BASE,865.66625
CALI,BANANOS,2020-03-01,011606,BASE,917.8212500000001
CALI,BANANOS,2020-04-01,011606,BASE,980.4225000000001
CALI,BANANOS,2020-05-01,011606,BASE,1005.2037500000001
CALI,BANANOS,2020-06-01,011606,BASE,990.4875000000001
CALI,BANANOS,2020-07-01,011606,BASE,944.7375
CALI,BANANOS,2020-08-01,011606,BASE,935.66375
CALI,BANANOS,2020-09-01,011606,BASE,967.155
CALI,BANANOS,2020-10-01,011606,BASE,962.885
CALI,BANANOS,2020-11-01,011606,BASE,967.0024999999999
CALI,BANANOS,2020-12-01,011606,BASE,970.73875
CALI,BANANOS,2021-01-01,011606,BASE,991.7075
CALI,BANANOS,2021-02-01,011606,BASE,994.83375
CALI,BANANOS,2021-03-01,011606,BASE,1001.4675000000001
CALI,BANANOS,2021-04-01,011606,BASE,994.0712500000001
CALI,BANANOS,2021-05-01,011606,BASE,1345.1262499999998
CALI,BANANOS,2021-06-01,011606,BASE,1053.6225
CALI,BANANOS,2021-07-01,011606,BASE,996.3587499999999
CALI,BANANOS,2021-08-01,011606,BASE,976.1525000000001
CALI,BANANOS,2021-09-01,011606,BASE,975.61875
CALI,BANANOS,2021-10-01,011606,BASE,1005.8899999999999
CALI,BANANOS,2021-11-01,011606,BASE,1005.0512500000001
CALI,BANANOS,2021-12-01,011606,BASE,988.1999999999999
CALI,BANANOS,2022-01-01,011606,BASE,1019.08125
CALI,BANANOS,2022-02-01,011606,BASE,1054.9187499999998
CALI,BANANOS,2022-03-01,011606,BASE,1088.3925000000002
CALI,BANANOS,2022-04-01,011606,BASE,1110.12375
CALI,BANANOS,2022-05-01,011606,BASE,1144.5887500000001
CALI,BANANOS,2022-06-01,011606,BASE,1128.9575
CALI,BANANOS,2022-07-01,011606,BASE,1124.23
CALI,BANANOS,2022-08-01,011606,BASE,1155.3400000000001
CALI,BANANOS,2022-09-01,011606,BASE,1160.22
CALI,BANANOS,2022-10-01,011606,BASE,1163.04125
CALI,BANANOS,2022-11-01,011606,BASE,1214.0525
CALI,BANANOS,2022-12-01,011606,BASE,1231.2849999999999
CALI,BANANOS,2023-01-01,011606,BASE,1244.3999999999999
CALI,BANANOS,2023-02-01,011606,BASE,1283.135
CALI,BANANOS,2023-03-01,011606,BASE,1293.3525
CALI,BANANOS,2023-04-01,011606,BASE,1337.0437499999998
CALI,BANANOS,2023-05-01,011606,BASE,1331.5537499999998
CALI,BANANOS,2023-06-01,011606,BASE,1311.5
CALI,BANANOS,2023-07-01,011606,BASE,1295.56375
CALI,BANANOS,2023-08-01,011606,BASE,1314.01625
CALI,BANANOS,2023-09-01,011606,BASE,1329.2662500000001
CALI,BANANOS,2023-10-01,011606,BASE,1311.4237500000002
CALI,BANANOS,2023-11-01,011606,BASE,1347.71875
CALI,BANANOS,2023-12-01,011606,BASE,1348.0237499999998
CALI,BANANOS,2024-01-01,011606,BASE,1333.6887499999998
CALI,BANANOS,2024-02-01,011606,BASE,1320.6499999999999
CALI,BANANOS,2024-03-01,011606,BASE,1388.2837499999998
CALI,BANANOS,2024-04-01,011606,BASE,1524.085
CALI,BANANOS,2024-05-01,011606,BASE,1629.69125
CALI,BANANOS,2024-06-01,011606,BASE,1667.66375
CALI,BANANOS,2024-07-01,011606,BASE,1675.365
CALI,BANANOS,2024-08-01,011606,BASE,1711.12625
CALI,BANANOS,2024-09-01,011606,BASE,1686.1162499999998
CALI,BANANOS,2024-10-01,011606,BASE,1686.345
CALI,BANANOS,2024-11-01,011606,BASE,1721.1912499999999
CALI,BANANOS,2024-12-01,011606,BASE,1749.9375
CALI,CAFÉ MOLIDO,2019-01-01,012101,BASE,8148.1278742165105
CALI,CAFÉ MOLIDO,2019-02-01,012101,BASE,8196.14420907256
CALI,CAFÉ MOLIDO,2019-03-01,012101,BASE,8209.979424200574
CALI,CAFÉ MOLIDO,2019-04-01,012101,BASE,8358.09760968873
CALI,CAFÉ MOLIDO,2019-05-01,012101,BASE,8386.58187612876
CALI,CAFÉ MOLIDO,2019-06-01,012101,BASE,8401.230927440774
CALI,CAFÉ MOLIDO,2019-07-01,012101,BASE,8317.405800488687
CALI,CAFÉ MOLIDO,2019-08-01,012101,BASE,8217.303949856581
CALI,CAFÉ MOLIDO,2019-09-01,012101,BASE,8200.213389992565
CALI,CAFÉ MOLIDO,2019-10-01,012101,BASE,8203.468734728567
CALI,CAFÉ MOLIDO,2019-11-01,012101,BASE,8223.000803144589
CALI,CAFÉ MOLIDO,2019-12-01,012101,BASE,8212.420932752577
CALI,CAFÉ MOLIDO,2020-01-01,012101,BASE,8218.931622224583
CALI,CAFÉ MOLIDO,2020-02-01,012101,BASE,8376.00200573675
CALI,CAFÉ MOLIDO,2020-03-01,012101,BASE,8494.00825241687
CALI,CAFÉ MOLIDO,2020-04-01,012101,BASE,8596.551611600979
CALI,CAFÉ MOLIDO,2020-05-01,012101,BASE,8600.620792520984
CALI,CAFÉ MOLIDO,2020-06-01,012101,BASE,8593.296266864974
CALI,CAFÉ MOLIDO,2020-07-01,012101,BASE,8606.31764580899
CALI,CAFÉ MOLIDO,2020-08-01,012101,BASE,8637.24342080102
CALI,CAFÉ MOLIDO,2020-09-01,012101,BASE,8618.525188569001
CALI,CAFÉ MOLIDO,2020-10-01,012101,BASE,8562.370491872942
CALI,CAFÉ MOLIDO,2020-11-01,012101,BASE,8590.854758312973
CALI,CAFÉ MOLIDO,2020-12-01,012101,BASE,8590.854758312973
CALI,CAFÉ MOLIDO,2021-01-01,012101,BASE,8625.849714225009
CALI,CAFÉ MOLIDO,2021-02-01,012101,BASE,8603.876137256986
CALI,CAFÉ MOLIDO,2021-03-01,012101,BASE,8634.801912249019
CALI,CAFÉ MOLIDO,2021-04-01,012101,BASE,8646.19561882503
CALI,CAFÉ MOLIDO,2021-05-01,012101,BASE,8686.073591841072
CALI,CAFÉ MOLIDO,2021-06-01,012101,BASE,8716.185530649103
CALI,CAFÉ MOLIDO,2021-07-01,012101,BASE,8884.649620737278
CALI,CAFÉ MOLIDO,2021-08-01,012101,BASE,9124.731295017531
CALI,CAFÉ MOLIDO,2021-09-01,012101,BASE,10117.611439498567
CALI,CAFÉ MOLIDO,2021-10-01,012101,BASE,10608.354658451079
CALI,CAFÉ MOLIDO,2021-11-01,012101,BASE,10636.838924891108
CALI,CAFÉ MOLIDO,2021-12-01,012101,BASE,10997.368354403487
CALI,CAFÉ MOLIDO,2022-01-01,012101,BASE,11339.179551683845
CALI,CAFÉ MOLIDO,2022-02-01,012101,BASE,11723.310230532245
CALI,CAFÉ MOLIDO,2022-03-01,012101,BASE,11895.843501540423
CALI,CAFÉ MOLIDO,2022-04-01,012101,BASE,12406.932625092957
CALI,CAFÉ MOLIDO,2022-05-01,012101,BASE,12956.27204929353
CALI,CAFÉ MOLIDO,2022-06-01,012101,BASE,13189.029197917775
CALI,CAFÉ MOLIDO,2022-07-01,012101,BASE,13567.46302347817
CALI,CAFÉ MOLIDO,2022-08-01,012101,BASE,13976.008787846597
CALI,CAFÉ MOLIDO,2022-09-01,012101,BASE,14561.157004143206
CALI,CAFÉ MOLIDO,2022-10-01,012101,BASE,15250.476251991926
CALI,CAFÉ MOLIDO,2022-11-01,012101,BASE,16085.472176776799
CALI,CAFÉ MOLIDO,2022-12-01,012101,BASE,16664.109703601403
CALI,CAFÉ MOLIDO,2023-01-01,012101,BASE,17050.68189100181
CALI,CAFÉ MOLIDO,2023-02-01,012101,BASE,17048.240382449803
CALI,CAFÉ MOLIDO,2023-03-01,012101,BASE,17067.772450865825
CALI,CAFÉ MOLIDO,2023-04-01,012101,BASE,17065.330942313823
CALI,CAFÉ MOLIDO,2023-05-01,012101,BASE,17152.411414001912
CALI,CAFÉ MOLIDO,2023-06-01,012101,BASE,17133.693181769897
CALI,CAFÉ MOLIDO,2023-07-01,012101,BASE,17071.02779560183
CALI,CAFÉ MOLIDO,2023-08-01,012101,BASE,17009.176245617764
CALI,CAFÉ MOLIDO,2023-09-01,012101,BASE,17078.352321257837
CALI,CAFÉ MOLIDO,2023-10-01,012101,BASE,17067.772450865825
CALI,CAFÉ MOLIDO,2023-11-01,012101,BASE,16945.697023265697
CALI,CAFÉ MOLIDO,2023-12-01,012101,BASE,16938.37249760969
CALI,CAFÉ MOLIDO,2024-01-01,012101,BASE,16926.978791033678
CALI,CAFÉ MOLIDO,2024-02-01,012101,BASE,16825.24926803357
CALI,CAFÉ MOLIDO,2024-03-01,012101,BASE,16769.094571337515
CALI,CAFÉ MOLIDO,2024-04-01,012101,BASE,16670.620393073412
CALI,CAFÉ MOLIDO,2024-05-01,012101,BASE,16641.32229044938
CALI,CAFÉ MOLIDO,2024-06-01,012101,BASE,16575.40155954531
CALI,CAFÉ MOLIDO,2024-07-01,012101,BASE,16510.294664825244
CALI,CAFÉ MOLIDO,2024-08-01,012101,BASE,16432.16639116116
CALI,CAFÉ MOLIDO,2024-09-01,012101,BASE,16541.220439817273
CALI,CAFÉ MOLIDO,2024-10-01,012101,BASE,16750.376339105496
CALI,CAFÉ MOLIDO,2024-11-01,012101,BASE,16900.936033145652
CALI,CAFÉ MOLIDO,2024-12-01,012101,BASE,17120.671802825884
CALI,CAMARONES O VARIEDAD DISPONIBLE,2019-01-01,011303,BASE_lowR2,25167.029702970303
CALI,CAMARONES O VARIEDAD DISPONIBLE,2019-02-01,011303,BASE_lowR2,25547.09810981098
CALI,CAMARONES O VARIEDAD DISPONIBLE,2019-03-01,011303,BASE_lowR2,25944.669666966696
CALI,CAMARONES O VARIEDAD DISPONIBLE,2019-04-01,011303,BASE_lowR2,26004.680468046805
CALI,CAMARONES O VARIEDAD DISPONIBLE,2019-05-01,011303,BASE_lowR2,26209.717371737173
CALI,CAMARONES O VARIEDAD DISPONIBLE,2019-06-01,011303,BASE_lowR2,26277.229522952297
CALI,CAMARONES O VARIEDAD DISPONIBLE,2019-07-01,011303,BASE_lowR2,26372.246624662468
CALI,CAMARONES O VARIEDAD DISPONIBLE,2019-08-01,011303,BASE_lowR2,26539.77677767777
CALI,CAMARONES O VARIEDAD DISPONIBLE,2019-09-01,011303,BASE_lowR2,26554.779477947795
CALI,CAMARONES O VARIEDAD DISPONIBLE,2019-10-01,011303,BASE_lowR2,26667.299729973
CALI,CAMARONES O VARIEDAD DISPONIBLE,2019-11-01,011303,BASE_lowR2,26727.310531053106
CALI,CAMARONES O VARIEDAD DISPONIBLE,2019-12-01,011303,BASE_lowR2,26882.338433843386
CALI,CAMARONES O VARIEDAD DISPONIBLE,2020-01-01,011303,BASE_lowR2,26909.843384338437
CALI,CAMARONES O VARIEDAD DISPONIBLE,2020-02-01,011303,BASE_lowR2,26962.352835283527
CALI,CAMARONES O VARIEDAD DISPONIBLE,2020-03-01,011303,BASE_lowR2,27302.414041404143
CALI,CAMARONES O VARIEDAD DISPONIBLE,2020-04-01,011303,BASE_lowR2,28425.11611161116
CALI,CAMARONES O VARIEDAD DISPONIBLE,2020-05-01,011303,BASE_lowR2,28765.177317731774
CALI,CAMARONES O VARIEDAD DISPONIBLE,2020-06-01,011303,BASE_lowR2,28785.180918091814
CALI,CAMARONES O VARIEDAD DISPONIBLE,2020-07-01,011303,BASE_lowR2,29050.22862286229
CALI,CAMARONES O VARIEDAD DISPONIBLE,2020-08-01,011303,BASE_lowR2,29162.74887488749
CALI,CAMARONES O VARIEDAD DISPONIBLE,2020-09-01,011303,BASE_lowR2,29412.793879387937
CALI,CAMARONES O VARIEDAD DISPONIBLE,2020-10-01,011303,BASE_lowR2,29507.810981098115
CALI,CAMARONES O VARIEDAD DISPONIBLE,2020-11-01,011303,BASE_lowR2,29632.83348334834
CALI,CAMARONES O VARIEDAD DISPONIBLE,2020-12-01,011303,BASE_lowR2,29957.891989198924
CALI,CAMARONES O VARIEDAD DISPONIBLE,2021-01-01,011303,BASE_lowR2,30120.421242124212
CALI,CAMARONES O VARIEDAD DISPONIBLE,2021-02-01,011303,BASE_lowR2,30360.464446444646
CALI,CAMARONES O VARIEDAD DISPONIBLE,2021-03-01,011303,BASE_lowR2,30650.51665166517
CALI,CAMARONES O VARIEDAD DISPONIBLE,2021-04-01,011303,BASE_lowR2,30985.576957695772
CALI,CAMARONES O VARIEDAD DISPONIBLE,2021-05-01,011303,BASE_lowR2,31800.72367236724
CALI,CAMARONES O VARIEDAD DISPONIBLE,2021-06-01,011303,BASE_lowR2,31873.23672367237
CALI,CAMARONES O VARIEDAD DISPONIBLE,2021-07-01,011303,BASE_lowR2,32025.764176417644
CALI,CAMARONES O VARIEDAD DISPONIBLE,2021-08-01,011303,BASE_lowR2,32143.285328532857
CALI,CAMARONES O VARIEDAD DISPONIBLE,2021-09-01,011303,BASE_lowR2,32368.325832583254
CALI,CAMARONES O VARIEDAD DISPONIBLE,2021-10-01,011303,BASE_lowR2,32315.816381638164
CALI,CAMARONES O VARIEDAD DISPONIBLE,2021-11-01,011303,BASE_lowR2,32528.354635463547
CALI,CAMARONES O VARIEDAD DISPONIBLE,2021-12-01,011303,BASE_lowR2,32638.37443744375
CALI,CAMARONES O VARIEDAD DISPONIBLE,2022-01-01,011303,BASE_lowR2,33143.46534653466
CALI,CAMARONES O VARIEDAD DISPONIBLE,2022-02-01,011303,BASE_lowR2,33571.042304230425
CALI,CAMARONES O VARIEDAD DISPONIBLE,2022-03-01,011303,BASE_lowR2,33813.58595859585
CALI,CAMARONES O VARIEDAD DISPONIBLE,2022-04-01,011303,BASE_lowR2,34416.19441944194
CALI,CAMARONES O VARIEDAD DISPONIBLE,2022-05-01,011303,BASE_lowR2,35021.30333033304
CALI,CAMARONES O VARIEDAD DISPONIBLE,2022-06-01,011303,BASE_lowR2,35518.89288928893
CALI,CAMARONES O VARIEDAD DISPONIBLE,2022-07-01,011303,BASE_lowR2,36196.514851485146
CALI,CAMARONES O VARIEDAD DISPONIBLE,2022-08-01,011303,BASE_lowR2,36826.628262826285
CALI,CAMARONES O VARIEDAD DISPONIBLE,2022-09-01,011303,BASE_lowR2,37806.80468046804
CALI,CAMARONES O VARIEDAD DISPONIBLE,2022-10-01,011303,BASE_lowR2,38016.842484248424
CALI,CAMARONES O VARIEDAD DISPONIBLE,2022-11-01,011303,BASE_lowR2,38769.47794779479
CALI,CAMARONES O VARIEDAD DISPONIBLE,2022-12-01,011303,BASE_lowR2,39377.08730873087
CALI,CAMARONES O VARIEDAD DISPONIBLE,2023-01-01,011303,BASE_lowR2,39794.66246624663
CALI,CAMARONES O VARIEDAD DISPONIBLE,2023-02-01,011303,BASE_lowR2,39414.59405940594
CALI,CAMARONES O VARIEDAD DISPONIBLE,2023-03-01,011303,BASE_lowR2,39654.63726372638
CALI,CAMARONES O VARIEDAD DISPONIBLE,2023-04-01,011303,BASE_lowR2,39737.15211521152
CALI,CAMARONES O VARIEDAD DISPONIBLE,2023-05-01,011303,BASE_lowR2,39539.61656165617
CALI,CAMARONES O VARIEDAD DISPONIBLE,2023-06-01,011303,BASE_lowR2,39717.148514851484
CALI,CAMARONES O VARIEDAD DISPONIBLE,2023-07-01,011303,BASE_lowR2,39457.101710171024
CALI,CAMARONES O VARIEDAD DISPONIBLE,2023-08-01,011303,BASE_lowR2,39727.150315031504
CALI,CAMARONES O VARIEDAD DISPONIBLE,2023-09-01,011303,BASE_lowR2,39842.17101710171
CALI,CAMARONES O VARIEDAD DISPONIBLE,2023-10-01,011303,BASE_lowR2,39477.10531053106
CALI,CAMARONES O VARIEDAD DISPONIBLE,2023-11-01,011303,BASE_lowR2,39617.13051305131
CALI,CAMARONES O VARIEDAD DISPONIBLE,2023-12-01,011303,BASE_lowR2,39449.600360036005
CALI,CAMARONES O VARIEDAD DISPONIBLE,2024-01-01,011303,BASE_lowR2,39309.575157515756
CALI,CAMARONES O VARIEDAD DISPONIBLE,2024-02-01,011303,BASE_lowR2,39709.64716471647
CALI,CAMARONES O VARIEDAD DISPONIBLE,2024-03-01,011303,BASE_lowR2,40094.71647164717
CALI,CAMARONES O VARIEDAD DISPONIBLE,2024-04-01,011303,BASE_lowR2,40649.816381638164
CALI,CAMARONES O VARIEDAD DISPONIBLE,2024-05-01,011303,BASE_lowR2,40692.324032403245
CALI,CAMARONES O VARIEDAD DISPONIBLE,2024-06-01,011303,BASE_lowR2,40822.347434743475
CALI,CAMARONES O VARIEDAD DISPONIBLE,2024-07-01,011303,BASE_lowR2,40952.37083708371
CALI,CAMARONES O VARIEDAD DISPONIBLE,2024-08-01,011303,BASE_lowR2,41089.89558955896
CALI,CAMARONES O VARIEDAD DISPONIBLE,2024-09-01,011303,BASE_lowR2,41029.88478847885
CALI,CAMARONES O VARIEDAD DISPONIBLE,2024-10-01,011303,BASE_lowR2,40964.87308730873
CALI,CAMARONES O VARIEDAD DISPONIBLE,2024-11-01,011303,BASE_lowR2,41154.907290729076
CALI,CAMARONES O VARIEDAD DISPONIBLE,2024-12-01,011303,BASE_lowR2,41202.41584158416
CALI,CARNE DE CERDO CON HUESO,2019-01-01,011202,D_city,5843.245898807417
CALI,CARNE DE CERDO CON HUESO,2019-02-01,011202,D_city,5888.390772052859
CALI,CARNE DE CERDO CON HUESO,2019-03-01,011202,D_city,5872.025579283343
CALI,CARNE DE CERDO CON HUESO,2019-04-01,011202,D_city,5856.090804081021
CALI,CARNE DE CERDO CON HUESO,2019-05-01,011202,D_city,5864.944907122371
CALI,CARNE DE CERDO CON HUESO,2019-06-01,011202,D_city,5877.334563577476
CALI,CARNE DE CERDO CON HUESO,2019-07-01,011202,D_city,5918.876748987005
CALI,CARNE DE CERDO CON HUESO,2019-08-01,011202,D_city,5907.8360371944
CALI,CARNE DE CERDO CON HUESO,2019-09-01,011202,D_city,5873.3529473959015
CALI,CARNE DE CERDO CON HUESO,2019-10-01,011202,D_city,5892.369628267321
CALI,CARNE DE CERDO CON HUESO,2019-11-01,011202,D_city,5918.435227842046
CALI,CARNE DE CERDO CON HUESO,2019-12-01,011202,D_city,5985.444489435138
CALI,CARNE DE CERDO CON HUESO,2020-01-01,011202,D_city,6056.638963604499
CALI,CARNE DE CERDO CON HUESO,2020-02-01,011202,D_city,6007.442487211518
CALI,CARNE DE CERDO CON HUESO,2020-03-01,011202,D_city,6027.22201570373
CALI,CARNE DE CERDO CON HUESO,2020-04-01,011202,D_city,5924.17430609246
CALI,CARNE DE CERDO CON HUESO,2020-05-01,011202,D_city,5840.1442570509835
CALI,CARNE DE CERDO CON HUESO,2020-06-01,011202,D_city,5736.201299422998
CALI,CARNE DE CERDO CON HUESO,2020-07-01,011202,D_city,5757.1194850874945
CALI,CARNE DE CERDO CON HUESO,2020-08-01,011202,D_city,5859.632880815937
CALI,CARNE DE CERDO CON HUESO,2020-09-01,011202,D_city,5927.70529690779
CALI,CARNE DE CERDO CON HUESO,2020-10-01,011202,D_city,6027.661360617289
CALI,CARNE DE CERDO CON HUESO,2020-11-01,011202,D_city,6224.499514474537
CALI,CARNE DE CERDO CON HUESO,2020-12-01,011202,D_city,6475.312047714249
CALI,CARNE DE CERDO CON HUESO,2021-01-01,011202,D_city,6629.076243005642
CALI,CARNE DE CERDO CON HUESO,2021-02-01,011202,D_city,6626.935400026566
CALI,CARNE DE CERDO CON HUESO,2021-03-01,011202,D_city,6634.64155725063
CALI,CARNE DE CERDO CON HUESO,2021-04-01,011202,D_city,6627.7917597301675
CALI,CARNE DE CERDO CON HUESO,2021-05-01,011202,D_city,6851.990009776596
CALI,CARNE DE CERDO CON HUESO,2021-06-01,011202,D_city,6868.109233554175
CALI,CARNE DE CERDO CON HUESO,2021-07-01,011202,D_city,6966.722646454479
CALI,CARNE DE CERDO CON HUESO,2021-08-01,011202,D_city,7109.947365201454
CALI,CARNE DE CERDO CON HUESO,2021-09-01,011202,D_city,7322.915319283547
CALI,CARNE DE CERDO CON HUESO,2021-10-01,011202,D_city,7462.581042855357
CALI,CARNE DE CERDO CON HUESO,2021-11-01,011202,D_city,7582.144980126678
CALI,CARNE DE CERDO CON HUESO,2021-12-01,011202,D_city,7620.923912208219
CALI,CARNE DE CERDO CON HUESO,2022-01-01,011202,D_city,7697.088402619329
CALI,CARNE DE CERDO CON HUESO,2022-02-01,011202,D_city,7695.854937779741
CALI,CARNE DE CERDO CON HUESO,2022-03-01,011202,D_city,7518.08311789934
CALI,CARNE DE CERDO CON HUESO,2022-04-01,011202,D_city,7415.689892698957
CALI,CARNE DE CERDO CON HUESO,2022-05-01,011202,D_city,7379.117121358453
CALI,CARNE DE CERDO CON HUESO,2022-06-01,011202,D_city,7398.656408775658
CALI,CARNE DE CERDO CON HUESO,2022-07-01,011202,D_city,7526.771116792775
CALI,CARNE DE CERDO CON HUESO,2022-08-01,011202,D_city,7643.176967590156
CALI,CARNE DE CERDO CON HUESO,2022-09-01,011202,D_city,7825.8970331628425
CALI,CARNE DE CERDO CON HUESO,2022-10-01,011202,D_city,8060.298458126763
CALI,CARNE DE CERDO CON HUESO,2022-11-01,011202,D_city,8283.999300478408
CALI,CARNE DE CERDO CON HUESO,2022-12-01,011202,D_city,8551.257222872708
CALI,CARNE DE CERDO CON HUESO,2023-01-01,011202,D_city,8745.653085689899
CALI,CARNE DE CERDO CON HUESO,2023-02-01,011202,D_city,8828.549957903693
CALI,CARNE DE CERDO CON HUESO,2023-03-01,011202,D_city,8794.86150431544
CALI,CARNE DE CERDO CON HUESO,2023-04-01,011202,D_city,8668.116450017751
CALI,CARNE DE CERDO CON HUESO,2023-05-01,011202,D_city,8556.451254914755
CALI,CARNE DE CERDO CON HUESO,2023-06-01,011202,D_city,8564.440403747667
CALI,CARNE DE CERDO CON HUESO,2023-07-01,011202,D_city,8496.067640780222
CALI,CARNE DE CERDO CON HUESO,2023-08-01,011202,D_city,8560.046622211325
CALI,CARNE DE CERDO CON HUESO,2023-09-01,011202,D_city,8577.218838787005
CALI,CARNE DE CERDO CON HUESO,2023-10-01,011202,D_city,8598.371771221631
CALI,CARNE DE CERDO CON HUESO,2023-11-01,011202,D_city,8587.198398390628
CALI,CARNE DE CERDO CON HUESO,2023-12-01,011202,D_city,8634.259553645072
CALI,CARNE DE CERDO CON HUESO,2024-01-01,011202,D_city,8706.709370951816
CALI,CARNE DE CERDO CON HUESO,2024-02-01,011202,D_city,8695.573919308335
CALI,CARNE DE CERDO CON HUESO,2024-03-01,011202,D_city,8627.085239221833
CALI,CARNE DE CERDO CON HUESO,2024-04-01,011202,D_city,8738.106455639498
CALI,CARNE DE CERDO CON HUESO,2024-05-01,011202,D_city,8672.097253962362
CALI,CARNE DE CERDO CON HUESO,2024-06-01,011202,D_city,8677.271558100678
CALI,CARNE DE CERDO CON HUESO,2024-07-01,011202,D_city,8653.78144615115
CALI,CARNE DE CERDO CON HUESO,2024-08-01,011202,D_city,8660.153353682223
CALI,CARNE DE CERDO CON HUESO,2024-09-01,011202,D_city,8688.015516442452
CALI,CARNE DE CERDO CON HUESO,2024-10-01,011202,D_city,8717.443469924536
CALI,CARNE DE CERDO CON HUESO,2024-11-01,011202,D_city,8741.68139545507
CALI,CARNE DE CERDO CON HUESO,2024-12-01,011202,D_city,8951.514669879856
CALI,CARNE DE CERDO SIN HUESO,2019-01-01,011202,D_city,7617.809910543037
CALI,CARNE DE CERDO SIN HUESO,2019-02-01,011202,D_city,7702.882973935771
CALI,CARNE DE CERDO SIN HUESO,2019-03-01,011202,D_city,7672.010148214058
CALI,CARNE DE CERDO SIN HUESO,2019-04-01,011202,D_city,7641.985905181983
CALI,CARNE DE CERDO SIN HUESO,2019-05-01,011202,D_city,7658.6643107911605
CALI,CARNE DE CERDO SIN HUESO,2019-06-01,011202,D_city,7682.021339752153
CALI,CARNE DE CERDO SIN HUESO,2019-07-01,011202,D_city,7760.495937818602
CALI,CARNE DE CERDO SIN HUESO,2019-08-01,011202,D_city,7739.615775714618
CALI,CARNE DE CERDO SIN HUESO,2019-09-01,011202,D_city,7674.512800449705
CALI,CARNE DE CERDO SIN HUESO,2019-10-01,011202,D_city,7710.394809292905
CALI,CARNE DE CERDO SIN HUESO,2019-11-01,011202,D_city,7759.660602850645
CALI,CARNE DE CERDO SIN HUESO,2019-12-01,011202,D_city,7886.753803706936
CALI,CARNE DE CERDO SIN HUESO,2020-01-01,011202,D_city,8022.477136404441
CALI,CARNE DE CERDO SIN HUESO,2020-02-01,011202,D_city,7928.61429696739
CALI,CARNE DE CERDO SIN HUESO,2020-03-01,011202,D_city,7966.31124341381
CALI,CARNE DE CERDO SIN HUESO,2020-04-01,011202,D_city,7770.520791734006
CALI,CARNE DE CERDO SIN HUESO,2020-05-01,011202,D_city,7611.9756921149665
CALI,CARNE DE CERDO SIN HUESO,2020-06-01,011202,D_city,7417.254223397654
CALI,CARNE DE CERDO SIN HUESO,2020-07-01,011202,D_city,7456.316663151913
CALI,CARNE DE CERDO SIN HUESO,2020-08-01,011202,D_city,7648.656748200984
CALI,CARNE DE CERDO SIN HUESO,2020-09-01,011202,D_city,7777.204882879047
CALI,CARNE DE CERDO SIN HUESO,2020-10-01,011202,D_city,7967.149194844675
CALI,CARNE DE CERDO SIN HUESO,2020-11-01,011202,D_city,8345.279007949373
CALI,CARNE DE CERDO SIN HUESO,2020-12-01,011202,D_city,8834.812575896183
CALI,CARNE DE CERDO SIN HUESO,2021-01-01,011202,D_city,9139.129699114324
CALI,CARNE DE CERDO SIN HUESO,2021-02-01,011202,D_city,9134.871051322585
CALI,CARNE DE CERDO SIN HUESO,2021-03-01,011202,D_city,9150.203288334209
CALI,CARNE DE CERDO SIN HUESO,2021-04-01,011202,D_city,9136.574482096206
CALI,CARNE DE CERDO SIN HUESO,2021-05-01,011202,D_city,9585.87279227885
CALI,CARNE DE CERDO SIN HUESO,2021-06-01,011202,D_city,9618.430315464017
CALI,CARNE DE CERDO SIN HUESO,2021-07-01,011202,D_city,9818.344913045512
CALI,CARNE DE CERDO SIN HUESO,2021-08-01,011202,D_city,10110.934985877055
CALI,CARNE DE CERDO SIN HUESO,2021-09-01,011202,D_city,10550.842622102267
CALI,CARNE DE CERDO SIN HUESO,2021-10-01,011202,D_city,10842.439940509112
CALI,CARNE DE CERDO SIN HUESO,2021-11-01,011202,D_city,11093.99803085469
CALI,CARNE DE CERDO SIN HUESO,2021-12-01,011202,D_city,11175.966957384639
CALI,CARNE DE CERDO SIN HUESO,2022-01-01,011202,D_city,11337.497531170899
CALI,CARNE DE CERDO SIN HUESO,2022-02-01,011202,D_city,11334.875920234468
CALI,CARNE DE CERDO SIN HUESO,2022-03-01,011202,D_city,10958.993948162606
CALI,CARNE DE CERDO SIN HUESO,2022-04-01,011202,D_city,10744.267537018792
CALI,CARNE DE CERDO SIN HUESO,2022-05-01,011202,D_city,10667.88850333506
CALI,CARNE DE CERDO SIN HUESO,2022-06-01,011202,D_city,10708.673784107916
CALI,CARNE DE CERDO SIN HUESO,2022-07-01,011202,D_city,10977.273291903135
CALI,CARNE DE CERDO SIN HUESO,2022-08-01,011202,D_city,11223.087895990884
CALI,CARNE DE CERDO SIN HUESO,2022-09-01,011202,D_city,11612.289308150264
CALI,CARNE DE CERDO SIN HUESO,2022-10-01,011202,D_city,12117.492555359759
CALI,CARNE DE CERDO SIN HUESO,2022-11-01,011202,D_city,12605.74393534185
CALI,CARNE DE CERDO SIN HUESO,2022-12-01,011202,D_city,13196.760119025872
CALI,CARNE DE CERDO SIN HUESO,2023-01-01,011202,D_city,13631.83374543312
CALI,CARNE DE CERDO SIN HUESO,2023-02-01,011202,D_city,13818.67620982186
CALI,CARNE DE CERDO SIN HUESO,2023-03-01,011202,D_city,13742.651144343794
CALI,CARNE DE CERDO SIN HUESO,2023-04-01,011202,D_city,13457.78133599232
CALI,CARNE DE CERDO SIN HUESO,2023-05-01,011202,D_city,13208.32833922606
CALI,CARNE DE CERDO SIN HUESO,2023-06-01,011202,D_city,13226.12795518131
CALI,CARNE DE CERDO SIN HUESO,2023-07-01,011202,D_city,13074.033556325898
CALI,CARNE DE CERDO SIN HUESO,2023-08-01,011202,D_city,13216.337813422506
CALI,CARNE DE CERDO SIN HUESO,2023-09-01,011202,D_city,13254.613269325137
CALI,CARNE DE CERDO SIN HUESO,2023-10-01,011202,D_city,13301.808092867903
CALI,CARNE DE CERDO SIN HUESO,2023-11-01,011202,D_city,13276.872491418513
CALI,CARNE DE CERDO SIN HUESO,2023-12-01,011202,D_city,13381.995882000183
CALI,CARNE DE CERDO SIN HUESO,2024-01-01,011202,D_city,13544.327985478876
CALI,CARNE DE CERDO SIN HUESO,2024-02-01,011202,D_city,13519.338672023987
CALI,CARNE DE CERDO SIN HUESO,2024-03-01,011202,D_city,13365.953738412563
CALI,CARNE DE CERDO SIN HUESO,2024-04-01,011202,D_city,13614.86310556605
CALI,CARNE DE CERDO SIN HUESO,2024-05-01,011202,D_city,13466.700616906053
CALI,CARNE DE CERDO SIN HUESO,2024-06-01,011202,D_city,13478.296733021429
CALI,CARNE DE CERDO SIN HUESO,2024-07-01,011202,D_city,13425.677751009118
CALI,CARNE DE CERDO SIN HUESO,2024-08-01,011202,D_city,13439.944884576338
CALI,CARNE DE CERDO SIN HUESO,2024-09-01,011202,D_city,13502.384766986908
CALI,CARNE DE CERDO SIN HUESO,2024-10-01,011202,D_city,13568.430020482445
CALI,CARNE DE CERDO SIN HUESO,2024-11-01,011202,D_city,13622.901516137994
CALI,CARNE DE CERDO SIN HUESO,2024-12-01,011202,D_city,14097.261408478684
CALI,CARNE DE RES CON HUESO,2019-01-01,011201,D_city,3136.302907236653
CALI,CARNE DE RES CON HUESO,2019-02-01,011201,D_city,3144.570157475347
CALI,CARNE DE RES CON HUESO,2019-03-01,011201,D_city,3155.4144502160407
CALI,CARNE DE RES CON HUESO,2019-04-01,011201,D_city,3175.018884156822
CALI,CARNE DE RES CON HUESO,2019-05-01,011201,D_city,3218.013906028863
CALI,CARNE DE RES CON HUESO,2019-06-01,011201,D_city,3238.8271182760327
CALI,CARNE DE RES CON HUESO,2019-07-01,011201,D_city,3280.118908825131
CALI,CARNE DE RES CON HUESO,2019-08-01,011201,D_city,3265.511815160665
CALI,CARNE DE RES CON HUESO,2019-09-01,011201,D_city,3270.382269725438
CALI,CARNE DE RES CON HUESO,2019-10-01,011201,D_city,3276.7885930210923
CALI,CARNE DE RES CON HUESO,2019-11-01,011201,D_city,3287.2896425765143
CALI,CARNE DE RES CON HUESO,2019-12-01,011201,D_city,3310.06198153147
CALI,CARNE DE RES CON HUESO,2020-01-01,011201,D_city,3283.448560594872
CALI,CARNE DE RES CON HUESO,2020-02-01,011201,D_city,3308.783454158591
CALI,CARNE DE RES CON HUESO,2020-03-01,011201,D_city,3326.9294723581256
CALI,CARNE DE RES CON HUESO,2020-04-01,011201,D_city,3341.738561543281
CALI,CARNE DE RES CON HUESO,2020-05-01,011201,D_city,3349.9035751470915
CALI,CARNE DE RES CON HUESO,2020-06-01,011201,D_city,3353.9846159061785
CALI,CARNE DE RES CON HUESO,2020-07-01,011201,D_city,3338.1651360521564
CALI,CARNE DE RES CON HUESO,2020-08-01,011201,D_city,3336.1228412769688
CALI,CARNE DE RES CON HUESO,2020-09-01,011201,D_city,3367.241272257793
CALI,CARNE DE RES CON HUESO,2020-10-01,011201,D_city,3356.0247704999724
CALI,CARNE DE RES CON HUESO,2020-11-01,011201,D_city,3364.1829551156416
CALI,CARNE DE RES CON HUESO,2020-12-01,011201,D_city,3377.177039052767
CALI,CARNE DE RES CON HUESO,2021-01-01,011201,D_city,3420.674124618857
CALI,CARNE DE RES CON HUESO,2021-02-01,011201,D_city,3420.1660168827216
CALI,CARNE DE RES CON HUESO,2021-03-01,011201,D_city,3450.3727285553464
CALI,CARNE DE RES CON HUESO,2021-04-01,011201,D_city,3588.8162177579875
CALI,CARNE DE RES CON HUESO,2021-05-01,011201,D_city,4071.8877761866365
CALI,CARNE DE RES CON HUESO,2021-06-01,011201,D_city,4228.91075686299
CALI,CARNE DE RES CON HUESO,2021-07-01,011201,D_city,4191.106600633561
CALI,CARNE DE RES CON HUESO,2021-08-01,011201,D_city,4158.859222706509
CALI,CARNE DE RES CON HUESO,2021-09-01,011201,D_city,4205.748381247204
CALI,CARNE DE RES CON HUESO,2021-10-01,011201,D_city,4229.154438617737
CALI,CARNE DE RES CON HUESO,2021-11-01,011201,D_city,4323.496953546798
CALI,CARNE DE RES CON HUESO,2021-12-01,011201,D_city,4357.680822009343
CALI,CARNE DE RES CON HUESO,2022-01-01,011201,D_city,4463.053879231083
CALI,CARNE DE RES CON HUESO,2022-02-01,011201,D_city,4506.895048404062
CALI,CARNE DE RES CON HUESO,2022-03-01,011201,D_city,4553.054467309571
CALI,CARNE DE RES CON HUESO,2022-04-01,011201,D_city,4612.0623272336015
CALI,CARNE DE RES CON HUESO,2022-05-01,011201,D_city,4731.067126974012
CALI,CARNE DE RES CON HUESO,2022-06-01,011201,D_city,4821.479311643746
CALI,CARNE DE RES CON HUESO,2022-07-01,011201,D_city,4910.376523418646
CALI,CARNE DE RES CON HUESO,2022-08-01,011201,D_city,4956.478076815495
CALI,CARNE DE RES CON HUESO,2022-09-01,011201,D_city,4962.146281530354
CALI,CARNE DE RES CON HUESO,2022-10-01,011201,D_city,4993.534590707259
CALI,CARNE DE RES CON HUESO,2022-11-01,011201,D_city,5031.008192142008
CALI,CARNE DE RES CON HUESO,2022-12-01,011201,D_city,5044.193375974456
CALI,CARNE DE RES CON HUESO,2023-01-01,011201,D_city,5100.390094344235
CALI,CARNE DE RES CON HUESO,2023-02-01,011201,D_city,5102.03418492257
CALI,CARNE DE RES CON HUESO,2023-03-01,011201,D_city,5128.560138507767
CALI,CARNE DE RES CON HUESO,2023-04-01,011201,D_city,5059.9596182084715
CALI,CARNE DE RES CON HUESO,2023-05-01,011201,D_city,5083.473397644234
CALI,CARNE DE RES CON HUESO,2023-06-01,011201,D_city,5084.883544283228
CALI,CARNE DE RES CON HUESO,2023-07-01,011201,D_city,5119.4082155893475
CALI,CARNE DE RES CON HUESO,2023-08-01,011201,D_city,5111.4269934146
CALI,CARNE DE RES CON HUESO,2023-09-01,011201,D_city,5113.539907952245
CALI,CARNE DE RES CON HUESO,2023-10-01,011201,D_city,5123.632579000629
CALI,CARNE DE RES CON HUESO,2023-11-01,011201,D_city,5116.1221261954115
CALI,CARNE DE RES CON HUESO,2023-12-01,011201,D_city,5110.253077873991
CALI,CARNE DE RES CON HUESO,2024-01-01,011201,D_city,5094.752421726144
CALI,CARNE DE RES CON HUESO,2024-02-01,011201,D_city,5119.87762310501
CALI,CARNE DE RES CON HUESO,2024-03-01,011201,D_city,5135.128771734369
CALI,CARNE DE RES CON HUESO,2024-04-01,011201,D_city,5142.633760892013
CALI,CARNE DE RES CON HUESO,2024-05-01,011201,D_city,5158.574727185595
CALI,CARNE DE RES CON HUESO,2024-06-01,011201,D_city,5191.363960499207
CALI,CARNE DE RES CON HUESO,2024-07-01,011201,D_city,5191.598022741326
CALI,CARNE DE RES CON HUESO,2024-08-01,011201,D_city,5224.112564251844
CALI,CARNE DE RES CON HUESO,2024-09-01,011201,D_city,5226.683957699555
CALI,CARNE DE RES CON HUESO,2024-10-01,011201,D_city,5199.320914678781
CALI,CARNE DE RES CON HUESO,2024-11-01,011201,D_city,5216.16304816734
CALI,CARNE DE RES CON HUESO,2024-12-01,011201,D_city,5207.275477676818
CALI,CARNE DE RES SIN HUESO,2019-01-01,011201,D_city,8929.474069273863
CALI,CARNE DE RES SIN HUESO,2019-02-01,011201,D_city,8958.621562663458
CALI,CARNE DE RES SIN HUESO,2019-03-01,011201,D_city,8996.882472042429
CALI,CARNE DE RES SIN HUESO,2019-04-01,011201,D_city,9066.130353221553
CALI,CARNE DE RES SIN HUESO,2019-05-01,011201,D_city,9218.355598359643
CALI,CARNE DE RES SIN HUESO,2019-06-01,011201,D_city,9292.219851304322
CALI,CARNE DE RES SIN HUESO,2019-07-01,011201,D_city,9439.09477962132
CALI,CARNE DE RES SIN HUESO,2019-08-01,011201,D_city,9387.086756885223
CALI,CARNE DE RES SIN HUESO,2019-09-01,011201,D_city,9404.42169367874
CALI,CARNE DE RES SIN HUESO,2019-10-01,011201,D_city,9427.232453067729
CALI,CARNE DE RES SIN HUESO,2019-11-01,011201,D_city,9464.646102993485
CALI,CARNE DE RES SIN HUESO,2019-12-01,011201,D_city,9545.878141878533
CALI,CARNE DE RES SIN HUESO,2020-01-01,011201,D_city,9450.9576060244
CALI,CARNE DE RES SIN HUESO,2020-02-01,011201,D_city,9541.313927833142
CALI,CARNE DE RES SIN HUESO,2020-03-01,011201,D_city,9606.132612390837
CALI,CARNE DE RES SIN HUESO,2020-04-01,011201,D_city,9659.09397645379
CALI,CARNE DE RES SIN HUESO,2020-05-01,011201,D_city,9688.318211086169
CALI,CARNE DE RES SIN HUESO,2020-06-01,011201,D_city,9702.931437395015
CALI,CARNE DE RES SIN HUESO,2020-07-01,011201,D_city,9646.309305432813
CALI,CARNE DE RES SIN HUESO,2020-08-01,011201,D_city,9639.004034146777
CALI,CARNE DE RES SIN HUESO,2020-09-01,011201,D_city,9750.429513958898
CALI,CARNE DE RES SIN HUESO,2020-10-01,011201,D_city,9710.23832734282
CALI,CARNE DE RES SIN HUESO,2020-11-01,011201,D_city,9739.467729403354
CALI,CARNE DE RES SIN HUESO,2020-12-01,011201,D_city,9786.058165227734
CALI,CARNE DE RES SIN HUESO,2021-01-01,011201,D_city,9942.327249115064
CALI,CARNE DE RES SIN HUESO,2021-02-01,011201,D_city,9940.499061953216
CALI,CARNE DE RES SIN HUESO,2021-03-01,011201,D_city,10049.295749901712
CALI,CARNE DE RES SIN HUESO,2021-04-01,011201,D_city,10550.812887263746
CALI,CARNE DE RES SIN HUESO,2021-05-01,011201,D_city,12336.151282594634
CALI,CARNE DE RES SIN HUESO,2021-06-01,011201,D_city,12927.729248604775
CALI,CARNE DE RES SIN HUESO,2021-07-01,011201,D_city,12784.818042904884
CALI,CARNE DE RES SIN HUESO,2021-08-01,011201,D_city,12663.155208365237
CALI,CARNE DE RES SIN HUESO,2021-09-01,011201,D_city,12840.132188678519
CALI,CARNE DE RES SIN HUESO,2021-10-01,011201,D_city,12928.651429008396
CALI,CARNE DE RES SIN HUESO,2021-11-01,011201,D_city,13286.622449484918
CALI,CARNE DE RES SIN HUESO,2021-12-01,011201,D_city,13416.790471677623
CALI,CARNE DE RES SIN HUESO,2022-01-01,011201,D_city,13819.562163755521
CALI,CARNE DE RES SIN HUESO,2022-02-01,011201,D_city,13987.808810726516
CALI,CARNE DE RES SIN HUESO,2022-03-01,011201,D_city,14165.373340537044
CALI,CARNE DE RES SIN HUESO,2022-04-01,011201,D_city,14392.9868859698
CALI,CARNE DE RES SIN HUESO,2022-05-01,011201,D_city,14854.133354977625
CALI,CARNE DE RES SIN HUESO,2022-06-01,011201,D_city,15206.336177077084
CALI,CARNE DE RES SIN HUESO,2022-07-01,011201,D_city,15554.17314294118
CALI,CARNE DE RES SIN HUESO,2022-08-01,011201,D_city,15735.151863473664
CALI,CARNE DE RES SIN HUESO,2022-09-01,011201,D_city,15757.431008011157
CALI,CARNE DE RES SIN HUESO,2022-10-01,011201,D_city,15880.913707003561
CALI,CARNE DE RES SIN HUESO,2022-11-01,011201,D_city,16028.578119421056
CALI,CARNE DE RES SIN HUESO,2022-12-01,011201,D_city,16080.596595867477
CALI,CARNE DE RES SIN HUESO,2023-01-01,011201,D_city,16302.667243720582
CALI,CARNE DE RES SIN HUESO,2023-02-01,011201,D_city,16309.172940759134
CALI,CARNE DE RES SIN HUESO,2023-03-01,011201,D_city,16414.205495569084
CALI,CARNE DE RES SIN HUESO,2023-04-01,011201,D_city,16142.840399759318
CALI,CARNE DE RES SIN HUESO,2023-05-01,011201,D_city,16235.756560641692
CALI,CARNE DE RES SIN HUESO,2023-06-01,011201,D_city,16241.332098309933
CALI,CARNE DE RES SIN HUESO,2023-07-01,011201,D_city,16377.952767865878
CALI,CARNE DE RES SIN HUESO,2023-08-01,011201,D_city,16346.350020619033
CALI,CARNE DE RES SIN HUESO,2023-09-01,011201,D_city,16354.715254519511
CALI,CARNE DE RES SIN HUESO,2023-10-01,011201,D_city,16394.684462074645
CALI,CARNE DE RES SIN HUESO,2023-11-01,011201,D_city,16364.939624102666
CALI,CARNE DE RES SIN HUESO,2023-12-01,011201,D_city,16341.702730466382
CALI,CARNE DE RES SIN HUESO,2024-01-01,011201,D_city,16280.362657747992
CALI,CARNE DE RES SIN HUESO,2024-02-01,011201,D_city,16379.811816709822
CALI,CARNE DE RES SIN HUESO,2024-03-01,011201,D_city,16440.234750956442
CALI,CARNE DE RES SIN HUESO,2024-04-01,011201,D_city,16469.984163299523
CALI,CARNE DE RES SIN HUESO,2024-05-01,011201,D_city,16533.207643224785
CALI,CARNE DE RES SIN HUESO,2024-06-01,011201,D_city,16663.39912696086
CALI,CARNE DE RES SIN HUESO,2024-07-01,011201,D_city,16664.329189131942
CALI,CARNE DE RES SIN HUESO,2024-08-01,011201,D_city,16793.62472456604
CALI,CARNE DE RES SIN HUESO,2024-09-01,011201,D_city,16803.85817402253
CALI,CARNE DE RES SIN HUESO,2024-10-01,011201,D_city,16695.02221659873
CALI,CARNE DE RES SIN HUESO,2024-11-01,011201,D_city,16761.995384972077
CALI,CARNE DE RES SIN HUESO,2024-12-01,011201,D_city,16726.647314685866
CALI,CEBOLLA CABEZONA,2019-01-01,011714,D_city,2118.337492581868
CALI,CEBOLLA CABEZONA,2019-02-01,011714,D_city,1964.0167189913527
CALI,CEBOLLA CABEZONA,2019-03-01,011714,D_city,1837.452380842906
CALI,CEBOLLA CABEZONA,2019-04-01,011714,D_city,1979.0408103676093
CALI,CEBOLLA CABEZONA,2019-05-01,011714,D_city,1742.2832627669231
CALI,CEBOLLA CABEZONA,2019-06-01,011714,D_city,1833.2340360015087
CALI,CEBOLLA CABEZONA,2019-07-01,011714,D_city,2303.9433663508894
CALI,CEBOLLA CABEZONA,2019-08-01,011714,D_city,2123.5811817253607
CALI,CEBOLLA CABEZONA,2019-09-01,011714,D_city,1899.0951250908977
CALI,CEBOLLA CABEZONA,2019-10-01,011714,D_city,1674.9218942277892
CALI,CEBOLLA CABEZONA,2019-11-01,011714,D_city,1484.8251187292121
CALI,CEBOLLA CABEZONA,2019-12-01,011714,D_city,1448.8789091595095
CALI,CEBOLLA CABEZONA,2020-01-01,011714,D_city,1448.281629089991
CALI,CEBOLLA CABEZONA,2020-02-01,011714,D_city,1340.3942744745484
CALI,CEBOLLA CABEZONA,2020-03-01,011714,D_city,1543.7928410181446
CALI,CEBOLLA CABEZONA,2020-04-01,011714,D_city,1956.943626184035
CALI,CEBOLLA CABEZONA,2020-05-01,011714,D_city,2051.1089030600247
CALI,CEBOLLA CABEZONA,2020-06-01,011714,D_city,2449.727151796102
CALI,CEBOLLA CABEZONA,2020-07-01,011714,D_city,2467.393987187661
CALI,CEBOLLA CABEZONA,2020-08-01,011714,D_city,2365.674122999044
CALI,CEBOLLA CABEZONA,2020-09-01,011714,D_city,2141.3019278930756
CALI,CEBOLLA CABEZONA,2020-10-01,011714,D_city,1783.636938609116
CALI,CEBOLLA CABEZONA,2020-11-01,011714,D_city,1773.59011118612
CALI,CEBOLLA CABEZONA,2020-12-01,011714,D_city,1685.4495173197647
CALI,CEBOLLA CABEZONA,2021-01-01,011714,D_city,2186.970804703525
CALI,CEBOLLA CABEZONA,2021-02-01,011714,D_city,2428.4775599690556
CALI,CEBOLLA CABEZONA,2021-03-01,011714,D_city,2551.388580011496
CALI,CEBOLLA CABEZONA,2021-04-01,011714,D_city,2672.75518247437
CALI,CEBOLLA CABEZONA,2021-05-01,011714,D_city,5448.239397850223
CALI,CEBOLLA CABEZONA,2021-06-01,011714,D_city,2243.0562143883053
CALI,CEBOLLA CABEZONA,2021-07-01,011714,D_city,1453.2607964916087
CALI,CEBOLLA CABEZONA,2021-08-01,011714,D_city,1300.1039693124978
CALI,CEBOLLA CABEZONA,2021-09-01,011714,D_city,1215.663278447189
CALI,CEBOLLA CABEZONA,2021-10-01,011714,D_city,1256.460705175204
CALI,CEBOLLA CABEZONA,2021-11-01,011714,D_city,1290.4171348998225
CALI,CEBOLLA CABEZONA,2021-12-01,011714,D_city,1498.4604838848545
CALI,CEBOLLA CABEZONA,2022-01-01,011714,D_city,1979.6853233024149
CALI,CEBOLLA CABEZONA,2022-02-01,011714,D_city,2588.9383543035597
CALI,CEBOLLA CABEZONA,2022-03-01,011714,D_city,3074.749725884038
CALI,CEBOLLA CABEZONA,2022-04-01,011714,D_city,3633.0500576919335
CALI,CEBOLLA CABEZONA,2022-05-01,011714,D_city,3501.851884959086
CALI,CEBOLLA CABEZONA,2022-06-01,011714,D_city,2970.184913860625
CALI,CEBOLLA CABEZONA,2022-07-01,011714,D_city,3120.277536896864
CALI,CEBOLLA CABEZONA,2022-08-01,011714,D_city,3694.4592439942858
CALI,CEBOLLA CABEZONA,2022-09-01,011714,D_city,3792.8299813940184
CALI,CEBOLLA CABEZONA,2022-10-01,011714,D_city,3904.244907231072
CALI,CEBOLLA CABEZONA,2022-11-01,011714,D_city,3780.247687885579
CALI,CEBOLLA CABEZONA,2022-12-01,011714,D_city,5048.791746819574
CALI,CEBOLLA CABEZONA,2023-01-01,011714,D_city,6013.316221554839
CALI,CEBOLLA CABEZONA,2023-02-01,011714,D_city,6031.068611281736
CALI,CEBOLLA CABEZONA,2023-03-01,011714,D_city,5517.367446015355
CALI,CEBOLLA CABEZONA,2023-04-01,011714,D_city,4832.647083017866
CALI,CEBOLLA CABEZONA,2023-05-01,011714,D_city,3658.7314894200417
CALI,CEBOLLA CABEZONA,2023-06-01,011714,D_city,3185.495507571895
CALI,CEBOLLA CABEZONA,2023-07-01,011714,D_city,3265.110927557633
CALI,CEBOLLA CABEZONA,2023-08-01,011714,D_city,4576.356300190405
CALI,CEBOLLA CABEZONA,2023-09-01,011714,D_city,5615.776513490942
CALI,CEBOLLA CABEZONA,2023-10-01,011714,D_city,4534.763075976827
CALI,CEBOLLA CABEZONA,2023-11-01,011714,D_city,3573.8777562287
CALI,CEBOLLA CABEZONA,2023-12-01,011714,D_city,3147.912878543199
CALI,CEBOLLA CABEZONA,2024-01-01,011714,D_city,3287.459649604391
CALI,CEBOLLA CABEZONA,2024-02-01,011714,D_city,3077.8595817644623
CALI,CEBOLLA CABEZONA,2024-03-01,011714,D_city,2878.9788060355845
CALI,CEBOLLA CABEZONA,2024-04-01,011714,D_city,2813.2557617816924
CALI,CEBOLLA CABEZONA,2024-05-01,011714,D_city,2938.6807350454765
CALI,CEBOLLA CABEZONA,2024-06-01,011714,D_city,4749.232404054781
CALI,CEBOLLA CABEZONA,2024-07-01,011714,D_city,5634.344645958971
CALI,CEBOLLA CABEZONA,2024-08-01,011714,D_city,4779.306112759361
CALI,CEBOLLA CABEZONA,2024-09-01,011714,D_city,4033.55362157206
CALI,CEBOLLA CABEZONA,2024-10-01,011714,D_city,2872.15462672567
CALI,CEBOLLA CABEZONA,2024-11-01,011714,D_city,2634.9109947921356
CALI,CEBOLLA CABEZONA,2024-12-01,011714,D_city,2797.3504563095184
CALI,CEBOLLA LARGA,2019-01-01,011714,D_city,1308.0598546834922
CALI,CEBOLLA LARGA,2019-02-01,011714,D_city,1267.5417197279942
CALI,CEBOLLA LARGA,2019-03-01,011714,D_city,1232.9003282027022
CALI,CEBOLLA LARGA,2019-04-01,011714,D_city,1271.566330785271
CALI,CEBOLLA LARGA,2019-05-01,011714,D_city,1205.923182956002
CALI,CEBOLLA LARGA,2019-06-01,011714,D_city,1231.7220950432204
CALI,CEBOLLA LARGA,2019-07-01,011714,D_city,1354.5705900477244
CALI,CEBOLLA LARGA,2019-08-01,011714,D_city,1309.4058441918858
CALI,CEBOLLA LARGA,2019-09-01,011714,D_city,1249.9406913434855
CALI,CEBOLLA LARGA,2019-10-01,011714,D_city,1186.3042791228356
CALI,CEBOLLA LARGA,2019-11-01,011714,D_city,1128.3183732602477
CALI,CEBOLLA LARGA,2019-12-01,011714,D_city,1116.8739419061762
CALI,CEBOLLA LARGA,2020-01-01,011714,D_city,1116.6823892097104
CALI,CEBOLLA LARGA,2020-02-01,011714,D_city,1081.2940075826616
CALI,CEBOLLA LARGA,2020-03-01,011714,D_city,1146.7470875940164
CALI,CEBOLLA LARGA,2020-04-01,011714,D_city,1265.6407742232784
CALI,CEBOLLA LARGA,2020-05-01,011714,D_city,1290.627874620391
CALI,CEBOLLA LARGA,2020-06-01,011714,D_city,1389.588315012467
CALI,CEBOLLA LARGA,2020-07-01,011714,D_city,1393.7483888559054
CALI,CEBOLLA LARGA,2020-08-01,011714,D_city,1369.552037045041
CALI,CEBOLLA LARGA,2020-09-01,011714,D_city,1313.9402294690674
CALI,CEBOLLA LARGA,2020-10-01,011714,D_city,1217.7486367194047
CALI,CEBOLLA LARGA,2020-11-01,011714,D_city,1214.8905072708017
CALI,CEBOLLA LARGA,2020-12-01,011714,D_city,1189.400433262853
CALI,CEBOLLA LARGA,2021-01-01,011714,D_city,1325.5258960414687
CALI,CEBOLLA LARGA,2021-02-01,011714,D_city,1384.5613181077883
CALI,CEBOLLA LARGA,2021-03-01,011714,D_city,1413.2927352457302
CALI,CEBOLLA LARGA,2021-04-01,011714,D_city,1440.8803978869867
CALI,CEBOLLA LARGA,2021-05-01,011714,D_city,1937.7300863379407
CALI,CEBOLLA LARGA,2021-06-01,011714,D_city,1339.562440714491
CALI,CEBOLLA LARGA,2021-07-01,011714,D_city,1118.2778415946052
CALI,CEBOLLA LARGA,2021-08-01,011714,D_city,1067.6527597616578
CALI,CEBOLLA LARGA,2021-09-01,011714,D_city,1038.239825399935
CALI,CEBOLLA LARGA,2021-10-01,011714,D_city,1052.5947427002257
CALI,CEBOLLA LARGA,2021-11-01,011714,D_city,1064.3363568231441
CALI,CEBOLLA LARGA,2021-12-01,011714,D_city,1132.6171859142664
CALI,CEBOLLA LARGA,2022-01-01,011714,D_city,1271.738581290951
CALI,CEBOLLA LARGA,2022-02-01,011714,D_city,1421.908478649986
CALI,CEBOLLA LARGA,2022-03-01,011714,D_city,1527.359763824541
CALI,CEBOLLA LARGA,2022-04-01,011714,D_city,1637.1363792211885
CALI,CEBOLLA LARGA,2022-05-01,011714,D_city,1612.2780884466047
CALI,CEBOLLA LARGA,2022-06-01,011714,D_city,1505.533829569787
CALI,CEBOLLA LARGA,2022-07-01,011714,D_city,1536.7273352398395
CALI,CEBOLLA LARGA,2022-08-01,011714,D_city,1648.5915843195671
CALI,CEBOLLA LARGA,2022-09-01,011714,D_city,1666.712126819715
CALI,CEBOLLA LARGA,2022-10-01,011714,D_city,1686.9070584248354
CALI,CEBOLLA LARGA,2022-11-01,011714,D_city,1664.4098149359995
CALI,CEBOLLA LARGA,2022-12-01,011714,D_city,1877.3140408786935
CALI,CEBOLLA LARGA,2023-01-01,011714,D_city,2018.9327219722625
CALI,CEBOLLA LARGA,2023-02-01,011714,D_city,2021.4100103202336
CALI,CEBOLLA LARGA,2023-03-01,011714,D_city,1947.9201284136373
CALI,CEBOLLA LARGA,2023-04-01,011714,D_city,1843.4530240353665
CALI,CEBOLLA LARGA,2023-05-01,011714,D_city,1641.940617894186
CALI,CEBOLLA LARGA,2023-06-01,011714,D_city,1550.0082218601012
CALI,CEBOLLA LARGA,2023-07-01,011714,D_city,1566.0075009924517
CALI,CEBOLLA LARGA,2023-08-01,011714,D_city,1802.135738588003
CALI,CEBOLLA LARGA,2023-09-01,011714,D_city,1962.2986287824317
CALI,CEBOLLA LARGA,2023-10-01,011714,D_city,1795.303976046191
CALI,CEBOLLA LARGA,2023-11-01,011714,D_city,1625.9909634410833
CALI,CEBOLLA LARGA,2023-12-01,011714,D_city,1542.3745582372844
CALI,CEBOLLA LARGA,2024-01-01,011714,D_city,1570.4575903366995
CALI,CEBOLLA LARGA,2024-02-01,011714,D_city,1528.0021993017083
CALI,CEBOLLA LARGA,2024-03-01,011714,D_city,1486.1268707399977
CALI,CEBOLLA LARGA,2024-04-01,011714,D_city,1471.918588357598
CALI,CEBOLLA LARGA,2024-05-01,011714,D_city,1498.8701872420581
CALI,CEBOLLA LARGA,2024-06-01,011714,D_city,1830.1491273215609
CALI,CEBOLLA LARGA,2024-07-01,011714,D_city,1964.995067941388
CALI,CEBOLLA LARGA,2024-08-01,011714,D_city,1834.961229451769
CALI,CEBOLLA LARGA,2024-09-01,011714,D_city,1709.9278272497888
CALI,CEBOLLA LARGA,2024-10-01,011714,D_city,1484.66046345054
CALI,CEBOLLA LARGA,2024-11-01,011714,D_city,1432.3580504483775
CALI,CEBOLLA LARGA,2024-12-01,011714,D_city,1468.4510521026064
CALI,CURUBAS,2019-01-01,011609,D_city,1520.7498340705724
CALI,CURUBAS,2019-02-01,011609,D_city,1567.4698042012546
CALI,CURUBAS,2019-03-01,011609,D_city,1669.4452110284312
CALI,CURUBAS,2019-04-01,011609,D_city,1652.9443546628158
CALI,CURUBAS,2019-05-01,011609,D_city,1590.8241299066617
CALI,CURUBAS,2019-06-01,011609,D_city,1595.5159841131128
CALI,CURUBAS,2019-07-01,011609,D_city,1650.5867258196222
CALI,CURUBAS,2019-08-01,011609,D_city,1708.5380701052293
CALI,CURUBAS,2019-09-01,011609,D_city,1771.2171177157811
CALI,CURUBAS,2019-10-01,011609,D_city,1759.9454523300399
CALI,CURUBAS,2019-11-01,011609,D_city,1704.3970207675604
CALI,CURUBAS,2019-12-01,011609,D_city,1651.2771979865774
CALI,CURUBAS,2020-01-01,011609,D_city,1654.4372664261286
CALI,CURUBAS,2020-02-01,011609,D_city,1695.1865971251066
CALI,CURUBAS,2020-03-01,011609,D_city,1778.1052626966705
CALI,CURUBAS,2020-04-01,011609,D_city,1777.4756719672978
CALI,CURUBAS,2020-05-01,011609,D_city,1718.4806169733743
CALI,CURUBAS,2020-06-01,011609,D_city,1661.0775820842598
CALI,CURUBAS,2020-07-01,011609,D_city,1622.0785695383645
CALI,CURUBAS,2020-08-01,011609,D_city,1632.2146268853317
CALI,CURUBAS,2020-09-01,011609,D_city,1655.2977981303407
CALI,CURUBAS,2020-10-01,011609,D_city,1688.9928453399507
CALI,CURUBAS,2020-11-01,011609,D_city,1697.0781462584334
CALI,CURUBAS,2020-12-01,011609,D_city,1653.5187503893928
CALI,CURUBAS,2021-01-01,011609,D_city,1669.104698623539
CALI,CURUBAS,2021-02-01,011609,D_city,1697.9673780694925
CALI,CURUBAS,2021-03-01,011609,D_city,1756.0616186913498
CALI,CURUBAS,2021-04-01,011609,D_city,1776.215655639466
CALI,CURUBAS,2021-05-01,011609,D_city,1987.7375120839986
CALI,CURUBAS,2021-06-01,011609,D_city,1780.5161230323656
CALI,CURUBAS,2021-07-01,011609,D_city,1789.3386736047369
CALI,CURUBAS,2021-08-01,011609,D_city,1844.1833462977572
CALI,CURUBAS,2021-09-01,011609,D_city,1860.0369168550453
CALI,CURUBAS,2021-10-01,011609,D_city,1914.5296671768056
CALI,CURUBAS,2021-11-01,011609,D_city,1897.9851366247233
CALI,CURUBAS,2021-12-01,011609,D_city,1872.9240229004638
CALI,CURUBAS,2022-01-01,011609,D_city,1940.5703773670236
CALI,CURUBAS,2022-02-01,011609,D_city,2020.5407884998194
CALI,CURUBAS,2022-03-01,011609,D_city,2104.927367516119
CALI,CURUBAS,2022-04-01,011609,D_city,2109.4266179787332
CALI,CURUBAS,2022-05-01,011609,D_city,2060.611836442322
CALI,CURUBAS,2022-06-01,011609,D_city,2051.069683954637
CALI,CURUBAS,2022-07-01,011609,D_city,2076.9416369170663
CALI,CURUBAS,2022-08-01,011609,D_city,2119.1060738561564
CALI,CURUBAS,2022-09-01,011609,D_city,2186.631083505878
CALI,CURUBAS,2022-10-01,011609,D_city,2216.1327344231913
CALI,CURUBAS,2022-11-01,011609,D_city,2174.837331001743
CALI,CURUBAS,2022-12-01,011609,D_city,2102.6732392510066
CALI,CURUBAS,2023-01-01,011609,D_city,2149.1033402948847
CALI,CURUBAS,2023-02-01,011609,D_city,2209.983693588155
CALI,CURUBAS,2023-03-01,011609,D_city,2337.60158419795
CALI,CURUBAS,2023-04-01,011609,D_city,2294.9754519411263
CALI,CURUBAS,2023-05-01,011609,D_city,2241.501638904155
CALI,CURUBAS,2023-06-01,011609,D_city,2199.231600102364
CALI,CURUBAS,2023-07-01,011609,D_city,2258.39895264887
CALI,CURUBAS,2023-08-01,011609,D_city,2335.2505847308935
CALI,CURUBAS,2023-09-01,011609,D_city,2387.8338430526646
CALI,CURUBAS,2023-10-01,011609,D_city,2430.255349454935
CALI,CURUBAS,2023-11-01,011609,D_city,2347.829540433442
CALI,CURUBAS,2023-12-01,011609,D_city,2235.4000833078444
CALI,CURUBAS,2024-01-01,011609,D_city,2269.6155044239345
CALI,CURUBAS,2024-02-01,011609,D_city,2343.5219892110276
CALI,CURUBAS,2024-03-01,011609,D_city,2435.294047675796
CALI,CURUBAS,2024-04-01,011609,D_city,2505.9179413637335
CALI,CURUBAS,2024-05-01,011609,D_city,2468.813969437641
CALI,CURUBAS,2024-06-01,011609,D_city,2393.5635774580396
CALI,CURUBAS,2024-07-01,011609,D_city,2360.914481067998
CALI,CURUBAS,2024-08-01,011609,D_city,2404.5400351158737
CALI,CURUBAS,2024-09-01,011609,D_city,2534.069995758548
CALI,CURUBAS,2024-10-01,011609,D_city,2555.3396827224883
CALI,CURUBAS,2024-11-01,011609,D_city,2510.3586590081186
CALI,CURUBAS,2024-12-01,011609,D_city,2429.43799583666
CALI,FRÍJOL FRESCO,2019-01-01,011716,BASE_lowR2,5682.364138961524
CALI,FRÍJOL FRESCO,2019-02-01,011716,BASE_lowR2,5703.119910347404
CALI,FRÍJOL FRESCO,2019-03-01,011716,BASE_lowR2,5575.283227493463
CALI,FRÍJOL FRESCO,2019-04-01,011716,BASE_lowR2,5451.220321255137
CALI,FRÍJOL FRESCO,2019-05-01,011716,BASE_lowR2,5517.261412028389
CALI,FRÍJOL FRESCO,2019-06-01,011716,BASE_lowR2,6098.423010833022
CALI,FRÍJOL FRESCO,2019-07-01,011716,BASE_lowR2,6506.934329473291
CALI,FRÍJOL FRESCO,2019-08-01,011716,BASE_lowR2,6431.9305192379525
CALI,FRÍJOL FRESCO,2019-09-01,011716,BASE_lowR2,6850.34800149421
CALI,FRÍJOL FRESCO,2019-10-01,011716,BASE_lowR2,6584.76847217034
CALI,FRÍJOL FRESCO,2019-11-01,011716,BASE_lowR2,6003.6068733657075
CALI,FRÍJOL FRESCO,2019-12-01,011716,BASE_lowR2,5713.026073963391
CALI,FRÍJOL FRESCO,2020-01-01,011716,BASE_lowR2,6996.581845349271
CALI,FRÍJOL FRESCO,2020-02-01,011716,BASE_lowR2,7695.673963391856
CALI,FRÍJOL FRESCO,2020-03-01,011716,BASE_lowR2,8359.858647740008
CALI,FRÍJOL FRESCO,2020-04-01,011716,BASE_lowR2,7291.879865521107
CALI,FRÍJOL FRESCO,2020-05-01,011716,BASE_lowR2,6421.0809114680615
CALI,FRÍJOL FRESCO,2020-06-01,011716,BASE_lowR2,6495.1412775494955
CALI,FRÍJOL FRESCO,2020-07-01,011716,BASE_lowR2,6225.787971610011
CALI,FRÍJOL FRESCO,2020-08-01,011716,BASE_lowR2,6436.64774000747
CALI,FRÍJOL FRESCO,2020-09-01,011716,BASE_lowR2,7355.5623459096005
CALI,FRÍJOL FRESCO,2020-10-01,011716,BASE_lowR2,7445.189540530445
CALI,FRÍJOL FRESCO,2020-11-01,011716,BASE_lowR2,7113.568920433321
CALI,FRÍJOL FRESCO,2020-12-01,011716,BASE_lowR2,6939.03175196115
CALI,FRÍJOL FRESCO,2021-01-01,011716,BASE_lowR2,6859.310720956294
CALI,FRÍJOL FRESCO,2021-02-01,011716,BASE_lowR2,6806.949570414644
CALI,FRÍJOL FRESCO,2021-03-01,011716,BASE_lowR2,7046.112663429212
CALI,FRÍJOL FRESCO,2021-04-01,011716,BASE_lowR2,7328.674187523347
CALI,FRÍJOL FRESCO,2021-05-01,011716,BASE_lowR2,8957.530519237953
CALI,FRÍJOL FRESCO,2021-06-01,011716,BASE_lowR2,8358.915203586103
CALI,FRÍJOL FRESCO,2021-07-01,011716,BASE_lowR2,8556.566753828913
CALI,FRÍJOL FRESCO,2021-08-01,011716,BASE_lowR2,8284.383115427718
CALI,FRÍJOL FRESCO,2021-09-01,011716,BASE_lowR2,8192.869032499066
CALI,FRÍJOL FRESCO,2021-10-01,011716,BASE_lowR2,7685.296077698916
CALI,FRÍJOL FRESCO,2021-11-01,011716,BASE_lowR2,8042.86141202839
CALI,FRÍJOL FRESCO,2021-12-01,011716,BASE_lowR2,8664.119387373925
CALI,FRÍJOL FRESCO,2022-01-01,011716,BASE_lowR2,9799.554426596937
CALI,FRÍJOL FRESCO,2022-02-01,011716,BASE_lowR2,9831.631527829659
CALI,FRÍJOL FRESCO,2022-03-01,011716,BASE_lowR2,10017.961748225625
CALI,FRÍJOL FRESCO,2022-04-01,011716,BASE_lowR2,9600.487710123272
CALI,FRÍJOL FRESCO,2022-05-01,011716,BASE_lowR2,9771.72282405678
CALI,FRÍJOL FRESCO,2022-06-01,011716,BASE_lowR2,10299.579828165859
CALI,FRÍJOL FRESCO,2022-07-01,011716,BASE_lowR2,11040.655211057154
CALI,FRÍJOL FRESCO,2022-08-01,011716,BASE_lowR2,11693.51856555846
CALI,FRÍJOL FRESCO,2022-09-01,011716,BASE_lowR2,11376.049607769892
CALI,FRÍJOL FRESCO,2022-10-01,011716,BASE_lowR2,10722.242809114681
CALI,FRÍJOL FRESCO,2022-11-01,011716,BASE_lowR2,10408.547627941725
CALI,FRÍJOL FRESCO,2022-12-01,011716,BASE_lowR2,10258.068285394098
CALI,FRÍJOL FRESCO,2023-01-01,011716,BASE_lowR2,11799.656032872617
CALI,FRÍJOL FRESCO,2023-02-01,011716,BASE_lowR2,11584.550765782593
CALI,FRÍJOL FRESCO,2023-03-01,011716,BASE_lowR2,12489.785431453118
CALI,FRÍJOL FRESCO,2023-04-01,011716,BASE_lowR2,12636.019275308181
CALI,FRÍJOL FRESCO,2023-05-01,011716,BASE_lowR2,11963.81531565185
CALI,FRÍJOL FRESCO,2023-06-01,011716,BASE_lowR2,11566.625326858424
CALI,FRÍJOL FRESCO,2023-07-01,011716,BASE_lowR2,10958.575569667537
CALI,FRÍJOL FRESCO,2023-08-01,011716,BASE_lowR2,11684.084124019424
CALI,FRÍJOL FRESCO,2023-09-01,011716,BASE_lowR2,12383.176242062009
CALI,FRÍJOL FRESCO,2023-10-01,011716,BASE_lowR2,12694.984534927158
CALI,FRÍJOL FRESCO,2023-11-01,011716,BASE_lowR2,11286.894135225999
CALI,FRÍJOL FRESCO,2023-12-01,011716,BASE_lowR2,10649.597609264101
CALI,FRÍJOL FRESCO,2024-01-01,011716,BASE_lowR2,12580.356070227866
CALI,FRÍJOL FRESCO,2024-02-01,011716,BASE_lowR2,14007.315353007098
CALI,FRÍJOL FRESCO,2024-03-01,011716,BASE_lowR2,14697.444751587598
CALI,FRÍJOL FRESCO,2024-04-01,011716,BASE_lowR2,15041.33014568547
CALI,FRÍJOL FRESCO,2024-05-01,011716,BASE_lowR2,13678.525065371685
CALI,FRÍJOL FRESCO,2024-06-01,011716,BASE_lowR2,12764.799402316026
CALI,FRÍJOL FRESCO,2024-07-01,011716,BASE_lowR2,12693.097646619348
CALI,FRÍJOL FRESCO,2024-08-01,011716,BASE_lowR2,12994.056331714606
CALI,FRÍJOL FRESCO,2024-09-01,011716,BASE_lowR2,13863.911841613746
CALI,FRÍJOL FRESCO,2024-10-01,011716,BASE_lowR2,13982.314082928653
CALI,FRÍJOL FRESCO,2024-11-01,011716,BASE_lowR2,13058.21053418005
CALI,FRÍJOL FRESCO,2024-12-01,011716,BASE_lowR2,11913.812775494956
CALI,FRÍJOL SECO,2019-01-01,011716,BASE_lowR2,4286.409581621218
CALI,FRÍJOL SECO,2019-02-01,011716,BASE_lowR2,4302.0663989540535
CALI,FRÍJOL SECO,2019-03-01,011716,BASE_lowR2,4205.6346376540905
CALI,FRÍJOL SECO,2019-04-01,011716,BASE_lowR2,4112.049570414644
CALI,FRÍJOL SECO,2019-05-01,011716,BASE_lowR2,4161.866716473664
CALI,FRÍJOL SECO,2019-06-01,011716,BASE_lowR2,4600.257601793052
CALI,FRÍJOL SECO,2019-07-01,011716,BASE_lowR2,4908.412233843855
CALI,FRÍJOL SECO,2019-08-01,011716,BASE_lowR2,4851.834189391109
CALI,FRÍJOL SECO,2019-09-01,011716,BASE_lowR2,5167.461393350766
CALI,FRÍJOL SECO,2019-10-01,011716,BASE_lowR2,4967.125298841987
CALI,FRÍJOL SECO,2019-11-01,011716,BASE_lowR2,4528.7344135226
CALI,FRÍJOL SECO,2019-12-01,011716,BASE_lowR2,4309.538970862906
CALI,FRÍJOL SECO,2020-01-01,011716,BASE_lowR2,5277.770788195742
CALI,FRÍJOL SECO,2020-02-01,011716,BASE_lowR2,5805.1208629062385
CALI,FRÍJOL SECO,2020-03-01,011716,BASE_lowR2,6306.139017556968
CALI,FRÍJOL SECO,2020-04-01,011716,BASE_lowR2,5500.52459843108
CALI,FRÍJOL SECO,2020-05-01,011716,BASE_lowR2,4843.649943967128
CALI,FRÍJOL SECO,2020-06-01,011716,BASE_lowR2,4899.516314904745
CALI,FRÍJOL SECO,2020-07-01,011716,BASE_lowR2,4696.33352633545
CALI,FRÍJOL SECO,2020-08-01,011716,BASE_lowR2,4855.3925569667535
CALI,FRÍJOL SECO,2020-09-01,011716,BASE_lowR2,5548.562560702279
CALI,FRÍJOL SECO,2020-10-01,011716,BASE_lowR2,5616.171544639523
CALI,FRÍJOL SECO,2020-11-01,011716,BASE_lowR2,5366.018304071722
CALI,FRÍJOL SECO,2020-12-01,011716,BASE_lowR2,5234.35870377288
CALI,FRÍJOL SECO,2021-01-01,011716,BASE_lowR2,5174.22229174449
CALI,FRÍJOL SECO,2021-02-01,011716,BASE_lowR2,5134.724411654838
CALI,FRÍJOL SECO,2021-03-01,011716,BASE_lowR2,5315.133647740008
CALI,FRÍJOL SECO,2021-04-01,011716,BASE_lowR2,5528.279865521106
CALI,FRÍJOL SECO,2021-05-01,011716,BASE_lowR2,6756.98418939111
CALI,FRÍJOL SECO,2021-06-01,011716,BASE_lowR2,6305.427344041837
CALI,FRÍJOL SECO,2021-07-01,011716,BASE_lowR2,6454.522945461337
CALI,FRÍJOL SECO,2021-08-01,011716,BASE_lowR2,6249.205136346657
CALI,FRÍJOL SECO,2021-09-01,011716,BASE_lowR2,6180.172805379156
CALI,FRÍJOL SECO,2021-10-01,011716,BASE_lowR2,5797.2924542398205
CALI,FRÍJOL SECO,2021-11-01,011716,BASE_lowR2,6067.016716473665
CALI,FRÍJOL SECO,2021-12-01,011716,BASE_lowR2,6535.653726186029
CALI,FRÍJOL SECO,2022-01-01,011716,BASE_lowR2,7392.152801643631
CALI,FRÍJOL SECO,2022-02-01,011716,BASE_lowR2,7416.349701158013
CALI,FRÍJOL SECO,2022-03-01,011716,BASE_lowR2,7556.905220395966
CALI,FRÍJOL SECO,2022-04-01,011716,BASE_lowR2,7241.989689951439
CALI,FRÍJOL SECO,2022-05-01,011716,BASE_lowR2,7371.15843294733
CALI,FRÍJOL SECO,2022-06-01,011716,BASE_lowR2,7769.339764661936
CALI,FRÍJOL SECO,2022-07-01,011716,BASE_lowR2,8328.359310795668
CALI,FRÍJOL SECO,2022-08-01,011716,BASE_lowR2,8820.837383264849
CALI,FRÍJOL SECO,2022-09-01,011716,BASE_lowR2,8581.359245423982
CALI,FRÍJOL SECO,2022-10-01,011716,BASE_lowR2,8088.169499439673
CALI,FRÍJOL SECO,2022-11-01,011716,BASE_lowR2,7851.538055659321
CALI,FRÍJOL SECO,2022-12-01,011716,BASE_lowR2,7738.026129996266
CALI,FRÍJOL SECO,2023-01-01,011716,BASE_lowR2,8900.900653716846
CALI,FRÍJOL SECO,2023-02-01,011716,BASE_lowR2,8738.639092267464
CALI,FRÍJOL SECO,2023-03-01,011716,BASE_lowR2,9421.489830033619
CALI,FRÍJOL SECO,2023-04-01,011716,BASE_lowR2,9531.799224878596
CALI,FRÍJOL SECO,2023-05-01,011716,BASE_lowR2,9024.731845349272
CALI,FRÍJOL SECO,2023-06-01,011716,BASE_lowR2,8725.117295480015
CALI,FRÍJOL SECO,2023-07-01,011716,BASE_lowR2,8266.443714979454
CALI,FRÍJOL SECO,2023-08-01,011716,BASE_lowR2,8813.72064811356
CALI,FRÍJOL SECO,2023-09-01,011716,BASE_lowR2,9341.070722824057
CALI,FRÍJOL SECO,2023-10-01,011716,BASE_lowR2,9576.27881957415
CALI,FRÍJOL SECO,2023-11-01,011716,BASE_lowR2,8514.106098244305
CALI,FRÍJOL SECO,2023-12-01,011716,BASE_lowR2,8033.370638774748
CALI,FRÍJOL SECO,2024-01-01,011716,BASE_lowR2,9489.810487485993
CALI,FRÍJOL SECO,2024-02-01,011716,BASE_lowR2,10566.216679118417
CALI,FRÍJOL SECO,2024-03-01,011716,BASE_lowR2,11086.80585543519
CALI,FRÍJOL SECO,2024-04-01,011716,BASE_lowR2,11346.210851699665
CALI,FRÍJOL SECO,2024-05-01,011716,BASE_lowR2,10318.198459096004
CALI,FRÍJOL SECO,2024-06-01,011716,BASE_lowR2,9628.942659693688
CALI,FRÍJOL SECO,2024-07-01,011716,BASE_lowR2,9574.855472543892
CALI,FRÍJOL SECO,2024-08-01,011716,BASE_lowR2,9801.879323870004
CALI,FRÍJOL SECO,2024-09-01,011716,BASE_lowR2,10458.042304818828
CALI,FRÍJOL SECO,2024-10-01,011716,BASE_lowR2,10547.357330967503
CALI,FRÍJOL SECO,2024-11-01,011716,BASE_lowR2,9850.273122898767
CALI,FRÍJOL SECO,2024-12-01,011716,BASE_lowR2,8987.013149047441
CALI,FRÍJOL TARRO,2019-01-01,011703,D_city,5738.917558455851
CALI,FRÍJOL TARRO,2019-02-01,011703,D_city,5708.955217241959
CALI,FRÍJOL TARRO,2019-03-01,011703,D_city,5647.823979420461
CALI,FRÍJOL TARRO,2019-04-01,011703,D_city,5619.14922478693
CALI,FRÍJOL TARRO,2019-05-01,011703,D_city,5682.749212915583
CALI,FRÍJOL TARRO,2019-06-01,011703,D_city,5753.279268624476
CALI,FRÍJOL TARRO,2019-07-01,011703,D_city,5817.007264872239
CALI,FRÍJOL TARRO,2019-08-01,011703,D_city,5826.384091656549
CALI,FRÍJOL TARRO,2019-09-01,011703,D_city,5820.132730024523
CALI,FRÍJOL TARRO,2019-10-01,011703,D_city,5843.265637131011
CALI,FRÍJOL TARRO,2019-11-01,011703,D_city,5850.144502572384
CALI,FRÍJOL TARRO,2019-12-01,011703,D_city,5829.509988008429
CALI,FRÍJOL TARRO,2020-01-01,011703,D_city,5892.057987712803
CALI,FRÍJOL TARRO,2020-02-01,011703,D_city,5895.186886463406
CALI,FRÍJOL TARRO,2020-03-01,011703,D_city,5890.806468064541
CALI,FRÍJOL TARRO,2020-04-01,011703,D_city,6080.669087131494
CALI,FRÍJOL TARRO,2020-05-01,011703,D_city,6150.978952746735
CALI,FRÍJOL TARRO,2020-06-01,011703,D_city,6191.187005019116
CALI,FRÍJOL TARRO,2020-07-01,011703,D_city,6232.675001396792
CALI,FRÍJOL TARRO,2020-08-01,011703,D_city,6243.994023542471
CALI,FRÍJOL TARRO,2020-09-01,011703,D_city,6255.943787578391
CALI,FRÍJOL TARRO,2020-10-01,011703,D_city,6268.524599450697
CALI,FRÍJOL TARRO,2020-11-01,011703,D_city,6301.244826627107
CALI,FRÍJOL TARRO,2020-12-01,011703,D_city,6237.705460680828
CALI,FRÍJOL TARRO,2021-01-01,011703,D_city,6255.943787578391
CALI,FRÍJOL TARRO,2021-02-01,011703,D_city,6296.839331059155
CALI,FRÍJOL TARRO,2021-03-01,011703,D_city,6422.814044431409
CALI,FRÍJOL TARRO,2021-04-01,011703,D_city,6446.142711850961
CALI,FRÍJOL TARRO,2021-05-01,011703,D_city,6441.098061845256
CALI,FRÍJOL TARRO,2021-06-01,011703,D_city,6434.162220773392
CALI,FRÍJOL TARRO,2021-07-01,011703,D_city,6424.705287952591
CALI,FRÍJOL TARRO,2021-08-01,011703,D_city,6501.025074483819
CALI,FRÍJOL TARRO,2021-09-01,011703,D_city,6578.053393417561
CALI,FRÍJOL TARRO,2021-10-01,011703,D_city,6578.685093729269
CALI,FRÍJOL TARRO,2021-11-01,011703,D_city,6664.012172129917
CALI,FRÍJOL TARRO,2021-12-01,011703,D_city,6685.5167654711295
CALI,FRÍJOL TARRO,2022-01-01,011703,D_city,6858.399552351796
CALI,FRÍJOL TARRO,2022-02-01,011703,D_city,7001.166994888297
CALI,FRÍJOL TARRO,2022-03-01,011703,D_city,7149.910133986851
CALI,FRÍJOL TARRO,2022-04-01,011703,D_city,7236.481466420883
CALI,FRÍJOL TARRO,2022-05-01,011703,D_city,7267.694419718307
CALI,FRÍJOL TARRO,2022-06-01,011703,D_city,7632.2573778244805
CALI,FRÍJOL TARRO,2022-07-01,011703,D_city,7780.812473161163
CALI,FRÍJOL TARRO,2022-08-01,011703,D_city,7923.834120390921
CALI,FRÍJOL TARRO,2022-09-01,011703,D_city,8425.165246844037
CALI,FRÍJOL TARRO,2022-10-01,011703,D_city,8803.342791220284
CALI,FRÍJOL TARRO,2022-11-01,011703,D_city,9249.239381680538
CALI,FRÍJOL TARRO,2022-12-01,011703,D_city,9441.280807924859
CALI,FRÍJOL TARRO,2023-01-01,011703,D_city,9424.993029528096
CALI,FRÍJOL TARRO,2023-02-01,011703,D_city,9774.725738339157
CALI,FRÍJOL TARRO,2023-03-01,011703,D_city,10276.389356373273
CALI,FRÍJOL TARRO,2023-04-01,011703,D_city,10414.29285384153
CALI,FRÍJOL TARRO,2023-05-01,011703,D_city,10526.04381369095
CALI,FRÍJOL TARRO,2023-06-01,011703,D_city,10556.29983477706
CALI,FRÍJOL TARRO,2023-07-01,011703,D_city,10576.036027064394
CALI,FRÍJOL TARRO,2023-08-01,011703,D_city,10637.23825650722
CALI,FRÍJOL TARRO,2023-09-01,011703,D_city,10673.447335726585
CALI,FRÍJOL TARRO,2023-10-01,011703,D_city,10714.93612310013
CALI,FRÍJOL TARRO,2023-11-01,011703,D_city,10873.114392575404
CALI,FRÍJOL TARRO,2023-12-01,011703,D_city,11166.923802088853
CALI,FRÍJOL TARRO,2024-01-01,011703,D_city,11548.20906006168
CALI,FRÍJOL TARRO,2024-02-01,011703,D_city,11658.295449658266
CALI,FRÍJOL TARRO,2024-03-01,011703,D_city,11668.91090653465
CALI,FRÍJOL TARRO,2024-04-01,011703,D_city,11624.464209990963
CALI,FRÍJOL TARRO,2024-05-01,011703,D_city,11708.726233754898
CALI,FRÍJOL TARRO,2024-06-01,011703,D_city,11629.107214622132
CALI,FRÍJOL TARRO,2024-07-01,011703,D_city,11834.884492561701
CALI,FRÍJOL TARRO,2024-08-01,011703,D_city,11741.914537520812
CALI,FRÍJOL TARRO,2024-09-01,011703,D_city,11591.304514556014
CALI,FRÍJOL TARRO,2024-10-01,011703,D_city,11560.141808756085
CALI,FRÍJOL TARRO,2024-11-01,011703,D_city,11556.827050443233
CALI,FRÍJOL TARRO,2024-12-01,011703,D_city,11535.61452679027
CALI,GUAYABAS,2019-01-01,011609,BASE_lowR2,1619.9884138097539
CALI,GUAYABAS,2019-02-01,011609,BASE_lowR2,1733.9582146306134
CALI,GUAYABAS,2019-03-01,011609,BASE_lowR2,1997.7517696764849
CALI,GUAYABAS,2019-04-01,011609,BASE_lowR2,1953.6590354901018
CALI,GUAYABAS,2019-05-01,011609,BASE_lowR2,1792.5451001931435
CALI,GUAYABAS,2019-06-01,011609,BASE_lowR2,1804.4455613230325
CALI,GUAYABAS,2019-07-01,011609,BASE_lowR2,1947.4036648961855
CALI,GUAYABAS,2019-08-01,011609,BASE_lowR2,2104.3982098020283
CALI,GUAYABAS,2019-09-01,011609,BASE_lowR2,2281.837136648962
CALI,GUAYABAS,2019-10-01,011609,BASE_lowR2,2249.339723563496
CALI,GUAYABAS,2019-11-01,011609,BASE_lowR2,2092.9554587155963
CALI,GUAYABAS,2019-12-01,011609,BASE_lowR2,1949.2345050700146
CALI,GUAYABAS,2020-01-01,011609,BASE_lowR2,1957.6258558667312
CALI,GUAYABAS,2020-02-01,011609,BASE_lowR2,2067.628836310961
CALI,GUAYABAS,2020-03-01,011609,BASE_lowR2,2301.823808546596
CALI,GUAYABAS,2020-04-01,011609,BASE_lowR2,2299.992968372767
CALI,GUAYABAS,2020-05-01,011609,BASE_lowR2,2132.01338242395
CALI,GUAYABAS,2020-06-01,011609,BASE_lowR2,1975.3239775470786
CALI,GUAYABAS,2020-07-01,011609,BASE_lowR2,1872.6443577981652
CALI,GUAYABAS,2020-08-01,011609,BASE_lowR2,1899.038970304201
CALI,GUAYABAS,2020-09-01,011609,BASE_lowR2,1959.9144060840176
CALI,GUAYABAS,2020-10-01,011609,BASE_lowR2,2050.693564703042
CALI,GUAYABAS,2020-11-01,011609,BASE_lowR2,2072.816216803477
CALI,GUAYABAS,2020-12-01,011609,BASE_lowR2,1955.184735634959
CALI,GUAYABAS,2021-01-01,011609,BASE_lowR2,1996.8363495895703
CALI,GUAYABAS,2021-02-01,011609,BASE_lowR2,2075.257337035249
CALI,GUAYABAS,2021-03-01,011609,BASE_lowR2,2238.2021125060355
CALI,GUAYABAS,2021-04-01,011609,BASE_lowR2,2296.3312880251087
CALI,GUAYABAS,2021-05-01,011609,BASE_lowR2,2956.806880733945
CALI,GUAYABAS,2021-06-01,011609,BASE_lowR2,2308.842029212941
CALI,GUAYABAS,2021-07-01,011609,BASE_lowR2,2334.6263616610336
CALI,GUAYABAS,2021-08-01,011609,BASE_lowR2,2498.486557218735
CALI,GUAYABAS,2021-09-01,011609,BASE_lowR2,2547.0038218252053
CALI,GUAYABAS,2021-10-01,011609,BASE_lowR2,2717.729668034766
CALI,GUAYABAS,2021-11-01,011609,BASE_lowR2,2665.245583051666
CALI,GUAYABAS,2021-12-01,011609,BASE_lowR2,2586.8245956059877
CALI,GUAYABAS,2022-01-01,011609,BASE_lowR2,2801.4906059874456
CALI,GUAYABAS,2022-02-01,011609,BASE_lowR2,3067.572711250604
CALI,GUAYABAS,2022-03-01,011609,BASE_lowR2,3362.948259295026
CALI,GUAYABAS,2022-04-01,011609,BASE_lowR2,3379.120680830517
CALI,GUAYABAS,2022-05-01,011609,BASE_lowR2,3205.953714389184
CALI,GUAYABAS,2022-06-01,011609,BASE_lowR2,3172.693451231289
CALI,GUAYABAS,2022-07-01,011609,BASE_lowR2,3263.320039835828
CALI,GUAYABAS,2022-08-01,011609,BASE_lowR2,3414.059214147755
CALI,GUAYABAS,2022-09-01,011609,BASE_lowR2,3663.3586178174796
CALI,GUAYABAS,2022-10-01,011609,BASE_lowR2,3775.345008450024
CALI,GUAYABAS,2022-11-01,011609,BASE_lowR2,3619.1133136166104
CALI,GUAYABAS,2022-12-01,011609,BASE_lowR2,3354.862048527282
CALI,GUAYABAS,2023-01-01,011609,BASE_lowR2,3523.604484548527
CALI,GUAYABAS,2023-02-01,011609,BASE_lowR2,3751.8492262192176
CALI,GUAYABAS,2023-03-01,011609,BASE_lowR2,4256.245694109127
CALI,GUAYABAS,2023-04-01,011609,BASE_lowR2,4083.8415777402224
CALI,GUAYABAS,2023-05-01,011609,BASE_lowR2,3873.1423877353936
CALI,GUAYABAS,2023-06-01,011609,BASE_lowR2,3710.960462337035
CALI,GUAYABAS,2023-07-01,011609,BASE_lowR2,3939.0526339932403
CALI,GUAYABAS,2023-08-01,011609,BASE_lowR2,4246.633783196524
CALI,GUAYABAS,2023-09-01,011609,BASE_lowR2,4464.503763882183
CALI,GUAYABAS,2023-10-01,011609,BASE_lowR2,4644.68895098986
CALI,GUAYABAS,2023-11-01,011609,BASE_lowR2,4298.202448092709
CALI,GUAYABAS,2023-12-01,011609,BASE_lowR2,3849.4940354901014
CALI,GUAYABAS,2024-01-01,011609,BASE_lowR2,3983.1453681796233
CALI,GUAYABAS,2024-02-01,011609,BASE_lowR2,4280.5043264123615
CALI,GUAYABAS,2024-03-01,011609,BASE_lowR2,4666.353893046838
CALI,GUAYABAS,2024-04-01,011609,BASE_lowR2,4975.918452438435
CALI,GUAYABAS,2024-05-01,011609,BASE_lowR2,4811.905686866248
CALI,GUAYABAS,2024-06-01,011609,BASE_lowR2,4488.609826170931
CALI,GUAYABAS,2024-07-01,011609,BASE_lowR2,4352.212233220666
CALI,GUAYABAS,2024-08-01,011609,BASE_lowR2,4534.991110574601
CALI,GUAYABAS,2024-09-01,011609,BASE_lowR2,5102.398994447127
CALI,GUAYABAS,2024-10-01,011609,BASE_lowR2,5199.128383631097
CALI,GUAYABAS,2024-11-01,011609,BASE_lowR2,4995.752554321584
CALI,GUAYABAS,2024-12-01,011609,BASE_lowR2,4641.179840656688
CALI,HABICHUELAS FRESCAS,2019-01-01,011716,D_city,2298.3628975325455
CALI,HABICHUELAS FRESCAS,2019-02-01,011716,D_city,2314.484385060604
CALI,HABICHUELAS FRESCAS,2019-03-01,011716,D_city,2216.047634133947
CALI,HABICHUELAS FRESCAS,2019-04-01,011716,D_city,2122.4754097013038
CALI,HABICHUELAS FRESCAS,2019-05-01,011716,D_city,2172.0453424412403
CALI,HABICHUELAS FRESCAS,2019-06-01,011716,D_city,2631.795846418638
CALI,HABICHUELAS FRESCAS,2019-07-01,011716,D_city,2980.136975575582
CALI,HABICHUELAS FRESCAS,2019-08-01,011716,D_city,2914.6295268708045
CALI,HABICHUELAS FRESCAS,2019-09-01,011716,D_city,3288.9516260125083
CALI,HABICHUELAS FRESCAS,2019-10-01,011716,D_city,3048.852487558785
CALI,HABICHUELAS FRESCAS,2019-11-01,011716,D_city,2553.9100808138533
CALI,HABICHUELAS FRESCAS,2019-12-01,011716,D_city,2322.1977336129976
CALI,HABICHUELAS FRESCAS,2020-01-01,011716,D_city,3424.8676943627456
CALI,HABICHUELAS FRESCAS,2020-02-01,011716,D_city,4110.904812169507
CALI,HABICHUELAS FRESCAS,2020-03-01,011716,D_city,4817.950649396296
CALI,HABICHUELAS FRESCAS,2020-04-01,011716,D_city,3707.3452260220256
CALI,HABICHUELAS FRESCAS,2020-05-01,011716,D_city,2905.2112833251977
CALI,HABICHUELAS FRESCAS,2020-06-01,011716,D_city,2969.7909189656766
CALI,HABICHUELAS FRESCAS,2020-07-01,011716,D_city,2738.178703370511
CALI,HABICHUELAS FRESCAS,2020-08-01,011716,D_city,2918.728963635572
CALI,HABICHUELAS FRESCAS,2020-09-01,011716,D_city,3769.665420258991
CALI,HABICHUELAS FRESCAS,2020-10-01,011716,D_city,3858.216884898159
CALI,HABICHUELAS FRESCAS,2020-11-01,011716,D_city,3535.4947630760935
CALI,HABICHUELAS FRESCAS,2020-12-01,011716,D_city,3371.0639775486925
CALI,HABICHUELAS FRESCAS,2021-01-01,011716,D_city,3297.2062077140563
CALI,HABICHUELAS FRESCAS,2021-02-01,011716,D_city,3249.1221032240114
CALI,HABICHUELAS FRESCAS,2021-03-01,011716,D_city,3471.5003997174376
CALI,HABICHUELAS FRESCAS,2021-04-01,011716,D_city,3743.29183040163
CALI,HABICHUELAS FRESCAS,2021-05-01,011716,D_city,5499.910708489178
CALI,HABICHUELAS FRESCAS,2021-06-01,011716,D_city,4816.908314979972
CALI,HABICHUELAS FRESCAS,2021-07-01,011716,D_city,5037.632181288004
CALI,HABICHUELAS FRESCAS,2021-08-01,011716,D_city,4734.904909408262
CALI,HABICHUELAS FRESCAS,2021-09-01,011716,D_city,4635.138863442352
CALI,HABICHUELAS FRESCAS,2021-10-01,011716,D_city,4100.2834325402855
CALI,HABICHUELAS FRESCAS,2021-11-01,011716,D_city,4473.804684826179
CALI,HABICHUELAS FRESCAS,2021-12-01,011716,D_city,5159.725837832081
CALI,HABICHUELAS FRESCAS,2022-01-01,011716,D_city,6533.68211544063
CALI,HABICHUELAS FRESCAS,2022-02-01,011716,D_city,6574.744868739128
CALI,HABICHUELAS FRESCAS,2022-03-01,011716,D_city,6815.703575255822
CALI,HABICHUELAS FRESCAS,2022-04-01,011716,D_city,6281.604962757587
CALI,HABICHUELAS FRESCAS,2022-05-01,011716,D_city,6498.153866006678
CALI,HABICHUELAS FRESCAS,2022-06-01,011716,D_city,7187.752584350179
CALI,HABICHUELAS FRESCAS,2022-07-01,011716,D_city,8211.886765787513
CALI,HABICHUELAS FRESCAS,2022-08-01,011716,D_city,9168.0265280008
CALI,HABICHUELAS FRESCAS,2022-09-01,011716,D_city,8696.792095592731
CALI,HABICHUELAS FRESCAS,2022-10-01,011716,D_city,7763.862509964155
CALI,HABICHUELAS FRESCAS,2022-11-01,011716,D_city,7334.24765480018
CALI,HABICHUELAS FRESCAS,2022-12-01,011716,D_city,7132.316960799128
CALI,HABICHUELAS FRESCAS,2023-01-01,011716,D_city,9328.222918149166
CALI,HABICHUELAS FRESCAS,2023-02-01,011716,D_city,9004.939843603828
CALI,HABICHUELAS FRESCAS,2023-03-01,011716,D_city,10402.178478890391
CALI,HABICHUELAS FRESCAS,2023-04-01,011716,D_city,10636.921066960282
CALI,HABICHUELAS FRESCAS,2023-05-01,011716,D_city,9578.606431325641
CALI,HABICHUELAS FRESCAS,2023-06-01,011716,D_city,8978.24587899038
CALI,HABICHUELAS FRESCAS,2023-07-01,011716,D_city,8095.24606644654
CALI,HABICHUELAS FRESCAS,2023-08-01,011716,D_city,9153.851103206736
CALI,HABICHUELAS FRESCAS,2023-09-01,011716,D_city,10232.62360584218
CALI,HABICHUELAS FRESCAS,2023-10-01,011716,D_city,10732.284093887185
CALI,HABICHUELAS FRESCAS,2023-11-01,011716,D_city,8566.594896754023
CALI,HABICHUELAS FRESCAS,2023-12-01,011716,D_city,7663.332106301979
CALI,HABICHUELAS FRESCAS,2024-01-01,011716,D_city,10547.272050056608
CALI,HABICHUELAS FRESCAS,2024-02-01,011716,D_city,12959.75771041609
CALI,HABICHUELAS FRESCAS,2024-03-01,011716,D_city,14211.492595905689
CALI,HABICHUELAS FRESCAS,2024-04-01,011716,D_city,14855.800417213519
CALI,HABICHUELAS FRESCAS,2024-05-01,011716,D_city,12382.847986238487
CALI,HABICHUELAS FRESCAS,2024-06-01,011716,D_city,10845.720252301999
CALI,HABICHUELAS FRESCAS,2024-07-01,011716,D_city,10729.226171074231
CALI,HABICHUELAS FRESCAS,2024-08-01,011716,D_city,11222.230830347351
CALI,HABICHUELAS FRESCAS,2024-09-01,011716,D_city,12706.590494412327
CALI,HABICHUELAS FRESCAS,2024-10-01,011716,D_city,12915.448055399853
CALI,HABICHUELAS FRESCAS,2024-11-01,011716,D_city,11328.692066962809
CALI,HABICHUELAS FRESCAS,2024-12-01,011716,D_city,9502.004204031486
CALI,HARINA DE TRIGO,2019-01-01,011105,BASE_lowR2,1220.1361827305761
CALI,HARINA DE TRIGO,2019-02-01,011105,BASE_lowR2,1222.5887177712407
CALI,HARINA DE TRIGO,2019-03-01,011105,BASE_lowR2,1220.1361827305761
CALI,HARINA DE TRIGO,2019-04-01,011105,BASE_lowR2,1215.8442464094135
CALI,HARINA DE TRIGO,2019-05-01,011105,BASE_lowR2,1230.8047101574668
CALI,HARINA DE TRIGO,2019-06-01,011105,BASE_lowR2,1227.0032808444369
CALI,HARINA DE TRIGO,2019-07-01,011105,BASE_lowR2,1215.4763661533138
CALI,HARINA DE TRIGO,2019-08-01,011105,BASE_lowR2,1263.300799446271
CALI,HARINA DE TRIGO,2019-09-01,011105,BASE_lowR2,1205.6662259906557
CALI,HARINA DE TRIGO,2019-10-01,011105,BASE_lowR2,1212.0428170963835
CALI,HARINA DE TRIGO,2019-11-01,011105,BASE_lowR2,1215.108485897214
CALI,HARINA DE TRIGO,2019-12-01,011105,BASE_lowR2,1227.6164146046028
CALI,HARINA DE TRIGO,2020-01-01,011105,BASE_lowR2,1233.9930057103304
CALI,HARINA DE TRIGO,2020-02-01,011105,BASE_lowR2,1244.0483993770547
CALI,HARINA DE TRIGO,2020-03-01,011105,BASE_lowR2,1254.8395535559785
CALI,HARINA DE TRIGO,2020-04-01,011105,BASE_lowR2,1265.1402007267693
CALI,HARINA DE TRIGO,2020-05-01,011105,BASE_lowR2,1280.4685447309223
CALI,HARINA DE TRIGO,2020-06-01,011105,BASE_lowR2,1285.0057345561515
CALI,HARINA DE TRIGO,2020-07-01,011105,BASE_lowR2,1286.9677625886832
CALI,HARINA DE TRIGO,2020-08-01,011105,BASE_lowR2,1283.1663332756532
CALI,HARINA DE TRIGO,2020-09-01,011105,BASE_lowR2,1267.102228759301
CALI,HARINA DE TRIGO,2020-10-01,011105,BASE_lowR2,1262.3197854300051
CALI,HARINA DE TRIGO,2020-11-01,011105,BASE_lowR2,1277.034995673992
CALI,HARINA DE TRIGO,2020-12-01,011105,BASE_lowR2,1289.1750441252811
CALI,HARINA DE TRIGO,2021-01-01,011105,BASE_lowR2,1299.475691296072
CALI,HARINA DE TRIGO,2021-02-01,011105,BASE_lowR2,1289.4202976293477
CALI,HARINA DE TRIGO,2021-03-01,011105,BASE_lowR2,1287.0903893407162
CALI,HARINA DE TRIGO,2021-04-01,011105,BASE_lowR2,1299.475691296072
CALI,HARINA DE TRIGO,2021-05-01,011105,BASE_lowR2,1326.821456999481
CALI,HARINA DE TRIGO,2021-06-01,011105,BASE_lowR2,1332.2170340889427
CALI,HARINA DE TRIGO,2021-07-01,011105,BASE_lowR2,1341.6592939955008
CALI,HARINA DE TRIGO,2021-08-01,011105,BASE_lowR2,1348.8942723654611
CALI,HARINA DE TRIGO,2021-09-01,011105,BASE_lowR2,1358.0912787679529
CALI,HARINA DE TRIGO,2021-10-01,011105,BASE_lowR2,1378.447319605468
CALI,HARINA DE TRIGO,2021-11-01,011105,BASE_lowR2,1390.8326215608238
CALI,HARINA DE TRIGO,2021-12-01,011105,BASE_lowR2,1436.2045198131163
CALI,HARINA DE TRIGO,2022-01-01,011105,BASE_lowR2,1485.6231008825057
CALI,HARINA DE TRIGO,2022-02-01,011105,BASE_lowR2,1519.3454576916422
CALI,HARINA DE TRIGO,2022-03-01,011105,BASE_lowR2,1522.6563799965393
CALI,HARINA DE TRIGO,2022-04-01,011105,BASE_lowR2,1542.7671673299878
CALI,HARINA DE TRIGO,2022-05-01,011105,BASE_lowR2,1575.5085101228585
CALI,HARINA DE TRIGO,2022-06-01,011105,BASE_lowR2,1567.0472642325662
CALI,HARINA DE TRIGO,2022-07-01,011105,BASE_lowR2,1596.232431216473
CALI,HARINA DE TRIGO,2022-08-01,011105,BASE_lowR2,1668.4595881640423
CALI,HARINA DE TRIGO,2022-09-01,011105,BASE_lowR2,1784.3418688354384
CALI,HARINA DE TRIGO,2022-10-01,011105,BASE_lowR2,1819.7810001730402
CALI,HARINA DE TRIGO,2022-11-01,011105,BASE_lowR2,1874.5951583318915
CALI,HARINA DE TRIGO,2022-12-01,011105,BASE_lowR2,1926.4662744419447
CALI,HARINA DE TRIGO,2023-01-01,011105,BASE_lowR2,1959.2076172348159
CALI,HARINA DE TRIGO,2023-02-01,011105,BASE_lowR2,1975.1490949991348
CALI,HARINA DE TRIGO,2023-03-01,011105,BASE_lowR2,2017.4553244505971
CALI,HARINA DE TRIGO,2023-04-01,011105,BASE_lowR2,2069.8169475687837
CALI,HARINA DE TRIGO,2023-05-01,011105,BASE_lowR2,2042.4711818653745
CALI,HARINA DE TRIGO,2023-06-01,011105,BASE_lowR2,2016.8421906904307
CALI,HARINA DE TRIGO,2023-07-01,011105,BASE_lowR2,2007.0320505277728
CALI,HARINA DE TRIGO,2023-08-01,011105,BASE_lowR2,2021.1341270115934
CALI,HARINA DE TRIGO,2023-09-01,011105,BASE_lowR2,2019.5399792351618
CALI,HARINA DE TRIGO,2023-10-01,011105,BASE_lowR2,2007.522557535906
CALI,HARINA DE TRIGO,2023-11-01,011105,BASE_lowR2,2003.966381726942
CALI,HARINA DE TRIGO,2023-12-01,011105,BASE_lowR2,1988.392784218723
CALI,HARINA DE TRIGO,2024-01-01,011105,BASE_lowR2,1972.5739332064372
CALI,HARINA DE TRIGO,2024-02-01,011105,BASE_lowR2,1914.6941062467554
CALI,HARINA DE TRIGO,2024-03-01,011105,BASE_lowR2,1822.7240422218374
CALI,HARINA DE TRIGO,2024-04-01,011105,BASE_lowR2,1775.1448624329469
CALI,HARINA DE TRIGO,2024-05-01,011105,BASE_lowR2,1724.2547603391592
CALI,HARINA DE TRIGO,2024-06-01,011105,BASE_lowR2,1725.7262813635575
CALI,HARINA DE TRIGO,2024-07-01,011105,BASE_lowR2,1716.6519017130993
CALI,HARINA DE TRIGO,2024-08-01,011105,BASE_lowR2,1677.1660875584012
CALI,HARINA DE TRIGO,2024-09-01,011105,BASE_lowR2,1677.0434608063679
CALI,HARINA DE TRIGO,2024-10-01,011105,BASE_lowR2,1705.2476137740093
CALI,HARINA DE TRIGO,2024-11-01,011105,BASE_lowR2,1680.7222633673646
CALI,HARINA DE TRIGO,2024-12-01,011105,BASE_lowR2,1648.7166810866931
CALI,HARINA PRECOCIDA,2019-01-01,011106,BASE,1336.2039453192594
CALI,HARINA PRECOCIDA,2019-02-01,011106,BASE,1327.6590759646997
CALI,HARINA PRECOCIDA,2019-03-01,011106,BASE,1313.3731225125455
CALI,HARINA PRECOCIDA,2019-04-01,011106,BASE,1299.4877098113861
CALI,HARINA PRECOCIDA,2019-05-01,011106,BASE,1319.3812337774702
CALI,HARINA PRECOCIDA,2019-06-01,011106,BASE,1327.3920487973699
CALI,HARINA PRECOCIDA,2019-07-01,011106,BASE,1329.6617797196748
CALI,HARINA PRECOCIDA,2019-08-01,011106,BASE,1339.0077305762245
CALI,HARINA PRECOCIDA,2019-09-01,011106,BASE,1362.3726077175984
CALI,HARINA PRECOCIDA,2019-10-01,011106,BASE,1373.1872079944628
CALI,HARINA PRECOCIDA,2019-11-01,011106,BASE,1381.0645094306974
CALI,HARINA PRECOCIDA,2019-12-01,011106,BASE,1399.8899247274614
CALI,HARINA PRECOCIDA,2020-01-01,011106,BASE,1410.571011420661
CALI,HARINA PRECOCIDA,2020-02-01,011106,BASE,1418.8488536078908
CALI,HARINA PRECOCIDA,2020-03-01,011106,BASE,1415.377500432601
CALI,HARINA PRECOCIDA,2020-04-01,011106,BASE,1422.3202067831805
CALI,HARINA PRECOCIDA,2020-05-01,011106,BASE,1439.810486243295
CALI,HARINA PRECOCIDA,2020-06-01,011106,BASE,1461.8402275480187
CALI,HARINA PRECOCIDA,2020-07-01,011106,BASE,1477.0607760858281
CALI,HARINA PRECOCIDA,2020-08-01,011106,BASE,1490.8126752033224
CALI,HARINA PRECOCIDA,2020-09-01,011106,BASE,1500.559166810867
CALI,HARINA PRECOCIDA,2020-10-01,011106,BASE,1497.8888951375673
CALI,HARINA PRECOCIDA,2020-11-01,011106,BASE,1483.4694281017478
CALI,HARINA PRECOCIDA,2020-12-01,011106,BASE,1475.3250994981831
CALI,HARINA PRECOCIDA,2021-01-01,011106,BASE,1477.3278032531582
CALI,HARINA PRECOCIDA,2021-02-01,011106,BASE,1474.791045163523
CALI,HARINA PRECOCIDA,2021-03-01,011106,BASE,1467.3142844782835
CALI,HARINA PRECOCIDA,2021-04-01,011106,BASE,1472.5213142412183
CALI,HARINA PRECOCIDA,2021-05-01,011106,BASE,1499.357544557882
CALI,HARINA PRECOCIDA,2021-06-01,011106,BASE,1525.2591797888908
CALI,HARINA PRECOCIDA,2021-07-01,011106,BASE,1545.28621733864
CALI,HARINA PRECOCIDA,2021-08-01,011106,BASE,1565.5802820557192
CALI,HARINA PRECOCIDA,2021-09-01,011106,BASE,1576.9289366672435
CALI,HARINA PRECOCIDA,2021-10-01,011106,BASE,1576.7954230835785
CALI,HARINA PRECOCIDA,2021-11-01,011106,BASE,1580.1332626752032
CALI,HARINA PRECOCIDA,2021-12-01,011106,BASE,1597.2230013843227
CALI,HARINA PRECOCIDA,2022-01-01,011106,BASE,1617.2500389340717
CALI,HARINA PRECOCIDA,2022-02-01,011106,BASE,1654.500328776605
CALI,HARINA PRECOCIDA,2022-03-01,011106,BASE,1686.143048105209
CALI,HARINA PRECOCIDA,2022-04-01,011106,BASE,1749.829027513411
CALI,HARINA PRECOCIDA,2022-05-01,011106,BASE,1766.91876622253
CALI,HARINA PRECOCIDA,2022-06-01,011106,BASE,1810.844735248313
CALI,HARINA PRECOCIDA,2022-07-01,011106,BASE,1878.1355814154697
CALI,HARINA PRECOCIDA,2022-08-01,011106,BASE,1928.0696617061778
CALI,HARINA PRECOCIDA,2022-09-01,011106,BASE,1980.5405000865203
CALI,HARINA PRECOCIDA,2022-10-01,011106,BASE,2006.175108150199
CALI,HARINA PRECOCIDA,2022-11-01,011106,BASE,2030.341066793563
CALI,HARINA PRECOCIDA,2022-12-01,011106,BASE,2041.9567485724176
CALI,HARINA PRECOCIDA,2023-01-01,011106,BASE,2077.0708210763105
CALI,HARINA PRECOCIDA,2023-02-01,011106,BASE,2110.9832713272194
CALI,HARINA PRECOCIDA,2023-03-01,011106,BASE,2159.048161446617
CALI,HARINA PRECOCIDA,2023-04-01,011106,BASE,2172.5330333967813
CALI,HARINA PRECOCIDA,2023-05-01,011106,BASE,2188.688177020246
CALI,HARINA PRECOCIDA,2023-06-01,011106,BASE,2165.9908677971966
CALI,HARINA PRECOCIDA,2023-07-01,011106,BASE,2081.7437965045856
CALI,HARINA PRECOCIDA,2023-08-01,011106,BASE,2032.3437705485378
CALI,HARINA PRECOCIDA,2023-09-01,011106,BASE,1944.4918324969717
CALI,HARINA PRECOCIDA,2023-10-01,011106,BASE,1918.990738016958
CALI,HARINA PRECOCIDA,2023-11-01,011106,BASE,1868.1220626405955
CALI,HARINA PRECOCIDA,2023-12-01,011106,BASE,1829.5366369614123
CALI,HARINA PRECOCIDA,2024-01-01,011106,BASE,1793.3544557881987
CALI,HARINA PRECOCIDA,2024-02-01,011106,BASE,1754.3684893580207
CALI,HARINA PRECOCIDA,2024-03-01,011106,BASE,1725.262528119052
CALI,HARINA PRECOCIDA,2024-04-01,011106,BASE,1683.7398035992387
CALI,HARINA PRECOCIDA,2024-05-01,011106,BASE,1638.3451851531406
CALI,HARINA PRECOCIDA,2024-06-01,011106,BASE,1622.1900415296766
CALI,HARINA PRECOCIDA,2024-07-01,011106,BASE,1592.282998788718
CALI,HARINA PRECOCIDA,2024-08-01,011106,BASE,1587.209482609448
CALI,HARINA PRECOCIDA,2024-09-01,011106,BASE,1574.7927193286037
CALI,HARINA PRECOCIDA,2024-10-01,011106,BASE,1570.6537982349887
CALI,HARINA PRECOCIDA,2024-11-01,011106,BASE,1570.3867710676589
CALI,HARINA PRECOCIDA,2024-12-01,011106,BASE,1572.5229884062987
CALI,HUEVOS,2019-01-01,011405,BASE,3498.873119318182
CALI,HUEVOS,2019-02-01,011405,BASE,3506.2310539772725
CALI,HUEVOS,2019-03-01,011405,BASE,3526.9033465909088
CALI,HUEVOS,2019-04-01,011405,BASE,3574.554732954545
CALI,HUEVOS,2019-05-01,011405,BASE,3649.1852130681823
CALI,HUEVOS,2019-06-01,011405,BASE,3704.5449119318187
CALI,HUEVOS,2019-07-01,011405,BASE,3704.194534090909
CALI,HUEVOS,2019-08-01,011405,BASE,3693.683198863636
CALI,HUEVOS,2019-09-01,011405,BASE,3701.7418892045453
CALI,HUEVOS,2019-10-01,011405,BASE,3692.9824431818183
CALI,HUEVOS,2019-11-01,011405,BASE,3714.0051136363636
CALI,HUEVOS,2019-12-01,011405,BASE,3716.1073806818185
CALI,HUEVOS,2020-01-01,011405,BASE,3713.3043579545456
CALI,HUEVOS,2020-02-01,011405,BASE,3688.4275312499994
CALI,HUEVOS,2020-03-01,011405,BASE,3722.0638039772725
CALI,HUEVOS,2020-04-01,011405,BASE,3897.953480113636
CALI,HUEVOS,2020-05-01,011405,BASE,3882.8872329545447
CALI,HUEVOS,2020-06-01,011405,BASE,3790.7378607954547
CALI,HUEVOS,2020-07-01,011405,BASE,3739.2323181818183
CALI,HUEVOS,2020-08-01,011405,BASE,3619.4030965909087
CALI,HUEVOS,2020-09-01,011405,BASE,3584.7156903409095
CALI,HUEVOS,2020-10-01,011405,BASE,3673.711661931818
CALI,HUEVOS,2020-11-01,011405,BASE,3735.027784090909
CALI,HUEVOS,2020-12-01,011405,BASE,3858.360784090909
CALI,HUEVOS,2021-01-01,011405,BASE,3843.6449147727276
CALI,HUEVOS,2021-02-01,011405,BASE,3867.8209857954544
CALI,HUEVOS,2021-03-01,011405,BASE,3900.055747159091
CALI,HUEVOS,2021-04-01,011405,BASE,3960.6711136363633
CALI,HUEVOS,2021-05-01,011405,BASE,4276.711926136364
CALI,HUEVOS,2021-06-01,011405,BASE,4617.629565340909
CALI,HUEVOS,2021-07-01,011405,BASE,4849.930073863636
CALI,HUEVOS,2021-08-01,011405,BASE,4736.407653409091
CALI,HUEVOS,2021-09-01,011405,BASE,4468.018227272727
CALI,HUEVOS,2021-10-01,011405,BASE,4335.92578125
CALI,HUEVOS,2021-11-01,011405,BASE,4424.22099715909
CALI,HUEVOS,2021-12-01,011405,BASE,4583.642914772727
CALI,HUEVOS,2022-01-01,011405,BASE,4858.689519886363
CALI,HUEVOS,2022-02-01,011405,BASE,4957.1456931818175
CALI,HUEVOS,2022-03-01,011405,BASE,5216.775673295454
CALI,HUEVOS,2022-04-01,011405,BASE,5485.165099431819
CALI,HUEVOS,2022-05-01,011405,BASE,5553.839156249999
CALI,HUEVOS,2022-06-01,011405,BASE,5539.473664772727
CALI,HUEVOS,2022-07-01,011405,BASE,5561.8978465909095
CALI,HUEVOS,2022-08-01,011405,BASE,5643.886261363637
CALI,HUEVOS,2022-09-01,011405,BASE,5828.885761363636
CALI,HUEVOS,2022-10-01,011405,BASE,5962.02934090909
CALI,HUEVOS,2022-11-01,011405,BASE,6034.907931818182
CALI,HUEVOS,2022-12-01,011405,BASE,6129.860326704545
CALI,HUEVOS,2023-01-01,011405,BASE,6234.973678977272
CALI,HUEVOS,2023-02-01,011405,BASE,6310.304914772727
CALI,HUEVOS,2023-03-01,011405,BASE,6363.562346590909
CALI,HUEVOS,2023-04-01,011405,BASE,6347.795343749999
CALI,HUEVOS,2023-05-01,011405,BASE,6274.215997159091
CALI,HUEVOS,2023-06-01,011405,BASE,6248.638414772728
CALI,HUEVOS,2023-07-01,011405,BASE,6204.490806818182
CALI,HUEVOS,2023-08-01,011405,BASE,6292.786022727271
CALI,HUEVOS,2023-09-01,011405,BASE,6409.812221590909
CALI,HUEVOS,2023-10-01,011405,BASE,6428.382247159091
CALI,HUEVOS,2023-11-01,011405,BASE,6463.420031250001
CALI,HUEVOS,2023-12-01,011405,BASE,6524.385775568183
CALI,HUEVOS,2024-01-01,011405,BASE,6375.124815340909
CALI,HUEVOS,2024-02-01,011405,BASE,6282.2746875
CALI,HUEVOS,2024-03-01,011405,BASE,6265.106173295454
CALI,HUEVOS,2024-04-01,011405,BASE,6203.439673295455
CALI,HUEVOS,2024-05-01,011405,BASE,6283.676198863636
CALI,HUEVOS,2024-06-01,011405,BASE,6294.537911931819
CALI,HUEVOS,2024-07-01,011405,BASE,6237.776701704545
CALI,HUEVOS,2024-08-01,011405,BASE,6173.307178977272
CALI,HUEVOS,2024-09-01,011405,BASE,6122.852769886364
CALI,HUEVOS,2024-10-01,011405,BASE,6070.296093749999
CALI,HUEVOS,2024-11-01,011405,BASE,6024.04621875
CALI,HUEVOS,2024-12-01,011405,BASE,6042.616244318182
CALI,LECHE EN POLVO ENTERA,2019-01-01,011401,BASE_lowR2,10029.433239247313
CALI,LECHE EN POLVO ENTERA,2019-02-01,011401,BASE_lowR2,10029.433239247313
CALI,LECHE EN POLVO ENTERA,2019-03-01,011401,BASE_lowR2,10053.569045698925
CALI,LECHE EN POLVO ENTERA,2019-04-01,011401,BASE_lowR2,10078.710510752688
CALI,LECHE EN POLVO ENTERA,2019-05-01,011401,BASE_lowR2,10040.495483870967
CALI,LECHE EN POLVO ENTERA,2019-06-01,011401,BASE_lowR2,10031.444556451612
CALI,LECHE EN POLVO ENTERA,2019-07-01,011401,BASE_lowR2,10087.761438172043
CALI,LECHE EN POLVO ENTERA,2019-08-01,011401,BASE_lowR2,10088.767096774192
CALI,LECHE EN POLVO ENTERA,2019-09-01,011401,BASE_lowR2,10193.355591397849
CALI,LECHE EN POLVO ENTERA,2019-10-01,011401,BASE_lowR2,10159.16319892473
CALI,LECHE EN POLVO ENTERA,2019-11-01,011401,BASE_lowR2,10245.649838709678
CALI,LECHE EN POLVO ENTERA,2019-12-01,011401,BASE_lowR2,10264.757352150536
CALI,LECHE EN POLVO ENTERA,2020-01-01,011401,BASE_lowR2,10337.164771505377
CALI,LECHE EN POLVO ENTERA,2020-02-01,011401,BASE_lowR2,10488.013561827958
CALI,LECHE EN POLVO ENTERA,2020-03-01,011401,BASE_lowR2,10648.918938172044
CALI,LECHE EN POLVO ENTERA,2020-04-01,011401,BASE_lowR2,10763.564018817204
CALI,LECHE EN POLVO ENTERA,2020-05-01,011401,BASE_lowR2,10920.44676075269
CALI,LECHE EN POLVO ENTERA,2020-06-01,011401,BASE_lowR2,10974.752325268817
CALI,LECHE EN POLVO ENTERA,2020-07-01,011401,BASE_lowR2,11001.905107526884
CALI,LECHE EN POLVO ENTERA,2020-08-01,011401,BASE_lowR2,11078.335161290323
CALI,LECHE EN POLVO ENTERA,2020-09-01,011401,BASE_lowR2,11135.657701612903
CALI,LECHE EN POLVO ENTERA,2020-10-01,011401,BASE_lowR2,11150.742580645161
CALI,LECHE EN POLVO ENTERA,2020-11-01,011401,BASE_lowR2,11121.578481182796
CALI,LECHE EN POLVO ENTERA,2020-12-01,011401,BASE_lowR2,11177.895362903228
CALI,LECHE EN POLVO ENTERA,2021-01-01,011401,BASE_lowR2,11232.200927419355
CALI,LECHE EN POLVO ENTERA,2021-02-01,011401,BASE_lowR2,11221.138682795698
CALI,LECHE EN POLVO ENTERA,2021-03-01,011401,BASE_lowR2,11217.116048387097
CALI,LECHE EN POLVO ENTERA,2021-04-01,011401,BASE_lowR2,11284.495174731182
CALI,LECHE EN POLVO ENTERA,2021-05-01,011401,BASE_lowR2,11464.508064516129
CALI,LECHE EN POLVO ENTERA,2021-06-01,011401,BASE_lowR2,11422.270403225806
CALI,LECHE EN POLVO ENTERA,2021-07-01,011401,BASE_lowR2,11478.587284946236
CALI,LECHE EN POLVO ENTERA,2021-08-01,011401,BASE_lowR2,11540.938118279571
CALI,LECHE EN POLVO ENTERA,2021-09-01,011401,BASE_lowR2,11671.67373655914
CALI,LECHE EN POLVO ENTERA,2021-10-01,011401,BASE_lowR2,11864.760188172042
CALI,LECHE EN POLVO ENTERA,2021-11-01,011401,BASE_lowR2,12181.542647849463
CALI,LECHE EN POLVO ENTERA,2021-12-01,011401,BASE_lowR2,12385.69134408602
CALI,LECHE EN POLVO ENTERA,2022-01-01,011401,BASE_lowR2,12967.967674731182
CALI,LECHE EN POLVO ENTERA,2022-02-01,011401,BASE_lowR2,13552.255322580644
CALI,LECHE EN POLVO ENTERA,2022-03-01,011401,BASE_lowR2,14080.226088709676
CALI,LECHE EN POLVO ENTERA,2022-04-01,011401,BASE_lowR2,14668.536370967744
CALI,LECHE EN POLVO ENTERA,2022-05-01,011401,BASE_lowR2,15235.727822580646
CALI,LECHE EN POLVO ENTERA,2022-06-01,011401,BASE_lowR2,15712.410000000002
CALI,LECHE EN POLVO ENTERA,2022-07-01,011401,BASE_lowR2,15868.287083333333
CALI,LECHE EN POLVO ENTERA,2022-08-01,011401,BASE_lowR2,15978.90952956989
CALI,LECHE EN POLVO ENTERA,2022-09-01,011401,BASE_lowR2,16040.254704301076
CALI,LECHE EN POLVO ENTERA,2022-10-01,011401,BASE_lowR2,16181.046908602151
CALI,LECHE EN POLVO ENTERA,2022-11-01,011401,BASE_lowR2,16649.683817204303
CALI,LECHE EN POLVO ENTERA,2022-12-01,011401,BASE_lowR2,17039.87935483871
CALI,LECHE EN POLVO ENTERA,2023-01-01,011401,BASE_lowR2,17557.79353494624
CALI,LECHE EN POLVO ENTERA,2023-02-01,011401,BASE_lowR2,18307.009193548387
CALI,LECHE EN POLVO ENTERA,2023-03-01,011401,BASE_lowR2,18795.759274193548
CALI,LECHE EN POLVO ENTERA,2023-04-01,011401,BASE_lowR2,19182.93783602151
CALI,LECHE EN POLVO ENTERA,2023-05-01,011401,BASE_lowR2,19324.73569892473
CALI,LECHE EN POLVO ENTERA,2023-06-01,011401,BASE_lowR2,19405.188387096772
CALI,LECHE EN POLVO ENTERA,2023-07-01,011401,BASE_lowR2,19468.54487903226
CALI,LECHE EN POLVO ENTERA,2023-08-01,011401,BASE_lowR2,19536.929663978495
CALI,LECHE EN POLVO ENTERA,2023-09-01,011401,BASE_lowR2,19624.42196236559
CALI,LECHE EN POLVO ENTERA,2023-10-01,011401,BASE_lowR2,19566.093763440862
CALI,LECHE EN POLVO ENTERA,2023-11-01,011401,BASE_lowR2,19505.754247311826
CALI,LECHE EN POLVO ENTERA,2023-12-01,011401,BASE_lowR2,19483.62975806452
CALI,LECHE EN POLVO ENTERA,2024-01-01,011401,BASE_lowR2,19533.912688172044
CALI,LECHE EN POLVO ENTERA,2024-02-01,011401,BASE_lowR2,19445.414731182795
CALI,LECHE EN POLVO ENTERA,2024-03-01,011401,BASE_lowR2,19402.171411290325
CALI,LECHE EN POLVO ENTERA,2024-04-01,011401,BASE_lowR2,19315.684771505377
CALI,LECHE EN POLVO ENTERA,2024-05-01,011401,BASE_lowR2,19191.988763440862
CALI,LECHE EN POLVO ENTERA,2024-06-01,011401,BASE_lowR2,19205.062325268816
CALI,LECHE EN POLVO ENTERA,2024-07-01,011401,BASE_lowR2,19160.813346774194
CALI,LECHE EN POLVO ENTERA,2024-08-01,011401,BASE_lowR2,19165.841639784947
CALI,LECHE EN POLVO ENTERA,2024-09-01,011401,BASE_lowR2,19081.366317204305
CALI,LECHE EN POLVO ENTERA,2024-10-01,011401,BASE_lowR2,19121.59266129032
CALI,LECHE EN POLVO ENTERA,2024-11-01,011401,BASE_lowR2,19007.953239247312
CALI,LECHE EN POLVO ENTERA,2024-12-01,011401,BASE_lowR2,19008.958897849465
CALI,LECHE EN POLVO LACTANTE,2019-01-01,011401,BASE_lowR2,37150.3097016129
CALI,LECHE EN POLVO LACTANTE,2019-02-01,011401,BASE_lowR2,37150.3097016129
CALI,LECHE EN POLVO LACTANTE,2019-03-01,011401,BASE_lowR2,37239.71183064516
CALI,LECHE EN POLVO LACTANTE,2019-04-01,011401,BASE_lowR2,37332.8390483871
CALI,LECHE EN POLVO LACTANTE,2019-05-01,011401,BASE_lowR2,37191.28567741935
CALI,LECHE EN POLVO LACTANTE,2019-06-01,011401,BASE_lowR2,37157.75987903225
CALI,LECHE EN POLVO LACTANTE,2019-07-01,011401,BASE_lowR2,37366.36484677419
CALI,LECHE EN POLVO LACTANTE,2019-08-01,011401,BASE_lowR2,37370.08993548386
CALI,LECHE EN POLVO LACTANTE,2019-09-01,011401,BASE_lowR2,37757.49916129032
CALI,LECHE EN POLVO LACTANTE,2019-10-01,011401,BASE_lowR2,37630.84614516128
CALI,LECHE EN POLVO LACTANTE,2019-11-01,011401,BASE_lowR2,37951.20377419354
CALI,LECHE EN POLVO LACTANTE,2019-12-01,011401,BASE_lowR2,38021.98045967741
CALI,LECHE EN POLVO LACTANTE,2020-01-01,011401,BASE_lowR2,38290.18684677419
CALI,LECHE EN POLVO LACTANTE,2020-02-01,011401,BASE_lowR2,38848.95015322581
CALI,LECHE EN POLVO LACTANTE,2020-03-01,011401,BASE_lowR2,39444.96434677419
CALI,LECHE EN POLVO LACTANTE,2020-04-01,011401,BASE_lowR2,39869.62445967742
CALI,LECHE EN POLVO LACTANTE,2020-05-01,011401,BASE_lowR2,40450.7382983871
CALI,LECHE EN POLVO LACTANTE,2020-06-01,011401,BASE_lowR2,40651.89308870967
CALI,LECHE EN POLVO LACTANTE,2020-07-01,011401,BASE_lowR2,40752.47048387097
CALI,LECHE EN POLVO LACTANTE,2020-08-01,011401,BASE_lowR2,41035.57722580645
CALI,LECHE EN POLVO LACTANTE,2020-09-01,011401,BASE_lowR2,41247.907282258064
CALI,LECHE EN POLVO LACTANTE,2020-10-01,011401,BASE_lowR2,41303.78361290322
CALI,LECHE EN POLVO LACTANTE,2020-11-01,011401,BASE_lowR2,41195.75604032258
CALI,LECHE EN POLVO LACTANTE,2020-12-01,011401,BASE_lowR2,41404.361008064516
CALI,LECHE EN POLVO LACTANTE,2021-01-01,011401,BASE_lowR2,41605.51579838709
CALI,LECHE EN POLVO LACTANTE,2021-02-01,011401,BASE_lowR2,41564.53982258064
CALI,LECHE EN POLVO LACTANTE,2021-03-01,011401,BASE_lowR2,41549.63946774194
CALI,LECHE EN POLVO LACTANTE,2021-04-01,011401,BASE_lowR2,41799.22041129032
CALI,LECHE EN POLVO LACTANTE,2021-05-01,011401,BASE_lowR2,42466.011290322574
CALI,LECHE EN POLVO LACTANTE,2021-06-01,011401,BASE_lowR2,42309.55756451612
CALI,LECHE EN POLVO LACTANTE,2021-07-01,011401,BASE_lowR2,42518.16253225806
CALI,LECHE EN POLVO LACTANTE,2021-08-01,011401,BASE_lowR2,42749.11803225806
CALI,LECHE EN POLVO LACTANTE,2021-09-01,011401,BASE_lowR2,43233.37956451613
CALI,LECHE EN POLVO LACTANTE,2021-10-01,011401,BASE_lowR2,43948.59659677419
CALI,LECHE EN POLVO LACTANTE,2021-11-01,011401,BASE_lowR2,45121.99954032258
CALI,LECHE EN POLVO LACTANTE,2021-12-01,011401,BASE_lowR2,45878.19254838709
CALI,LECHE EN POLVO LACTANTE,2022-01-01,011401,BASE_lowR2,48035.01891129032
CALI,LECHE EN POLVO LACTANTE,2022-02-01,011401,BASE_lowR2,50199.295451612896
CALI,LECHE EN POLVO LACTANTE,2022-03-01,011401,BASE_lowR2,52154.96702419354
CALI,LECHE EN POLVO LACTANTE,2022-04-01,011401,BASE_lowR2,54334.14391935484
CALI,LECHE EN POLVO LACTANTE,2022-05-01,011401,BASE_lowR2,56435.0939516129
CALI,LECHE EN POLVO LACTANTE,2022-06-01,011401,BASE_lowR2,58200.786
CALI,LECHE EN POLVO LACTANTE,2022-07-01,011401,BASE_lowR2,58778.17474999999
CALI,LECHE EN POLVO LACTANTE,2022-08-01,011401,BASE_lowR2,59187.93450806451
CALI,LECHE EN POLVO LACTANTE,2022-09-01,011401,BASE_lowR2,59415.16491935484
CALI,LECHE EN POLVO LACTANTE,2022-10-01,011401,BASE_lowR2,59936.67733870968
CALI,LECHE EN POLVO LACTANTE,2022-11-01,011401,BASE_lowR2,61672.56867741935
CALI,LECHE EN POLVO LACTANTE,2022-12-01,011401,BASE_lowR2,63117.90309677419
CALI,LECHE EN POLVO LACTANTE,2023-01-01,011401,BASE_lowR2,65036.32378225806
CALI,LECHE EN POLVO LACTANTE,2023-02-01,011401,BASE_lowR2,67811.51487096773
CALI,LECHE EN POLVO LACTANTE,2023-03-01,011401,BASE_lowR2,69621.90798387096
CALI,LECHE EN POLVO LACTANTE,2023-04-01,011401,BASE_lowR2,71056.06713709678
CALI,LECHE EN POLVO LACTANTE,2023-05-01,011401,BASE_lowR2,71581.30464516129
CALI,LECHE EN POLVO LACTANTE,2023-06-01,011401,BASE_lowR2,71879.31174193547
CALI,LECHE EN POLVO LACTANTE,2023-07-01,011401,BASE_lowR2,72113.99233064515
CALI,LECHE EN POLVO LACTANTE,2023-08-01,011401,BASE_lowR2,72367.29836290322
CALI,LECHE EN POLVO LACTANTE,2023-09-01,011401,BASE_lowR2,72691.38108064515
CALI,LECHE EN POLVO LACTANTE,2023-10-01,011401,BASE_lowR2,72475.32593548387
CALI,LECHE EN POLVO LACTANTE,2023-11-01,011401,BASE_lowR2,72251.82061290322
CALI,LECHE EN POLVO LACTANTE,2023-12-01,011401,BASE_lowR2,72169.86866129033
CALI,LECHE EN POLVO LACTANTE,2024-01-01,011401,BASE_lowR2,72356.1230967742
CALI,LECHE EN POLVO LACTANTE,2024-02-01,011401,BASE_lowR2,72028.31529032257
CALI,LECHE EN POLVO LACTANTE,2024-03-01,011401,BASE_lowR2,71868.13647580644
CALI,LECHE EN POLVO LACTANTE,2024-04-01,011401,BASE_lowR2,71547.77884677419
CALI,LECHE EN POLVO LACTANTE,2024-05-01,011401,BASE_lowR2,71089.59293548387
CALI,LECHE EN POLVO LACTANTE,2024-06-01,011401,BASE_lowR2,71138.01908870967
CALI,LECHE EN POLVO LACTANTE,2024-07-01,011401,BASE_lowR2,70974.11518548387
CALI,LECHE EN POLVO LACTANTE,2024-08-01,011401,BASE_lowR2,70992.74062903225
CALI,LECHE EN POLVO LACTANTE,2024-09-01,011401,BASE_lowR2,70679.83317741936
CALI,LECHE EN POLVO LACTANTE,2024-10-01,011401,BASE_lowR2,70828.83672580644
CALI,LECHE EN POLVO LACTANTE,2024-11-01,011401,BASE_lowR2,70407.9017016129
CALI,LECHE EN POLVO LACTANTE,2024-12-01,011401,BASE_lowR2,70411.62679032258
CALI,LECHE LARGA VIDA,2019-01-01,011401,D_city,1616.4124315393333
CALI,LECHE LARGA VIDA,2019-02-01,011401,D_city,1616.4124315393333
CALI,LECHE LARGA VIDA,2019-03-01,011401,D_city,1621.4859812449906
CALI,LECHE LARGA VIDA,2019-04-01,011401,D_city,1626.7748652046678
CALI,LECHE LARGA VIDA,2019-05-01,011401,D_city,1618.7373485736432
CALI,LECHE LARGA VIDA,2019-06-01,011401,D_city,1616.835085806489
CALI,LECHE LARGA VIDA,2019-07-01,011401,D_city,1628.6798453922916
CALI,LECHE LARGA VIDA,2019-08-01,011401,D_city,1628.8915419218447
CALI,LECHE LARGA VIDA,2019-09-01,011401,D_city,1650.9429032190967
CALI,LECHE LARGA VIDA,2019-10-01,011401,D_city,1643.726205518921
CALI,LECHE LARGA VIDA,2019-11-01,011401,D_city,1661.9944326743528
CALI,LECHE LARGA VIDA,2019-12-01,011401,D_city,1666.036772900019
CALI,LECHE LARGA VIDA,2020-01-01,011401,D_city,1681.375841686397
CALI,LECHE LARGA VIDA,2020-02-01,011401,D_city,1713.4370062690605
CALI,LECHE LARGA VIDA,2020-03-01,011401,D_city,1747.7903105266805
CALI,LECHE LARGA VIDA,2020-04-01,011401,D_city,1772.3635723675934
CALI,LECHE LARGA VIDA,2020-05-01,011401,D_city,1806.1190953505354
CALI,LECHE LARGA VIDA,2020-06-01,011401,D_city,1817.8381761733447
CALI,LECHE LARGA VIDA,2020-07-01,011401,D_city,1823.7043320340017
CALI,LECHE LARGA VIDA,2020-08-01,011401,D_city,1840.2400745724244
CALI,LECHE LARGA VIDA,2020-09-01,011401,D_city,1852.664659820897
CALI,LECHE LARGA VIDA,2020-10-01,011401,D_city,1855.9375224604498
CALI,LECHE LARGA VIDA,2020-11-01,011401,D_city,1849.6112030254658
CALI,LECHE LARGA VIDA,2020-12-01,011401,D_city,1861.8320648601282
CALI,LECHE LARGA VIDA,2021-01-01,011401,D_city,1873.6341978354537
CALI,LECHE LARGA VIDA,2021-02-01,011401,D_city,1871.2286506778735
CALI,LECHE LARGA VIDA,2021-03-01,011401,D_city,1870.3540848381538
CALI,LECHE LARGA VIDA,2021-04-01,011401,D_city,1885.0156122893184
CALI,LECHE LARGA VIDA,2021-05-01,011401,D_city,1924.3162288407302
CALI,LECHE LARGA VIDA,2021-06-01,011401,D_city,1915.0779042066079
CALI,LECHE LARGA VIDA,2021-07-01,011401,D_city,1927.3979708964034
CALI,LECHE LARGA VIDA,2021-08-01,011401,D_city,1941.059479120735
CALI,LECHE LARGA VIDA,2021-09-01,011401,D_city,1969.7773386437145
CALI,LECHE LARGA VIDA,2021-10-01,011401,D_city,2012.3702515549278
CALI,LECHE LARGA VIDA,2021-11-01,011401,D_city,2082.7054692318998
CALI,LECHE LARGA VIDA,2021-12-01,011401,D_city,2128.3288859513264
CALI,LECHE LARGA VIDA,2022-01-01,011401,D_city,2259.706333987115
CALI,LECHE LARGA VIDA,2022-02-01,011401,D_city,2393.351885055661
CALI,LECHE LARGA VIDA,2022-03-01,011401,D_city,2515.6332809860064
CALI,LECHE LARGA VIDA,2022-04-01,011401,D_city,2653.5387559125047
CALI,LECHE LARGA VIDA,2022-05-01,011401,D_city,2788.095389798285
CALI,LECHE LARGA VIDA,2022-06-01,011401,D_city,2902.3657202470017
CALI,LECHE LARGA VIDA,2022-07-01,011401,D_city,2939.9632897757924
CALI,LECHE LARGA VIDA,2022-08-01,011401,D_city,2966.7136549497086
CALI,LECHE LARGA VIDA,2022-09-01,011401,D_city,2981.5722432171
CALI,LECHE LARGA VIDA,2022-10-01,011401,D_city,3015.7391658197835
CALI,LECHE LARGA VIDA,2022-11-01,011401,D_city,3130.1147157706555
CALI,LECHE LARGA VIDA,2022-12-01,011401,D_city,3226.0961629094636
CALI,LECHE LARGA VIDA,2023-01-01,011401,D_city,3354.5274783969026
CALI,LECHE LARGA VIDA,2023-02-01,011401,D_city,3542.3565333138376
CALI,LECHE LARGA VIDA,2023-03-01,011401,D_city,3666.157594506401
CALI,LECHE LARGA VIDA,2023-04-01,011401,D_city,3764.9284164478586
CALI,LECHE LARGA VIDA,2023-05-01,011401,D_city,3801.2540763443035
CALI,LECHE LARGA VIDA,2023-06-01,011401,D_city,3821.9004541653267
CALI,LECHE LARGA VIDA,2023-07-01,011401,D_city,3838.177795808839
CALI,LECHE LARGA VIDA,2023-08-01,011401,D_city,3855.765057856493
CALI,LECHE LARGA VIDA,2023-09-01,011401,D_city,3878.29368791622
CALI,LECHE LARGA VIDA,2023-10-01,011401,D_city,3863.2712024716666
CALI,LECHE LARGA VIDA,2023-11-01,011401,D_city,3847.7450118049096
CALI,LECHE LARGA VIDA,2023-12-01,011401,D_city,3842.0557279343775
CALI,LECHE LARGA VIDA,2024-01-01,011401,D_city,3854.988754328677
CALI,LECHE LARGA VIDA,2024-02-01,011401,D_city,3832.23340620502
CALI,LECHE LARGA VIDA,2024-03-01,011401,D_city,3821.1257449033574
CALI,LECHE LARGA VIDA,2024-04-01,011401,D_city,3798.93299059518
CALI,LECHE LARGA VIDA,2024-05-01,011401,D_city,3767.2446453629004
CALI,LECHE LARGA VIDA,2024-06-01,011401,D_city,3770.590895251321
CALI,LECHE LARGA VIDA,2024-07-01,011401,D_city,3759.2679214386594
CALI,LECHE LARGA VIDA,2024-08-01,011401,D_city,3760.554223297622
CALI,LECHE LARGA VIDA,2024-09-01,011401,D_city,3738.9579749321383
CALI,LECHE LARGA VIDA,2024-10-01,011401,D_city,3749.2382879497604
CALI,LECHE LARGA VIDA,2024-11-01,011401,D_city,3720.213378425749
CALI,LECHE LARGA VIDA,2024-12-01,011401,D_city,3720.4700053557704
CALI,LECHE PASTEURIZADA,2019-01-01,011401,D_city,1067.6266511138167
CALI,LECHE PASTEURIZADA,2019-02-01,011401,D_city,1067.6266511138167
CALI,LECHE PASTEURIZADA,2019-03-01,011401,D_city,1070.1731875768237
CALI,LECHE PASTEURIZADA,2019-04-01,011401,D_city,1072.8257723478143
CALI,LECHE PASTEURIZADA,2019-05-01,011401,D_city,1068.793820365929
CALI,LECHE PASTEURIZADA,2019-06-01,011401,D_city,1067.8388645499185
CALI,LECHE PASTEURIZADA,2019-07-01,011401,D_city,1073.7806885605019
CALI,LECHE PASTEURIZADA,2019-08-01,011401,D_city,1073.8867898949811
CALI,LECHE PASTEURIZADA,2019-09-01,011401,D_city,1084.9208207314098
CALI,LECHE PASTEURIZADA,2019-10-01,011401,D_city,1081.3136518643105
CALI,LECHE PASTEURIZADA,2019-11-01,011401,D_city,1090.4374607828772
CALI,LECHE PASTEURIZADA,2019-12-01,011401,D_city,1092.4530941254484
CALI,LECHE PASTEURIZADA,2020-01-01,011401,D_city,1100.0909836260137
CALI,LECHE PASTEURIZADA,2020-02-01,011401,D_city,1116.0017406180175
CALI,LECHE PASTEURIZADA,2020-03-01,011401,D_city,1132.9709891484615
CALI,LECHE PASTEURIZADA,2020-04-01,011401,D_city,1145.0601960509534
CALI,LECHE PASTEURIZADA,2020-05-01,011401,D_city,1161.6014819830486
CALI,LECHE PASTEURIZADA,2020-06-01,011401,D_city,1167.3268215205776
CALI,LECHE PASTEURIZADA,2020-07-01,011401,D_city,1170.1893974415464
CALI,LECHE PASTEURIZADA,2020-08-01,011401,D_city,1178.2466842580548
CALI,LECHE PASTEURIZADA,2020-09-01,011401,D_city,1184.2893272055956
CALI,LECHE PASTEURIZADA,2020-10-01,011401,D_city,1185.8794507129915
CALI,LECHE PASTEURIZADA,2020-11-01,011401,D_city,1182.8051947786817
CALI,LECHE PASTEURIZADA,2020-12-01,011401,D_city,1188.7416251965637
CALI,LECHE PASTEURIZADA,2021-01-01,011401,D_city,1194.4657902126355
CALI,LECHE PASTEURIZADA,2021-02-01,011401,D_city,1193.299776448507
CALI,LECHE PASTEURIZADA,2021-03-01,011401,D_city,1192.875768928328
CALI,LECHE PASTEURIZADA,2021-04-01,011401,D_city,1199.9777182346354
CALI,LECHE PASTEURIZADA,2021-05-01,011401,D_city,1218.949753179321
CALI,LECHE PASTEURIZADA,2021-06-01,011401,D_city,1214.4984518830347
CALI,LECHE PASTEURIZADA,2021-07-01,011401,D_city,1220.4334880851827
CALI,LECHE PASTEURIZADA,2021-08-01,011401,D_city,1227.0041212824553
CALI,LECHE PASTEURIZADA,2021-09-01,011401,D_city,1240.7802401886051
CALI,LECHE PASTEURIZADA,2021-10-01,011401,D_city,1261.1240213725544
CALI,LECHE PASTEURIZADA,2021-11-01,011401,D_city,1294.4942295117512
CALI,LECHE PASTEURIZADA,2021-12-01,011401,D_city,1315.9954035998733
CALI,LECHE PASTEURIZADA,2022-01-01,011401,D_city,1377.304400642783
CALI,LECHE PASTEURIZADA,2022-02-01,011401,D_city,1438.8007469573447
CALI,LECHE PASTEURIZADA,2022-03-01,011401,D_city,1494.3495772552799
CALI,LECHE PASTEURIZADA,2022-04-01,011401,D_city,1556.2252175615913
CALI,LECHE PASTEURIZADA,2022-05-01,011401,D_city,1615.8589303682406
CALI,LECHE PASTEURIZADA,2022-06-01,011401,D_city,1665.9614400723954
CALI,LECHE PASTEURIZADA,2022-07-01,011401,D_city,1682.342241280579
CALI,LECHE PASTEURIZADA,2022-08-01,011401,D_city,1693.9664635776796
CALI,LECHE PASTEURIZADA,2022-09-01,011401,D_city,1700.41231673735
CALI,LECHE PASTEURIZADA,2022-10-01,011401,D_city,1715.2052567040976
CALI,LECHE PASTEURIZADA,2022-11-01,011401,D_city,1764.4364847775435
CALI,LECHE PASTEURIZADA,2022-12-01,011401,D_city,1805.417946586156
CALI,LECHE PASTEURIZADA,2023-01-01,011401,D_city,1859.800681881334
CALI,LECHE PASTEURIZADA,2023-02-01,011401,D_city,1938.445904174821
CALI,LECHE PASTEURIZADA,2023-03-01,011401,D_city,1989.734650962415
CALI,LECHE PASTEURIZADA,2023-04-01,011401,D_city,2030.356253944961
CALI,LECHE PASTEURIZADA,2023-05-01,011401,D_city,2045.2314383865166
CALI,LECHE PASTEURIZADA,2023-06-01,011401,D_city,2053.67083052758
CALI,LECHE PASTEURIZADA,2023-07-01,011401,D_city,2060.3166344128294
CALI,LECHE PASTEURIZADA,2023-08-01,011401,D_city,2067.4896688505746
CALI,LECHE PASTEURIZADA,2023-09-01,011401,D_city,2076.6666104637043
CALI,LECHE PASTEURIZADA,2023-10-01,011401,D_city,2070.5486896132516
CALI,LECHE PASTEURIZADA,2023-11-01,011401,D_city,2064.2196365660793
CALI,LECHE PASTEURIZADA,2023-12-01,011401,D_city,2061.898940511705
CALI,LECHE PASTEURIZADA,2024-01-01,011401,D_city,2067.1732161274404
CALI,LECHE PASTEURIZADA,2024-02-01,011401,D_city,2057.8904107071176
CALI,LECHE PASTEURIZADA,2024-03-01,011401,D_city,2053.354358903726
CALI,LECHE PASTEURIZADA,2024-04-01,011401,D_city,2044.281987387744
CALI,LECHE PASTEURIZADA,2024-05-01,011401,D_city,2031.3057627245469
CALI,LECHE PASTEURIZADA,2024-06-01,011401,D_city,2032.6772684289801
CALI,LECHE PASTEURIZADA,2024-07-01,011401,D_city,2028.0352158329265
CALI,LECHE PASTEURIZADA,2024-08-01,011401,D_city,2028.5627265709536
CALI,LECHE PASTEURIZADA,2024-09-01,011401,D_city,2019.700383792381
CALI,LECHE PASTEURIZADA,2024-10-01,011401,D_city,2023.9205901163168
CALI,LECHE PASTEURIZADA,2024-11-01,011401,D_city,2011.9983047004634
CALI,LECHE PASTEURIZADA,2024-12-01,011401,D_city,2012.1038144046765
CALI,LECHUGA,2019-01-01,011716,BASE_lowR2,1053.1250373552484
CALI,LECHUGA,2019-02-01,011716,BASE_lowR2,1056.9717500933882
CALI,LECHUGA,2019-03-01,011716,BASE_lowR2,1033.2794966380275
CALI,LECHUGA,2019-04-01,011716,BASE_lowR2,1010.2866454986927
CALI,LECHUGA,2019-05-01,011716,BASE_lowR2,1022.526186029137
CALI,LECHUGA,2019-06-01,011716,BASE_lowR2,1130.234142697049
CALI,LECHUGA,2019-07-01,011716,BASE_lowR2,1205.9444434067987
CALI,LECHUGA,2019-08-01,011716,BASE_lowR2,1192.0438223757938
CALI,LECHUGA,2019-09-01,011716,BASE_lowR2,1269.5900541651101
CALI,LECHUGA,2019-10-01,011716,BASE_lowR2,1220.3696161748226
CALI,LECHUGA,2019-11-01,011716,BASE_lowR2,1112.6616595069108
CALI,LECHUGA,2019-12-01,011716,BASE_lowR2,1058.8076811729547
CALI,LECHUGA,2020-01-01,011716,BASE_lowR2,1296.6918939110944
CALI,LECHUGA,2020-02-01,011716,BASE_lowR2,1426.2561729548001
CALI,LECHUGA,2020-03-01,011716,BASE_lowR2,1549.3509805752708
CALI,LECHUGA,2020-04-01,011716,BASE_lowR2,1351.4201251400823
CALI,LECHUGA,2020-05-01,011716,BASE_lowR2,1190.0330407172207
CALI,LECHUGA,2020-06-01,011716,BASE_lowR2,1203.7588111692194
CALI,LECHUGA,2020-07-01,011716,BASE_lowR2,1153.8389708629063
CALI,LECHUGA,2020-08-01,011716,BASE_lowR2,1192.9180752708253
CALI,LECHUGA,2020-09-01,011716,BASE_lowR2,1363.222539223011
CALI,LECHUGA,2020-10-01,011716,BASE_lowR2,1379.8333442286144
CALI,LECHUGA,2020-11-01,011716,BASE_lowR2,1318.373365707882
CALI,LECHUGA,2020-12-01,011716,BASE_lowR2,1286.026008591707
CALI,LECHUGA,2021-01-01,011716,BASE_lowR2,1271.2511346656704
CALI,LECHUGA,2021-02-01,011716,BASE_lowR2,1261.5469275308183
CALI,LECHUGA,2021-03-01,011716,BASE_lowR2,1305.871549308928
CALI,LECHUGA,2021-04-01,011716,BASE_lowR2,1358.2392977213299
CALI,LECHUGA,2021-05-01,011716,BASE_lowR2,1660.1188223757938
CALI,LECHUGA,2021-06-01,011716,BASE_lowR2,1549.1761299962643
CALI,LECHUGA,2021-07-01,011716,BASE_lowR2,1585.8073262980947
CALI,LECHUGA,2021-08-01,011716,BASE_lowR2,1535.3629342547629
CALI,LECHUGA,2021-09-01,011716,BASE_lowR2,1518.4024280911467
CALI,LECHUGA,2021-10-01,011716,BASE_lowR2,1424.3328165857301
CALI,LECHUGA,2021-11-01,011716,BASE_lowR2,1490.6011860291371
CALI,LECHUGA,2021-12-01,011716,BASE_lowR2,1605.7402923048187
CALI,LECHUGA,2022-01-01,011716,BASE_lowR2,1816.1729641389616
CALI,LECHUGA,2022-02-01,011716,BASE_lowR2,1822.1178838251774
CALI,LECHUGA,2022-03-01,011716,BASE_lowR2,1856.6508731789318
CALI,LECHUGA,2022-04-01,011716,BASE_lowR2,1779.2794919686216
CALI,LECHUGA,2022-05-01,011716,BASE_lowR2,1811.0148720582742
CALI,LECHUGA,2022-06-01,011716,BASE_lowR2,1908.8437710123274
CALI,LECHUGA,2022-07-01,011716,BASE_lowR2,2046.1889008218154
CALI,LECHUGA,2022-08-01,011716,BASE_lowR2,2167.18550149421
CALI,LECHUGA,2022-09-01,011716,BASE_lowR2,2108.348281658573
CALI,LECHUGA,2022-10-01,011716,BASE_lowR2,1987.1768304071725
CALI,LECHUGA,2022-11-01,011716,BASE_lowR2,1929.0390128875608
CALI,LECHUGA,2022-12-01,011716,BASE_lowR2,1901.150345536048
CALI,LECHUGA,2023-01-01,011716,BASE_lowR2,2186.8561916324243
CALI,LECHUGA,2023-02-01,011716,BASE_lowR2,2146.9902596189763
CALI,LECHUGA,2023-03-01,011716,BASE_lowR2,2314.7593901755695
CALI,LECHUGA,2023-04-01,011716,BASE_lowR2,2341.8612299215542
CALI,LECHUGA,2023-05-01,011716,BASE_lowR2,2217.2801923795296
CALI,LECHUGA,2023-06-01,011716,BASE_lowR2,2143.668098617856
CALI,LECHUGA,2023-07-01,011716,BASE_lowR2,2030.9769004482628
CALI,LECHUGA,2023-08-01,011716,BASE_lowR2,2165.4369957041463
CALI,LECHUGA,2023-09-01,011716,BASE_lowR2,2295.0012747478518
CALI,LECHUGA,2023-10-01,011716,BASE_lowR2,2352.789391109451
CALI,LECHUGA,2023-11-01,011716,BASE_lowR2,2091.824901942473
CALI,LECHUGA,2023-12-01,011716,BASE_lowR2,1973.713335823683
CALI,LECHUGA,2024-01-01,011716,BASE_lowR2,2331.545045760179
CALI,LECHUGA,2024-02-01,011716,BASE_lowR2,2596.0065465072844
CALI,LECHUGA,2024-03-01,011716,BASE_lowR2,2723.9097450504296
CALI,LECHUGA,2024-04-01,011716,BASE_lowR2,2787.6427810982445
CALI,LECHUGA,2024-05-01,011716,BASE_lowR2,2535.0711197235714
CALI,LECHUGA,2024-06-01,011716,BASE_lowR2,2365.7283339559212
CALI,LECHUGA,2024-07-01,011716,BASE_lowR2,2352.439689951438
CALI,LECHUGA,2024-08-01,011716,BASE_lowR2,2408.217024654464
CALI,LECHUGA,2024-09-01,011716,BASE_lowR2,2569.429258498319
CALI,LECHUGA,2024-10-01,011716,BASE_lowR2,2591.373006163616
CALI,LECHUGA,2024-11-01,011716,BASE_lowR2,2420.1068640268954
CALI,LECHUGA,2024-12-01,011716,BASE_lowR2,2208.0131116921925
CALI,LENTEJAS,2019-01-01,011702,BASE,2236.2586720698255
CALI,LENTEJAS,2019-02-01,011702,BASE,2210.9825623441393
CALI,LENTEJAS,2019-03-01,011702,BASE,2167.2007294264336
CALI,LENTEJAS,2019-04-01,011702,BASE,2147.1152493765585
CALI,LENTEJAS,2019-05-01,011702,BASE,2123.1932169576057
CALI,LENTEJAS,2019-06-01,011702,BASE,2114.39171446384
CALI,LENTEJAS,2019-07-01,011702,BASE,2129.9636034912714
CALI,LENTEJAS,2019-08-01,011702,BASE,2158.173547381546
CALI,LENTEJAS,2019-09-01,011702,BASE,2147.5666084788027
CALI,LENTEJAS,2019-10-01,011702,BASE,2123.4188965087283
CALI,LENTEJAS,2019-11-01,011702,BASE,2121.6134600997507
CALI,LENTEJAS,2019-12-01,011702,BASE,2120.4850623441394
CALI,LENTEJAS,2020-01-01,011702,BASE,2129.2865648379047
CALI,LENTEJAS,2020-02-01,011702,BASE,2137.6367082294264
CALI,LENTEJAS,2020-03-01,011702,BASE,2140.570542394015
CALI,LENTEJAS,2020-04-01,011702,BASE,2395.1370760598497
CALI,LENTEJAS,2020-05-01,011702,BASE,2655.1199189526183
CALI,LENTEJAS,2020-06-01,011702,BASE,2732.5280049875305
CALI,LENTEJAS,2020-07-01,011702,BASE,2745.6174189526178
CALI,LENTEJAS,2020-08-01,011702,BASE,2655.1199189526183
CALI,LENTEJAS,2020-09-01,011702,BASE,2593.509401496259
CALI,LENTEJAS,2020-10-01,011702,BASE,2529.416408977556
CALI,LENTEJAS,2020-11-01,011702,BASE,2488.1170511221944
CALI,LENTEJAS,2020-12-01,011702,BASE,2460.5841458852865
CALI,LENTEJAS,2021-01-01,011702,BASE,2433.502599750623
CALI,LENTEJAS,2021-02-01,011702,BASE,2449.9772069825435
CALI,LENTEJAS,2021-03-01,011702,BASE,2435.9850748129675
CALI,LENTEJAS,2021-04-01,011702,BASE,2464.646377805486
CALI,LENTEJAS,2021-05-01,011702,BASE,2527.3852930174558
CALI,LENTEJAS,2021-06-01,011702,BASE,2670.69180798005
CALI,LENTEJAS,2021-07-01,011702,BASE,2707.4775748129678
CALI,LENTEJAS,2021-08-01,011702,BASE,2727.7887344139654
CALI,LENTEJAS,2021-09-01,011702,BASE,2781.7261471321694
CALI,LENTEJAS,2021-10-01,011702,BASE,2811.2901683291766
CALI,LENTEJAS,2021-11-01,011702,BASE,2820.0916708229424
CALI,LENTEJAS,2021-12-01,011702,BASE,2872.4493266832915
CALI,LENTEJAS,2022-01-01,011702,BASE,2952.7912468827926
CALI,LENTEJAS,2022-02-01,011702,BASE,3116.8602805486285
CALI,LENTEJAS,2022-03-01,011702,BASE,3243.6921882793013
CALI,LENTEJAS,2022-04-01,011702,BASE,3407.0841832917704
CALI,LENTEJAS,2022-05-01,011702,BASE,3552.1961346633416
CALI,LENTEJAS,2022-06-01,011702,BASE,3730.9343391521193
CALI,LENTEJAS,2022-07-01,011702,BASE,4006.489071072319
CALI,LENTEJAS,2022-08-01,011702,BASE,4283.849239401496
CALI,LENTEJAS,2022-09-01,011702,BASE,4383.825280548628
CALI,LENTEJAS,2022-10-01,011702,BASE,4391.949744389028
CALI,LENTEJAS,2022-11-01,011702,BASE,4502.984083541147
CALI,LENTEJAS,2022-12-01,011702,BASE,4605.893958852867
CALI,LENTEJAS,2023-01-01,011702,BASE,4682.399326683291
CALI,LENTEJAS,2023-02-01,011702,BASE,4741.5273690773065
CALI,LENTEJAS,2023-03-01,011702,BASE,4792.982306733166
CALI,LENTEJAS,2023-04-01,011702,BASE,4773.79954488778
CALI,LENTEJAS,2023-05-01,011702,BASE,4727.53523690773
CALI,LENTEJAS,2023-06-01,011702,BASE,4667.9558354114715
CALI,LENTEJAS,2023-07-01,011702,BASE,4608.150754364089
CALI,LENTEJAS,2023-08-01,011702,BASE,4547.442955112219
CALI,LENTEJAS,2023-09-01,011702,BASE,4347.942231920199
CALI,LENTEJAS,2023-10-01,011702,BASE,4091.344582294264
CALI,LENTEJAS,2023-11-01,011702,BASE,3968.8005860349126
CALI,LENTEJAS,2023-12-01,011702,BASE,3937.656807980049
CALI,LENTEJAS,2024-01-01,011702,BASE,3887.3302680798
CALI,LENTEJAS,2024-02-01,011702,BASE,3893.197936408977
CALI,LENTEJAS,2024-03-01,011702,BASE,3883.719395261845
CALI,LENTEJAS,2024-04-01,011702,BASE,3846.256589775561
CALI,LENTEJAS,2024-05-01,011702,BASE,3818.9493640897754
CALI,LENTEJAS,2024-06-01,011702,BASE,3823.237275561097
CALI,LENTEJAS,2024-07-01,011702,BASE,3851.898578553616
CALI,LENTEJAS,2024-08-01,011702,BASE,3829.3306234413963
CALI,LENTEJAS,2024-09-01,011702,BASE,3830.233341645885
CALI,LENTEJAS,2024-10-01,011702,BASE,3790.2880610972566
CALI,LENTEJAS,2024-11-01,011702,BASE,3796.8327680798006
CALI,LENTEJAS,2024-12-01,011702,BASE,3824.817032418952
CALI,LIMONES,2019-01-01,011609,D_city,1701.3311856324412
CALI,LIMONES,2019-02-01,011609,D_city,1881.882012289673
CALI,LIMONES,2019-03-01,011609,D_city,2321.84525944201
CALI,LIMONES,2019-04-01,011609,D_city,2246.2281317566376
CALI,LIMONES,2019-05-01,011609,D_city,1976.9777462195673
CALI,LIMONES,2019-06-01,011609,D_city,1996.480012415821
CALI,LIMONES,2019-07-01,011609,D_city,2235.5666997735357
CALI,LIMONES,2019-08-01,011609,D_city,2508.07596593632
CALI,LIMONES,2019-09-01,011609,D_city,2828.1109533674435
CALI,LIMONES,2019-10-01,011609,D_city,2768.5649122225987
CALI,LIMONES,2019-11-01,011609,D_city,2487.8706666544226
CALI,LIMONES,2019-12-01,011609,D_city,2238.685407445364
CALI,LIMONES,2020-01-01,011609,D_city,2252.997600567972
CALI,LIMONES,2020-02-01,011609,D_city,2443.3395152095095
CALI,LIMONES,2020-03-01,011609,D_city,2864.9377116645855
CALI,LIMONES,2020-04-01,011609,D_city,2861.557811198743
CALI,LIMONES,2020-05-01,011609,D_city,2557.0568897220387
CALI,LIMONES,2020-06-01,011609,D_city,2283.2805961353142
CALI,LIMONES,2020-07-01,011609,D_city,2109.4379712261166
CALI,LIMONES,2020-08-01,011609,D_city,2153.696244223598
CALI,LIMONES,2020-09-01,011609,D_city,2256.906082314393
CALI,LIMONES,2020-10-01,011609,D_city,2413.709269517177
CALI,LIMONES,2020-11-01,011609,D_city,2452.4389930163875
CALI,LIMONES,2020-12-01,011609,D_city,2248.830987856989
CALI,LIMONES,2021-01-01,011609,D_city,2320.2670742251266
CALI,LIMONES,2021-02-01,011609,D_city,2456.7249133709
CALI,LIMONES,2021-03-01,011609,D_city,2748.252337931822
CALI,LIMONES,2021-04-01,011609,D_city,2854.8019127504713
CALI,LIMONES,2021-05-01,011609,D_city,4153.837261308395
CALI,LIMONES,2021-06-01,011609,D_city,2877.906036237496
CALI,LIMONES,2021-07-01,011609,D_city,2925.7140738968387
CALI,LIMONES,2021-08-01,011609,D_city,3235.4588762022668
CALI,LIMONES,2021-09-01,011609,D_city,3329.1021183012895
CALI,LIMONES,2021-10-01,011609,D_city,3665.454236716291
CALI,LIMONES,2021-11-01,011609,D_city,3560.9331626382977
CALI,LIMONES,2021-12-01,011609,D_city,3406.6080931971223
CALI,LIMONES,2022-01-01,011609,D_city,3834.28987159059
CALI,LIMONES,2022-02-01,011609,D_city,4386.762741158787
CALI,LIMONES,2022-03-01,011609,D_city,5027.756364080671
CALI,LIMONES,2022-04-01,011609,D_city,5063.667339949544
CALI,LIMONES,2022-05-01,011609,D_city,4683.515437521673
CALI,LIMONES,2022-06-01,011609,D_city,4611.613318887341
CALI,LIMONES,2022-07-01,011609,D_city,4808.378683746323
CALI,LIMONES,2022-08-01,011609,D_city,5141.532353890309
CALI,LIMONES,2022-09-01,011609,D_city,5708.220982067282
CALI,LIMONES,2022-10-01,011609,D_city,5968.993458740072
CALI,LIMONES,2022-11-01,011609,D_city,5606.2422036477965
CALI,LIMONES,2022-12-01,011609,D_city,5009.832140234688
CALI,LIMONES,2023-01-01,011609,D_city,5388.162834384826
CALI,LIMONES,2023-02-01,011609,D_city,5913.966737452079
CALI,LIMONES,2023-03-01,011609,D_city,7130.962349664141
CALI,LIMONES,2023-04-01,011609,D_city,6706.676405472638
CALI,LIMONES,2023-05-01,011609,D_city,6199.808965633664
CALI,LIMONES,2023-06-01,011609,D_city,5818.602960850689
CALI,LIMONES,2023-07-01,011609,D_city,6356.9680788926335
CALI,LIMONES,2023-08-01,011609,D_city,7107.0849062745965
CALI,LIMONES,2023-09-01,011609,D_city,7654.6622273044895
CALI,LIMONES,2023-10-01,011609,D_city,8117.420430192995
CALI,LIMONES,2023-11-01,011609,D_city,7235.49435270847
CALI,LIMONES,2023-12-01,011609,D_city,6143.734207443995
CALI,LIMONES,2024-01-01,011609,D_city,6462.818023267239
CALI,LIMONES,2024-02-01,011609,D_city,7191.3404015258375
CALI,LIMONES,2024-03-01,011609,D_city,8173.654811026625
CALI,LIMONES,2024-04-01,011609,D_city,8990.83430303776
CALI,LIMONES,2024-05-01,011609,D_city,8554.71671931933
CALI,LIMONES,2024-06-01,011609,D_city,7716.058080967435
CALI,LIMONES,2024-07-01,011609,D_city,7370.783263149772
CALI,LIMONES,2024-08-01,011609,D_city,7834.635491998103
CALI,LIMONES,2024-09-01,011609,D_city,9331.943575451372
CALI,LIMONES,2024-10-01,011609,D_city,9595.594641416244
CALI,LIMONES,2024-11-01,011609,D_city,9044.051403400461
CALI,LIMONES,2024-12-01,011609,D_city,8108.32395816378
CALI,LULOS,2019-01-01,011609,BASE_lowR2,3136.655125543216
CALI,LULOS,2019-02-01,011609,BASE_lowR2,3357.3258148237564
CALI,LULOS,2019-03-01,011609,BASE_lowR2,3868.088360695316
CALI,LULOS,2019-04-01,011609,BASE_lowR2,3782.7150953645587
CALI,LULOS,2019-05-01,011609,BASE_lowR2,3470.762956301304
CALI,LULOS,2019-06-01,011609,BASE_lowR2,3493.8048756639305
CALI,LULOS,2019-07-01,011609,BASE_lowR2,3770.6033172380494
CALI,LULOS,2019-08-01,011609,BASE_lowR2,4074.579407291164
CALI,LULOS,2019-09-01,011609,BASE_lowR2,4418.14033317238
CALI,LULOS,2019-10-01,011609,BASE_lowR2,4355.218168759054
CALI,LULOS,2019-11-01,011609,BASE_lowR2,4052.42371559633
CALI,LULOS,2019-12-01,011609,BASE_lowR2,3774.148227909223
CALI,LULOS,2020-01-01,011609,BASE_lowR2,3790.3957351521003
CALI,LULOS,2020-02-01,011609,BASE_lowR2,4003.385784645099
CALI,LULOS,2020-03-01,011609,BASE_lowR2,4456.8389413326895
CALI,LULOS,2020-04-01,011609,BASE_lowR2,4453.2940306615155
CALI,LULOS,2020-05-01,011609,BASE_lowR2,4128.048476581362
CALI,LULOS,2020-06-01,011609,BASE_lowR2,3824.6632049734426
CALI,LULOS,2020-07-01,011609,BASE_lowR2,3625.8527981651373
CALI,LULOS,2020-08-01,011609,BASE_lowR2,3676.9585936745534
CALI,LULOS,2020-09-01,011609,BASE_lowR2,3794.8268734910675
CALI,LULOS,2020-10-01,011609,BASE_lowR2,3970.5953609367452
CALI,LULOS,2020-11-01,011609,BASE_lowR2,4013.4296982134238
CALI,LULOS,2020-12-01,011609,BASE_lowR2,3785.669187590536
CALI,LULOS,2021-01-01,011609,BASE_lowR2,3866.3159053597296
CALI,LULOS,2021-02-01,011609,BASE_lowR2,4018.1562457749883
CALI,LULOS,2021-03-01,011609,BASE_lowR2,4333.653295509415
CALI,LULOS,2021-04-01,011609,BASE_lowR2,4446.204209319169
CALI,LULOS,2021-05-01,011609,BASE_lowR2,5725.030733944955
CALI,LULOS,2021-06-01,011609,BASE_lowR2,4470.427765572188
CALI,LULOS,2021-07-01,011609,BASE_lowR2,4520.351924191213
CALI,LULOS,2021-08-01,011609,BASE_lowR2,4837.621429261226
CALI,LULOS,2021-09-01,011609,BASE_lowR2,4931.56156204732
CALI,LULOS,2021-10-01,011609,BASE_lowR2,5262.124482134234
CALI,LULOS,2021-11-01,011609,BASE_lowR2,5160.5037095605985
CALI,LULOS,2021-12-01,011609,BASE_lowR2,5008.663369145341
CALI,LULOS,2022-01-01,011609,BASE_lowR2,5424.304145340415
CALI,LULOS,2022-02-01,011609,BASE_lowR2,5939.497829550942
CALI,LULOS,2022-03-01,011609,BASE_lowR2,6511.41008450024
CALI,LULOS,2022-04-01,011609,BASE_lowR2,6542.723462095606
CALI,LULOS,2022-05-01,011609,BASE_lowR2,6207.433994447127
CALI,LULOS,2022-06-01,011609,BASE_lowR2,6143.034783920811
CALI,LULOS,2022-07-01,011609,BASE_lowR2,6318.5078621438915
CALI,LULOS,2022-08-01,011609,BASE_lowR2,6610.372174070498
CALI,LULOS,2022-09-01,011609,BASE_lowR2,7093.070843795268
CALI,LULOS,2022-10-01,011609,BASE_lowR2,7309.901213182037
CALI,LULOS,2022-11-01,011609,BASE_lowR2,7007.402169241912
CALI,LULOS,2022-12-01,011609,BASE_lowR2,6495.753395702559
CALI,LULOS,2023-01-01,011609,BASE_lowR2,6822.475995895702
CALI,LULOS,2023-02-01,011609,BASE_lowR2,7264.408192901979
CALI,LULOS,2023-03-01,011609,BASE_lowR2,8241.031082810237
CALI,LULOS,2023-04-01,011609,BASE_lowR2,7907.218661274746
CALI,LULOS,2023-05-01,011609,BASE_lowR2,7499.258524867214
CALI,LULOS,2023-06-01,011609,BASE_lowR2,7185.238521245775
CALI,LULOS,2023-07-01,011609,BASE_lowR2,7626.875309029455
CALI,LULOS,2023-08-01,011609,BASE_lowR2,8222.420301786577
CALI,LULOS,2023-09-01,011609,BASE_lowR2,8644.264671656205
CALI,LULOS,2023-10-01,011609,BASE_lowR2,8993.142963544182
CALI,LULOS,2023-11-01,011609,BASE_lowR2,8322.268619024626
CALI,LULOS,2023-12-01,011609,BASE_lowR2,7453.470095364558
CALI,LULOS,2024-01-01,011609,BASE_lowR2,7712.248574360213
CALI,LULOS,2024-02-01,011609,BASE_lowR2,8288.001149203283
CALI,LULOS,2024-03-01,011609,BASE_lowR2,9035.091073153068
CALI,LULOS,2024-04-01,011609,BASE_lowR2,9634.476385803959
CALI,LULOS,2024-05-01,011609,BASE_lowR2,9316.911471511346
CALI,LULOS,2024-06-01,011609,BASE_lowR2,8690.939328826653
CALI,LULOS,2024-07-01,011609,BASE_lowR2,8426.84348382424
CALI,LULOS,2024-08-01,011609,BASE_lowR2,8780.743732496378
CALI,LULOS,2024-09-01,011609,BASE_lowR2,9879.370631337519
CALI,LULOS,2024-10-01,011609,BASE_lowR2,10066.66007846451
CALI,LULOS,2024-11-01,011609,BASE_lowR2,9672.879584741671
CALI,LULOS,2024-12-01,011609,BASE_lowR2,8986.348551424433
CALI,MANTECA VEGETAL,2019-01-01,011505,BASE,3333.604852110336
CALI,MANTECA VEGETAL,2019-02-01,011505,BASE,3409.505383848455
CALI,MANTECA VEGETAL,2019-03-01,011505,BASE,3373.0597540711206
CALI,MANTECA VEGETAL,2019-04-01,011505,BASE,3389.109205716185
CALI,MANTECA VEGETAL,2019-05-01,011505,BASE,3385.4312063808575
CALI,MANTECA VEGETAL,2019-06-01,011505,BASE,3376.0690262545695
CALI,MANTECA VEGETAL,2019-07-01,011505,BASE,3344.304486540379
CALI,MANTECA VEGETAL,2019-08-01,011505,BASE,3384.093752077102
CALI,MANTECA VEGETAL,2019-09-01,011505,BASE,3360.688301761383
CALI,MANTECA VEGETAL,2019-10-01,011505,BASE,3346.310667996012
CALI,MANTECA VEGETAL,2019-11-01,011505,BASE,3356.3415752741776
CALI,MANTECA VEGETAL,2019-12-01,011505,BASE,3345.307577268196
CALI,MANTECA VEGETAL,2020-01-01,011505,BASE,3453.9757394483217
CALI,MANTECA VEGETAL,2020-02-01,011505,BASE,3452.303921568628
CALI,MANTECA VEGETAL,2020-03-01,011505,BASE,3493.7650049850454
CALI,MANTECA VEGETAL,2020-04-01,011505,BASE,3531.882452642074
CALI,MANTECA VEGETAL,2020-05-01,011505,BASE,3576.352808241941
CALI,MANTECA VEGETAL,2020-06-01,011505,BASE,3622.8293452974413
CALI,MANTECA VEGETAL,2020-07-01,011505,BASE,3628.8478896643405
CALI,MANTECA VEGETAL,2020-08-01,011505,BASE,3671.3120638085747
CALI,MANTECA VEGETAL,2020-09-01,011505,BASE,3687.6958790295785
CALI,MANTECA VEGETAL,2020-10-01,011505,BASE,3670.308973080758
CALI,MANTECA VEGETAL,2020-11-01,011505,BASE,3650.9158856763047
CALI,MANTECA VEGETAL,2020-12-01,011505,BASE,3679.671153207046
CALI,MANTECA VEGETAL,2021-01-01,011505,BASE,3698.3955134596217
CALI,MANTECA VEGETAL,2021-02-01,011505,BASE,3716.1167829843807
CALI,MANTECA VEGETAL,2021-03-01,011505,BASE,3712.104420073114
CALI,MANTECA VEGETAL,2021-04-01,011505,BASE,3735.8442339647727
CALI,MANTECA VEGETAL,2021-05-01,011505,BASE,3812.079129278831
CALI,MANTECA VEGETAL,2021-06-01,011505,BASE,3857.552575606514
CALI,MANTECA VEGETAL,2021-07-01,011505,BASE,3903.3603855101364
CALI,MANTECA VEGETAL,2021-08-01,011505,BASE,3947.8307411100036
CALI,MANTECA VEGETAL,2021-09-01,011505,BASE,4005.0069125955474
CALI,MANTECA VEGETAL,2021-10-01,011505,BASE,4031.7559986706547
CALI,MANTECA VEGETAL,2021-11-01,011505,BASE,4047.4710867397807
CALI,MANTECA VEGETAL,2021-12-01,011505,BASE,4027.743635759389
CALI,MANTECA VEGETAL,2022-01-01,011505,BASE,4039.4463609172485
CALI,MANTECA VEGETAL,2022-02-01,011505,BASE,4066.1954469923567
CALI,MANTECA VEGETAL,2022-03-01,011505,BASE,4106.6534396809575
CALI,MANTECA VEGETAL,2022-04-01,011505,BASE,4173.860518444666
CALI,MANTECA VEGETAL,2022-05-01,011505,BASE,4246.751777999336
CALI,MANTECA VEGETAL,2022-06-01,011505,BASE,4358.763575938851
CALI,MANTECA VEGETAL,2022-07-01,011505,BASE,4515.91445663011
CALI,MANTECA VEGETAL,2022-08-01,011505,BASE,4663.034430043204
CALI,MANTECA VEGETAL,2022-09-01,011505,BASE,4796.111133266867
CALI,MANTECA VEGETAL,2022-10-01,011505,BASE,4896.085842472583
CALI,MANTECA VEGETAL,2022-11-01,011505,BASE,4902.773113991359
CALI,MANTECA VEGETAL,2022-12-01,011505,BASE,4954.265104685942
CALI,MANTECA VEGETAL,2023-01-01,011505,BASE,4986.029644400133
CALI,MANTECA VEGETAL,2023-02-01,011505,BASE,5012.110003323364
CALI,MANTECA VEGETAL,2023-03-01,011505,BASE,5092.022897972749
CALI,MANTECA VEGETAL,2023-04-01,011505,BASE,5139.836889332005
CALI,MANTECA VEGETAL,2023-05-01,011505,BASE,5131.1434363575945
CALI,MANTECA VEGETAL,2023-06-01,011505,BASE,5168.5921568627455
CALI,MANTECA VEGETAL,2023-07-01,011505,BASE,5162.573612495847
CALI,MANTECA VEGETAL,2023-08-01,011505,BASE,5196.009970089732
CALI,MANTECA VEGETAL,2023-09-01,011505,BASE,5198.684878697242
CALI,MANTECA VEGETAL,2023-10-01,011505,BASE,5184.3072449318715
CALI,MANTECA VEGETAL,2023-11-01,011505,BASE,5144.183615819209
CALI,MANTECA VEGETAL,2023-12-01,011505,BASE,5129.4716184779
CALI,MANTECA VEGETAL,2024-01-01,011505,BASE,5155.55197740113
CALI,MANTECA VEGETAL,2024-02-01,011505,BASE,5186.647789963444
CALI,MANTECA VEGETAL,2024-03-01,011505,BASE,5196.009970089732
CALI,MANTECA VEGETAL,2024-04-01,011505,BASE,5184.975972083749
CALI,MANTECA VEGETAL,2024-05-01,011505,BASE,5166.5859754071125
CALI,MANTECA VEGETAL,2024-06-01,011505,BASE,5124.121801262879
CALI,MANTECA VEGETAL,2024-07-01,011505,BASE,5131.812163509471
CALI,MANTECA VEGETAL,2024-08-01,011505,BASE,5143.849252243271
CALI,MANTECA VEGETAL,2024-09-01,011505,BASE,5105.397441010303
CALI,MANTECA VEGETAL,2024-10-01,011505,BASE,5098.041442339649
CALI,MANTECA VEGETAL,2024-11-01,011505,BASE,5102.053805250915
CALI,MANTECA VEGETAL,2024-12-01,011505,BASE,5076.307809903623
CALI,MANZANAS,2019-01-01,011609,BASE_lowR2,4217.1814630613235
CALI,MANZANAS,2019-02-01,011609,BASE_lowR2,4513.869591984548
CALI,MANZANAS,2019-03-01,011609,BASE_lowR2,5200.5814727184925
CALI,MANZANAS,2019-04-01,011609,BASE_lowR2,5085.798515210044
CALI,MANZANAS,2019-05-01,011609,BASE_lowR2,4666.383971511347
CALI,MANZANAS,2019-06-01,011609,BASE_lowR2,4697.363454852728
CALI,MANZANAS,2019-07-01,011609,BASE_lowR2,5069.514427812651
CALI,MANZANAS,2019-08-01,011609,BASE_lowR2,5478.205304200869
CALI,MANZANAS,2019-09-01,011609,BASE_lowR2,5940.117344278126
CALI,MANZANAS,2019-10-01,011609,BASE_lowR2,5855.519524384355
CALI,MANZANAS,2019-11-01,011609,BASE_lowR2,5448.417339449541
CALI,MANZANAS,2019-12-01,011609,BASE_lowR2,5074.280502172863
CALI,MANZANAS,2020-01-01,011609,BASE_lowR2,5096.12500965717
CALI,MANZANAS,2020-02-01,011609,BASE_lowR2,5382.486644133269
CALI,MANZANAS,2020-03-01,011609,BASE_lowR2,5992.146989377112
CALI,MANZANAS,2020-04-01,011609,BASE_lowR2,5987.380915016899
CALI,MANZANAS,2020-05-01,011609,BASE_lowR2,5550.093592467407
CALI,MANZANAS,2020-06-01,011609,BASE_lowR2,5142.19706180589
CALI,MANZANAS,2020-07-01,011609,BASE_lowR2,4874.899724770642
CALI,MANZANAS,2020-08-01,011609,BASE_lowR2,4943.610630130372
CALI,MANZANAS,2020-09-01,011609,BASE_lowR2,5102.082602607436
CALI,MANZANAS,2020-10-01,011609,BASE_lowR2,5338.400456301303
CALI,MANZANAS,2020-11-01,011609,BASE_lowR2,5395.990521487204
CALI,MANZANAS,2020-12-01,011609,BASE_lowR2,5089.7702438435535
CALI,MANZANAS,2021-01-01,011609,BASE_lowR2,5198.198435538387
CALI,MANZANAS,2021-02-01,011609,BASE_lowR2,5402.345287300821
CALI,MANZANAS,2021-03-01,011609,BASE_lowR2,5826.525905359729
CALI,MANZANAS,2021-04-01,011609,BASE_lowR2,5977.848766296474
CALI,MANZANAS,2021-05-01,011609,BASE_lowR2,7697.210091743119
CALI,MANZANAS,2021-06-01,011609,BASE_lowR2,6010.41694109126
CALI,MANZANAS,2021-07-01,011609,BASE_lowR2,6077.539154997586
CALI,MANZANAS,2021-08-01,011609,BASE_lowR2,6504.1028102366
CALI,MANZANAS,2021-09-01,011609,BASE_lowR2,6630.40378078223
CALI,MANZANAS,2021-10-01,011609,BASE_lowR2,7074.8402148720415
CALI,MANZANAS,2021-11-01,011609,BASE_lowR2,6938.212749879285
CALI,MANZANAS,2021-12-01,011609,BASE_lowR2,6734.065898116852
CALI,MANZANAS,2022-01-01,011609,BASE_lowR2,7292.888116851762
CALI,MANZANAS,2022-02-01,011609,BASE_lowR2,7985.557590535973
CALI,MANZANAS,2022-03-01,011609,BASE_lowR2,8754.48425398358
CALI,MANZANAS,2022-04-01,011609,BASE_lowR2,8796.584577498792
CALI,MANZANAS,2022-05-01,011609,BASE_lowR2,8345.793377595362
CALI,MANZANAS,2022-06-01,011609,BASE_lowR2,8259.209693384837
CALI,MANZANAS,2022-07-01,011609,BASE_lowR2,8495.130374215354
CALI,MANZANAS,2022-08-01,011609,BASE_lowR2,8887.53716320618
CALI,MANZANAS,2022-09-01,011609,BASE_lowR2,9536.517621921776
CALI,MANZANAS,2022-10-01,011609,BASE_lowR2,9828.042503621436
CALI,MANZANAS,2022-11-01,011609,BASE_lowR2,9421.337491549975
CALI,MANZANAS,2022-12-01,011609,BASE_lowR2,8733.434092225976
CALI,MANZANAS,2023-01-01,011609,BASE_lowR2,9172.707279092225
CALI,MANZANAS,2023-02-01,011609,BASE_lowR2,9766.877882665378
CALI,MANZANAS,2023-03-01,011609,BASE_lowR2,11079.931368903912
CALI,MANZANAS,2023-04-01,011609,BASE_lowR2,10631.126033317238
CALI,MANZANAS,2023-05-01,011609,BASE_lowR2,10082.630309029453
CALI,MANZANAS,2023-06-01,011609,BASE_lowR2,9660.4355552873
CALI,MANZANAS,2023-07-01,011609,BASE_lowR2,10254.208985997102
CALI,MANZANAS,2023-08-01,011609,BASE_lowR2,11054.909478512795
CALI,MANZANAS,2023-09-01,011609,BASE_lowR2,11622.072327378077
CALI,MANZANAS,2023-10-01,011609,BASE_lowR2,12091.133478995653
CALI,MANZANAS,2023-11-01,011609,BASE_lowR2,11189.153906325448
CALI,MANZANAS,2023-12-01,011609,BASE_lowR2,10021.068515210043
CALI,MANZANAS,2024-01-01,011609,BASE_lowR2,10368.991943505553
CALI,MANZANAS,2024-02-01,011609,BASE_lowR2,11143.081854176724
CALI,MANZANAS,2024-03-01,011609,BASE_lowR2,12147.532025591501
CALI,MANZANAS,2024-04-01,011609,BASE_lowR2,12953.395765330755
CALI,MANZANAS,2024-05-01,011609,BASE_lowR2,12526.43493722839
CALI,MANZANAS,2024-06-01,011609,BASE_lowR2,11684.82563978754
CALI,MANZANAS,2024-07-01,011609,BASE_lowR2,11329.753099951713
CALI,MANZANAS,2024-08-01,011609,BASE_lowR2,11805.566190246256
CALI,MANZANAS,2024-09-01,011609,BASE_lowR2,13282.652069048767
CALI,MANZANAS,2024-10-01,011609,BASE_lowR2,13534.459664413325
CALI,MANZANAS,2024-11-01,011609,BASE_lowR2,13005.028237566392
CALI,MANZANAS,2024-12-01,011609,BASE_lowR2,12081.998503138579
CALI,MARACUYA,2019-01-01,011609,D_city,2269.4874034612044
CALI,MARACUYA,2019-02-01,011609,D_city,2552.15138840483
CALI,MARACUYA,2019-03-01,011609,D_city,3259.0633163409307
CALI,MARACUYA,2019-04-01,011609,D_city,3135.869665455668
CALI,MARACUYA,2019-05-01,011609,D_city,2702.8549103390737
CALI,MARACUYA,2019-06-01,011609,D_city,2733.910165042102
CALI,MARACUYA,2019-07-01,011609,D_city,3118.5543708353666
CALI,MARACUYA,2019-08-01,011609,D_city,3565.2403240137724
CALI,MARACUYA,2019-09-01,011609,D_city,4100.037326259625
CALI,MARACUYA,2019-10-01,011609,D_city,3999.744576369528
CALI,MARACUYA,2019-11-01,011609,D_city,3531.83579095594
CALI,MARACUYA,2019-12-01,011609,D_city,3123.6180856672986
CALI,MARACUYA,2020-01-01,011609,D_city,3146.87099338412
CALI,MARACUYA,2020-02-01,011609,D_city,3458.371621412561
CALI,MARACUYA,2020-03-01,011609,D_city,4162.238044282963
CALI,MARACUYA,2020-04-01,011609,D_city,4156.523877037961
CALI,MARACUYA,2020-05-01,011609,D_city,3646.400826108589
CALI,MARACUYA,2020-06-01,011609,D_city,3196.151184115387
CALI,MARACUYA,2020-07-01,011609,D_city,2914.7492937907236
CALI,MARACUYA,2020-08-01,011609,D_city,2986.0427254557776
CALI,MARACUYA,2020-09-01,011609,D_city,3153.2252866364506
CALI,MARACUYA,2020-10-01,011609,D_city,3409.6109868512362
CALI,MARACUYA,2020-11-01,011609,D_city,3473.365566095776
CALI,MARACUYA,2020-12-01,011609,D_city,3140.0990267501747
CALI,MARACUYA,2021-01-01,011609,D_city,3256.485377566263
CALI,MARACUYA,2021-02-01,011609,D_city,3480.4309829400713
CALI,MARACUYA,2021-03-01,011609,D_city,3965.6126957472893
CALI,MARACUYA,2021-04-01,011609,D_city,4145.105454413966
CALI,MARACUYA,2021-05-01,011609,D_city,6413.397648860275
CALI,MARACUYA,2021-06-01,011609,D_city,4184.17294436967
CALI,MARACUYA,2021-07-01,011609,D_city,4265.175922419376
CALI,MARACUYA,2021-08-01,011609,D_city,4795.123279259144
CALI,MARACUYA,2021-09-01,011609,D_city,4957.020613336527
CALI,MARACUYA,2021-10-01,011609,D_city,5544.577598765567
CALI,MARACUYA,2021-11-01,011609,D_city,5361.008246727373
CALI,MARACUYA,2021-12-01,011609,D_city,5091.584982703405
CALI,MARACUYA,2022-01-01,011609,D_city,5842.90890119031
CALI,MARACUYA,2022-02-01,011609,D_city,6833.828606859844
CALI,MARACUYA,2022-03-01,011609,D_city,8009.33014011593
CALI,MARACUYA,2022-04-01,011609,D_city,8075.94665979056
CALI,MARACUYA,2022-05-01,011609,D_city,7374.769291345918
CALI,MARACUYA,2022-06-01,011609,D_city,7243.171473078379
CALI,MARACUYA,2022-07-01,011609,D_city,7604.083354891969
CALI,MARACUYA,2022-08-01,011609,D_city,8220.655216425157
CALI,MARACUYA,2022-09-01,011609,D_city,9284.373763449088
CALI,MARACUYA,2022-10-01,011609,D_city,9779.817774768911
CALI,MARACUYA,2022-11-01,011609,D_city,9091.620467121176
CALI,MARACUYA,2022-12-01,011609,D_city,7976.108990017827
CALI,MARACUYA,2023-01-01,011609,D_city,8681.357655375054
CALI,MARACUYA,2023-02-01,011609,D_city,9674.971330673388
CALI,MARACUYA,2023-03-01,011609,D_city,12029.04255637987
CALI,MARACUYA,2023-04-01,011609,D_city,11200.217130089239
CALI,MARACUYA,2023-05-01,011609,D_city,10221.319762032219
CALI,MARACUYA,2023-06-01,011609,D_city,9493.646619208066
CALI,MARACUYA,2023-07-01,011609,D_city,10523.48322436095
CALI,MARACUYA,2023-08-01,011609,D_city,11982.179479661358
CALI,MARACUYA,2023-09-01,011609,D_city,13063.226120378564
CALI,MARACUYA,2023-10-01,011609,D_city,13986.791717256494
CALI,MARACUYA,2023-11-01,011609,D_city,12234.504056375152
CALI,MARACUYA,2023-12-01,011609,D_city,10113.808807601576
CALI,MARACUYA,2024-01-01,011609,D_city,10727.689242737986
CALI,MARACUYA,2024-02-01,011609,D_city,12147.658113377849
CALI,MARACUYA,2024-03-01,011609,D_city,14099.62237921208
CALI,MARACUYA,2024-04-01,011609,D_city,15753.241692755584
CALI,MARACUYA,2024-05-01,011609,D_city,14867.51430193711
CALI,MARACUYA,2024-06-01,011609,D_city,13185.245075527328
CALI,MARACUYA,2024-07-01,011609,D_city,12501.141278525769
CALI,MARACUYA,2024-08-01,011609,D_city,13421.356997171693
CALI,MARACUYA,2024-09-01,011609,D_city,16450.953642557604
CALI,MARACUYA,2024-10-01,011609,D_city,16993.109003750207
CALI,MARACUYA,2024-11-01,011609,D_city,15861.811876526168
CALI,MARACUYA,2024-12-01,011609,D_city,13968.552236657219
CALI,MORAS,2019-01-01,011608,BASE,2761.979192360397
CALI,MORAS,2019-02-01,011608,BASE,2755.657802329565
CALI,MORAS,2019-03-01,011608,BASE,2834.3239893799246
CALI,MORAS,2019-04-01,011608,BASE,3333.2455507022955
CALI,MORAS,2019-05-01,011608,BASE,3129.556316375471
CALI,MORAS,2019-06-01,011608,BASE,2948.577261048304
CALI,MORAS,2019-07-01,011608,BASE,2830.1097293593693
CALI,MORAS,2019-08-01,011608,BASE,2833.3874871531348
CALI,MORAS,2019-09-01,011608,BASE,2777.6656046591297
CALI,MORAS,2019-10-01,011608,BASE,2691.0391486810554
CALI,MORAS,2019-11-01,011608,BASE,2751.209416752313
CALI,MORAS,2019-12-01,011608,BASE,2895.66488523467
CALI,MORAS,2020-01-01,011608,BASE,3028.1799503254542
CALI,MORAS,2020-02-01,011608,BASE,2960.9859155532718
CALI,MORAS,2020-03-01,011608,BASE,3006.874524665982
CALI,MORAS,2020-04-01,011608,BASE,3006.172147995889
CALI,MORAS,2020-05-01,011608,BASE,3036.8425959232613
CALI,MORAS,2020-06-01,011608,BASE,2938.0416109969165
CALI,MORAS,2020-07-01,011608,BASE,2723.3484755053096
CALI,MORAS,2020-08-01,011608,BASE,2568.357356971566
CALI,MORAS,2020-09-01,011608,BASE,2578.190630352861
CALI,MORAS,2020-10-01,011608,BASE,2515.913232271326
CALI,MORAS,2020-11-01,011608,BASE,2529.492514559781
CALI,MORAS,2020-12-01,011608,BASE,2469.7904976019186
CALI,MORAS,2021-01-01,011608,BASE,2600.66668379582
CALI,MORAS,2021-02-01,011608,BASE,2861.4825539568346
CALI,MORAS,2021-03-01,011608,BASE,2990.0174845837614
CALI,MORAS,2021-04-01,011608,BASE,2740.4396411442276
CALI,MORAS,2021-05-01,011608,BASE,3970.3011904761906
CALI,MORAS,2021-06-01,011608,BASE,3105.4413840356283
CALI,MORAS,2021-07-01,011608,BASE,2984.3984712230213
CALI,MORAS,2021-08-01,011608,BASE,3136.580083076396
CALI,MORAS,2021-09-01,011608,BASE,3170.7624143542307
CALI,MORAS,2021-10-01,011608,BASE,3095.3739850976367
CALI,MORAS,2021-11-01,011608,BASE,2990.0174845837614
CALI,MORAS,2021-12-01,011608,BASE,3008.981654676259
CALI,MORAS,2022-01-01,011608,BASE,3245.9167180541276
CALI,MORAS,2022-02-01,011608,BASE,3589.144784172662
CALI,MORAS,2022-03-01,011608,BASE,3747.4136605001713
CALI,MORAS,2022-04-01,011608,BASE,3751.6279205207265
CALI,MORAS,2022-05-01,011608,BASE,3973.8130738266527
CALI,MORAS,2022-06-01,011608,BASE,4245.866970709147
CALI,MORAS,2022-07-01,011608,BASE,4322.6601533059265
CALI,MORAS,2022-08-01,011608,BASE,4097.899618876328
CALI,MORAS,2022-09-01,011608,BASE,3995.118499486125
CALI,MORAS,2022-10-01,011608,BASE,3943.845002569373
CALI,MORAS,2022-11-01,011608,BASE,3773.8698484069887
CALI,MORAS,2022-12-01,011608,BASE,3598.7439319972596
CALI,MORAS,2023-01-01,011608,BASE,3833.103614251456
CALI,MORAS,2023-02-01,011608,BASE,3968.662311579308
CALI,MORAS,2023-03-01,011608,BASE,4000.0351361767725
CALI,MORAS,2023-04-01,011608,BASE,4116.161412298733
CALI,MORAS,2023-05-01,011608,BASE,4104.22100890716
CALI,MORAS,2023-06-01,011608,BASE,4081.276704350805
CALI,MORAS,2023-07-01,011608,BASE,4019.2334318259677
CALI,MORAS,2023-08-01,011608,BASE,4042.6459874957172
CALI,MORAS,2023-09-01,011608,BASE,4103.284506680369
CALI,MORAS,2023-10-01,011608,BASE,4128.804192360397
CALI,MORAS,2023-11-01,011608,BASE,4248.6764773895175
CALI,MORAS,2023-12-01,011608,BASE,4440.425308324769
CALI,MORAS,2024-01-01,011608,BASE,4621.4043636519355
CALI,MORAS,2024-02-01,011608,BASE,4697.72929513532
CALI,MORAS,2024-03-01,011608,BASE,4734.721133093525
CALI,MORAS,2024-04-01,011608,BASE,5096.679243747859
CALI,MORAS,2024-05-01,011608,BASE,5068.115925830764
CALI,MORAS,2024-06-01,011608,BASE,5149.357494004796
CALI,MORAS,2024-07-01,011608,BASE,5007.477406646111
CALI,MORAS,2024-08-01,011608,BASE,4836.097499143542
CALI,MORAS,2024-09-01,011608,BASE,4548.357189962316
CALI,MORAS,2024-10-01,011608,BASE,4331.322798903734
CALI,MORAS,2024-11-01,011608,BASE,4334.366431140802
CALI,MORAS,2024-12-01,011608,BASE,4659.566829393628
CALI,NARANJAS,2019-01-01,011605,BASE,706.7456668140755
CALI,NARANJAS,2019-02-01,011605,BASE,625.0021883884011
CALI,NARANJAS,2019-03-01,011605,BASE,634.3815692715901
CALI,NARANJAS,2019-04-01,011605,BASE,666.7435390738518
CALI,NARANJAS,2019-05-01,011605,BASE,635.9344469012572
CALI,NARANJAS,2019-06-01,011605,BASE,688.4838258891908
CALI,NARANJAS,2019-07-01,011605,BASE,748.735477920273
CALI,NARANJAS,2019-08-01,011605,BASE,703.8262568703014
CALI,NARANJAS,2019-09-01,011605,BASE,724.8832775285869
CALI,NARANJAS,2019-10-01,011605,BASE,694.695336407859
CALI,NARANJAS,2019-11-01,011605,BASE,673.2656251184535
CALI,NARANJAS,2019-12-01,011605,BASE,727.5542270516141
CALI,NARANJAS,2020-01-01,011605,BASE,832.0318339756143
CALI,NARANJAS,2020-02-01,011605,BASE,792.961432813191
CALI,NARANJAS,2020-03-01,011605,BASE,857.1884515762209
CALI,NARANJAS,2020-04-01,011605,BASE,929.1798584875862
CALI,NARANJAS,2020-05-01,011605,BASE,822.9630286183589
CALI,NARANJAS,2020-06-01,011605,BASE,716.4977383283846
CALI,NARANJAS,2020-07-01,011605,BASE,696.0618687219661
CALI,NARANJAS,2020-08-01,011605,BASE,717.7400404321182
CALI,NARANJAS,2020-09-01,011605,BASE,720.2867597447723
CALI,NARANJAS,2020-10-01,011605,BASE,696.7451348790196
CALI,NARANJAS,2020-11-01,011605,BASE,687.7384446269506
CALI,NARANJAS,2020-12-01,011605,BASE,705.876055341462
CALI,NARANJAS,2021-01-01,011605,BASE,785.3212748752292
CALI,NARANJAS,2021-02-01,011605,BASE,832.0939490808012
CALI,NARANJAS,2021-03-01,011605,BASE,803.7073460104871
CALI,NARANJAS,2021-04-01,011605,BASE,744.0768450312718
CALI,NARANJAS,2021-05-01,011605,BASE,1010.1158405458337
CALI,NARANJAS,2021-06-01,011605,BASE,914.2722332427822
CALI,NARANJAS,2021-07-01,011605,BASE,901.1038309432055
CALI,NARANJAS,2021-08-01,011605,BASE,813.7699930507297
CALI,NARANJAS,2021-09-01,011605,BASE,773.5815199949461
CALI,NARANJAS,2021-10-01,011605,BASE,810.7263528965823
CALI,NARANJAS,2021-11-01,011605,BASE,831.2864527133744
CALI,NARANJAS,2021-12-01,011605,BASE,860.1699766251816
CALI,NARANJAS,2022-01-01,011605,BASE,1026.265767894371
CALI,NARANJAS,2022-02-01,011605,BASE,1078.1318807252512
CALI,NARANJAS,2022-03-01,011605,BASE,1068.3798092109419
CALI,NARANJAS,2022-04-01,011605,BASE,1143.8496620127614
CALI,NARANJAS,2022-05-01,011605,BASE,1275.7821454292755
CALI,NARANJAS,2022-06-01,011605,BASE,1342.3695381893992
CALI,NARANJAS,2022-07-01,011605,BASE,1408.8948158443363
CALI,NARANJAS,2022-08-01,011605,BASE,1354.606213911176
CALI,NARANJAS,2022-09-01,011605,BASE,1290.8761159896392
CALI,NARANJAS,2022-10-01,011605,BASE,1187.4544658538127
CALI,NARANJAS,2022-11-01,011605,BASE,1167.0807113525807
CALI,NARANJAS,2022-12-01,011605,BASE,1238.0782765809593
CALI,NARANJAS,2023-01-01,011605,BASE,1404.670988691642
CALI,NARANJAS,2023-02-01,011605,BASE,1374.3588173605408
CALI,NARANJAS,2023-03-01,011605,BASE,1275.5958001137155
CALI,NARANJAS,2023-04-01,011605,BASE,1248.8241897782552
CALI,NARANJAS,2023-05-01,011605,BASE,1307.6471943900438
CALI,NARANJAS,2023-06-01,011605,BASE,1485.358510329143
CALI,NARANJAS,2023-07-01,011605,BASE,1650.3983448101587
CALI,NARANJAS,2023-08-01,011605,BASE,1581.636923368501
CALI,NARANJAS,2023-09-01,011605,BASE,1305.6595110240698
CALI,NARANJAS,2023-10-01,011605,BASE,1112.79210941942
CALI,NARANJAS,2023-11-01,011605,BASE,1024.1538543180238
CALI,NARANJAS,2023-12-01,011605,BASE,1025.0855808958243
CALI,NARANJAS,2024-01-01,011605,BASE,1217.8908673952872
CALI,NARANJAS,2024-02-01,011605,BASE,1340.7545454545457
CALI,NARANJAS,2024-03-01,011605,BASE,1460.0776625181632
CALI,NARANJAS,2024-04-01,011605,BASE,1513.49665297871
CALI,NARANJAS,2024-05-01,011605,BASE,1337.4624448796512
CALI,NARANJAS,2024-06-01,011605,BASE,1323.7971217385812
CALI,NARANJAS,2024-07-01,011605,BASE,1338.7047469833851
CALI,NARANJAS,2024-08-01,011605,BASE,1356.8423576978962
CALI,NARANJAS,2024-09-01,011605,BASE,1508.0926388274688
CALI,NARANJAS,2024-10-01,011605,BASE,1550.2687952492263
CALI,NARANJAS,2024-11-01,011605,BASE,1521.4473864426054
CALI,NARANJAS,2024-12-01,011605,BASE,1446.4123393770928
CALI,PAN CORRIENTE,2019-01-01,011108,D_city,3583.208643137828
CALI,PAN CORRIENTE,2019-02-01,011108,D_city,3602.7456343681183
CALI,PAN CORRIENTE,2019-03-01,011108,D_city,3580.9658571033215
CALI,PAN CORRIENTE,2019-04-01,011108,D_city,3603.3859706778862
CALI,PAN CORRIENTE,2019-05-01,011108,D_city,3612.349212089357
CALI,PAN CORRIENTE,2019-06-01,011108,D_city,3615.5497071042996
CALI,PAN CORRIENTE,2019-07-01,011108,D_city,3623.869365813164
CALI,PAN CORRIENTE,2019-08-01,011108,D_city,3617.469836982356
CALI,PAN CORRIENTE,2019-09-01,011108,D_city,3655.2070423824484
CALI,PAN CORRIENTE,2019-10-01,011108,D_city,3656.48542820311
CALI,PAN CORRIENTE,2019-11-01,011108,D_city,3672.141204156273
CALI,PAN CORRIENTE,2019-12-01,011108,D_city,3671.182923317079
CALI,PAN CORRIENTE,2020-01-01,011108,D_city,3685.234633145231
CALI,PAN CORRIENTE,2020-02-01,011108,D_city,3684.915349312872
CALI,PAN CORRIENTE,2020-03-01,011108,D_city,3711.404372260575
CALI,PAN CORRIENTE,2020-04-01,011108,D_city,3717.7837906988507
CALI,PAN CORRIENTE,2020-05-01,011108,D_city,3744.562693970703
CALI,PAN CORRIENTE,2020-06-01,011108,D_city,3756.987750193841
CALI,PAN CORRIENTE,2020-07-01,011108,D_city,3780.86791880241
CALI,PAN CORRIENTE,2020-08-01,011108,D_city,3778.321585850955
CALI,PAN CORRIENTE,2020-09-01,011108,D_city,3767.1788969489767
CALI,PAN CORRIENTE,2020-10-01,011108,D_city,3772.591565284113
CALI,PAN CORRIENTE,2020-11-01,011108,D_city,3794.868987832282
CALI,PAN CORRIENTE,2020-12-01,011108,D_city,3792.005649987289
CALI,PAN CORRIENTE,2021-01-01,011108,D_city,3797.0958448174247
CALI,PAN CORRIENTE,2021-02-01,011108,D_city,3801.549077442905
CALI,PAN CORRIENTE,2021-03-01,011108,D_city,3823.8056440221926
CALI,PAN CORRIENTE,2021-04-01,011108,D_city,3843.8229481924254
CALI,PAN CORRIENTE,2021-05-01,011108,D_city,3878.743153013258
CALI,PAN CORRIENTE,2021-06-01,011108,D_city,3886.039757416074
CALI,PAN CORRIENTE,2021-07-01,011108,D_city,3895.2374249994746
CALI,PAN CORRIENTE,2021-08-01,011108,D_city,3874.935559414021
CALI,PAN CORRIENTE,2021-09-01,011108,D_city,3948.1516185745177
CALI,PAN CORRIENTE,2021-10-01,011108,D_city,3970.6216271034414
CALI,PAN CORRIENTE,2021-11-01,011108,D_city,4023.412247944109
CALI,PAN CORRIENTE,2021-12-01,011108,D_city,4100.706146633112
CALI,PAN CORRIENTE,2022-01-01,011108,D_city,4205.791263175008
CALI,PAN CORRIENTE,2022-02-01,011108,D_city,4287.997628490844
CALI,PAN CORRIENTE,2022-03-01,011108,D_city,4355.938074142206
CALI,PAN CORRIENTE,2022-04-01,011108,D_city,4445.283548444841
CALI,PAN CORRIENTE,2022-05-01,011108,D_city,4515.106402081102
CALI,PAN CORRIENTE,2022-06-01,011108,D_city,4581.688413462733
CALI,PAN CORRIENTE,2022-07-01,011108,D_city,4669.556519963843
CALI,PAN CORRIENTE,2022-08-01,011108,D_city,4811.023504584716
CALI,PAN CORRIENTE,2022-09-01,011108,D_city,4887.270508520869
CALI,PAN CORRIENTE,2022-10-01,011108,D_city,4898.987794737338
CALI,PAN CORRIENTE,2022-11-01,011108,D_city,4956.907068006166
CALI,PAN CORRIENTE,2022-12-01,011108,D_city,5026.423602811461
CALI,PAN CORRIENTE,2023-01-01,011108,D_city,5116.067053276236
CALI,PAN CORRIENTE,2023-02-01,011108,D_city,5200.31532432637
CALI,PAN CORRIENTE,2023-03-01,011108,D_city,5250.478024806294
CALI,PAN CORRIENTE,2023-04-01,011108,D_city,5286.839698562197
CALI,PAN CORRIENTE,2023-05-01,011108,D_city,5331.714690859681
CALI,PAN CORRIENTE,2023-06-01,011108,D_city,5437.461038159204
CALI,PAN CORRIENTE,2023-07-01,011108,D_city,5318.287605019383
CALI,PAN CORRIENTE,2023-08-01,011108,D_city,5308.21455649586
CALI,PAN CORRIENTE,2023-09-01,011108,D_city,5297.223096263837
CALI,PAN CORRIENTE,2023-10-01,011108,D_city,5339.341865287576
CALI,PAN CORRIENTE,2023-11-01,011108,D_city,5328.663445701679
CALI,PAN CORRIENTE,2023-12-01,011108,D_city,5348.187710585372
CALI,PAN CORRIENTE,2024-01-01,011108,D_city,5332.935128831021
CALI,PAN CORRIENTE,2024-02-01,011108,D_city,5323.170663178852
CALI,PAN CORRIENTE,2024-03-01,011108,D_city,5306.688132180571
CALI,PAN CORRIENTE,2024-04-01,011108,D_city,5334.765721434488
CALI,PAN CORRIENTE,2024-05-01,011108,D_city,5322.255131720332
CALI,PAN CORRIENTE,2024-06-01,011108,D_city,5308.825111117182
CALI,PAN CORRIENTE,2024-07-01,011108,D_city,5318.592812292185
CALI,PAN CORRIENTE,2024-08-01,011108,D_city,5340.867139445827
CALI,PAN CORRIENTE,2024-09-01,011108,D_city,5323.170663178852
CALI,PAN CORRIENTE,2024-10-01,011108,D_city,5320.424010733373
CALI,PAN CORRIENTE,2024-11-01,011108,D_city,5344.8326017783475
CALI,PAN CORRIENTE,2024-12-01,011108,D_city,5377.4577034828035
CALI,PAN FRANCÉS,2019-01-01,011108,D_city,3534.2592469257083
CALI,PAN FRANCÉS,2019-02-01,011108,D_city,3555.465496103016
CALI,PAN FRANCÉS,2019-03-01,011108,D_city,3531.8255751233683
CALI,PAN FRANCÉS,2019-04-01,011108,D_city,3556.160738649798
CALI,PAN FRANCÉS,2019-05-01,011108,D_city,3565.8938398066184
CALI,PAN FRANCÉS,2019-06-01,011108,D_city,3569.3698143176694
CALI,PAN FRANCÉS,2019-07-01,011108,D_city,3578.4070210442455
CALI,PAN FRANCÉS,2019-08-01,011108,D_city,3571.4553654629576
CALI,PAN FRANCÉS,2019-09-01,011108,D_city,3612.4661123732417
CALI,PAN FRANCÉS,2019-10-01,011108,D_city,3613.8561380768597
CALI,PAN FRANCÉS,2019-11-01,011108,D_city,3630.88305814081
CALI,PAN FRANCÉS,2019-12-01,011108,D_city,3629.8406411163646
CALI,PAN FRANCÉS,2020-01-01,011108,D_city,3645.128805454262
CALI,PAN FRANCÉS,2020-02-01,011108,D_city,3644.781361901293
CALI,PAN FRANCÉS,2020-03-01,011108,D_city,3673.61685543802
CALI,PAN FRANCÉS,2020-04-01,011108,D_city,3680.5644668743494
CALI,PAN FRANCÉS,2020-05-01,011108,D_city,3709.741483417466
CALI,PAN FRANCÉS,2020-06-01,011108,D_city,3723.286342239556
CALI,PAN FRANCÉS,2020-07-01,011108,D_city,3749.3312908683765
CALI,PAN FRANCÉS,2020-08-01,011108,D_city,3746.5533414951797
CALI,PAN FRANCÉS,2020-09-01,011108,D_city,3734.399312360633
CALI,PAN FRANCÉS,2020-10-01,011108,D_city,3740.3027998140938
CALI,PAN FRANCÉS,2020-11-01,011108,D_city,3764.609253460947
CALI,PAN FRANCÉS,2020-12-01,011108,D_city,3761.4843200034934
CALI,PAN FRANCÉS,2021-01-01,011108,D_city,3767.0397202211443
CALI,PAN FRANCÉS,2021-02-01,011108,D_city,3771.900556604712
CALI,PAN FRANCÉS,2021-03-01,011108,D_city,3796.2028014188254
CALI,PAN FRANCÉS,2021-04-01,011108,D_city,3818.0720742510207
CALI,PAN FRANCÉS,2021-05-01,011108,D_city,3856.2503266285776
CALI,PAN FRANCÉS,2021-06-01,011108,D_city,3864.232062859069
CALI,PAN FRANCÉS,2021-07-01,011108,D_city,3874.295505934561
CALI,PAN FRANCÉS,2021-08-01,011108,D_city,3852.085807098818
CALI,PAN FRANCÉS,2021-09-01,011108,D_city,3932.2365968113445
CALI,PAN FRANCÉS,2021-10-01,011108,D_city,3956.8648781669967
CALI,PAN FRANCÉS,2021-11-01,011108,D_city,4014.7809276111593
CALI,PAN FRANCÉS,2021-12-01,011108,D_city,4099.716440910486
CALI,PAN FRANCÉS,2022-01-01,011108,D_city,4215.447707952834
CALI,PAN FRANCÉS,2022-02-01,011108,D_city,4306.184917186664
CALI,PAN FRANCÉS,2022-03-01,011108,D_city,4381.30756779287
CALI,PAN FRANCÉS,2022-04-01,011108,D_city,4480.2765966604775
CALI,PAN FRANCÉS,2022-05-01,011108,D_city,4557.759230005692
CALI,PAN FRANCÉS,2022-06-01,011108,D_city,4631.757408183218
CALI,PAN FRANCÉS,2022-07-01,011108,D_city,4729.577394515478
CALI,PAN FRANCÉS,2022-08-01,011108,D_city,4887.453312395185
CALI,PAN FRANCÉS,2022-09-01,011108,D_city,4972.738259924858
CALI,PAN FRANCÉS,2022-10-01,011108,D_city,4985.856327147952
CALI,PAN FRANCÉS,2022-11-01,011108,D_city,5050.745789678597
CALI,PAN FRANCÉS,2022-12-01,011108,D_city,5128.728443276342
CALI,PAN FRANCÉS,2023-01-01,011108,D_city,5229.448596530106
CALI,PAN FRANCÉS,2023-02-01,011108,D_city,5324.268269441809
CALI,PAN FRANCÉS,2023-03-01,011108,D_city,5380.798637318334
CALI,PAN FRANCÉS,2023-04-01,011108,D_city,5421.809938379992
CALI,PAN FRANCÉS,2023-05-01,011108,D_city,5472.462118531333
CALI,PAN FRANCÉS,2023-06-01,011108,D_city,5591.990596888752
CALI,PAN FRANCÉS,2023-07-01,011108,D_city,5457.301941187743
CALI,PAN FRANCÉS,2023-08-01,011108,D_city,5445.931237481172
CALI,PAN FRANCÉS,2023-09-01,011108,D_city,5433.5262741562165
CALI,PAN FRANCÉS,2023-10-01,011108,D_city,5481.075469093967
CALI,PAN FRANCÉS,2023-11-01,011108,D_city,5469.016699931228
CALI,PAN FRANCÉS,2023-12-01,011108,D_city,5491.066605563768
CALI,PAN FRANCÉS,2024-01-01,011108,D_city,5473.840273425612
CALI,PAN FRANCÉS,2024-02-01,011108,D_city,5462.814833460154
CALI,PAN FRANCÉS,2024-03-01,011108,D_city,5444.208360836194
CALI,PAN FRANCÉS,2024-04-01,011108,D_city,5475.907492331019
CALI,PAN FRANCÉS,2024-05-01,011108,D_city,5461.781174914865
CALI,PAN FRANCÉS,2024-06-01,011108,D_city,5446.620384987016
CALI,PAN FRANCÉS,2024-07-01,011108,D_city,5457.646500323264
CALI,PAN FRANCÉS,2024-08-01,011108,D_city,5482.798105646513
CALI,PAN FRANCÉS,2024-09-01,011108,D_city,5462.814833460154
CALI,PAN FRANCÉS,2024-10-01,011108,D_city,5459.713845702748
CALI,PAN FRANCÉS,2024-11-01,011108,D_city,5487.276908378668
CALI,PAN FRANCÉS,2024-12-01,011108,D_city,5524.138037850978
CALI,PAN INTEGRAL,2019-01-01,011108,D_city,4139.501967010139
CALI,PAN INTEGRAL,2019-02-01,011108,D_city,4163.647447232403
CALI,PAN INTEGRAL,2019-03-01,011108,D_city,4136.730726016551
CALI,PAN INTEGRAL,2019-04-01,011108,D_city,4164.438983975386
CALI,PAN INTEGRAL,2019-05-01,011108,D_city,4175.51971190215
CALI,PAN INTEGRAL,2019-06-01,011108,D_city,4179.476759441416
CALI,PAN INTEGRAL,2019-07-01,011108,D_city,4189.764209846576
CALI,PAN INTEGRAL,2019-08-01,011108,D_city,4181.8508983441925
CALI,PAN INTEGRAL,2019-09-01,011108,D_city,4228.528700192254
CALI,PAN INTEGRAL,2019-10-01,011108,D_city,4230.110547090242
CALI,PAN INTEGRAL,2019-11-01,011108,D_city,4249.48578306699
CALI,PAN INTEGRAL,2019-12-01,011108,D_city,4248.299670834757
CALI,PAN INTEGRAL,2020-01-01,011108,D_city,4265.694332303772
CALI,PAN INTEGRAL,2020-02-01,011108,D_city,4265.299038394563
CALI,PAN INTEGRAL,2020-03-01,011108,D_city,4298.102238080035
CALI,PAN INTEGRAL,2020-04-01,011108,D_city,4306.004755002544
CALI,PAN INTEGRAL,2020-05-01,011108,D_city,4339.1874517292945
CALI,PAN INTEGRAL,2020-06-01,011108,D_city,4354.589400570969
CALI,PAN INTEGRAL,2020-07-01,011108,D_city,4384.200913495006
CALI,PAN INTEGRAL,2020-08-01,011108,D_city,4381.042828104439
CALI,PAN INTEGRAL,2020-09-01,011108,D_city,4367.224869440852
CALI,PAN INTEGRAL,2020-10-01,011108,D_city,4373.936721048031
CALI,PAN INTEGRAL,2020-11-01,011108,D_city,4401.568359287114
CALI,PAN INTEGRAL,2020-12-01,011108,D_city,4398.016205432747
CALI,PAN INTEGRAL,2021-01-01,011108,D_city,4404.331046854609
CALI,PAN INTEGRAL,2021-02-01,011108,D_city,4409.856162990323
CALI,PAN INTEGRAL,2021-03-01,011108,D_city,4437.476579102449
CALI,PAN INTEGRAL,2021-04-01,011108,D_city,4462.327629328831
CALI,PAN INTEGRAL,2021-05-01,011108,D_city,4505.701848056705
CALI,PAN INTEGRAL,2021-06-01,011108,D_city,4514.768366673223
CALI,PAN INTEGRAL,2021-07-01,011108,D_city,4526.1987712277605
CALI,PAN INTEGRAL,2021-08-01,011108,D_city,4500.971129706564
CALI,PAN INTEGRAL,2021-09-01,011108,D_city,4591.994268611267
CALI,PAN INTEGRAL,2021-10-01,011108,D_city,4619.952939322977
CALI,PAN INTEGRAL,2021-11-01,011108,D_city,4685.681752708904
CALI,PAN INTEGRAL,2021-12-01,011108,D_city,4782.027356926333
CALI,PAN INTEGRAL,2022-01-01,011108,D_city,4913.2167134765095
CALI,PAN INTEGRAL,2022-02-01,011108,D_city,5016.003452475474
CALI,PAN INTEGRAL,2022-03-01,011108,D_city,5101.056487358157
CALI,PAN INTEGRAL,2022-04-01,011108,D_city,5213.046379855291
CALI,PAN INTEGRAL,2022-05-01,011108,D_city,5300.674964393365
CALI,PAN INTEGRAL,2022-06-01,011108,D_city,5384.324166389183
CALI,PAN INTEGRAL,2022-07-01,011108,D_city,5494.845180403253
CALI,PAN INTEGRAL,2022-08-01,011108,D_city,5673.086425527302
CALI,PAN INTEGRAL,2022-09-01,011108,D_city,5769.3058817835645
CALI,PAN INTEGRAL,2022-10-01,011108,D_city,5784.101746334816
CALI,PAN INTEGRAL,2022-11-01,011108,D_city,5857.274697558261
CALI,PAN INTEGRAL,2022-12-01,011108,D_city,5945.177723076911
CALI,PAN INTEGRAL,2023-01-01,011108,D_city,6058.655861270448
CALI,PAN INTEGRAL,2023-02-01,011108,D_city,6165.430596902373
CALI,PAN INTEGRAL,2023-03-01,011108,D_city,6229.063227821708
CALI,PAN INTEGRAL,2023-04-01,011108,D_city,6275.215395205428
CALI,PAN INTEGRAL,2023-05-01,011108,D_city,6332.203566423805
CALI,PAN INTEGRAL,2023-06-01,011108,D_city,6466.625787091981
CALI,PAN INTEGRAL,2023-07-01,011108,D_city,6315.148572930467
CALI,PAN INTEGRAL,2023-08-01,011108,D_city,6302.355821733018
CALI,PAN INTEGRAL,2023-09-01,011108,D_city,6288.398617109615
CALI,PAN INTEGRAL,2023-10-01,011108,D_city,6341.892883551149
CALI,PAN INTEGRAL,2023-11-01,011108,D_city,6328.327632757115
CALI,PAN INTEGRAL,2023-12-01,011108,D_city,6353.13156739228
CALI,PAN INTEGRAL,2024-01-01,011108,D_city,6333.7539067843745
CALI,PAN INTEGRAL,2024-02-01,011108,D_city,6321.350653987977
CALI,PAN INTEGRAL,2024-03-01,011108,D_city,6300.41741327403
CALI,PAN INTEGRAL,2024-04-01,011108,D_city,6336.0793818703105
CALI,PAN INTEGRAL,2024-05-01,011108,D_city,6320.187786896025
CALI,PAN INTEGRAL,2024-06-01,011108,D_city,6303.13117679753
CALI,PAN INTEGRAL,2024-07-01,011108,D_city,6315.536211886009
CALI,PAN INTEGRAL,2024-08-01,011108,D_city,6343.830658420749
CALI,PAN INTEGRAL,2024-09-01,011108,D_city,6321.350653987977
CALI,PAN INTEGRAL,2024-10-01,011108,D_city,6317.862020723775
CALI,PAN INTEGRAL,2024-11-01,011108,D_city,6348.868735067577
CALI,PAN INTEGRAL,2024-12-01,011108,D_city,6390.32842934446
CALI,PANELA,2019-01-01,011802,BASE,2033.6230874929895
CALI,PANELA,2019-02-01,011802,BASE,2030.3867666853616
CALI,PANELA,2019-03-01,011802,BASE,2016.2278631519914
CALI,PANELA,2019-04-01,011802,BASE,2027.3527159282112
CALI,PANELA,2019-05-01,011802,BASE,2018.4528337072352
CALI,PANELA,2019-06-01,011802,BASE,2019.2619139091419
CALI,PANELA,2019-07-01,011802,BASE,2012.58700224341
CALI,PANELA,2019-08-01,011802,BASE,2026.5436357263038
CALI,PANELA,2019-09-01,011802,BASE,2023.71185501963
CALI,PANELA,2019-10-01,011802,BASE,2018.0482936062815
CALI,PANELA,2019-11-01,011802,BASE,2016.6324032529444
CALI,PANELA,2019-12-01,011802,BASE,2031.600386988222
CALI,PANELA,2020-01-01,011802,BASE,2024.520935221537
CALI,PANELA,2020-02-01,011802,BASE,2032.0049270891755
CALI,PANELA,2020-03-01,011802,BASE,2030.1844966348851
CALI,PANELA,2020-04-01,011802,BASE,2069.020346326416
CALI,PANELA,2020-05-01,011802,BASE,2113.317487380819
CALI,PANELA,2020-06-01,011802,BASE,2115.542457936063
CALI,PANELA,2020-07-01,011802,BASE,2132.3308721256312
CALI,PANELA,2020-08-01,011802,BASE,2139.4103238923162
CALI,PANELA,2020-09-01,011802,BASE,2135.3649228827817
CALI,PANELA,2020-10-01,011802,BASE,2130.9149817722937
CALI,PANELA,2020-11-01,011802,BASE,2141.4330243970835
CALI,PANELA,2020-12-01,011802,BASE,2164.087270050477
CALI,PANELA,2021-01-01,011802,BASE,2171.773531968592
CALI,PANELA,2021-02-01,011802,BASE,2180.2688740886147
CALI,PANELA,2021-03-01,011802,BASE,2198.0686385305667
CALI,PANELA,2021-04-01,011802,BASE,2228.611416152552
CALI,PANELA,2021-05-01,011802,BASE,2225.1728252944476
CALI,PANELA,2021-06-01,011802,BASE,2223.352394840157
CALI,PANELA,2021-07-01,011802,BASE,2234.679517666854
CALI,PANELA,2021-08-01,011802,BASE,2230.027306505889
CALI,PANELA,2021-09-01,011802,BASE,2224.3637450925407
CALI,PANELA,2021-10-01,011802,BASE,2236.7022181716206
CALI,PANELA,2021-11-01,011802,BASE,2250.0520415030846
CALI,PANELA,2021-12-01,011802,BASE,2256.322413067863
CALI,PANELA,2022-01-01,011802,BASE,2255.715602916433
CALI,PANELA,2022-02-01,011802,BASE,2257.333763320247
CALI,PANELA,2022-03-01,011802,BASE,2271.6949369040944
CALI,PANELA,2022-04-01,011802,BASE,2291.11286174986
CALI,PANELA,2022-05-01,011802,BASE,2274.526717610768
CALI,PANELA,2022-06-01,011802,BASE,2270.683586651711
CALI,PANELA,2022-07-01,011802,BASE,2286.2583805384184
CALI,PANELA,2022-08-01,011802,BASE,2307.6990058889514
CALI,PANELA,2022-09-01,011802,BASE,2338.2417835109363
CALI,PANELA,2022-10-01,011802,BASE,2376.4708230510378
CALI,PANELA,2022-11-01,011802,BASE,2430.2746564778467
CALI,PANELA,2022-12-01,011802,BASE,2469.7173163208076
CALI,PANELA,2023-01-01,011802,BASE,2489.539781267527
CALI,PANELA,2023-02-01,011802,BASE,2546.579935501963
CALI,PANELA,2023-03-01,011802,BASE,2589.2589161525516
CALI,PANELA,2023-04-01,011802,BASE,2608.879111048794
CALI,PANELA,2023-05-01,011802,BASE,2623.847094784072
CALI,PANELA,2023-06-01,011802,BASE,2643.0627495793606
CALI,PANELA,2023-07-01,011802,BASE,2636.1855678631523
CALI,PANELA,2023-08-01,011802,BASE,2660.8625140213126
CALI,PANELA,2023-09-01,011802,BASE,2676.6395779584973
CALI,PANELA,2023-10-01,011802,BASE,2688.371240886147
CALI,PANELA,2023-11-01,011802,BASE,2694.6416124509255
CALI,PANELA,2023-12-01,011802,BASE,2699.9006337633205
CALI,PANELA,2024-01-01,011802,BASE,2713.857267246214
CALI,PANELA,2024-02-01,011802,BASE,2739.343293606282
CALI,PANELA,2024-03-01,011802,BASE,2766.8520204711162
CALI,PANELA,2024-04-01,011802,BASE,2804.676519910264
CALI,PANELA,2024-05-01,011802,BASE,2835.4215675827263
CALI,PANELA,2024-06-01,011802,BASE,2847.3555005608528
CALI,PANELA,2024-07-01,011802,BASE,2871.0210964666294
CALI,PANELA,2024-08-01,011802,BASE,2879.1118984856985
CALI,PANELA,2024-09-01,011802,BASE,2904.395654795289
CALI,PANELA,2024-10-01,011802,BASE,2919.3636385305667
CALI,PANELA,2024-11-01,011802,BASE,2956.9858679192375
CALI,PANELA,2024-12-01,011802,BASE,2985.708215086933
CALI,PAPA,2019-01-01,011705,D_city,878.3635063374146
CALI,PAPA,2019-02-01,011705,D_city,841.6154877260392
CALI,PAPA,2019-03-01,011705,D_city,988.0838445514567
CALI,PAPA,2019-04-01,011705,D_city,1029.499275064444
CALI,PAPA,2019-05-01,011705,D_city,953.813458297917
CALI,PAPA,2019-06-01,011705,D_city,1025.4813508927339
CALI,PAPA,2019-07-01,011705,D_city,1019.204145881635
CALI,PAPA,2019-08-01,011705,D_city,917.40416502574
CALI,PAPA,2019-09-01,011705,D_city,999.2073679687901
CALI,PAPA,2019-10-01,011705,D_city,1051.4374318954606
CALI,PAPA,2019-11-01,011705,D_city,1018.5346352341394
CALI,PAPA,2019-12-01,011705,D_city,901.0485582213347
CALI,PAPA,2020-01-01,011705,D_city,779.5458609453373
CALI,PAPA,2020-02-01,011705,D_city,675.0000180400447
CALI,PAPA,2020-03-01,011705,D_city,772.3151658869607
CALI,PAPA,2020-04-01,011705,D_city,860.1928309049016
CALI,PAPA,2020-05-01,011705,D_city,832.2890790854567
CALI,PAPA,2020-06-01,011705,D_city,860.1928309049016
CALI,PAPA,2020-07-01,011705,D_city,814.7260281980443
CALI,PAPA,2020-08-01,011705,D_city,734.6938370935768
CALI,PAPA,2020-09-01,011705,D_city,688.7512755384981
CALI,PAPA,2020-10-01,011705,D_city,625.2744098233778
CALI,PAPA,2020-11-01,011705,D_city,618.166965699807
CALI,PAPA,2020-12-01,011705,D_city,618.4148649750575
CALI,PAPA,2021-01-01,011705,D_city,721.2516030103668
CALI,PAPA,2021-02-01,011705,D_city,750.3843407046406
CALI,PAPA,2021-03-01,011705,D_city,916.2356600055926
CALI,PAPA,2021-04-01,011705,D_city,1098.9538393256746
CALI,PAPA,2021-05-01,011705,D_city,2427.570245768438
CALI,PAPA,2021-06-01,011705,D_city,1182.967188265695
CALI,PAPA,2021-07-01,011705,D_city,1045.1562258131496
CALI,PAPA,2021-08-01,011705,D_city,1054.5365119273545
CALI,PAPA,2021-09-01,011705,D_city,1020.7105856987092
CALI,PAPA,2021-10-01,011705,D_city,1075.9012979973477
CALI,PAPA,2021-11-01,011705,D_city,1156.68045353829
CALI,PAPA,2021-12-01,011705,D_city,1406.0892298932847
CALI,PAPA,2022-01-01,011705,D_city,1750.410029061347
CALI,PAPA,2022-02-01,011705,D_city,2072.438425558935
CALI,PAPA,2022-03-01,011705,D_city,2218.5358544592577
CALI,PAPA,2022-04-01,011705,D_city,2318.0367026154895
CALI,PAPA,2022-05-01,011705,D_city,1867.5975814898468
CALI,PAPA,2022-06-01,011705,D_city,1481.9106366714225
CALI,PAPA,2022-07-01,011705,D_city,1238.61261419675
CALI,PAPA,2022-08-01,011705,D_city,1034.7734052145217
CALI,PAPA,2022-09-01,011705,D_city,968.6044604324662
CALI,PAPA,2022-10-01,011705,D_city,1222.5511645271524
CALI,PAPA,2022-11-01,011705,D_city,1652.9900826727157
CALI,PAPA,2022-12-01,011705,D_city,2056.590382055371
CALI,PAPA,2023-01-01,011705,D_city,2325.3861922598776
CALI,PAPA,2023-02-01,011705,D_city,2134.0703659179876
CALI,PAPA,2023-03-01,011705,D_city,1868.7874193674184
CALI,PAPA,2023-04-01,011705,D_city,1700.7920767373835
CALI,PAPA,2023-05-01,011705,D_city,1510.1369258546845
CALI,PAPA,2023-06-01,011705,D_city,1422.0387383627642
CALI,PAPA,2023-07-01,011705,D_city,1304.7634627602447
CALI,PAPA,2023-08-01,011705,D_city,1421.8699366004664
CALI,PAPA,2023-09-01,011705,D_city,1489.0926877864863
CALI,PAPA,2023-10-01,011705,D_city,1969.2269302739687
CALI,PAPA,2023-11-01,011705,D_city,1980.3761280747203
CALI,PAPA,2023-12-01,011705,D_city,1915.1209596520548
CALI,PAPA,2024-01-01,011705,D_city,1930.0898394487924
CALI,PAPA,2024-02-01,011705,D_city,1748.2888650682237
CALI,PAPA,2024-03-01,011705,D_city,1703.1661233619964
CALI,PAPA,2024-04-01,011705,D_city,1827.494396865728
CALI,PAPA,2024-05-01,011705,D_city,2268.5713410625553
CALI,PAPA,2024-06-01,011705,D_city,2604.0604857575368
CALI,PAPA,2024-07-01,011705,D_city,2887.7928784800074
CALI,PAPA,2024-08-01,011705,D_city,2610.574563759791
CALI,PAPA,2024-09-01,011705,D_city,2337.6081615302846
CALI,PAPA,2024-10-01,011705,D_city,2070.9046089239223
CALI,PAPA,2024-11-01,011705,D_city,2028.0547064996865
CALI,PAPA,2024-12-01,011705,D_city,2007.6175018495137
CALI,PAPA CRIOLLA,2019-01-01,011705,D_city,2186.2534255587457
CALI,PAPA CRIOLLA,2019-02-01,011705,D_city,2127.992014114808
CALI,PAPA CRIOLLA,2019-03-01,011705,D_city,2355.0963312149474
CALI,PAPA CRIOLLA,2019-04-01,011705,D_city,2417.012402252599
CALI,PAPA CRIOLLA,2019-05-01,011705,D_city,2303.136623416306
CALI,PAPA CRIOLLA,2019-06-01,011705,D_city,2411.0462744523406
CALI,PAPA CRIOLLA,2019-07-01,011705,D_city,2401.7081427951457
CALI,PAPA CRIOLLA,2019-08-01,011705,D_city,2247.1753334561586
CALI,PAPA CRIOLLA,2019-09-01,011705,D_city,2371.8182849845507
CALI,PAPA CRIOLLA,2019-10-01,011705,D_city,2449.4380688004385
CALI,PAPA CRIOLLA,2019-11-01,011705,D_city,2400.7109142161335
CALI,PAPA CRIOLLA,2019-12-01,011705,D_city,2221.7713088220808
CALI,PAPA CRIOLLA,2020-01-01,011705,D_city,2027.4102721999866
CALI,PAPA CRIOLLA,2020-02-01,011705,D_city,1851.0447428113507
CALI,PAPA CRIOLLA,2020-03-01,011705,D_city,2015.5047241190027
CALI,PAPA CRIOLLA,2020-04-01,011705,D_city,2157.5595904695847
CALI,PAPA CRIOLLA,2020-05-01,011705,D_city,2113.05769306224
CALI,PAPA CRIOLLA,2020-06-01,011705,D_city,2157.5595904695847
CALI,PAPA CRIOLLA,2020-07-01,011705,D_city,2084.7657932079337
CALI,PAPA CRIOLLA,2020-08-01,011705,D_city,1952.8848126521737
CALI,PAPA CRIOLLA,2020-09-01,011705,D_city,1874.7893652750743
CALI,PAPA CRIOLLA,2020-10-01,011705,D_city,1763.653087032564
CALI,PAPA CRIOLLA,2020-11-01,011705,D_city,1750.9563033358675
CALI,PAPA CRIOLLA,2020-12-01,011705,D_city,1751.4000533784326
CALI,PAPA CRIOLLA,2021-01-01,011705,D_city,1930.2258923236498
CALI,PAPA CRIOLLA,2021-02-01,011705,D_city,1979.1414653289405
CALI,PAPA CRIOLLA,2021-03-01,011705,D_city,2245.3659344981456
CALI,PAPA CRIOLLA,2021-04-01,011705,D_city,2518.8284261967715
CALI,PAPA CRIOLLA,2021-05-01,011705,D_city,4156.544751349733
CALI,PAPA CRIOLLA,2021-06-01,011705,D_city,2638.874394151951
CALI,PAPA CRIOLLA,2021-07-01,011705,D_city,2440.1797922371697
CALI,PAPA CRIOLLA,2021-08-01,011705,D_city,2453.998503317495
CALI,PAPA CRIOLLA,2021-09-01,011705,D_city,2403.951086981008
CALI,PAPA CRIOLLA,2021-10-01,011705,D_city,2485.304662558164
CALI,PAPA CRIOLLA,2021-11-01,011705,D_city,2601.661066980053
CALI,PAPA CRIOLLA,2021-12-01,011705,D_city,2943.371317647051
CALI,PAPA CRIOLLA,2022-01-01,011705,D_city,3380.3872233702036
CALI,PAPA CRIOLLA,2022-02-01,011705,D_city,3761.1392606833756
CALI,PAPA CRIOLLA,2022-03-01,011705,D_city,3926.606559501025
CALI,PAPA CRIOLLA,2022-04-01,011705,D_city,4037.0084947183423
CALI,PAPA CRIOLLA,2022-05-01,011705,D_city,3521.7092814472476
CALI,PAPA CRIOLLA,2022-06-01,011705,D_city,3042.711046948724
CALI,PAPA CRIOLLA,2022-07-01,011705,D_city,2716.6610633513524
CALI,PAPA CRIOLLA,2022-08-01,011705,D_city,2424.830853763283
CALI,PAPA CRIOLLA,2022-09-01,011705,D_city,2325.6451633147926
CALI,PAPA CRIOLLA,2022-10-01,011705,D_city,2694.3432580043846
CALI,PAPA CRIOLLA,2022-11-01,011705,D_city,3260.2326167322235
CALI,PAPA CRIOLLA,2022-12-01,011705,D_city,3742.9358874870977
CALI,PAPA CRIOLLA,2023-01-01,011705,D_city,4045.093292340287
CALI,PAPA CRIOLLA,2023-02-01,011705,D_city,3831.449448009899
CALI,PAPA CRIOLLA,2023-03-01,011705,D_city,3523.127139545792
CALI,PAPA CRIOLLA,2023-04-01,011705,D_city,3319.5064719563534
CALI,PAPA CRIOLLA,2023-05-01,011705,D_city,3079.212200300863
CALI,PAPA CRIOLLA,2023-06-01,011705,D_city,2964.4286070860862
CALI,PAPA CRIOLLA,2023-07-01,011705,D_city,2807.4795081658463
CALI,PAPA CRIOLLA,2023-08-01,011705,D_city,2964.2062035407303
CALI,PAPA CRIOLLA,2023-09-01,011705,D_city,3052.022689040769
CALI,PAPA CRIOLLA,2023-10-01,011705,D_city,3641.645501136071
CALI,PAPA CRIOLLA,2023-11-01,011705,D_city,3654.662765141832
CALI,PAPA CRIOLLA,2023-12-01,011705,D_city,3578.0845223879905
CALI,PAPA CRIOLLA,2024-01-01,011705,D_city,3595.7345977090254
CALI,PAPA CRIOLLA,2024-02-01,011705,D_city,3377.7976784081275
CALI,PAPA CRIOLLA,2024-03-01,011705,D_city,3322.4341662980482
CALI,PAPA CRIOLLA,2024-04-01,011705,D_city,3473.724428242876
CALI,PAPA CRIOLLA,2024-05-01,011705,D_city,3982.346586177303
CALI,PAPA CRIOLLA,2024-06-01,011705,D_city,4345.059575469064
CALI,PAPA CRIOLLA,2024-07-01,011705,D_city,4638.553400110773
CALI,PAPA CRIOLLA,2024-08-01,011705,D_city,4351.925888375724
CALI,PAPA CRIOLLA,2024-09-01,011705,D_city,4058.517267274081
CALI,PAPA CRIOLLA,2024-10-01,011705,D_city,3759.3797332075883
CALI,PAPA CRIOLLA,2024-11-01,011705,D_city,3710.028545911932
CALI,PAPA CRIOLLA,2024-12-01,011705,D_city,3686.3555636870783
CALI,PASTA PARA SECO,2019-01-01,011102,D_city,2983.244144279216
CALI,PASTA PARA SECO,2019-02-01,011102,D_city,3023.2020396498892
CALI,PASTA PARA SECO,2019-03-01,011102,D_city,3016.5925097296868
CALI,PASTA PARA SECO,2019-04-01,011102,D_city,3014.189039724595
CALI,PASTA PARA SECO,2019-05-01,011102,D_city,3023.2020396498892
CALI,PASTA PARA SECO,2019-06-01,011102,D_city,3032.51543688635
CALI,PASTA PARA SECO,2019-07-01,011102,D_city,2997.364681104471
CALI,PASTA PARA SECO,2019-08-01,011102,D_city,3010.2833957496055
CALI,PASTA PARA SECO,2019-09-01,011102,D_city,3036.7214752808154
CALI,PASTA PARA SECO,2019-10-01,011102,D_city,3014.7899074550596
CALI,PASTA PARA SECO,2019-11-01,011102,D_city,3055.3481275271793
CALI,PASTA PARA SECO,2019-12-01,011102,D_city,3084.489535040386
CALI,PASTA PARA SECO,2020-01-01,011102,D_city,3076.9788967394143
CALI,PASTA PARA SECO,2020-02-01,011102,D_city,3101.914126121707
CALI,PASTA PARA SECO,2020-03-01,011102,D_city,3071.871649335864
CALI,PASTA PARA SECO,2020-04-01,011102,D_city,3095.9056605828405
CALI,PASTA PARA SECO,2020-05-01,011102,D_city,3104.918353320142
CALI,PASTA PARA SECO,2020-06-01,011102,D_city,3144.27338838887
CALI,PASTA PARA SECO,2020-07-01,011102,D_city,3166.804613564763
CALI,PASTA PARA SECO,2020-08-01,011102,D_city,3180.924076989274
CALI,PASTA PARA SECO,2020-09-01,011102,D_city,3202.2533276416298
CALI,PASTA PARA SECO,2020-10-01,011102,D_city,3198.948807748381
CALI,PASTA PARA SECO,2020-11-01,011102,D_city,3201.051684547786
CALI,PASTA PARA SECO,2020-12-01,011102,D_city,3173.4137340825187
CALI,PASTA PARA SECO,2021-01-01,011102,D_city,3207.9611244834628
CALI,PASTA PARA SECO,2021-02-01,011102,D_city,3235.8991014491526
CALI,PASTA PARA SECO,2021-03-01,011102,D_city,3270.4456368787464
CALI,PASTA PARA SECO,2021-04-01,011102,D_city,3302.888915620426
CALI,PASTA PARA SECO,2021-05-01,011102,D_city,3408.627170293678
CALI,PASTA PARA SECO,2021-06-01,011102,D_city,3481.620163030908
CALI,PASTA PARA SECO,2021-07-01,011102,D_city,3488.2284851094464
CALI,PASTA PARA SECO,2021-08-01,011102,D_city,3487.9281071799437
CALI,PASTA PARA SECO,2021-09-01,011102,D_city,3519.1672355835162
CALI,PASTA PARA SECO,2021-10-01,011102,D_city,3544.9993243391114
CALI,PASTA PARA SECO,2021-11-01,011102,D_city,3567.8274818617288
CALI,PASTA PARA SECO,2021-12-01,011102,D_city,3608.0766747431353
CALI,PASTA PARA SECO,2022-01-01,011102,D_city,3673.2551254633004
CALI,PASTA PARA SECO,2022-02-01,011102,D_city,3711.4003527269247
CALI,PASTA PARA SECO,2022-03-01,011102,D_city,3739.9338567868567
CALI,PASTA PARA SECO,2022-04-01,011102,D_city,3809.0138256196906
CALI,PASTA PARA SECO,2022-05-01,011102,D_city,3871.4847678232723
CALI,PASTA PARA SECO,2022-06-01,011102,D_city,3920.7397950443687
CALI,PASTA PARA SECO,2022-07-01,011102,D_city,3996.7231394866217
CALI,PASTA PARA SECO,2022-08-01,011102,D_city,4249.287127142106
CALI,PASTA PARA SECO,2022-09-01,011102,D_city,4375.411718099874
CALI,PASTA PARA SECO,2022-10-01,011102,D_city,4389.225079455321
CALI,PASTA PARA SECO,2022-11-01,011102,D_city,4442.075690529384
CALI,PASTA PARA SECO,2022-12-01,011102,D_city,4488.61959798111
CALI,PASTA PARA SECO,2023-01-01,011102,D_city,4472.404371422584
CALI,PASTA PARA SECO,2023-02-01,011102,D_city,4411.146169548395
CALI,PASTA PARA SECO,2023-03-01,011102,D_city,4353.190106904861
CALI,PASTA PARA SECO,2023-04-01,011102,D_city,4345.082185736562
CALI,PASTA PARA SECO,2023-05-01,011102,D_city,4332.469825532712
CALI,PASTA PARA SECO,2023-06-01,011102,D_city,4347.484534760437
CALI,PASTA PARA SECO,2023-07-01,011102,D_city,4411.146169548395
CALI,PASTA PARA SECO,2023-08-01,011102,D_city,4383.219276996678
CALI,PASTA PARA SECO,2023-09-01,011102,D_city,4426.160534564357
CALI,PASTA PARA SECO,2023-10-01,011102,D_city,4381.117243656122
CALI,PASTA PARA SECO,2023-11-01,011102,D_city,4362.198885604251
CALI,PASTA PARA SECO,2023-12-01,011102,D_city,4345.6827731513895
CALI,PASTA PARA SECO,2024-01-01,011102,D_city,4379.3154997685115
CALI,PASTA PARA SECO,2024-02-01,011102,D_city,4375.111427018247
CALI,PASTA PARA SECO,2024-03-01,011102,D_city,4364.6012225792165
CALI,PASTA PARA SECO,2024-04-01,011102,D_city,4337.875128491891
CALI,PASTA PARA SECO,2024-05-01,011102,D_city,4355.2921573941
CALI,PASTA PARA SECO,2024-06-01,011102,D_city,4347.18424122511
CALI,PASTA PARA SECO,2024-07-01,011102,D_city,4370.306766134159
CALI,PASTA PARA SECO,2024-08-01,011102,D_city,4343.580716736018
CALI,PASTA PARA SECO,2024-09-01,011102,D_city,4297.635444013567
CALI,PASTA PARA SECO,2024-10-01,011102,D_city,4337.574834108623
CALI,PASTA PARA SECO,2024-11-01,011102,D_city,4303.941694877709
CALI,PASTA PARA SECO,2024-12-01,011102,D_city,4260.998895352341
CALI,PASTA PARA SOPA,2019-01-01,011102,D_city,3085.9513315721833
CALI,PASTA PARA SOPA,2019-02-01,011102,D_city,3126.8706393248685
CALI,PASTA PARA SOPA,2019-03-01,011102,D_city,3120.102453519838
CALI,PASTA PARA SOPA,2019-04-01,011102,D_city,3117.6412537646547
CALI,PASTA PARA SOPA,2019-05-01,011102,D_city,3126.8706393248685
CALI,PASTA PARA SOPA,2019-06-01,011102,D_city,3136.4073463912523
CALI,PASTA PARA SOPA,2019-07-01,011102,D_city,3100.412237233652
CALI,PASTA PARA SOPA,2019-08-01,011102,D_city,3113.64175713784
CALI,PASTA PARA SOPA,2019-09-01,011102,D_city,3140.71413845904
CALI,PASTA PARA SOPA,2019-10-01,011102,D_city,3118.2565557694243
CALI,PASTA PARA SOPA,2019-11-01,011102,D_city,3159.7862706302603
CALI,PASTA PARA SOPA,2019-12-01,011102,D_city,3189.6223120792906
CALI,PASTA PARA SOPA,2020-01-01,011102,D_city,3181.932914743165
CALI,PASTA PARA SOPA,2020-02-01,011102,D_city,3207.460904825342
CALI,PASTA PARA SOPA,2020-03-01,011102,D_city,3176.7040041598048
CALI,PASTA PARA SOPA,2020-04-01,011102,D_city,3201.3097934142975
CALI,PASTA PARA SOPA,2020-05-01,011102,D_city,3210.5364103269058
CALI,PASTA PARA SOPA,2020-06-01,011102,D_city,3250.822457498612
CALI,PASTA PARA SOPA,2020-07-01,011102,D_city,3273.884434261857
CALI,PASTA PARA SOPA,2020-08-01,011102,D_city,3288.3356661667067
CALI,PASTA PARA SOPA,2020-09-01,011102,D_city,3310.164885243461
CALI,PASTA PARA SOPA,2020-10-01,011102,D_city,3306.783000744357
CALI,PASTA PARA SOPA,2020-11-01,011102,D_city,3308.9351135997135
CALI,PASTA PARA SOPA,2020-12-01,011102,D_city,3280.6489305886275
CALI,PASTA PARA SOPA,2021-01-01,011102,D_city,3316.006229797258
CALI,PASTA PARA SOPA,2021-02-01,011102,D_city,3344.596393913402
CALI,PASTA PARA SOPA,2021-03-01,011102,D_city,3379.9459913390674
CALI,PASTA PARA SOPA,2021-04-01,011102,D_city,3413.1400543390355
CALI,PASTA PARA SOPA,2021-05-01,011102,D_city,3521.3028788264023
CALI,PASTA PARA SOPA,2021-06-01,011102,D_city,3595.950041805023
CALI,PASTA PARA SOPA,2021-07-01,011102,D_city,3602.7073478362786
CALI,PASTA PARA SOPA,2021-08-01,011102,D_city,3602.4002006836895
CALI,PASTA PARA SOPA,2021-09-01,011102,D_city,3634.34191802135
CALI,PASTA PARA SOPA,2021-10-01,011102,D_city,3660.752854288066
CALI,PASTA PARA SOPA,2021-11-01,011102,D_city,3684.090951675167
CALI,PASTA PARA SOPA,2021-12-01,011102,D_city,3725.235623318045
CALI,PASTA PARA SOPA,2022-01-01,011102,D_city,3791.854518555342
CALI,PASTA PARA SOPA,2022-02-01,011102,D_city,3830.837282881492
CALI,PASTA PARA SOPA,2022-03-01,011102,D_city,3859.994673611031
CALI,PASTA PARA SOPA,2022-04-01,011102,D_city,3930.575941078763
CALI,PASTA PARA SOPA,2022-05-01,011102,D_city,3994.393569193204
CALI,PASTA PARA SOPA,2022-06-01,011102,D_city,4044.703150010209
CALI,PASTA PARA SOPA,2022-07-01,011102,D_city,4122.300990149008
CALI,PASTA PARA SOPA,2022-08-01,011102,D_city,4380.127433443431
CALI,PASTA PARA SOPA,2022-09-01,011102,D_city,4508.822269349457
CALI,PASTA PARA SOPA,2022-10-01,011102,D_city,4522.914864387646
CALI,PASTA PARA SOPA,2022-11-01,011102,D_city,4576.829772813443
CALI,PASTA PARA SOPA,2022-12-01,011102,D_city,4624.305682801018
CALI,PASTA PARA SOPA,2023-01-01,011102,D_city,4607.7663189559225
CALI,PASTA PARA SOPA,2023-02-01,011102,D_city,4545.278178038361
CALI,PASTA PARA SOPA,2023-03-01,011102,D_city,4486.150523652092
CALI,PASTA PARA SOPA,2023-04-01,011102,D_city,4477.878076876473
CALI,PASTA PARA SOPA,2023-05-01,011102,D_city,4465.009481569183
CALI,PASTA PARA SOPA,2023-06-01,011102,D_city,4480.32919027935
CALI,PASTA PARA SOPA,2023-07-01,011102,D_city,4545.278178038361
CALI,PASTA PARA SOPA,2023-08-01,011102,D_city,4516.787710458745
CALI,PASTA PARA SOPA,2023-09-01,011102,D_city,4560.594795469413
CALI,PASTA PARA SOPA,2023-10-01,011102,D_city,4514.643184311378
CALI,PASTA PARA SOPA,2023-11-01,011102,D_city,4495.341928215277
CALI,PASTA PARA SOPA,2023-12-01,011102,D_city,4478.490856653967
CALI,PASTA PARA SOPA,2024-01-01,011102,D_city,4512.805009843467
CALI,PASTA PARA SOPA,2024-02-01,011102,D_city,4508.515903043256
CALI,PASTA PARA SOPA,2024-03-01,011102,D_city,4497.79293340394
CALI,PASTA PARA SOPA,2024-04-01,011102,D_city,4470.524645298839
CALI,PASTA PARA SOPA,2024-05-01,011102,D_city,4488.29520381131
CALI,PASTA PARA SOPA,2024-06-01,011102,D_city,4480.022801936178
CALI,PASTA PARA SOPA,2024-07-01,011102,D_city,4503.614010009911
CALI,PASTA PARA SOPA,2024-08-01,011102,D_city,4476.346123270049
CALI,PASTA PARA SOPA,2024-09-01,011102,D_city,4429.465457014353
CALI,PASTA PARA SOPA,2024-10-01,011102,D_city,4470.218249339894
CALI,PASTA PARA SOPA,2024-11-01,011102,D_city,4435.900390251851
CALI,PASTA PARA SOPA,2024-12-01,011102,D_city,4392.0794561683615
CALI,PESCADO DE MAR,2019-01-01,011303,D_city,11833.303333873784
CALI,PESCADO DE MAR,2019-02-01,011303,D_city,11995.817670025794
CALI,PESCADO DE MAR,2019-03-01,011303,D_city,12165.583607048751
CALI,PESCADO DE MAR,2019-04-01,011303,D_city,12191.188237662189
CALI,PESCADO DE MAR,2019-05-01,011303,D_city,12278.630694010299
CALI,PESCADO DE MAR,2019-06-01,011303,D_city,12307.409230719204
CALI,PESCADO DE MAR,2019-07-01,011303,D_city,12347.901090789159
CALI,PESCADO DE MAR,2019-08-01,011303,D_city,12419.262692561304
CALI,PESCADO DE MAR,2019-09-01,011303,D_city,12425.651302688593
CALI,PESCADO DE MAR,2019-10-01,011303,D_city,12473.555540208876
CALI,PESCADO DE MAR,2019-11-01,011303,D_city,12499.09702606175
CALI,PESCADO DE MAR,2019-12-01,011303,D_city,12565.055346336374
CALI,PESCADO DE MAR,2020-01-01,011303,D_city,12576.754048719093
CALI,PESCADO DE MAR,2020-02-01,011303,D_city,12599.084948424941
CALI,PESCADO DE MAR,2020-03-01,011303,D_city,12743.609744910184
CALI,PESCADO DE MAR,2020-04-01,011303,D_city,13219.616296495904
CALI,PESCADO DE MAR,2020-05-01,011303,D_city,13363.45982544082
CALI,PESCADO DE MAR,2020-06-01,011303,D_city,13371.91642741244
CALI,PESCADO DE MAR,2020-07-01,011303,D_city,13483.916636193384
CALI,PESCADO DE MAR,2020-08-01,011303,D_city,13531.436049064778
CALI,PESCADO DE MAR,2020-09-01,011303,D_city,13636.975787841857
CALI,PESCADO DE MAR,2020-10-01,011303,D_city,13677.059687373969
CALI,PESCADO DE MAR,2020-11-01,011303,D_city,13729.783974466913
CALI,PESCADO DE MAR,2020-12-01,011303,D_city,13866.773689879978
CALI,PESCADO DE MAR,2021-01-01,011303,D_city,13935.218315608745
CALI,PESCADO DE MAR,2021-02-01,011303,D_city,14036.245046792073
CALI,PESCADO DE MAR,2021-03-01,011303,D_city,14158.22320795235
CALI,PESCADO DE MAR,2021-04-01,011303,D_city,14298.999841807747
CALI,PESCADO DE MAR,2021-05-01,011303,D_city,14640.91772773323
CALI,PESCADO DE MAR,2021-06-01,011303,D_city,14671.295254049239
CALI,PESCADO DE MAR,2021-07-01,011303,D_city,14735.172532088858
CALI,PESCADO DE MAR,2021-08-01,011303,D_city,14784.37077588712
CALI,PESCADO DE MAR,2021-09-01,011303,D_city,14878.535068456054
CALI,PESCADO DE MAR,2021-10-01,011303,D_city,14856.56868416795
CALI,PESCADO DE MAR,2021-11-01,011303,D_city,14945.460487551944
CALI,PESCADO DE MAR,2021-12-01,011303,D_city,14991.454521335218
CALI,PESCADO DE MAR,2022-01-01,011303,D_city,15202.430714494358
CALI,PESCADO DE MAR,2022-02-01,011303,D_city,15380.803208486355
CALI,PESCADO DE MAR,2022-03-01,011303,D_city,15481.894264319146
CALI,PESCADO DE MAR,2022-04-01,011303,D_city,15732.777366854027
CALI,PESCADO DE MAR,2022-05-01,011303,D_city,15984.30403682599
CALI,PESCADO DE MAR,2022-06-01,011303,D_city,16190.844833118574
CALI,PESCADO DE MAR,2022-07-01,011303,D_city,16471.6962637429
CALI,PESCADO DE MAR,2022-08-01,011303,D_city,16732.432620637323
CALI,PESCADO DE MAR,2022-09-01,011303,D_city,17137.227876999972
CALI,PESCADO DE MAR,2022-10-01,011303,D_city,17223.846079459847
CALI,PESCADO DE MAR,2022-11-01,011303,D_city,17533.876257464282
CALI,PESCADO DE MAR,2022-12-01,011303,D_city,17783.771092586936
CALI,PESCADO DE MAR,2023-01-01,011303,D_city,17955.308131952464
CALI,PESCADO DE MAR,2023-02-01,011303,D_city,17799.185277181863
CALI,PESCADO DE MAR,2023-03-01,011303,D_city,17897.80486336277
CALI,PESCADO DE MAR,2023-04-01,011303,D_city,17931.69292498447
CALI,PESCADO DE MAR,2023-05-01,011303,D_city,17850.556368125483
CALI,PESCADO DE MAR,2023-06-01,011303,D_city,17923.478219263725
CALI,PESCADO DE MAR,2023-07-01,011303,D_city,17816.653090944452
CALI,PESCADO DE MAR,2023-08-01,011303,D_city,17927.585618648824
CALI,PESCADO DE MAR,2023-09-01,011303,D_city,17974.814030061825
CALI,PESCADO DE MAR,2023-10-01,011303,D_city,17824.872652577116
CALI,PESCADO DE MAR,2023-11-01,011303,D_city,17882.399102067146
CALI,PESCADO DE MAR,2023-12-01,011303,D_city,17813.570658670025
CALI,PESCADO DE MAR,2024-01-01,011303,D_city,17756.02222998813
CALI,PESCADO DE MAR,2024-02-01,011303,D_city,17920.397608645835
CALI,PESCADO DE MAR,2024-03-01,011303,D_city,18078.468211770716
CALI,PESCADO DE MAR,2024-04-01,011303,D_city,18306.09629229873
CALI,PESCADO DE MAR,2024-05-01,011303,D_city,18323.515695884184
CALI,PESCADO DE MAR,2024-06-01,011303,D_city,18376.788421636444
CALI,PESCADO DE MAR,2024-07-01,011303,D_city,18430.045881290673
CALI,PESCADO DE MAR,2024-08-01,011303,D_city,18486.359332668522
CALI,PESCADO DE MAR,2024-09-01,011303,D_city,18461.788279210996
CALI,PESCADO DE MAR,2024-10-01,011303,D_city,18435.16598830197
CALI,PESCADO DE MAR,2024-11-01,011303,D_city,18512.974330382774
CALI,PESCADO DE MAR,2024-12-01,011303,D_city,18532.42135911723
CALI,PESCADO DE RÍO,2019-01-01,011303,D_city,7914.290811206862
CALI,PESCADO DE RÍO,2019-02-01,011303,D_city,8013.078123204678
CALI,PESCADO DE RÍO,2019-03-01,011303,D_city,8116.1441198284965
CALI,PESCADO DE RÍO,2019-04-01,011303,D_city,8131.677510523906
CALI,PESCADO DE RÍO,2019-05-01,011303,D_city,8184.70341158729
CALI,PESCADO DE RÍO,2019-06-01,011303,D_city,8202.147487591566
CALI,PESCADO DE RÍO,2019-07-01,011303,D_city,8226.68532816548
CALI,PESCADO DE RÍO,2019-08-01,011303,D_city,8269.912339748673
CALI,PESCADO DE RÍO,2019-09-01,011303,D_city,8273.781116526756
CALI,PESCADO DE RÍO,2019-10-01,011303,D_city,8302.78494907261
CALI,PESCADO DE RÍO,2019-11-01,011303,D_city,8318.245029568861
CALI,PESCADO DE RÍO,2019-12-01,011303,D_city,8358.155916137084
CALI,PESCADO DE RÍO,2020-01-01,011303,D_city,8365.232729786641
CALI,PESCADO DE RÍO,2020-02-01,011303,D_city,8378.73954918984
CALI,PESCADO DE RÍO,2020-03-01,011303,D_city,8466.102974399444
CALI,PESCADO DE RÍO,2020-04-01,011303,D_city,8753.214705705625
CALI,PESCADO DE RÍO,2020-05-01,011303,D_city,8839.790837020337
CALI,PESCADO DE RÍO,2020-06-01,011303,D_city,8844.878037269507
CALI,PESCADO DE RÍO,2020-07-01,011303,D_city,8912.226097106291
CALI,PESCADO DE RÍO,2020-08-01,011303,D_city,8940.78518215618
CALI,PESCADO DE RÍO,2020-09-01,011303,D_city,9004.181949953998
CALI,PESCADO DE RÍO,2020-10-01,011303,D_city,9028.248327190007
CALI,PESCADO DE RÍO,2020-11-01,011303,D_city,9059.894272125808
CALI,PESCADO DE RÍO,2020-12-01,011303,D_city,9142.066326776134
CALI,PESCADO DE RÍO,2021-01-01,011303,D_city,9183.094643303179
CALI,PESCADO DE RÍO,2021-02-01,011303,D_city,9243.620601456681
CALI,PESCADO DE RÍO,2021-03-01,011303,D_city,9316.64620682513
CALI,PESCADO DE RÍO,2021-04-01,011303,D_city,9400.855273882225
CALI,PESCADO DE RÍO,2021-05-01,011303,D_city,9605.071090409452
CALI,PESCADO DE RÍO,2021-06-01,011303,D_city,9623.193511753987
CALI,PESCADO DE RÍO,2021-07-01,011303,D_city,9661.289915137218
CALI,PESCADO DE RÍO,2021-08-01,011303,D_city,9690.62154611122
CALI,PESCADO DE RÍO,2021-09-01,011303,D_city,9746.736984628857
CALI,PESCADO DE RÍO,2021-10-01,011303,D_city,9733.6494149154
CALI,PESCADO DE RÍO,2021-11-01,011303,D_city,9786.600368227126
CALI,PESCADO DE RÍO,2021-12-01,011303,D_city,9813.986828653577
CALI,PESCADO DE RÍO,2022-01-01,011303,D_city,9939.51234630977
CALI,PESCADO DE RÍO,2022-02-01,011303,D_city,10045.516385788045
CALI,PESCADO DE RÍO,2022-03-01,011303,D_city,10105.543757338704
CALI,PESCADO DE RÍO,2022-04-01,011303,D_city,10254.364125818374
CALI,PESCADO DE RÍO,2022-05-01,011303,D_city,10403.350648503594
CALI,PESCADO DE RÍO,2022-06-01,011303,D_city,10525.531926501257
CALI,PESCADO DE RÍO,2022-07-01,011303,D_city,10691.44643474899
CALI,PESCADO DE RÍO,2022-08-01,011303,D_city,10845.248586857106
CALI,PESCADO DE RÍO,2022-09-01,011303,D_city,11083.599197314375
CALI,PESCADO DE RÍO,2022-10-01,011303,D_city,11134.534921973935
CALI,PESCADO DE RÍO,2022-11-01,011303,D_city,11316.658592134725
CALI,PESCADO DE RÍO,2022-12-01,011303,D_city,11463.24406765035
CALI,PESCADO DE RÍO,2023-01-01,011303,D_city,11563.757668081907
CALI,PESCADO DE RÍO,2023-02-01,011303,D_city,11472.279719804072
CALI,PESCADO DE RÍO,2023-03-01,011303,D_city,11530.072865289538
CALI,PESCADO DE RÍO,2023-04-01,011303,D_city,11549.925315180148
CALI,PESCADO DE RÍO,2023-05-01,011303,D_city,11502.387864795133
CALI,PESCADO DE RÍO,2023-06-01,011303,D_city,11545.113253205445
CALI,PESCADO DE RÍO,2023-07-01,011303,D_city,11482.518333849222
CALI,PESCADO DE RÍO,2023-08-01,011303,D_city,11547.519336407537
CALI,PESCADO DE RÍO,2023-09-01,011303,D_city,11575.18179510461
CALI,PESCADO DE RÍO,2023-10-01,011303,D_city,11487.335847093338
CALI,PESCADO DE RÍO,2023-11-01,011303,D_city,11521.046670771535
CALI,PESCADO DE RÍO,2023-12-01,011303,D_city,11480.711657838578
CALI,PESCADO DE RÍO,2024-01-01,011303,D_city,11446.976153337924
CALI,PESCADO DE RÍO,2024-02-01,011303,D_city,11543.30862225348
CALI,PESCADO DE RÍO,2024-03-01,011303,D_city,11635.870709442295
CALI,PESCADO DE RÍO,2024-04-01,011303,D_city,11769.03532676024
CALI,PESCADO DE RÍO,2024-05-01,011303,D_city,11779.219646058062
CALI,PESCADO DE RÍO,2024-06-01,011303,D_city,11810.360306887515
CALI,PESCADO DE RÍO,2024-07-01,011303,D_city,11841.483872914665
CALI,PESCADO DE RÍO,2024-08-01,011303,D_city,11874.38449723116
CALI,PESCADO DE RÍO,2024-09-01,011303,D_city,11860.03019941108
CALI,PESCADO DE RÍO,2024-10-01,011303,D_city,11844.475624949297
CALI,PESCADO DE RÍO,2024-11-01,011303,D_city,11889.930908761715
CALI,PESCADO DE RÍO,2024-12-01,011303,D_city,11901.28907043037
CALI,PESCADO ENLATADO,2019-01-01,011303,BASE_lowR2,13498.899876237627
CALI,PESCADO ENLATADO,2019-02-01,011303,BASE_lowR2,13702.758076057606
CALI,PESCADO ENLATADO,2019-03-01,011303,BASE_lowR2,13916.004482448245
CALI,PESCADO ENLATADO,2019-04-01,011303,BASE_lowR2,13948.192619261927
CALI,PESCADO ENLATADO,2019-05-01,011303,BASE_lowR2,14058.16875337534
CALI,PESCADO ENLATADO,2019-06-01,011303,BASE_lowR2,14094.38040729073
CALI,PESCADO ENLATADO,2019-07-01,011303,BASE_lowR2,14145.344957245725
CALI,PESCADO ENLATADO,2019-08-01,011303,BASE_lowR2,14235.203505850586
CALI,PESCADO ENLATADO,2019-09-01,011303,BASE_lowR2,14243.250540054005
CALI,PESCADO ENLATADO,2019-10-01,011303,BASE_lowR2,14303.60329657966
CALI,PESCADO ENLATADO,2019-11-01,011303,BASE_lowR2,14335.791433393339
CALI,PESCADO ENLATADO,2019-12-01,011303,BASE_lowR2,14418.944120162017
CALI,PESCADO ENLATADO,2020-01-01,011303,BASE_lowR2,14433.697016201622
CALI,PESCADO ENLATADO,2020-02-01,011303,BASE_lowR2,14461.86163591359
CALI,PESCADO ENLATADO,2020-03-01,011303,BASE_lowR2,14644.261077857787
CALI,PESCADO ENLATADO,2020-04-01,011303,BASE_lowR2,15246.447470747076
CALI,PESCADO ENLATADO,2020-05-01,011303,BASE_lowR2,15428.84691269127
CALI,PESCADO ENLATADO,2020-06-01,011303,BASE_lowR2,15439.576291629166
CALI,PESCADO ENLATADO,2020-07-01,011303,BASE_lowR2,15581.740562556259
CALI,PESCADO ENLATADO,2020-08-01,011303,BASE_lowR2,15642.093319081909
CALI,PESCADO ENLATADO,2020-09-01,011303,BASE_lowR2,15776.21055580558
CALI,PESCADO ENLATADO,2020-10-01,011303,BASE_lowR2,15827.175105760578
CALI,PESCADO ENLATADO,2020-11-01,011303,BASE_lowR2,15894.233724122414
CALI,PESCADO ENLATADO,2020-12-01,011303,BASE_lowR2,16068.586131863189
CALI,PESCADO ENLATADO,2021-01-01,011303,BASE_lowR2,16155.762335733572
CALI,PESCADO ENLATADO,2021-02-01,011303,BASE_lowR2,16284.5148829883
CALI,PESCADO ENLATADO,2021-03-01,011303,BASE_lowR2,16440.09087758776
CALI,PESCADO ENLATADO,2021-04-01,011303,BASE_lowR2,16619.80797479748
CALI,PESCADO ENLATADO,2021-05-01,011303,BASE_lowR2,17057.030166516655
CALI,PESCADO ENLATADO,2021-06-01,011303,BASE_lowR2,17095.924165166518
CALI,PESCADO ENLATADO,2021-07-01,011303,BASE_lowR2,17177.73567956796
CALI,PESCADO ENLATADO,2021-08-01,011303,BASE_lowR2,17240.770780828083
CALI,PESCADO ENLATADO,2021-09-01,011303,BASE_lowR2,17361.476293879387
CALI,PESCADO ENLATADO,2021-10-01,011303,BASE_lowR2,17333.311674167417
CALI,PESCADO ENLATADO,2021-11-01,011303,BASE_lowR2,17447.31132538254
CALI,PESCADO ENLATADO,2021-12-01,011303,BASE_lowR2,17506.322909540955
CALI,PESCADO ENLATADO,2022-01-01,011303,BASE_lowR2,17777.239727722772
CALI,PESCADO ENLATADO,2022-02-01,011303,BASE_lowR2,18006.58020252025
CALI,PESCADO ENLATADO,2022-03-01,011303,BASE_lowR2,18136.673922142214
CALI,PESCADO ENLATADO,2022-04-01,011303,BASE_lowR2,18459.896462646262
CALI,PESCADO ENLATADO,2022-05-01,011303,BASE_lowR2,18784.460175517554
CALI,PESCADO ENLATADO,2022-06-01,011303,BASE_lowR2,19051.353476597662
CALI,PESCADO ENLATADO,2022-07-01,011303,BASE_lowR2,19414.811188118812
CALI,PESCADO ENLATADO,2022-08-01,011303,BASE_lowR2,19752.786624662465
CALI,PESCADO ENLATADO,2022-09-01,011303,BASE_lowR2,20278.52619261926
CALI,PESCADO ENLATADO,2022-10-01,011303,BASE_lowR2,20391.184671467145
CALI,PESCADO ENLATADO,2022-11-01,011303,BASE_lowR2,20794.877554005405
CALI,PESCADO ENLATADO,2022-12-01,011303,BASE_lowR2,21120.782439243925
CALI,PESCADO ENLATADO,2023-01-01,011303,BASE_lowR2,21344.75822457246
CALI,PESCADO ENLATADO,2023-02-01,011303,BASE_lowR2,21140.90002475248
CALI,PESCADO ENLATADO,2023-03-01,011303,BASE_lowR2,21269.652572007202
CALI,PESCADO ENLATADO,2023-04-01,011303,BASE_lowR2,21313.911260126013
CALI,PESCADO ENLATADO,2023-05-01,011303,BASE_lowR2,21207.958643114314
CALI,PESCADO ENLATADO,2023-06-01,011303,BASE_lowR2,21303.18188118812
CALI,PESCADO ENLATADO,2023-07-01,011303,BASE_lowR2,21163.699954995504
CALI,PESCADO ENLATADO,2023-08-01,011303,BASE_lowR2,21308.546570657065
CALI,PESCADO ENLATADO,2023-09-01,011303,BASE_lowR2,21370.240499549956
CALI,PESCADO ENLATADO,2023-10-01,011303,BASE_lowR2,21174.429333933396
CALI,PESCADO ENLATADO,2023-11-01,011303,BASE_lowR2,21249.53498649865
CALI,PESCADO ENLATADO,2023-12-01,011303,BASE_lowR2,21159.67643789379
CALI,PESCADO ENLATADO,2024-01-01,011303,BASE_lowR2,21084.570785328535
CALI,PESCADO ENLATADO,2024-02-01,011303,BASE_lowR2,21299.15836408641
CALI,PESCADO ENLATADO,2024-03-01,011303,BASE_lowR2,21505.698908640865
CALI,PESCADO ENLATADO,2024-04-01,011303,BASE_lowR2,21803.43917416742
CALI,PESCADO ENLATADO,2024-05-01,011303,BASE_lowR2,21826.239104410444
CALI,PESCADO ENLATADO,2024-06-01,011303,BASE_lowR2,21895.980067506753
CALI,PESCADO ENLATADO,2024-07-01,011303,BASE_lowR2,21965.721030603065
CALI,PESCADO ENLATADO,2024-08-01,011303,BASE_lowR2,22039.485510801085
CALI,PESCADO ENLATADO,2024-09-01,011303,BASE_lowR2,22007.2973739874
CALI,PESCADO ENLATADO,2024-10-01,011303,BASE_lowR2,21972.426892439245
CALI,PESCADO ENLATADO,2024-11-01,011303,BASE_lowR2,22074.355992349236
CALI,PESCADO ENLATADO,2024-12-01,011303,BASE_lowR2,22099.838267326733
CALI,PIÑAS,2019-01-01,011609,BASE_lowR2,1020.758430709802
CALI,PIÑAS,2019-02-01,011609,BASE_lowR2,1092.5710647030419
CALI,PIÑAS,2019-03-01,011609,BASE_lowR2,1258.7879913085465
CALI,PIÑAS,2019-04-01,011609,BASE_lowR2,1231.0050579430228
CALI,PIÑAS,2019-05-01,011609,BASE_lowR2,1129.4867962337034
CALI,PIÑAS,2019-06-01,011609,BASE_lowR2,1136.985304200869
CALI,PIÑAS,2019-07-01,011609,BASE_lowR2,1227.0635345243843
CALI,PIÑAS,2019-08-01,011609,BASE_lowR2,1325.986158860454
CALI,PIÑAS,2019-09-01,011609,BASE_lowR2,1437.7908353452437
CALI,PIÑAS,2019-10-01,011609,BASE_lowR2,1417.31414051183
CALI,PIÑAS,2019-11-01,011609,BASE_lowR2,1318.7760550458715
CALI,PIÑAS,2019-12-01,011609,BASE_lowR2,1228.2171511347176
CALI,PIÑAS,2020-01-01,011609,BASE_lowR2,1233.5045605987445
CALI,PIÑAS,2020-02-01,011609,BASE_lowR2,1302.8176919362627
CALI,PIÑAS,2020-03-01,011609,BASE_lowR2,1450.384483341381
CALI,PIÑAS,2020-04-01,011609,BASE_lowR2,1449.2308667310476
CALI,PIÑAS,2020-05-01,011609,BASE_lowR2,1343.3865427329793
CALI,PIÑAS,2020-06-01,011609,BASE_lowR2,1244.656187831965
CALI,PIÑAS,2020-07-01,011609,BASE_lowR2,1179.9575229357797
CALI,PIÑAS,2020-08-01,011609,BASE_lowR2,1196.588829068083
CALI,PIÑAS,2020-09-01,011609,BASE_lowR2,1234.9465813616612
CALI,PIÑAS,2020-10-01,011609,BASE_lowR2,1292.1467382906808
CALI,PIÑAS,2020-11-01,011609,BASE_lowR2,1306.0862723322066
CALI,PIÑAS,2020-12-01,011609,BASE_lowR2,1231.9664051183001
CALI,PIÑAS,2021-01-01,011609,BASE_lowR2,1258.21118300338
CALI,PIÑAS,2021-02-01,011609,BASE_lowR2,1307.624427812651
CALI,PIÑAS,2021-03-01,011609,BASE_lowR2,1410.296306132303
CALI,PIÑAS,2021-04-01,011609,BASE_lowR2,1446.9236335103813
CALI,PIÑAS,2021-05-01,011609,BASE_lowR2,1863.0908256880734
CALI,PIÑAS,2021-06-01,011609,BASE_lowR2,1454.8066803476581
CALI,PIÑAS,2021-07-01,011609,BASE_lowR2,1471.0534476098503
CALI,PIÑAS,2021-08-01,011609,BASE_lowR2,1574.302134234669
CALI,PIÑAS,2021-09-01,011609,BASE_lowR2,1604.872974408498
CALI,PIÑAS,2021-10-01,011609,BASE_lowR2,1712.4477233220664
CALI,PIÑAS,2021-11-01,011609,BASE_lowR2,1679.3773804925156
CALI,PIÑAS,2021-12-01,011609,BASE_lowR2,1629.9641356832449
CALI,PIÑAS,2022-01-01,011609,BASE_lowR2,1765.2256832448093
CALI,PIÑAS,2022-02-01,011609,BASE_lowR2,1932.8846306132305
CALI,PIÑAS,2022-03-01,011609,BASE_lowR2,2119.0014437469817
CALI,PIÑAS,2022-04-01,011609,BASE_lowR2,2129.191723804925
CALI,PIÑAS,2022-05-01,011609,BASE_lowR2,2020.0788194109125
CALI,PIÑAS,2022-06-01,011609,BASE_lowR2,1999.1214509898598
CALI,PIÑAS,2022-07-01,011609,BASE_lowR2,2056.2254732013516
CALI,PIÑAS,2022-08-01,011609,BASE_lowR2,2151.206574118783
CALI,PIÑAS,2022-09-01,011609,BASE_lowR2,2308.29070255915
CALI,PIÑAS,2022-10-01,011609,BASE_lowR2,2378.853585224529
CALI,PIÑAS,2022-11-01,011609,BASE_lowR2,2280.4116344760982
CALI,PIÑAS,2022-12-01,011609,BASE_lowR2,2113.9063037180103
CALI,PIÑAS,2023-01-01,011609,BASE_lowR2,2220.231301303718
CALI,PIÑAS,2023-02-01,011609,BASE_lowR2,2364.048838725253
CALI,PIÑAS,2023-03-01,011609,BASE_lowR2,2681.8702148720427
CALI,PIÑAS,2023-04-01,011609,BASE_lowR2,2573.2379840656686
CALI,PIÑAS,2023-05-01,011609,BASE_lowR2,2440.475939159826
CALI,PIÑAS,2023-06-01,011609,BASE_lowR2,2338.2847344278125
CALI,PIÑAS,2023-07-01,011609,BASE_lowR2,2482.00613713182
CALI,PIÑAS,2023-08-01,011609,BASE_lowR2,2675.813727667793
CALI,PIÑAS,2023-09-01,011609,BASE_lowR2,2813.094104297441
CALI,PIÑAS,2023-10-01,011609,BASE_lowR2,2926.6292056977304
CALI,PIÑAS,2023-11-01,011609,BASE_lowR2,2708.307262192178
CALI,PIÑAS,2023-12-01,011609,BASE_lowR2,2425.575057943023
CALI,PIÑAS,2024-01-01,011609,BASE_lowR2,2509.7890704973443
CALI,PIÑAS,2024-02-01,011609,BASE_lowR2,2697.155634958957
CALI,PIÑAS,2024-03-01,011609,BASE_lowR2,2940.280335586673
CALI,PIÑAS,2024-04-01,011609,BASE_lowR2,3135.3376774505064
CALI,PIÑAS,2024-05-01,011609,BASE_lowR2,3031.99285610816
CALI,PIÑAS,2024-06-01,011609,BASE_lowR2,2828.283389666827
CALI,PIÑAS,2024-07-01,011609,BASE_lowR2,2742.338952197006
CALI,PIÑAS,2024-08-01,011609,BASE_lowR2,2857.5083437952676
CALI,PIÑAS,2024-09-01,011609,BASE_lowR2,3215.0333582810235
CALI,PIÑAS,2024-10-01,011609,BASE_lowR2,3275.982769193626
CALI,PIÑAS,2024-11-01,011609,BASE_lowR2,3147.835190729116
CALI,PIÑAS,2024-12-01,011609,BASE_lowR2,2924.418107194592
CALI,PLÁTANO,2019-01-01,011704,BASE,789.3639020441207
CALI,PLÁTANO,2019-02-01,011704,BASE,742.706393442623
CALI,PLÁTANO,2019-03-01,011704,BASE,833.6682493422385
CALI,PLÁTANO,2019-04-01,011704,BASE,991.5734871483505
CALI,PLÁTANO,2019-05-01,011704,BASE,1045.7773406193078
CALI,PLÁTANO,2019-06-01,011704,BASE,1051.2139546650478
CALI,PLÁTANO,2019-07-01,011704,BASE,1052.6745375430075
CALI,PLÁTANO,2019-08-01,011704,BASE,958.3857984213722
CALI,PLÁTANO,2019-09-01,011704,BASE,1009.5061991499698
CALI,PLÁTANO,2019-10-01,011704,BASE,1120.5104978749243
CALI,PLÁTANO,2019-11-01,011704,BASE,1171.9554725764017
CALI,PLÁTANO,2019-12-01,011704,BASE,1104.444086217365
CALI,PLÁTANO,2020-01-01,011704,BASE,1057.7865776158674
CALI,PLÁTANO,2020-02-01,011704,BASE,883.5714976725359
CALI,PLÁTANO,2020-03-01,011704,BASE,911.3225723537747
CALI,PLÁTANO,2020-04-01,011704,BASE,1051.4573851447078
CALI,PLÁTANO,2020-05-01,011704,BASE,1063.791196114147
CALI,PLÁTANO,2020-06-01,011704,BASE,974.1276361060515
CALI,PLÁTANO,2020-07-01,011704,BASE,895.1750172029955
CALI,PLÁTANO,2020-08-01,011704,BASE,857.5244363489173
CALI,PLÁTANO,2020-09-01,011704,BASE,860.4456021048372
CALI,PLÁTANO,2020-10-01,011704,BASE,869.3713863590367
CALI,PLÁTANO,2020-11-01,011704,BASE,923.8998138028741
CALI,PLÁTANO,2020-12-01,011704,BASE,933.3936025096136
CALI,PLÁTANO,2021-01-01,011704,BASE,932.5821675774137
CALI,PLÁTANO,2021-02-01,011704,BASE,860.6078890912772
CALI,PLÁTANO,2021-03-01,011704,BASE,765.2642845577819
CALI,PLÁTANO,2021-04-01,011704,BASE,782.6289921068611
CALI,PLÁTANO,2021-05-01,011704,BASE,1416.6842481279095
CALI,PLÁTANO,2021-06-01,011704,BASE,804.7811657559199
CALI,PLÁTANO,2021-07-01,011704,BASE,763.154553734062
CALI,PLÁTANO,2021-08-01,011704,BASE,763.3168407205019
CALI,PLÁTANO,2021-09-01,011704,BASE,775.0015037441815
CALI,PLÁTANO,2021-10-01,011704,BASE,827.5824873507387
CALI,PLÁTANO,2021-11-01,011704,BASE,871.8868346488566
CALI,PLÁTANO,2021-12-01,011704,BASE,915.2174600283345
CALI,PLÁTANO,2022-01-01,011704,BASE,1054.3785509006275
CALI,PLÁTANO,2022-02-01,011704,BASE,1200.5991256830603
CALI,PLÁTANO,2022-03-01,011704,BASE,1366.1318518518522
CALI,PLÁTANO,2022-04-01,011704,BASE,1449.9530803481077
CALI,PLÁTANO,2022-05-01,011704,BASE,1406.9470289415099
CALI,PLÁTANO,2022-06-01,011704,BASE,1321.2595001011944
CALI,PLÁTANO,2022-07-01,011704,BASE,1338.4619206638333
CALI,PLÁTANO,2022-08-01,011704,BASE,1369.2964480874318
CALI,PLÁTANO,2022-09-01,011704,BASE,1343.4116737502532
CALI,PLÁTANO,2022-10-01,011704,BASE,1408.5698988059098
CALI,PLÁTANO,2022-11-01,011704,BASE,1540.0223578223033
CALI,PLÁTANO,2022-12-01,011704,BASE,1740.3656425824734
CALI,PLÁTANO,2023-01-01,011704,BASE,1948.1741287188831
CALI,PLÁTANO,2023-02-01,011704,BASE,2052.849234972678
CALI,PLÁTANO,2023-03-01,011704,BASE,2041.6514329083184
CALI,PLÁTANO,2023-04-01,011704,BASE,2152.331157660393
CALI,PLÁTANO,2023-05-01,011704,BASE,2099.1821696012953
CALI,PLÁTANO,2023-06-01,011704,BASE,2030.8593483100587
CALI,PLÁTANO,2023-07-01,011704,BASE,1828.8120501922688
CALI,PLÁTANO,2023-08-01,011704,BASE,1722.5140740740742
CALI,PLÁTANO,2023-09-01,011704,BASE,1491.7419793564059
CALI,PLÁTANO,2023-10-01,011704,BASE,1431.1277899210688
CALI,PLÁTANO,2023-11-01,011704,BASE,1678.9400182149363
CALI,PLÁTANO,2023-12-01,011704,BASE,1692.328694596236
CALI,PLÁTANO,2024-01-01,011704,BASE,1651.3512305201377
CALI,PLÁTANO,2024-02-01,011704,BASE,1444.7598967820281
CALI,PLÁTANO,2024-03-01,011704,BASE,1483.9522040072861
CALI,PLÁTANO,2024-04-01,011704,BASE,1610.6171969236998
CALI,PLÁTANO,2024-05-01,011704,BASE,1737.9313377858734
CALI,PLÁTANO,2024-06-01,011704,BASE,1689.813246306416
CALI,PLÁTANO,2024-07-01,011704,BASE,1553.4110342036026
CALI,PLÁTANO,2024-08-01,011704,BASE,1494.5008581258855
CALI,PLÁTANO,2024-09-01,011704,BASE,1542.4566626189032
CALI,PLÁTANO,2024-10-01,011704,BASE,1613.2137887067397
CALI,PLÁTANO,2024-11-01,011704,BASE,1771.4436004857318
CALI,PLÁTANO,2024-12-01,011704,BASE,1812.9890690143698
CALI,POLLO DESPRESADO POR LIBRA,2019-01-01,011203,D_city,4602.172442649563
CALI,POLLO DESPRESADO POR LIBRA,2019-02-01,011203,D_city,4647.6302383739585
CALI,POLLO DESPRESADO POR LIBRA,2019-03-01,011203,D_city,4723.841831745194
CALI,POLLO DESPRESADO POR LIBRA,2019-04-01,011203,D_city,4724.300897961053
CALI,POLLO DESPRESADO POR LIBRA,2019-05-01,011203,D_city,4705.019708532752
CALI,POLLO DESPRESADO POR LIBRA,2019-06-01,011203,D_city,4759.647577883358
CALI,POLLO DESPRESADO POR LIBRA,2019-07-01,011203,D_city,4752.76208023817
CALI,POLLO DESPRESADO POR LIBRA,2019-08-01,011203,D_city,4758.729517644361
CALI,POLLO DESPRESADO POR LIBRA,2019-09-01,011203,D_city,4845.936896555241
CALI,POLLO DESPRESADO POR LIBRA,2019-10-01,011203,D_city,4899.1710861411175
CALI,POLLO DESPRESADO POR LIBRA,2019-11-01,011203,D_city,4933.586470227257
CALI,POLLO DESPRESADO POR LIBRA,2019-12-01,011203,D_city,4941.845782471936
CALI,POLLO DESPRESADO POR LIBRA,2020-01-01,011203,D_city,4926.703597890451
CALI,POLLO DESPRESADO POR LIBRA,2020-02-01,011203,D_city,4938.174995138011
CALI,POLLO DESPRESADO POR LIBRA,2020-03-01,011203,D_city,4998.280506689604
CALI,POLLO DESPRESADO POR LIBRA,2020-04-01,011203,D_city,4854.656713087005
CALI,POLLO DESPRESADO POR LIBRA,2020-05-01,011203,D_city,4937.716144684682
CALI,POLLO DESPRESADO POR LIBRA,2020-06-01,011203,D_city,5034.064870647811
CALI,POLLO DESPRESADO POR LIBRA,2020-07-01,011203,D_city,5269.808013018375
CALI,POLLO DESPRESADO POR LIBRA,2020-08-01,011203,D_city,5339.500261375745
CALI,POLLO DESPRESADO POR LIBRA,2020-09-01,011203,D_city,5320.70265084953
CALI,POLLO DESPRESADO POR LIBRA,2020-10-01,011203,D_city,5267.515339303691
CALI,POLLO DESPRESADO POR LIBRA,2020-11-01,011203,D_city,5265.681192703928
CALI,POLLO DESPRESADO POR LIBRA,2020-12-01,011203,D_city,5284.022353860776
CALI,POLLO DESPRESADO POR LIBRA,2021-01-01,011203,D_city,5346.83572353591
CALI,POLLO DESPRESADO POR LIBRA,2021-02-01,011203,D_city,5459.605093363177
CALI,POLLO DESPRESADO POR LIBRA,2021-03-01,011203,D_city,5592.054632822279
CALI,POLLO DESPRESADO POR LIBRA,2021-04-01,011203,D_city,5684.611998644833
CALI,POLLO DESPRESADO POR LIBRA,2021-05-01,011203,D_city,6281.279422555639
CALI,POLLO DESPRESADO POR LIBRA,2021-06-01,011203,D_city,6419.940237632936
CALI,POLLO DESPRESADO POR LIBRA,2021-07-01,011203,D_city,6437.327784819103
CALI,POLLO DESPRESADO POR LIBRA,2021-08-01,011203,D_city,6315.146752321516
CALI,POLLO DESPRESADO POR LIBRA,2021-09-01,011203,D_city,6442.81848553698
CALI,POLLO DESPRESADO POR LIBRA,2021-10-01,011203,D_city,6415.8220611694915
CALI,POLLO DESPRESADO POR LIBRA,2021-11-01,011203,D_city,6405.297704879036
CALI,POLLO DESPRESADO POR LIBRA,2021-12-01,011203,D_city,6455.172380573248
CALI,POLLO DESPRESADO POR LIBRA,2022-01-01,011203,D_city,6573.208121531407
CALI,POLLO DESPRESADO POR LIBRA,2022-02-01,011203,D_city,6634.50460224478
CALI,POLLO DESPRESADO POR LIBRA,2022-03-01,011203,D_city,6755.250280387398
CALI,POLLO DESPRESADO POR LIBRA,2022-04-01,011203,D_city,6859.512185505544
CALI,POLLO DESPRESADO POR LIBRA,2022-05-01,011203,D_city,6924.438713447704
CALI,POLLO DESPRESADO POR LIBRA,2022-06-01,011203,D_city,7124.664600396275
CALI,POLLO DESPRESADO POR LIBRA,2022-07-01,011203,D_city,7315.692024622502
CALI,POLLO DESPRESADO POR LIBRA,2022-08-01,011203,D_city,7495.702864418648
CALI,POLLO DESPRESADO POR LIBRA,2022-09-01,011203,D_city,7549.6057592235575
CALI,POLLO DESPRESADO POR LIBRA,2022-10-01,011203,D_city,7580.209819677116
CALI,POLLO DESPRESADO POR LIBRA,2022-11-01,011203,D_city,7603.96132037564
CALI,POLLO DESPRESADO POR LIBRA,2022-12-01,011203,D_city,7693.935843861849
CALI,POLLO DESPRESADO POR LIBRA,2023-01-01,011203,D_city,7778.419513037378
CALI,POLLO DESPRESADO POR LIBRA,2023-02-01,011203,D_city,7774.766367476557
CALI,POLLO DESPRESADO POR LIBRA,2023-03-01,011203,D_city,7759.69694930118
CALI,POLLO DESPRESADO POR LIBRA,2023-04-01,011203,D_city,7792.118646725979
CALI,POLLO DESPRESADO POR LIBRA,2023-05-01,011203,D_city,7903.072245465243
CALI,POLLO DESPRESADO POR LIBRA,2023-06-01,011203,D_city,8058.288260556051
CALI,POLLO DESPRESADO POR LIBRA,2023-07-01,011203,D_city,8199.781068087686
CALI,POLLO DESPRESADO POR LIBRA,2023-08-01,011203,D_city,8307.480772114035
CALI,POLLO DESPRESADO POR LIBRA,2023-09-01,011203,D_city,8403.759052901325
CALI,POLLO DESPRESADO POR LIBRA,2023-10-01,011203,D_city,8292.42196363943
CALI,POLLO DESPRESADO POR LIBRA,2023-11-01,011203,D_city,8185.632961236875
CALI,POLLO DESPRESADO POR LIBRA,2023-12-01,011203,D_city,8224.881910442842
CALI,POLLO DESPRESADO POR LIBRA,2024-01-01,011203,D_city,8335.315988831499
CALI,POLLO DESPRESADO POR LIBRA,2024-02-01,011203,D_city,8303.830178510761
CALI,POLLO DESPRESADO POR LIBRA,2024-03-01,011203,D_city,8289.227633624161
CALI,POLLO DESPRESADO POR LIBRA,2024-04-01,011203,D_city,8299.266912543702
CALI,POLLO DESPRESADO POR LIBRA,2024-05-01,011203,D_city,8253.176430450188
CALI,POLLO DESPRESADO POR LIBRA,2024-06-01,011203,D_city,8234.465653748382
CALI,POLLO DESPRESADO POR LIBRA,2024-07-01,011203,D_city,8181.525397734049
CALI,POLLO DESPRESADO POR LIBRA,2024-08-01,011203,D_city,8138.166445461791
CALI,POLLO DESPRESADO POR LIBRA,2024-09-01,011203,D_city,8191.109678534255
CALI,POLLO DESPRESADO POR LIBRA,2024-10-01,011203,D_city,8155.510319964666
CALI,POLLO DESPRESADO POR LIBRA,2024-11-01,011203,D_city,8163.269294883354
CALI,POLLO DESPRESADO POR LIBRA,2024-12-01,011203,D_city,8297.89792755957
CALI,POLLO ENTERO POR LIBRA,2019-01-01,011203,D_city,3704.7427720838527
CALI,POLLO ENTERO POR LIBRA,2019-02-01,011203,D_city,3734.432884050106
CALI,POLLO ENTERO POR LIBRA,2019-03-01,011203,D_city,3784.087404202227
CALI,POLLO ENTERO POR LIBRA,2019-04-01,011203,D_city,3784.3860436035197
CALI,POLLO ENTERO POR LIBRA,2019-05-01,011203,D_city,3771.8382203950146
CALI,POLLO ENTERO POR LIBRA,2019-06-01,011203,D_city,3807.36402933126
CALI,POLLO ENTERO POR LIBRA,2019-07-01,011203,D_city,3802.8904625806385
CALI,POLLO ENTERO POR LIBRA,2019-08-01,011203,D_city,3806.7676280310493
CALI,POLLO ENTERO POR LIBRA,2019-09-01,011203,D_city,3863.32451803604
CALI,POLLO ENTERO POR LIBRA,2019-10-01,011203,D_city,3897.754555667235
CALI,POLLO ENTERO POR LIBRA,2019-11-01,011203,D_city,3919.975806820687
CALI,POLLO ENTERO POR LIBRA,2019-12-01,011203,D_city,3925.3043217622726
CALI,POLLO ENTERO POR LIBRA,2020-01-01,011203,D_city,3915.534024878394
CALI,POLLO ENTERO POR LIBRA,2020-02-01,011203,D_city,3922.936311332836
CALI,POLLO ENTERO POR LIBRA,2020-03-01,011203,D_city,3961.6687176465966
CALI,POLLO ENTERO POR LIBRA,2020-04-01,011203,D_city,3868.96904220725
CALI,POLLO ENTERO POR LIBRA,2020-05-01,011203,D_city,3922.640285463672
CALI,POLLO ENTERO POR LIBRA,2020-06-01,011203,D_city,3984.686812406704
CALI,POLLO ENTERO POR LIBRA,2020-07-01,011203,D_city,4135.571140749039
CALI,POLLO ENTERO POR LIBRA,2020-08-01,011203,D_city,4179.9317990381005
CALI,POLLO ENTERO POR LIBRA,2020-09-01,011203,D_city,4167.97747630084
CALI,POLLO ENTERO POR LIBRA,2020-10-01,011203,D_city,4134.109937479584
CALI,POLLO ENTERO POR LIBRA,2020-11-01,011203,D_city,4132.940883960518
CALI,POLLO ENTERO POR LIBRA,2020-12-01,011203,D_city,4144.627786958944
CALI,POLLO ENTERO POR LIBRA,2021-01-01,011203,D_city,4184.594633147504
CALI,POLLO ENTERO POR LIBRA,2021-02-01,011203,D_city,4256.127124894028
CALI,POLLO ENTERO POR LIBRA,2021-03-01,011203,D_city,4339.789881203628
CALI,POLLO ENTERO POR LIBRA,2021-04-01,011203,D_city,4398.033284452806
CALI,POLLO ENTERO POR LIBRA,2021-05-01,011203,D_city,4769.368472625995
CALI,POLLO ENTERO POR LIBRA,2021-06-01,011203,D_city,4854.694708861835
CALI,POLLO ENTERO POR LIBRA,2021-07-01,011203,D_city,4865.369731030832
CALI,POLLO ENTERO POR LIBRA,2021-08-01,011203,D_city,4790.241433776865
CALI,POLLO ENTERO POR LIBRA,2021-09-01,011203,D_city,4868.73960092006
CALI,POLLO ENTERO POR LIBRA,2021-10-01,011203,D_city,4852.16557394797
CALI,POLLO ENTERO POR LIBRA,2021-11-01,011203,D_city,4845.700764335408
CALI,POLLO ENTERO POR LIBRA,2021-12-01,011203,D_city,4876.319724771853
CALI,POLLO ENTERO POR LIBRA,2022-01-01,011203,D_city,4948.607760419747
CALI,POLLO ENTERO POR LIBRA,2022-02-01,011203,D_city,4986.050866097571
CALI,POLLO ENTERO POR LIBRA,2022-03-01,011203,D_city,5059.619352452675
CALI,POLLO ENTERO POR LIBRA,2022-04-01,011203,D_city,5122.945869995459
CALI,POLLO ENTERO POR LIBRA,2022-05-01,011203,D_city,5162.289435391769
CALI,POLLO ENTERO POR LIBRA,2022-06-01,011203,D_city,5283.18763667765
CALI,POLLO ENTERO POR LIBRA,2022-07-01,011203,D_city,5397.937815309178
CALI,POLLO ENTERO POR LIBRA,2022-08-01,011203,D_city,5505.555981155449
CALI,POLLO ENTERO POR LIBRA,2022-09-01,011203,D_city,5537.686530997184
CALI,POLLO ENTERO POR LIBRA,2022-10-01,011203,D_city,5555.909868021673
CALI,POLLO ENTERO POR LIBRA,2022-11-01,011203,D_city,5570.043287197717
CALI,POLLO ENTERO POR LIBRA,2022-12-01,011203,D_city,5623.508013044823
CALI,POLLO ENTERO POR LIBRA,2023-01-01,011203,D_city,5673.603099773643
CALI,POLLO ENTERO POR LIBRA,2023-02-01,011203,D_city,5671.4390678709915
CALI,POLLO ENTERO POR LIBRA,2023-03-01,011203,D_city,5662.510301231668
CALI,POLLO ENTERO POR LIBRA,2023-04-01,011203,D_city,5681.716423503263
CALI,POLLO ENTERO POR LIBRA,2023-05-01,011203,D_city,5747.330526801107
CALI,POLLO ENTERO POR LIBRA,2023-06-01,011203,D_city,5838.830458461492
CALI,POLLO ENTERO POR LIBRA,2023-07-01,011203,D_city,5921.952324084402
CALI,POLLO ENTERO POR LIBRA,2023-08-01,011203,D_city,5985.041320175605
CALI,POLLO ENTERO POR LIBRA,2023-09-01,011203,D_city,6041.309788935411
CALI,POLLO ENTERO POR LIBRA,2023-10-01,011203,D_city,5976.229363513885
CALI,POLLO ENTERO POR LIBRA,2023-11-01,011203,D_city,5913.653026241876
CALI,POLLO ENTERO POR LIBRA,2023-12-01,011203,D_city,5936.669893921123
CALI,POLLO ENTERO POR LIBRA,2024-01-01,011203,D_city,6001.321747147704
CALI,POLLO ENTERO POR LIBRA,2024-02-01,011203,D_city,5982.905379647391
CALI,POLLO ENTERO POR LIBRA,2024-03-01,011203,D_city,5974.359752350492
CALI,POLLO ENTERO POR LIBRA,2024-04-01,011203,D_city,5980.235191823488
CALI,POLLO ENTERO POR LIBRA,2024-05-01,011203,D_city,5953.249923193288
CALI,POLLO ENTERO POR LIBRA,2024-06-01,011203,D_city,5942.286976466374
CALI,POLLO ENTERO POR LIBRA,2024-07-01,011203,D_city,5911.243019466334
CALI,POLLO ENTERO POR LIBRA,2024-08-01,011203,D_city,5885.789380921368
CALI,POLLO ENTERO POR LIBRA,2024-09-01,011203,D_city,5916.865995204141
CALI,POLLO ENTERO POR LIBRA,2024-10-01,011203,D_city,5895.974059025497
CALI,POLLO ENTERO POR LIBRA,2024-11-01,011203,D_city,5900.528969992534
CALI,POLLO ENTERO POR LIBRA,2024-12-01,011203,D_city,5979.434078647767
CALI,QUESO CAMPESINO,2019-01-01,011402,BASE,8337.599691386456
CALI,QUESO CAMPESINO,2019-02-01,011402,BASE,8396.220822201749
CALI,QUESO CAMPESINO,2019-03-01,011402,BASE,8435.580724320589
CALI,QUESO CAMPESINO,2019-04-01,011402,BASE,8517.650307461998
CALI,QUESO CAMPESINO,2019-05-01,011402,BASE,8554.49787540304
CALI,QUESO CAMPESINO,2019-06-01,011402,BASE,8549.473207047444
CALI,QUESO CAMPESINO,2019-07-01,011402,BASE,8544.448538691848
CALI,QUESO CAMPESINO,2019-08-01,011402,BASE,8531.886867802856
CALI,QUESO CAMPESINO,2019-09-01,011402,BASE,8532.724312528788
CALI,QUESO CAMPESINO,2019-10-01,011402,BASE,8551.985541225242
CALI,QUESO CAMPESINO,2019-11-01,011402,BASE,8621.49345347766
CALI,QUESO CAMPESINO,2019-12-01,011402,BASE,8630.70534546292
CALI,QUESO CAMPESINO,2020-01-01,011402,BASE,8641.592126900046
CALI,QUESO CAMPESINO,2020-02-01,011402,BASE,8643.26701635191
CALI,QUESO CAMPESINO,2020-03-01,011402,BASE,8688.489031552279
CALI,QUESO CAMPESINO,2020-04-01,011402,BASE,8672.577581759559
CALI,QUESO CAMPESINO,2020-05-01,011402,BASE,8713.612373330263
CALI,QUESO CAMPESINO,2020-06-01,011402,BASE,8721.149375863657
CALI,QUESO CAMPESINO,2020-07-01,011402,BASE,8780.607951404882
CALI,QUESO CAMPESINO,2020-08-01,011402,BASE,8914.599107554122
CALI,QUESO CAMPESINO,2020-09-01,011402,BASE,8930.510557346845
CALI,QUESO CAMPESINO,2020-10-01,011402,BASE,8913.76166282819
CALI,QUESO CAMPESINO,2020-11-01,011402,BASE,8968.195570013819
CALI,QUESO CAMPESINO,2020-12-01,011402,BASE,9022.629477199445
CALI,QUESO CAMPESINO,2021-01-01,011402,BASE,9152.433409719022
CALI,QUESO CAMPESINO,2021-02-01,011402,BASE,9125.635178489176
CALI,QUESO CAMPESINO,2021-03-01,011402,BASE,9128.147512666974
CALI,QUESO CAMPESINO,2021-04-01,011402,BASE,9197.655424919392
CALI,QUESO CAMPESINO,2021-05-01,011402,BASE,9267.16333717181
CALI,QUESO CAMPESINO,2021-06-01,011402,BASE,9281.399897512667
CALI,QUESO CAMPESINO,2021-07-01,011402,BASE,9289.774344771995
CALI,QUESO CAMPESINO,2021-08-01,011402,BASE,9314.060241824043
CALI,QUESO CAMPESINO,2021-09-01,011402,BASE,9399.479603869184
CALI,QUESO CAMPESINO,2021-10-01,011402,BASE,9561.106435974205
CALI,QUESO CAMPESINO,2021-11-01,011402,BASE,9752.043833486872
CALI,QUESO CAMPESINO,2021-12-01,011402,BASE,9878.497987102717
CALI,QUESO CAMPESINO,2022-01-01,011402,BASE,10318.15646821741
CALI,QUESO CAMPESINO,2022-02-01,011402,BASE,10636.385464071856
CALI,QUESO CAMPESINO,2022-03-01,011402,BASE,11014.073035467527
CALI,QUESO CAMPESINO,2022-04-01,011402,BASE,11226.783995854445
CALI,QUESO CAMPESINO,2022-05-01,011402,BASE,11343.188812759096
CALI,QUESO CAMPESINO,2022-06-01,011402,BASE,11688.21603984339
CALI,QUESO CAMPESINO,2022-07-01,011402,BASE,11854.867540304007
CALI,QUESO CAMPESINO,2022-08-01,011402,BASE,11911.813781667433
CALI,QUESO CAMPESINO,2022-09-01,011402,BASE,12029.893488023952
CALI,QUESO CAMPESINO,2022-10-01,011402,BASE,12114.475405343159
CALI,QUESO CAMPESINO,2022-11-01,011402,BASE,12449.45329571626
CALI,QUESO CAMPESINO,2022-12-01,011402,BASE,12848.076985260246
CALI,QUESO CAMPESINO,2023-01-01,011402,BASE,13425.913846153846
CALI,QUESO CAMPESINO,2023-02-01,011402,BASE,13956.85380239521
CALI,QUESO CAMPESINO,2023-03-01,011402,BASE,14327.841815983418
CALI,QUESO CAMPESINO,2023-04-01,011402,BASE,14409.911399124827
CALI,QUESO CAMPESINO,2023-05-01,011402,BASE,14363.851939198526
CALI,QUESO CAMPESINO,2023-06-01,011402,BASE,14343.75326577614
CALI,QUESO CAMPESINO,2023-07-01,011402,BASE,14231.53567250115
CALI,QUESO CAMPESINO,2023-08-01,011402,BASE,14249.122011745738
CALI,QUESO CAMPESINO,2023-09-01,011402,BASE,14367.201718102257
CALI,QUESO CAMPESINO,2023-10-01,011402,BASE,14453.458524873331
CALI,QUESO CAMPESINO,2023-11-01,011402,BASE,14515.429434592354
CALI,QUESO CAMPESINO,2023-12-01,011402,BASE,14512.079655688622
CALI,QUESO CAMPESINO,2024-01-01,011402,BASE,14846.220101335788
CALI,QUESO CAMPESINO,2024-02-01,011402,BASE,15057.256172270843
CALI,QUESO CAMPESINO,2024-03-01,011402,BASE,15058.931061722707
CALI,QUESO CAMPESINO,2024-04-01,011402,BASE,15014.54649124827
CALI,QUESO CAMPESINO,2024-05-01,011402,BASE,14970.161920773835
CALI,QUESO CAMPESINO,2024-06-01,011402,BASE,15023.758383233535
CALI,QUESO CAMPESINO,2024-07-01,011402,BASE,14954.250470981113
CALI,QUESO CAMPESINO,2024-08-01,011402,BASE,14933.314352832793
CALI,QUESO CAMPESINO,2024-09-01,011402,BASE,14898.979119069552
CALI,QUESO CAMPESINO,2024-10-01,011402,BASE,14868.831108935976
CALI,QUESO CAMPESINO,2024-11-01,011402,BASE,14899.816563795484
CALI,QUESO CAMPESINO,2024-12-01,011402,BASE,14893.954450713956
CALI,REPOLLO,2019-01-01,011716,BASE_lowR2,808.1214568546881
CALI,REPOLLO,2019-02-01,011716,BASE_lowR2,811.0732536421368
CALI,REPOLLO,2019-03-01,011716,BASE_lowR2,792.892868883078
CALI,REPOLLO,2019-04-01,011716,BASE_lowR2,775.2491744490102
CALI,REPOLLO,2019-05-01,011716,BASE_lowR2,784.6412551363466
CALI,REPOLLO,2019-06-01,011716,BASE_lowR2,867.2915651849086
CALI,REPOLLO,2019-07-01,011716,BASE_lowR2,925.3882928651475
CALI,REPOLLO,2019-08-01,011716,BASE_lowR2,914.7215726559582
CALI,REPOLLO,2019-09-01,011716,BASE_lowR2,974.2271124392977
CALI,REPOLLO,2019-10-01,011716,BASE_lowR2,936.4575308180799
CALI,REPOLLO,2019-11-01,011716,BASE_lowR2,853.8072207695182
CALI,REPOLLO,2019-12-01,011716,BASE_lowR2,812.4820657452372
CALI,REPOLLO,2020-01-01,011716,BASE_lowR2,995.0238625326858
CALI,REPOLLO,2020-02-01,011716,BASE_lowR2,1094.4457452372058
CALI,REPOLLO,2020-03-01,011716,BASE_lowR2,1188.9032424355623
CALI,REPOLLO,2020-04-01,011716,BASE_lowR2,1037.0198804632053
CALI,REPOLLO,2020-05-01,011716,BASE_lowR2,913.1785879716101
CALI,REPOLLO,2020-06-01,011716,BASE_lowR2,923.7111355995518
CALI,REPOLLO,2020-07-01,011716,BASE_lowR2,885.4048636533433
CALI,REPOLLO,2020-08-01,011716,BASE_lowR2,915.3924355621964
CALI,REPOLLO,2020-09-01,011716,BASE_lowR2,1046.0765296974225
CALI,REPOLLO,2020-10-01,011716,BASE_lowR2,1058.8229249159508
CALI,REPOLLO,2020-11-01,011716,BASE_lowR2,1011.6612626073963
CALI,REPOLLO,2020-12-01,011716,BASE_lowR2,986.8393350765782
CALI,REPOLLO,2021-01-01,011716,BASE_lowR2,975.5017519611505
CALI,REPOLLO,2021-02-01,011716,BASE_lowR2,968.0551737019052
CALI,REPOLLO,2021-03-01,011716,BASE_lowR2,1002.0679230481884
CALI,REPOLLO,2021-04-01,011716,BASE_lowR2,1042.2526111318641
CALI,REPOLLO,2021-05-01,011716,BASE_lowR2,1273.9015726559583
CALI,REPOLLO,2021-06-01,011716,BASE_lowR2,1188.7690698543145
CALI,REPOLLO,2021-07-01,011716,BASE_lowR2,1216.8782256257005
CALI,REPOLLO,2021-08-01,011716,BASE_lowR2,1178.169435935749
CALI,REPOLLO,2021-09-01,011716,BASE_lowR2,1165.1546955547255
CALI,REPOLLO,2021-10-01,011716,BASE_lowR2,1092.9698468434815
CALI,REPOLLO,2021-11-01,011716,BASE_lowR2,1143.8212551363467
CALI,REPOLLO,2021-12-01,011716,BASE_lowR2,1232.1738998879343
CALI,REPOLLO,2022-01-01,011716,BASE_lowR2,1393.6506014194995
CALI,REPOLLO,2022-02-01,011716,BASE_lowR2,1398.2124691819201
CALI,REPOLLO,2022-03-01,011716,BASE_lowR2,1424.711553978334
CALI,REPOLLO,2022-04-01,011716,BASE_lowR2,1365.340186776242
CALI,REPOLLO,2022-05-01,011716,BASE_lowR2,1389.6925102726934
CALI,REPOLLO,2022-06-01,011716,BASE_lowR2,1464.7620694807622
CALI,REPOLLO,2022-07-01,011716,BASE_lowR2,1570.1546320508032
CALI,REPOLLO,2022-08-01,011716,BASE_lowR2,1663.0020582741874
CALI,REPOLLO,2022-09-01,011716,BASE_lowR2,1617.8529846843483
CALI,REPOLLO,2022-10-01,011716,BASE_lowR2,1524.8713858797164
CALI,REPOLLO,2022-11-01,011716,BASE_lowR2,1480.2590026148675
CALI,REPOLLO,2022-12-01,011716,BASE_lowR2,1458.858475905865
CALI,REPOLLO,2023-01-01,011716,BASE_lowR2,1678.0964736645496
CALI,REPOLLO,2023-02-01,011716,BASE_lowR2,1647.5051251400823
CALI,REPOLLO,2023-03-01,011716,BASE_lowR2,1776.2437168472168
CALI,REPOLLO,2023-04-01,011716,BASE_lowR2,1797.0404669406053
CALI,REPOLLO,2023-05-01,011716,BASE_lowR2,1701.4425028016437
CALI,REPOLLO,2023-06-01,011716,BASE_lowR2,1644.9558460963767
CALI,REPOLLO,2023-07-01,011716,BASE_lowR2,1558.4816174822563
CALI,REPOLLO,2023-08-01,011716,BASE_lowR2,1661.660332461711
CALI,REPOLLO,2023-09-01,011716,BASE_lowR2,1761.0822151662308
CALI,REPOLLO,2023-10-01,011716,BASE_lowR2,1805.4262532685843
CALI,REPOLLO,2023-11-01,011716,BASE_lowR2,1605.173675756444
CALI,REPOLLO,2023-12-01,011716,BASE_lowR2,1514.5400971236459
CALI,REPOLLO,2024-01-01,011716,BASE_lowR2,1789.124284646993
CALI,REPOLLO,2024-02-01,011716,BASE_lowR2,1992.0603137840867
CALI,REPOLLO,2024-03-01,011716,BASE_lowR2,2090.207556966754
CALI,REPOLLO,2024-04-01,011716,BASE_lowR2,2139.113462831528
CALI,REPOLLO,2024-05-01,011716,BASE_lowR2,1945.3011692192754
CALI,REPOLLO,2024-06-01,011716,BASE_lowR2,1815.3550242809117
CALI,REPOLLO,2024-07-01,011716,BASE_lowR2,1805.1579081060888
CALI,REPOLLO,2024-08-01,011716,BASE_lowR2,1847.958961524094
CALI,REPOLLO,2024-09-01,011716,BASE_lowR2,1971.6660814344416
CALI,REPOLLO,2024-10-01,011716,BASE_lowR2,1988.5047403810238
CALI,REPOLLO,2024-11-01,011716,BASE_lowR2,1857.0826970489354
CALI,REPOLLO,2024-12-01,011716,BASE_lowR2,1694.3313559955172
CALI,SAL,2019-01-01,011902,BASE,630.1764124970074
CALI,SAL,2019-02-01,011902,BASE,635.8402202537707
CALI,SAL,2019-03-01,011902,BASE,637.8941285611683
CALI,SAL,2019-04-01,011902,BASE,640.7571522623894
CALI,SAL,2019-05-01,011902,BASE,656.5660222647832
CALI,SAL,2019-06-01,011902,BASE,670.1342650227436
CALI,SAL,2019-07-01,011902,BASE,679.7814101029447
CALI,SAL,2019-08-01,011902,BASE,687.5613658127843
CALI,SAL,2019-09-01,011902,BASE,686.6900107732823
CALI,SAL,2019-10-01,011902,BASE,687.6236054584631
CALI,SAL,2019-11-01,011902,BASE,690.3621498683266
CALI,SAL,2019-12-01,011902,BASE,694.8434043571941
CALI,SAL,2020-01-01,011902,BASE,697.7686677040939
CALI,SAL,2020-02-01,011902,BASE,709.9676382571223
CALI,SAL,2020-03-01,011902,BASE,715.071289202777
CALI,SAL,2020-04-01,011902,BASE,725.2163514484079
CALI,SAL,2020-05-01,011902,BASE,725.2163514484079
CALI,SAL,2020-06-01,011902,BASE,724.2205171175485
CALI,SAL,2020-07-01,011902,BASE,714.44889274599
CALI,SAL,2020-08-01,011902,BASE,710.1543571941585
CALI,SAL,2020-09-01,011902,BASE,707.2913334929375
CALI,SAL,2020-10-01,011902,BASE,709.4697210916926
CALI,SAL,2020-11-01,011902,BASE,711.3991501077328
CALI,SAL,2020-12-01,011902,BASE,715.6314460138856
CALI,SAL,2021-01-01,011902,BASE,720.1127005027532
CALI,SAL,2021-02-01,011902,BASE,720.7973366052191
CALI,SAL,2021-03-01,011902,BASE,728.3283337323437
CALI,SAL,2021-04-01,011902,BASE,734.6145379458942
CALI,SAL,2021-05-01,011902,BASE,737.7887598755087
CALI,SAL,2021-06-01,011902,BASE,741.2119403878381
CALI,SAL,2021-07-01,011902,BASE,747.3114256643523
CALI,SAL,2021-08-01,011902,BASE,770.9002513765861
CALI,SAL,2021-09-01,011902,BASE,788.6385503950204
CALI,SAL,2021-10-01,011902,BASE,797.1031422073257
CALI,SAL,2021-11-01,011902,BASE,798.0367368925065
CALI,SAL,2021-12-01,011902,BASE,808.928674886282
CALI,SAL,2022-01-01,011902,BASE,825.857858510893
CALI,SAL,2022-02-01,011902,BASE,848.6998084749822
CALI,SAL,2022-03-01,011902,BASE,868.9899329662437
CALI,SAL,2022-04-01,011902,BASE,888.5331817093607
CALI,SAL,2022-05-01,011902,BASE,915.8563861623174
CALI,SAL,2022-06-01,011902,BASE,926.8728034474503
CALI,SAL,2022-07-01,011902,BASE,954.196007900407
CALI,SAL,2022-08-01,011902,BASE,977.037957864496
CALI,SAL,2022-09-01,011902,BASE,995.6476119224325
CALI,SAL,2022-10-01,011902,BASE,1016.186694996409
CALI,SAL,2022-11-01,011902,BASE,1025.4604022025376
CALI,SAL,2022-12-01,011902,BASE,1056.5179853962175
CALI,SAL,2023-01-01,011902,BASE,1085.9573378022503
CALI,SAL,2023-02-01,011902,BASE,1099.5878202058893
CALI,SAL,2023-03-01,011902,BASE,1116.0190866650707
CALI,SAL,2023-04-01,011902,BASE,1126.9110246588461
CALI,SAL,2023-05-01,011902,BASE,1158.155326789562
CALI,SAL,2023-06-01,011902,BASE,1167.553513287048
CALI,SAL,2023-07-01,011902,BASE,1171.9102884845584
CALI,SAL,2023-08-01,011902,BASE,1180.125921714149
CALI,SAL,2023-09-01,011902,BASE,1177.4496169499641
CALI,SAL,2023-10-01,011902,BASE,1173.1550813981326
CALI,SAL,2023-11-01,011902,BASE,1188.528273880776
CALI,SAL,2023-12-01,011902,BASE,1202.8433923868806
CALI,SAL,2024-01-01,011902,BASE,1214.3577268374434
CALI,SAL,2024-02-01,011902,BASE,1219.897055302849
CALI,SAL,2024-03-01,011902,BASE,1229.7309193200863
CALI,SAL,2024-04-01,011902,BASE,1236.32832176203
CALI,SAL,2024-05-01,011902,BASE,1234.5233720373474
CALI,SAL,2024-06-01,011902,BASE,1235.270247785492
CALI,SAL,2024-07-01,011902,BASE,1237.9465525496769
CALI,SAL,2024-08-01,011902,BASE,1234.8968099114197
CALI,SAL,2024-09-01,011902,BASE,1230.7889932966243
CALI,SAL,2024-10-01,011902,BASE,1235.270247785492
CALI,SAL,2024-11-01,011902,BASE,1256.0582894421834
CALI,SAL,2024-12-01,011902,BASE,1280.6429494852766
CALI,TOMATE,2019-01-01,011713,BASE,1423.5544176606509
CALI,TOMATE,2019-02-01,011713,BASE,1107.921204646225
CALI,TOMATE,2019-03-01,011713,BASE,1120.0779460438393
CALI,TOMATE,2019-04-01,011713,BASE,1265.8483269843255
CALI,TOMATE,2019-05-01,011713,BASE,1799.5292743395994
CALI,TOMATE,2019-06-01,011713,BASE,1873.6853968650473
CALI,TOMATE,2019-07-01,011713,BASE,1679.2880503341034
CALI,TOMATE,2019-08-01,011713,BASE,1353.9294442015864
CALI,TOMATE,2019-09-01,011713,BASE,1219.4316780116158
CALI,TOMATE,2019-10-01,011713,BASE,1277.3419733966152
CALI,TOMATE,2019-11-01,011713,BASE,1066.4777680634486
CALI,TOMATE,2019-12-01,011713,BASE,1116.2098919627801
CALI,TOMATE,2020-01-01,011713,BASE,1326.189970648848
CALI,TOMATE,2020-02-01,011713,BASE,1608.9999818897147
CALI,TOMATE,2020-03-01,011713,BASE,1592.8646705801536
CALI,TOMATE,2020-04-01,011713,BASE,1451.8464703678262
CALI,TOMATE,2020-05-01,011713,BASE,1315.3594192218823
CALI,TOMATE,2020-06-01,011713,BASE,1314.8068400674454
CALI,TOMATE,2020-07-01,011713,BASE,1131.9031399487917
CALI,TOMATE,2020-08-01,011713,BASE,1221.3104471367014
CALI,TOMATE,2020-09-01,011713,BASE,1432.1746524698685
CALI,TOMATE,2020-10-01,011713,BASE,1169.2574907887342
CALI,TOMATE,2020-11-01,011713,BASE,1224.9574695559859
CALI,TOMATE,2020-12-01,011713,BASE,1276.1262992568538
CALI,TOMATE,2021-01-01,011713,BASE,1739.9612414912883
CALI,TOMATE,2021-02-01,011713,BASE,1689.566022606632
CALI,TOMATE,2021-03-01,011713,BASE,1708.5747455192657
CALI,TOMATE,2021-04-01,011713,BASE,1474.1706682070817
CALI,TOMATE,2021-05-01,011713,BASE,2718.910471491913
CALI,TOMATE,2021-06-01,011713,BASE,1293.9193480297258
CALI,TOMATE,2021-07-01,011713,BASE,1178.5408205832762
CALI,TOMATE,2021-08-01,011713,BASE,1415.707793667645
CALI,TOMATE,2021-09-01,011713,BASE,1279.662805845251
CALI,TOMATE,2021-10-01,011713,BASE,1172.241418222694
CALI,TOMATE,2021-11-01,011713,BASE,1412.2818029101356
CALI,TOMATE,2021-12-01,011713,BASE,1386.6421301442579
CALI,TOMATE,2022-01-01,011713,BASE,1888.6050340348468
CALI,TOMATE,2022-02-01,011713,BASE,2075.045240741897
CALI,TOMATE,2022-03-01,011713,BASE,1961.3244507587588
CALI,TOMATE,2022-04-01,011713,BASE,2024.7605376881286
CALI,TOMATE,2022-05-01,011713,BASE,2623.424793605196
CALI,TOMATE,2022-06-01,011713,BASE,2322.8217335914574
CALI,TOMATE,2022-07-01,011713,BASE,1716.863432835821
CALI,TOMATE,2022-08-01,011713,BASE,1749.6866346093798
CALI,TOMATE,2022-09-01,011713,BASE,1498.594666833198
CALI,TOMATE,2022-10-01,011713,BASE,1399.2409348654219
CALI,TOMATE,2022-11-01,011713,BASE,1335.6943321051647
CALI,TOMATE,2022-12-01,011713,BASE,2050.289694623119
CALI,TOMATE,2023-01-01,011713,BASE,2295.966386685818
CALI,TOMATE,2023-02-01,011713,BASE,2091.95416286767
CALI,TOMATE,2023-03-01,011713,BASE,1709.0168088428152
CALI,TOMATE,2023-04-01,011713,BASE,1435.8216748891525
CALI,TOMATE,2023-05-01,011713,BASE,1573.1928526821957
CALI,TOMATE,2023-06-01,011713,BASE,1514.8404939736465
CALI,TOMATE,2023-07-01,011713,BASE,1868.491152813339
CALI,TOMATE,2023-08-01,011713,BASE,2130.1926403547122
CALI,TOMATE,2023-09-01,011713,BASE,2749.4128408168363
CALI,TOMATE,2023-10-01,011713,BASE,2810.7491269593456
CALI,TOMATE,2023-11-01,011713,BASE,2194.2918222694066
CALI,TOMATE,2023-12-01,011713,BASE,2201.475351277087
CALI,TOMATE,2024-01-01,011713,BASE,2149.4223949291204
CALI,TOMATE,2024-02-01,011713,BASE,2294.7507125460565
CALI,TOMATE,2024-03-01,011713,BASE,2170.8624661212766
CALI,TOMATE,2024-04-01,011713,BASE,2475.1125485543
CALI,TOMATE,2024-05-01,011713,BASE,2272.537030537688
CALI,TOMATE,2024-06-01,011713,BASE,1891.4784456379193
CALI,TOMATE,2024-07-01,011713,BASE,1943.5314019858868
CALI,TOMATE,2024-08-01,011713,BASE,1936.56890463998
CALI,TOMATE,2024-09-01,011713,BASE,1657.5164316492849
CALI,TOMATE,2024-10-01,011713,BASE,1422.2282276900019
CALI,TOMATE,2024-11-01,011713,BASE,1446.5417104852306
CALI,TOMATE,2024-12-01,011713,BASE,1698.6283207393992
CALI,TOMATE DE ÁRBOL,2019-01-01,011607,BASE,1061.0858573936794
CALI,TOMATE DE ÁRBOL,2019-02-01,011607,BASE,1179.0975409676162
CALI,TOMATE DE ÁRBOL,2019-03-01,011607,BASE,1188.4977038626607
CALI,TOMATE DE ÁRBOL,2019-04-01,011607,BASE,1276.6100741318767
CALI,TOMATE DE ÁRBOL,2019-05-01,011607,BASE,1433.1284490831056
CALI,TOMATE DE ÁRBOL,2019-06-01,011607,BASE,1613.5436236831836
CALI,TOMATE DE ÁRBOL,2019-07-01,011607,BASE,1765.758309598127
CALI,TOMATE DE ÁRBOL,2019-08-01,011607,BASE,1412.176278774873
CALI,TOMATE DE ÁRBOL,2019-09-01,011607,BASE,1263.4724970737416
CALI,TOMATE DE ÁRBOL,2019-10-01,011607,BASE,1233.912948692938
CALI,TOMATE DE ÁRBOL,2019-11-01,011607,BASE,1247.6168006242685
CALI,TOMATE DE ÁRBOL,2019-12-01,011607,BASE,1241.0480120952009
CALI,TOMATE DE ÁRBOL,2020-01-01,011607,BASE,1225.3055706203668
CALI,TOMATE DE ÁRBOL,2020-02-01,011607,BASE,1239.91546234881
CALI,TOMATE DE ÁRBOL,2020-03-01,011607,BASE,1496.8909998049157
CALI,TOMATE DE ÁRBOL,2020-04-01,011607,BASE,1703.8078384705423
CALI,TOMATE DE ÁRBOL,2020-05-01,011607,BASE,1736.4252711666015
CALI,TOMATE DE ÁRBOL,2020-06-01,011607,BASE,1869.1601014436205
CALI,TOMATE DE ÁRBOL,2020-07-01,011607,BASE,1610.5989943425675
CALI,TOMATE DE ÁRBOL,2020-08-01,011607,BASE,1276.7233291065158
CALI,TOMATE DE ÁRBOL,2020-09-01,011607,BASE,1105.2552975029264
CALI,TOMATE DE ÁRBOL,2020-10-01,011607,BASE,1098.120234100663
CALI,TOMATE DE ÁRBOL,2020-11-01,011607,BASE,1169.2443581740147
CALI,TOMATE DE ÁRBOL,2020-12-01,011607,BASE,1359.5127155676942
CALI,TOMATE DE ÁRBOL,2021-01-01,011607,BASE,1436.1863333983613
CALI,TOMATE DE ÁRBOL,2021-02-01,011607,BASE,1459.0638382754585
CALI,TOMATE DE ÁRBOL,2021-03-01,011607,BASE,1490.661976199766
CALI,TOMATE DE ÁRBOL,2021-04-01,011607,BASE,1506.4044176746
CALI,TOMATE DE ÁRBOL,2021-05-01,011607,BASE,2177.2136324619587
CALI,TOMATE DE ÁRBOL,2021-06-01,011607,BASE,1739.7096654311356
CALI,TOMATE DE ÁRBOL,2021-07-01,011607,BASE,1791.5804438158407
CALI,TOMATE DE ÁRBOL,2021-08-01,011607,BASE,1794.298563207179
CALI,TOMATE DE ÁRBOL,2021-09-01,011607,BASE,1668.925306281701
CALI,TOMATE DE ÁRBOL,2021-10-01,011607,BASE,1801.4336266094422
CALI,TOMATE DE ÁRBOL,2021-11-01,011607,BASE,1825.5569362075692
CALI,TOMATE DE ÁRBOL,2021-12-01,011607,BASE,1727.9311480686695
CALI,TOMATE DE ÁRBOL,2022-01-01,011607,BASE,1759.529285992977
CALI,TOMATE DE ÁRBOL,2022-02-01,011607,BASE,1728.1576580179478
CALI,TOMATE DE ÁRBOL,2022-03-01,011607,BASE,1867.8010417479516
CALI,TOMATE DE ÁRBOL,2022-04-01,011607,BASE,2118.8873205228247
CALI,TOMATE DE ÁRBOL,2022-05-01,011607,BASE,2274.499655676941
CALI,TOMATE DE ÁRBOL,2022-06-01,011607,BASE,2230.8964904408895
CALI,TOMATE DE ÁRBOL,2022-07-01,011607,BASE,2219.797502926258
CALI,TOMATE DE ÁRBOL,2022-08-01,011607,BASE,2322.519764923917
CALI,TOMATE DE ÁRBOL,2022-09-01,011607,BASE,2462.616168552477
CALI,TOMATE DE ÁRBOL,2022-10-01,011607,BASE,2335.657341982052
CALI,TOMATE DE ÁRBOL,2022-11-01,011607,BASE,2021.8278072571206
CALI,TOMATE DE ÁRBOL,2022-12-01,011607,BASE,1842.2054174795162
CALI,TOMATE DE ÁRBOL,2023-01-01,011607,BASE,2028.17008583691
CALI,TOMATE DE ÁRBOL,2023-02-01,011607,BASE,2139.386470932501
CALI,TOMATE DE ÁRBOL,2023-03-01,011607,BASE,2223.421662114709
CALI,TOMATE DE ÁRBOL,2023-04-01,011607,BASE,2287.7504877097153
CALI,TOMATE DE ÁRBOL,2023-05-01,011607,BASE,2471.903076472883
CALI,TOMATE DE ÁRBOL,2023-06-01,011607,BASE,2811.554745415529
CALI,TOMATE DE ÁRBOL,2023-07-01,011607,BASE,3146.9027253218883
CALI,TOMATE DE ÁRBOL,2023-08-01,011607,BASE,2666.8148878267652
CALI,TOMATE DE ÁRBOL,2023-09-01,011607,BASE,2072.452780920796
CALI,TOMATE DE ÁRBOL,2023-10-01,011607,BASE,1974.0342079594225
CALI,TOMATE DE ÁRBOL,2023-11-01,011607,BASE,1697.1257949668357
CALI,TOMATE DE ÁRBOL,2023-12-01,011607,BASE,1306.1696225126802
CALI,TOMATE DE ÁRBOL,2024-01-01,011607,BASE,1423.1620113148654
CALI,TOMATE DE ÁRBOL,2024-02-01,011607,BASE,1526.2240382364416
CALI,TOMATE DE ÁRBOL,2024-03-01,011607,BASE,1918.539270386266
CALI,TOMATE DE ÁRBOL,2024-04-01,011607,BASE,2546.08508486149
CALI,TOMATE DE ÁRBOL,2024-05-01,011607,BASE,2879.5077301989854
CALI,TOMATE DE ÁRBOL,2024-06-01,011607,BASE,3027.645237026921
CALI,TOMATE DE ÁRBOL,2024-07-01,011607,BASE,2897.8550360905188
CALI,TOMATE DE ÁRBOL,2024-08-01,011607,BASE,2439.3988987514626
CALI,TOMATE DE ÁRBOL,2024-09-01,011607,BASE,2135.7623117440503
CALI,TOMATE DE ÁRBOL,2024-10-01,011607,BASE,2082.8722385875926
CALI,TOMATE DE ÁRBOL,2024-11-01,011607,BASE,2164.8688402262974
CALI,TOMATE DE ÁRBOL,2024-12-01,011607,BASE,2096.123070620367
CALI,YUCA,2019-01-01,011706,BASE,1415.546167595416
CALI,YUCA,2019-02-01,011706,BASE,1371.4980548838187
CALI,YUCA,2019-03-01,011706,BASE,1356.4149132583325
CALI,YUCA,2019-04-01,011706,BASE,1390.3186121333192
CALI,YUCA,2019-05-01,011706,BASE,1397.1260477342025
CALI,YUCA,2019-06-01,011706,BASE,1418.8831458311427
CALI,YUCA,2019-07-01,011706,BASE,1417.281396277994
CALI,YUCA,2019-08-01,011706,BASE,1323.9794848070655
CALI,YUCA,2019-09-01,011706,BASE,1315.8372579118916
CALI,YUCA,2019-10-01,011706,BASE,1231.8788855009989
CALI,YUCA,2019-11-01,011706,BASE,1175.8176511407844
CALI,YUCA,2019-12-01,011706,BASE,1154.8614278204184
CALI,YUCA,2020-01-01,011706,BASE,1197.975186626012
CALI,YUCA,2020-02-01,011706,BASE,1145.3844096309538
CALI,YUCA,2020-03-01,011706,BASE,1142.1809105246557
CALI,YUCA,2020-04-01,011706,BASE,1100.401943013353
CALI,YUCA,2020-05-01,011706,BASE,1045.6754999474294
CALI,YUCA,2020-06-01,011706,BASE,1008.7017810955734
CALI,YUCA,2020-07-01,011706,BASE,927.9469077909788
CALI,YUCA,2020-08-01,011706,BASE,876.0235264430659
CALI,YUCA,2020-09-01,011706,BASE,866.9469456418883
CALI,YUCA,2020-10-01,011706,BASE,813.5552938702556
CALI,YUCA,2020-11-01,011706,BASE,823.4327494480075
CALI,YUCA,2020-12-01,011706,BASE,817.5596677531279
CALI,YUCA,2021-01-01,011706,BASE,827.0366859425927
CALI,YUCA,2021-02-01,011706,BASE,817.5596677531279
CALI,YUCA,2021-03-01,011706,BASE,792.7325496793187
CALI,YUCA,2021-04-01,011706,BASE,790.8638418673115
CALI,YUCA,2021-05-01,011706,BASE,1305.1589275575648
CALI,YUCA,2021-06-01,011706,BASE,984.0081421511933
CALI,YUCA,2021-07-01,011706,BASE,896.1788749868574
CALI,YUCA,2021-08-01,011706,BASE,964.1197518662601
CALI,YUCA,2021-09-01,011706,BASE,978.4020187151718
CALI,YUCA,2021-10-01,011706,BASE,1029.7914835453687
CALI,YUCA,2021-11-01,011706,BASE,1237.3515298075913
CALI,YUCA,2021-12-01,011706,BASE,1323.7125265482073
CALI,YUCA,2022-01-01,011706,BASE,1461.5964672484492
CALI,YUCA,2022-02-01,011706,BASE,1613.0952791504571
CALI,YUCA,2022-03-01,011706,BASE,1745.2396172852486
CALI,YUCA,2022-04-01,011706,BASE,1935.0469393334033
CALI,YUCA,2022-05-01,011706,BASE,2072.530442645358
CALI,YUCA,2022-06-01,011706,BASE,2141.5391525601935
CALI,YUCA,2022-07-01,011706,BASE,2232.838877089686
CALI,YUCA,2022-08-01,011706,BASE,2267.676929870676
CALI,YUCA,2022-09-01,011706,BASE,2298.3771296393647
CALI,YUCA,2022-10-01,011706,BASE,2315.195499947429
CALI,YUCA,2022-11-01,011706,BASE,2391.6790411102934
CALI,YUCA,2022-12-01,011706,BASE,2412.635264430659
CALI,YUCA,2023-01-01,011706,BASE,2376.862857743665
CALI,YUCA,2023-02-01,011706,BASE,2143.0074229839133
CALI,YUCA,2023-03-01,011706,BASE,1955.602725265482
CALI,YUCA,2023-04-01,011706,BASE,1827.5962401429922
CALI,YUCA,2023-05-01,011706,BASE,1790.6225212911368
CALI,YUCA,2023-06-01,011706,BASE,1750.3118242035537
CALI,YUCA,2023-07-01,011706,BASE,1721.7472905057305
CALI,YUCA,2023-08-01,011706,BASE,1726.018622647461
CALI,YUCA,2023-09-01,011706,BASE,1584.1303080643468
CALI,YUCA,2023-10-01,011706,BASE,1511.384182525497
CALI,YUCA,2023-11-01,011706,BASE,1421.1522910314372
CALI,YUCA,2023-12-01,011706,BASE,1363.489307118074
CALI,YUCA,2024-01-01,011706,BASE,1363.3558279886447
CALI,YUCA,2024-02-01,011706,BASE,1340.3974177268426
CALI,YUCA,2024-03-01,011706,BASE,1301.0210745452634
CALI,YUCA,2024-04-01,011706,BASE,1218.9314099463777
CALI,YUCA,2024-05-01,011706,BASE,1077.8439701398381
CALI,YUCA,2024-06-01,011706,BASE,1080.3800735989905
CALI,YUCA,2024-07-01,011706,BASE,1149.3887835138262
CALI,YUCA,2024-08-01,011706,BASE,1160.334072127011
CALI,YUCA,2024-09-01,011706,BASE,1202.913914414888
CALI,YUCA,2024-10-01,011706,BASE,1200.1108526968774
CALI,YUCA,2024-11-01,011706,BASE,1176.885484176217
CALI,YUCA,2024-12-01,011706,BASE,1209.8548291452003
CALI,ZANAHORIA,2019-01-01,011715,BASE,848.9175122037288
CALI,ZANAHORIA,2019-02-01,011715,BASE,920.8849191319181
CALI,ZANAHORIA,2019-03-01,011715,BASE,909.4432523672294
CALI,ZANAHORIA,2019-04-01,011715,BASE,839.9808257366348
CALI,ZANAHORIA,2019-05-01,011715,BASE,870.9884196906429
CALI,ZANAHORIA,2019-06-01,011715,BASE,932.8005010880433
CALI,ZANAHORIA,2019-07-01,011715,BASE,969.96899253073
CALI,ZANAHORIA,2019-08-01,011715,BASE,914.7917238134448
CALI,ZANAHORIA,2019-09-01,011715,BASE,956.2254519790627
CALI,ZANAHORIA,2019-10-01,011715,BASE,932.5296924072223
CALI,ZANAHORIA,2019-11-01,011715,BASE,876.3368911368583
CALI,ZANAHORIA,2019-12-01,011715,BASE,873.7642086690585
CALI,ZANAHORIA,2020-01-01,011715,BASE,1012.5536575898371
CALI,ZANAHORIA,2020-02-01,011715,BASE,1032.6612021407989
CALI,ZANAHORIA,2020-03-01,011715,BASE,1089.5310251132155
CALI,ZANAHORIA,2020-04-01,011715,BASE,1117.2889148973711
CALI,ZANAHORIA,2020-05-01,011715,BASE,1187.1575545491971
CALI,ZANAHORIA,2020-06-01,011715,BASE,1207.061992589543
CALI,ZANAHORIA,2020-07-01,011715,BASE,1184.7879785920134
CALI,ZANAHORIA,2020-08-01,011715,BASE,1133.3343292360173
CALI,ZANAHORIA,2020-09-01,011715,BASE,1083.5055319649473
CALI,ZANAHORIA,2020-10-01,011715,BASE,1012.6213597600424
CALI,ZANAHORIA,2020-11-01,011715,BASE,987.1653437628655
CALI,ZANAHORIA,2020-12-01,011715,BASE,913.9115956007764
CALI,ZANAHORIA,2021-01-01,011715,BASE,973.9634205728403
CALI,ZANAHORIA,2021-02-01,011715,BASE,923.3898994295124
CALI,ZANAHORIA,2021-03-01,011715,BASE,850.1361512674234
CALI,ZANAHORIA,2021-04-01,011715,BASE,847.9696818208552
CALI,ZANAHORIA,2021-05-01,011715,BASE,2046.4334987943305
CALI,ZANAHORIA,2021-06-01,011715,BASE,1324.9314709168968
CALI,ZANAHORIA,2021-07-01,011715,BASE,1223.9198329706524
CALI,ZANAHORIA,2021-08-01,011715,BASE,1250.323679350703
CALI,ZANAHORIA,2021-09-01,011715,BASE,1151.2077021702055
CALI,ZANAHORIA,2021-10-01,011715,BASE,1094.6086878786098
CALI,ZANAHORIA,2021-11-01,011715,BASE,1027.177326354173
CALI,ZANAHORIA,2021-12-01,011715,BASE,992.1076021878492
CALI,ZANAHORIA,2022-01-01,011715,BASE,1060.6899006057754
CALI,ZANAHORIA,2022-02-01,011715,BASE,1039.6345256719403
CALI,ZANAHORIA,2022-03-01,011715,BASE,999.4871387402223
CALI,ZANAHORIA,2022-04-01,011715,BASE,1110.9249108980769
CALI,ZANAHORIA,2022-05-01,011715,BASE,1501.9049438334414
CALI,ZANAHORIA,2022-06-01,011715,BASE,1823.9641674998534
CALI,ZANAHORIA,2022-07-01,011715,BASE,1681.4510992177854
CALI,ZANAHORIA,2022-08-01,011715,BASE,1519.981423278245
CALI,ZANAHORIA,2022-09-01,011715,BASE,1389.5193412927133
CALI,ZANAHORIA,2022-10-01,011715,BASE,1268.3324566253016
CALI,ZANAHORIA,2022-11-01,011715,BASE,1176.6637181673823
CALI,ZANAHORIA,2022-12-01,011715,BASE,1231.9086890548729
CALI,ZANAHORIA,2023-01-01,011715,BASE,1492.629746515321
CALI,ZANAHORIA,2023-02-01,011715,BASE,1497.5720049403046
CALI,ZANAHORIA,2023-03-01,011715,BASE,1421.6101699700052
CALI,ZANAHORIA,2023-04-01,011715,BASE,1606.6402011409753
CALI,ZANAHORIA,2023-05-01,011715,BASE,1809.0019878844912
CALI,ZANAHORIA,2023-06-01,011715,BASE,1708.464265129683
CALI,ZANAHORIA,2023-07-01,011715,BASE,1489.5831488560843
CALI,ZANAHORIA,2023-08-01,011715,BASE,1346.3253567017587
CALI,ZANAHORIA,2023-09-01,011715,BASE,1202.593649355996
CALI,ZANAHORIA,2023-10-01,011715,BASE,1131.2355619596542
CALI,ZANAHORIA,2023-11-01,011715,BASE,1074.1626324766219
CALI,ZANAHORIA,2023-12-01,011715,BASE,1156.42076927601
CALI,ZANAHORIA,2024-01-01,011715,BASE,1418.2250614597424
CALI,ZANAHORIA,2024-02-01,011715,BASE,1682.6020361112746
CALI,ZANAHORIA,2024-03-01,011715,BASE,1913.534138681409
CALI,ZANAHORIA,2024-04-01,011715,BASE,1809.8821160971595
CALI,ZANAHORIA,2024-05-01,011715,BASE,1594.9277256954656
CALI,ZANAHORIA,2024-06-01,011715,BASE,1519.3044015761925
CALI,ZANAHORIA,2024-07-01,011715,BASE,1524.3820643415868
CALI,ZANAHORIA,2024-08-01,011715,BASE,1535.2821137446335
CALI,ZANAHORIA,2024-09-01,011715,BASE,1712.8649061930248
CALI,ZANAHORIA,2024-10-01,011715,BASE,1632.4347279891786
CALI,ZANAHORIA,2024-11-01,011715,BASE,1645.7720555196142
CALI,ZANAHORIA,2024-12-01,011715,BASE,1598.5159407163442
MEDELLÍN,ACEITE DE GIRASOL,2019-01-01,011501,D_city,5090.870464321714
MEDELLÍN,ACEITE DE GIRASOL,2019-02-01,011501,D_city,5078.208464109255
MEDELLÍN,ACEITE DE GIRASOL,2019-03-01,011501,D_city,5095.2355349574145
MEDELLÍN,ACEITE DE GIRASOL,2019-04-01,011501,D_city,5118.796881709181
MEDELLÍN,ACEITE DE GIRASOL,2019-05-01,011501,D_city,5113.562487425697
MEDELLÍN,ACEITE DE GIRASOL,2019-06-01,011501,D_city,5117.488361233297
MEDELLÍN,ACEITE DE GIRASOL,2019-07-01,011501,D_city,5083.011869290257
MEDELLÍN,ACEITE DE GIRASOL,2019-08-01,011501,D_city,5098.29073827218
MEDELLÍN,ACEITE DE GIRASOL,2019-09-01,011501,D_city,5133.623148011442
MEDELLÍN,ACEITE DE GIRASOL,2019-10-01,011501,D_city,5147.571198295103
MEDELLÍN,ACEITE DE GIRASOL,2019-11-01,011501,D_city,5215.0492661734315
MEDELLÍN,ACEITE DE GIRASOL,2019-12-01,011501,D_city,5240.264148302382
MEDELLÍN,ACEITE DE GIRASOL,2020-01-01,011501,D_city,5373.417798435654
MEDELLÍN,ACEITE DE GIRASOL,2020-02-01,011501,D_city,5417.976110829691
MEDELLÍN,ACEITE DE GIRASOL,2020-03-01,011501,D_city,5445.202122558449
MEDELLÍN,ACEITE DE GIRASOL,2020-04-01,011501,D_city,5540.112007879061
MEDELLÍN,ACEITE DE GIRASOL,2020-05-01,011501,D_city,5596.07617796032
MEDELLÍN,ACEITE DE GIRASOL,2020-06-01,011501,D_city,5652.812391976068
MEDELLÍN,ACEITE DE GIRASOL,2020-07-01,011501,D_city,5684.580291072663
MEDELLÍN,ACEITE DE GIRASOL,2020-08-01,011501,D_city,5733.894634598384
MEDELLÍN,ACEITE DE GIRASOL,2020-09-01,011501,D_city,5740.750522204248
MEDELLÍN,ACEITE DE GIRASOL,2020-10-01,011501,D_city,5748.461873655767
MEDELLÍN,ACEITE DE GIRASOL,2020-11-01,011501,D_city,5766.448775044968
MEDELLÍN,ACEITE DE GIRASOL,2020-12-01,011501,D_city,5834.035938335895
MEDELLÍN,ACEITE DE GIRASOL,2021-01-01,011501,D_city,5918.988754382894
MEDELLÍN,ACEITE DE GIRASOL,2021-02-01,011501,D_city,6043.301518622649
MEDELLÍN,ACEITE DE GIRASOL,2021-03-01,011501,D_city,6261.591742925853
MEDELLÍN,ACEITE DE GIRASOL,2021-04-01,011501,D_city,6499.722317453812
MEDELLÍN,ACEITE DE GIRASOL,2021-05-01,011501,D_city,6800.398287122759
MEDELLÍN,ACEITE DE GIRASOL,2021-06-01,011501,D_city,7283.116461257028
MEDELLÍN,ACEITE DE GIRASOL,2021-07-01,011501,D_city,7457.031753270104
MEDELLÍN,ACEITE DE GIRASOL,2021-08-01,011501,D_city,7583.977468032587
MEDELLÍN,ACEITE DE GIRASOL,2021-09-01,011501,D_city,7706.091674712478
MEDELLÍN,ACEITE DE GIRASOL,2021-10-01,011501,D_city,7829.538646403055
MEDELLÍN,ACEITE DE GIRASOL,2021-11-01,011501,D_city,7961.235538391921
MEDELLÍN,ACEITE DE GIRASOL,2021-12-01,011501,D_city,8172.953713331394
MEDELLÍN,ACEITE DE GIRASOL,2022-01-01,011501,D_city,8277.480456670988
MEDELLÍN,ACEITE DE GIRASOL,2022-02-01,011501,D_city,8384.225934429422
MEDELLÍN,ACEITE DE GIRASOL,2022-03-01,011501,D_city,8539.921915558805
MEDELLÍN,ACEITE DE GIRASOL,2022-04-01,011501,D_city,8679.510781909212
MEDELLÍN,ACEITE DE GIRASOL,2022-05-01,011501,D_city,8779.060687843361
MEDELLÍN,ACEITE DE GIRASOL,2022-06-01,011501,D_city,8824.361828553172
MEDELLÍN,ACEITE DE GIRASOL,2022-07-01,011501,D_city,8959.649530630415
MEDELLÍN,ACEITE DE GIRASOL,2022-08-01,011501,D_city,9073.875846978131
MEDELLÍN,ACEITE DE GIRASOL,2022-09-01,011501,D_city,9216.942254252881
MEDELLÍN,ACEITE DE GIRASOL,2022-10-01,011501,D_city,9232.463407992587
MEDELLÍN,ACEITE DE GIRASOL,2022-11-01,011501,D_city,9271.845054584814
MEDELLÍN,ACEITE DE GIRASOL,2022-12-01,011501,D_city,9301.662315063575
MEDELLÍN,ACEITE DE GIRASOL,2023-01-01,011501,D_city,9277.014447231546
MEDELLÍN,ACEITE DE GIRASOL,2023-02-01,011501,D_city,9195.046533350107
MEDELLÍN,ACEITE DE GIRASOL,2023-03-01,011501,D_city,9318.750837382466
MEDELLÍN,ACEITE DE GIRASOL,2023-04-01,011501,D_city,9402.136609519297
MEDELLÍN,ACEITE DE GIRASOL,2023-05-01,011501,D_city,9410.072098688932
MEDELLÍN,ACEITE DE GIRASOL,2023-06-01,011501,D_city,9313.585054444968
MEDELLÍN,ACEITE DE GIRASOL,2023-07-01,011501,D_city,9173.142698366782
MEDELLÍN,ACEITE DE GIRASOL,2023-08-01,011501,D_city,9152.027665864156
MEDELLÍN,ACEITE DE GIRASOL,2023-09-01,011501,D_city,8949.653979000866
MEDELLÍN,ACEITE DE GIRASOL,2023-10-01,011501,D_city,8879.636338857383
MEDELLÍN,ACEITE DE GIRASOL,2023-11-01,011501,D_city,8765.824295981809
MEDELLÍN,ACEITE DE GIRASOL,2023-12-01,011501,D_city,8616.397455765995
MEDELLÍN,ACEITE DE GIRASOL,2024-01-01,011501,D_city,8568.914606966902
MEDELLÍN,ACEITE DE GIRASOL,2024-02-01,011501,D_city,8384.62986998349
MEDELLÍN,ACEITE DE GIRASOL,2024-03-01,011501,D_city,8324.005599158765
MEDELLÍN,ACEITE DE GIRASOL,2024-04-01,011501,D_city,8236.585671395647
MEDELLÍN,ACEITE DE GIRASOL,2024-05-01,011501,D_city,8200.11814554063
MEDELLÍN,ACEITE DE GIRASOL,2024-06-01,011501,D_city,8148.615430797168
MEDELLÍN,ACEITE DE GIRASOL,2024-07-01,011501,D_city,8062.529252462392
MEDELLÍN,ACEITE DE GIRASOL,2024-08-01,011501,D_city,7962.049938364499
MEDELLÍN,ACEITE DE GIRASOL,2024-09-01,011501,D_city,8030.820098644974
MEDELLÍN,ACEITE DE GIRASOL,2024-10-01,011501,D_city,8041.798544569793
MEDELLÍN,ACEITE DE GIRASOL,2024-11-01,011501,D_city,8108.838551325205
MEDELLÍN,ACEITE DE GIRASOL,2024-12-01,011501,D_city,8188.76755083298
MEDELLÍN,ACEITE DE SOYA O DE MAÍZ,2019-01-01,011501,D_city,3331.9456041406534
MEDELLÍN,ACEITE DE SOYA O DE MAÍZ,2019-02-01,011501,D_city,3321.0581326789943
MEDELLÍN,ACEITE DE SOYA O DE MAÍZ,2019-03-01,011501,D_city,3335.7009017394907
MEDELLÍN,ACEITE DE SOYA O DE MAÍZ,2019-04-01,011501,D_city,3355.988321214929
MEDELLÍN,ACEITE DE SOYA O DE MAÍZ,2019-05-01,011501,D_city,3351.4787225252776
MEDELLÍN,ACEITE DE SOYA O DE MAÍZ,2019-06-01,011501,D_city,3354.860852896341
MEDELLÍN,ACEITE DE SOYA O DE MAÍZ,2019-07-01,011501,D_city,3325.1873566117165
MEDELLÍN,ACEITE DE SOYA O DE MAÍZ,2019-08-01,011501,D_city,3338.329913901846
MEDELLÍN,ACEITE DE SOYA O DE MAÍZ,2019-09-01,011501,D_city,3368.769489735286
MEDELLÍN,ACEITE DE SOYA O DE MAÍZ,2019-10-01,011501,D_city,3380.8041770458212
MEDELLÍN,ACEITE DE SOYA O DE MAÍZ,2019-11-01,011501,D_city,3439.170193295523
MEDELLÍN,ACEITE DE SOYA O DE MAÍZ,2019-12-01,011501,D_city,3461.041282008383
MEDELLÍN,ACEITE DE SOYA O DE MAÍZ,2020-01-01,011501,D_city,3577.0835280729693
MEDELLÍN,ACEITE DE SOYA O DE MAÍZ,2020-02-01,011501,D_city,3616.1190880703184
MEDELLÍN,ACEITE DE SOYA O DE MAÍZ,2020-03-01,011501,D_city,3640.0203487021186
MEDELLÍN,ACEITE DE SOYA O DE MAÍZ,2020-04-01,011501,D_city,3723.6332291333943
MEDELLÍN,ACEITE DE SOYA O DE MAÍZ,2020-05-01,011501,D_city,3773.1479584912886
MEDELLÍN,ACEITE DE SOYA O DE MAÍZ,2020-06-01,011501,D_city,3823.5048675837215
MEDELLÍN,ACEITE DE SOYA O DE MAÍZ,2020-07-01,011501,D_city,3851.7703997168205
MEDELLÍN,ACEITE DE SOYA O DE MAÍZ,2020-08-01,011501,D_city,3895.7462693185857
MEDELLÍN,ACEITE DE SOYA O DE MAÍZ,2020-09-01,011501,D_city,3901.8694199237734
MEDELLÍN,ACEITE DE SOYA O DE MAÍZ,2020-10-01,011501,D_city,3908.7593516030483
MEDELLÍN,ACEITE DE SOYA O DE MAÍZ,2020-11-01,011501,D_city,3924.841560314214
MEDELLÍN,ACEITE DE SOYA O DE MAÍZ,2020-12-01,011501,D_city,3985.412409623093
MEDELLÍN,ACEITE DE SOYA O DE MAÍZ,2021-01-01,011501,D_city,4061.859335160247
MEDELLÍN,ACEITE DE SOYA O DE MAÍZ,2021-02-01,011501,D_city,4174.347278330501
MEDELLÍN,ACEITE DE SOYA O DE MAÍZ,2021-03-01,011501,D_city,4373.632696540205
MEDELLÍN,ACEITE DE SOYA O DE MAÍZ,2021-04-01,011501,D_city,4593.533618635589
MEDELLÍN,ACEITE DE SOYA O DE MAÍZ,2021-05-01,011501,D_city,4874.822548521541
MEDELLÍN,ACEITE DE SOYA O DE MAÍZ,2021-06-01,011501,D_city,5334.601254423146
MEDELLÍN,ACEITE DE SOYA O DE MAÍZ,2021-07-01,011501,D_city,5502.6475853510865
MEDELLÍN,ACEITE DE SOYA O DE MAÍZ,2021-08-01,011501,D_city,5626.091088799022
MEDELLÍN,ACEITE DE SOYA O DE MAÍZ,2021-09-01,011501,D_city,5745.450897320937
MEDELLÍN,ACEITE DE SOYA O DE MAÍZ,2021-10-01,011501,D_city,5866.7191240944685
MEDELLÍN,ACEITE DE SOYA O DE MAÍZ,2021-11-01,011501,D_city,5996.755667873577
MEDELLÍN,ACEITE DE SOYA O DE MAÍZ,2021-12-01,011501,D_city,6207.222178815357
MEDELLÍN,ACEITE DE SOYA O DE MAÍZ,2022-01-01,011501,D_city,6311.767308546341
MEDELLÍN,ACEITE DE SOYA O DE MAÍZ,2022-02-01,011501,D_city,6418.960610774478
MEDELLÍN,ACEITE DE SOYA O DE MAÍZ,2022-03-01,011501,D_city,6576.079365225306
MEDELLÍN,ACEITE DE SOYA O DE MAÍZ,2022-04-01,011501,D_city,6717.7117603654915
MEDELLÍN,ACEITE DE SOYA O DE MAÍZ,2022-05-01,011501,D_city,6819.157941103686
MEDELLÍN,ACEITE DE SOYA O DE MAÍZ,2022-06-01,011501,D_city,6865.442077307798
MEDELLÍN,ACEITE DE SOYA O DE MAÍZ,2022-07-01,011501,D_city,7004.109242989893
MEDELLÍN,ACEITE DE SOYA O DE MAÍZ,2022-08-01,011501,D_city,7121.7027822512955
MEDELLÍN,ACEITE DE SOYA O DE MAÍZ,2022-09-01,011501,D_city,7269.643681588684
MEDELLÍN,ACEITE DE SOYA O DE MAÍZ,2022-10-01,011501,D_city,7285.737305597887
MEDELLÍN,ACEITE DE SOYA O DE MAÍZ,2022-11-01,011501,D_city,7326.609620534646
MEDELLÍN,ACEITE DE SOYA O DE MAÍZ,2022-12-01,011501,D_city,7357.5918457817015
MEDELLÍN,ACEITE DE SOYA O DE MAÍZ,2023-01-01,011501,D_city,7331.978741360448
MEDELLÍN,ACEITE DE SOYA O DE MAÍZ,2023-02-01,011501,D_city,7246.95485730779
MEDELLÍN,ACEITE DE SOYA O DE MAÍZ,2023-03-01,011501,D_city,7375.362101066754
MEDELLÍN,ACEITE DE SOYA O DE MAÍZ,2023-04-01,011501,D_city,7462.221202226703
MEDELLÍN,ACEITE DE SOYA O DE MAÍZ,2023-05-01,011501,D_city,7470.499891398472
MEDELLÍN,ACEITE DE SOYA O DE MAÍZ,2023-06-01,011501,D_city,7369.989152412977
MEDELLÍN,ACEITE DE SOYA O DE MAÍZ,2023-07-01,011501,D_city,7224.274608133769
MEDELLÍN,ACEITE DE SOYA O DE MAÍZ,2023-08-01,011501,D_city,7202.4272274130735
MEDELLÍN,ACEITE DE SOYA O DE MAÍZ,2023-09-01,011501,D_city,6993.8413526686645
MEDELLÍN,ACEITE DE SOYA O DE MAÍZ,2023-10-01,011501,D_city,6922.017198276258
MEDELLÍN,ACEITE DE SOYA O DE MAÍZ,2023-11-01,011501,D_city,6805.648477730388
MEDELLÍN,ACEITE DE SOYA O DE MAÍZ,2023-12-01,011501,D_city,6653.585110420126
MEDELLÍN,ACEITE DE SOYA O DE MAÍZ,2024-01-01,011501,D_city,6605.43705360001
MEDELLÍN,ACEITE DE SOYA O DE MAÍZ,2024-02-01,011501,D_city,6419.3670595634585
MEDELLÍN,ACEITE DE SOYA O DE MAÍZ,2024-03-01,011501,D_city,6358.434555511478
MEDELLÍN,ACEITE DE SOYA O DE MAÍZ,2024-04-01,011501,D_city,6270.8156216722045
MEDELLÍN,ACEITE DE SOYA O DE MAÍZ,2024-05-01,011501,D_city,6234.3512051314065
MEDELLÍN,ACEITE DE SOYA O DE MAÍZ,2024-06-01,011501,D_city,6182.939673535331
MEDELLÍN,ACEITE DE SOYA O DE MAÍZ,2024-07-01,011501,D_city,6097.233913534253
MEDELLÍN,ACEITE DE SOYA O DE MAÍZ,2024-08-01,011501,D_city,5997.56191715369
MEDELLÍN,ACEITE DE SOYA O DE MAÍZ,2024-09-01,011501,D_city,6065.737130050882
MEDELLÍN,ACEITE DE SOYA O DE MAÍZ,2024-10-01,011501,D_city,6076.637633024221
MEDELLÍN,ACEITE DE SOYA O DE MAÍZ,2024-11-01,011501,D_city,6143.3030193855275
MEDELLÍN,ACEITE DE SOYA O DE MAÍZ,2024-12-01,011501,D_city,6223.011963947813
MEDELLÍN,AGUACATE,2019-01-01,011609,D_city,2369.233617519374
MEDELLÍN,AGUACATE,2019-02-01,011609,D_city,2496.9380578381065
MEDELLÍN,AGUACATE,2019-03-01,011609,D_city,2700.361250454092
MEDELLÍN,AGUACATE,2019-04-01,011609,D_city,2679.8820609187296
MEDELLÍN,AGUACATE,2019-05-01,011609,D_city,2540.5537617653426
MEDELLÍN,AGUACATE,2019-06-01,011609,D_city,2581.9957673652666
MEDELLÍN,AGUACATE,2019-07-01,011609,D_city,2695.155164497094
MEDELLÍN,AGUACATE,2019-08-01,011609,D_city,2874.9227555179395
MEDELLÍN,AGUACATE,2019-09-01,011609,D_city,3021.325609246934
MEDELLÍN,AGUACATE,2019-10-01,011609,D_city,3000.1664187007227
MEDELLÍN,AGUACATE,2019-11-01,011609,D_city,2857.228679685499
MEDELLÍN,AGUACATE,2019-12-01,011609,D_city,2675.565889300384
MEDELLÍN,AGUACATE,2020-01-01,011609,D_city,2691.563359015227
MEDELLÍN,AGUACATE,2020-02-01,011609,D_city,2814.4776572527117
MEDELLÍN,AGUACATE,2020-03-01,011609,D_city,3096.7567554913867
MEDELLÍN,AGUACATE,2020-04-01,011609,D_city,3227.2462027705997
MEDELLÍN,AGUACATE,2020-05-01,011609,D_city,3020.277229827017
MEDELLÍN,AGUACATE,2020-06-01,011609,D_city,2787.790666674765
MEDELLÍN,AGUACATE,2020-07-01,011609,D_city,2729.399581341157
MEDELLÍN,AGUACATE,2020-08-01,011609,D_city,2926.6175471567867
MEDELLÍN,AGUACATE,2020-09-01,011609,D_city,2995.2649976809316
MEDELLÍN,AGUACATE,2020-10-01,011609,D_city,3067.1947218781174
MEDELLÍN,AGUACATE,2020-11-01,011609,D_city,3069.28368248906
MEDELLÍN,AGUACATE,2020-12-01,011609,D_city,2950.8895916350143
MEDELLÍN,AGUACATE,2021-01-01,011609,D_city,2937.1765020125704
MEDELLÍN,AGUACATE,2021-02-01,011609,D_city,2982.6525217842927
MEDELLÍN,AGUACATE,2021-03-01,011609,D_city,3089.9808631820065
MEDELLÍN,AGUACATE,2021-04-01,011609,D_city,3156.5443058605542
MEDELLÍN,AGUACATE,2021-05-01,011609,D_city,3200.906065039145
MEDELLÍN,AGUACATE,2021-06-01,011609,D_city,3096.7567554913867
MEDELLÍN,AGUACATE,2021-07-01,011609,D_city,3233.6083119863843
MEDELLÍN,AGUACATE,2021-08-01,011609,D_city,3446.332022909135
MEDELLÍN,AGUACATE,2021-09-01,011609,D_city,3460.2086977891295
MEDELLÍN,AGUACATE,2021-10-01,011609,D_city,3576.792378036241
MEDELLÍN,AGUACATE,2021-11-01,011609,D_city,3437.017008189892
MEDELLÍN,AGUACATE,2021-12-01,011609,D_city,3357.5078097116284
MEDELLÍN,AGUACATE,2022-01-01,011609,D_city,3533.6022890693457
MEDELLÍN,AGUACATE,2022-02-01,011609,D_city,3728.072561150825
MEDELLÍN,AGUACATE,2022-03-01,011609,D_city,3912.920186215814
MEDELLÍN,AGUACATE,2022-04-01,011609,D_city,3916.3689791171373
MEDELLÍN,AGUACATE,2022-05-01,011609,D_city,3806.30354916203
MEDELLÍN,AGUACATE,2022-06-01,011609,D_city,3830.5891744323094
MEDELLÍN,AGUACATE,2022-07-01,011609,D_city,3916.3689791171373
MEDELLÍN,AGUACATE,2022-08-01,011609,D_city,4142.913510914721
MEDELLÍN,AGUACATE,2022-09-01,011609,D_city,4458.139574156668
MEDELLÍN,AGUACATE,2022-10-01,011609,D_city,4463.86993203522
MEDELLÍN,AGUACATE,2022-11-01,011609,D_city,4204.210102686654
MEDELLÍN,AGUACATE,2022-12-01,011609,D_city,4066.433670102482
MEDELLÍN,AGUACATE,2023-01-01,011609,D_city,4218.895873445032
MEDELLÍN,AGUACATE,2023-02-01,011609,D_city,4589.972976208272
MEDELLÍN,AGUACATE,2023-03-01,011609,D_city,4912.512184160171
MEDELLÍN,AGUACATE,2023-04-01,011609,D_city,4723.105273625967
MEDELLÍN,AGUACATE,2023-05-01,011609,D_city,4436.316239351711
MEDELLÍN,AGUACATE,2023-06-01,011609,D_city,4348.4436774114065
MEDELLÍN,AGUACATE,2023-07-01,011609,D_city,4715.095722185534
MEDELLÍN,AGUACATE,2023-08-01,011609,D_city,5111.130698488503
MEDELLÍN,AGUACATE,2023-09-01,011609,D_city,5271.089609861512
MEDELLÍN,AGUACATE,2023-10-01,011609,D_city,5334.473038413862
MEDELLÍN,AGUACATE,2023-11-01,011609,D_city,4945.462132809497
MEDELLÍN,AGUACATE,2023-12-01,011609,D_city,4678.461536613295
MEDELLÍN,AGUACATE,2024-01-01,011609,D_city,4888.543680975903
MEDELLÍN,AGUACATE,2024-02-01,011609,D_city,5161.917364533344
MEDELLÍN,AGUACATE,2024-03-01,011609,D_city,5586.241365623447
MEDELLÍN,AGUACATE,2024-04-01,011609,D_city,5801.115826966661
MEDELLÍN,AGUACATE,2024-05-01,011609,D_city,5460.552559787492
MEDELLÍN,AGUACATE,2024-06-01,011609,D_city,4989.210635973539
MEDELLÍN,AGUACATE,2024-07-01,011609,D_city,4879.509299660064
MEDELLÍN,AGUACATE,2024-08-01,011609,D_city,5300.894753071967
MEDELLÍN,AGUACATE,2024-09-01,011609,D_city,5758.32516597952
MEDELLÍN,AGUACATE,2024-10-01,011609,D_city,5666.351817401336
MEDELLÍN,AGUACATE,2024-11-01,011609,D_city,5424.579827214185
MEDELLÍN,AGUACATE,2024-12-01,011609,D_city,5102.500398440115
MEDELLÍN,ARRACACHA,2019-01-01,011712,BASE,2029.1899037241583
MEDELLÍN,ARRACACHA,2019-02-01,011712,BASE,2020.2328054332409
MEDELLÍN,ARRACACHA,2019-03-01,011712,BASE,2008.6292917381893
MEDELLÍN,ARRACACHA,2019-04-01,011712,BASE,2137.6929352936786
MEDELLÍN,ARRACACHA,2019-05-01,011712,BASE,2213.6247003507724
MEDELLÍN,ARRACACHA,2019-06-01,011712,BASE,2298.9207045301887
MEDELLÍN,ARRACACHA,2019-07-01,011712,BASE,2267.367290096275
MEDELLÍN,ARRACACHA,2019-08-01,011712,BASE,2248.842382267333
MEDELLÍN,ARRACACHA,2019-09-01,011712,BASE,2228.892481528472
MEDELLÍN,ARRACACHA,2019-10-01,011712,BASE,2146.650033584596
MEDELLÍN,ARRACACHA,2019-11-01,011712,BASE,2196.117644600343
MEDELLÍN,ARRACACHA,2019-12-01,011712,BASE,2380.9595820583622
MEDELLÍN,ARRACACHA,2020-01-01,011712,BASE,2586.3621315023506
MEDELLÍN,ARRACACHA,2020-02-01,011712,BASE,2762.4505410851552
MEDELLÍN,ARRACACHA,2020-03-01,011712,BASE,2967.6495201134408
MEDELLÍN,ARRACACHA,2020-04-01,011712,BASE,3180.7877453541305
MEDELLÍN,ARRACACHA,2020-05-01,011712,BASE,3065.974030897828
MEDELLÍN,ARRACACHA,2020-06-01,011712,BASE,2858.7393477125156
MEDELLÍN,ARRACACHA,2020-07-01,011712,BASE,2807.84674378685
MEDELLÍN,ARRACACHA,2020-08-01,011712,BASE,2870.5464318232694
MEDELLÍN,ARRACACHA,2020-09-01,011712,BASE,2850.1893902530037
MEDELLÍN,ARRACACHA,2020-10-01,011712,BASE,2750.2363161429957
MEDELLÍN,ARRACACHA,2020-11-01,011712,BASE,2796.6503709232024
MEDELLÍN,ARRACACHA,2020-12-01,011712,BASE,2842.6572848720048
MEDELLÍN,ARRACACHA,2021-01-01,011712,BASE,2846.321552354653
MEDELLÍN,ARRACACHA,2021-02-01,011712,BASE,2850.8001015001114
MEDELLÍN,ARRACACHA,2021-03-01,011712,BASE,2741.4827882677805
MEDELLÍN,ARRACACHA,2021-04-01,011712,BASE,2697.3080080603027
MEDELLÍN,ARRACACHA,2021-05-01,011712,BASE,2684.0759310396293
MEDELLÍN,ARRACACHA,2021-06-01,011712,BASE,2534.655245913874
MEDELLÍN,ARRACACHA,2021-07-01,011712,BASE,2479.0805224270466
MEDELLÍN,ARRACACHA,2021-08-01,011712,BASE,2438.366439286514
MEDELLÍN,ARRACACHA,2021-09-01,011712,BASE,2392.766666169117
MEDELLÍN,ARRACACHA,2021-10-01,011712,BASE,2407.8308769311143
MEDELLÍN,ARRACACHA,2021-11-01,011712,BASE,2350.0168788715573
MEDELLÍN,ARRACACHA,2021-12-01,011712,BASE,2370.5774908575268
MEDELLÍN,ARRACACHA,2022-01-01,011712,BASE,2411.902285245167
MEDELLÍN,ARRACACHA,2022-02-01,011712,BASE,2430.223622658407
MEDELLÍN,ARRACACHA,2022-03-01,011712,BASE,2458.112769609672
MEDELLÍN,ARRACACHA,2022-04-01,011712,BASE,2511.0410776923645
MEDELLÍN,ARRACACHA,2022-05-01,011712,BASE,2493.12688111053
MEDELLÍN,ARRACACHA,2022-06-01,011712,BASE,2536.2838092394954
MEDELLÍN,ARRACACHA,2022-07-01,011712,BASE,2676.136684827226
MEDELLÍN,ARRACACHA,2022-08-01,011712,BASE,3179.769893275617
MEDELLÍN,ARRACACHA,2022-09-01,011712,BASE,3588.74285842227
MEDELLÍN,ARRACACHA,2022-10-01,011712,BASE,4046.572723337562
MEDELLÍN,ARRACACHA,2022-11-01,011712,BASE,4217.5718725278
MEDELLÍN,ARRACACHA,2022-12-01,011712,BASE,4370.656825136203
MEDELLÍN,ARRACACHA,2023-01-01,011712,BASE,4640.998337189341
MEDELLÍN,ARRACACHA,2023-02-01,011712,BASE,4868.59006194492
MEDELLÍN,ARRACACHA,2023-03-01,011712,BASE,5150.738658108813
MEDELLÍN,ARRACACHA,2023-04-01,011712,BASE,5308.098589446973
MEDELLÍN,ARRACACHA,2023-05-01,011712,BASE,5331.102046421373
MEDELLÍN,ARRACACHA,2023-06-01,011712,BASE,5224.63471900888
MEDELLÍN,ARRACACHA,2023-07-01,011712,BASE,5177.20281215016
MEDELLÍN,ARRACACHA,2023-08-01,011712,BASE,4998.467987163221
MEDELLÍN,ARRACACHA,2023-09-01,011712,BASE,4656.062547951339
MEDELLÍN,ARRACACHA,2023-10-01,011712,BASE,4347.4497977461
MEDELLÍN,ARRACACHA,2023-11-01,011712,BASE,4111.918826778117
MEDELLÍN,ARRACACHA,2023-12-01,011712,BASE,3961.276719158146
MEDELLÍN,ARRACACHA,2024-01-01,011712,BASE,3977.1552115829536
MEDELLÍN,ARRACACHA,2024-02-01,011712,BASE,3883.919961191133
MEDELLÍN,ARRACACHA,2024-03-01,011712,BASE,3849.1094201059777
MEDELLÍN,ARRACACHA,2024-04-01,011712,BASE,3809.006048212553
MEDELLÍN,ARRACACHA,2024-05-01,011712,BASE,3686.456657959549
MEDELLÍN,ARRACACHA,2024-06-01,011712,BASE,3631.0855048884246
MEDELLÍN,ARRACACHA,2024-07-01,011712,BASE,3724.524325695947
MEDELLÍN,ARRACACHA,2024-08-01,011712,BASE,3692.3602000149262
MEDELLÍN,ARRACACHA,2024-09-01,011712,BASE,3839.3380401522495
MEDELLÍN,ARRACACHA,2024-10-01,011712,BASE,3909.1626927382636
MEDELLÍN,ARRACACHA,2024-11-01,011712,BASE,3896.7448973804007
MEDELLÍN,ARRACACHA,2024-12-01,011712,BASE,4081.383264422718
MEDELLÍN,ARROZ INTEGRAL,2019-01-01,011101,D_city,2005.4744258370367
MEDELLÍN,ARROZ INTEGRAL,2019-02-01,011101,D_city,2020.8949085363922
MEDELLÍN,ARROZ INTEGRAL,2019-03-01,011101,D_city,2016.4420939420422
MEDELLÍN,ARROZ INTEGRAL,2019-04-01,011101,D_city,2021.7510341895106
MEDELLÍN,ARROZ INTEGRAL,2019-05-01,011101,D_city,2035.9540467191634
MEDELLÍN,ARROZ INTEGRAL,2019-06-01,011101,D_city,2056.8012963288143
MEDELLÍN,ARROZ INTEGRAL,2019-07-01,011101,D_city,2133.7402072608215
MEDELLÍN,ARROZ INTEGRAL,2019-08-01,011101,D_city,2191.9906718001234
MEDELLÍN,ARROZ INTEGRAL,2019-09-01,011101,D_city,2193.511228693322
MEDELLÍN,ARROZ INTEGRAL,2019-10-01,011101,D_city,2189.1180358615547
MEDELLÍN,ARROZ INTEGRAL,2019-11-01,011101,D_city,2246.117927727382
MEDELLÍN,ARROZ INTEGRAL,2019-12-01,011101,D_city,2368.4268639730976
MEDELLÍN,ARROZ INTEGRAL,2020-01-01,011101,D_city,2537.1203910333597
MEDELLÍN,ARROZ INTEGRAL,2020-02-01,011101,D_city,2648.232068224339
MEDELLÍN,ARROZ INTEGRAL,2020-03-01,011101,D_city,2712.8019553403997
MEDELLÍN,ARROZ INTEGRAL,2020-04-01,011101,D_city,2809.755383179903
MEDELLÍN,ARROZ INTEGRAL,2020-05-01,011101,D_city,2832.2874887342145
MEDELLÍN,ARROZ INTEGRAL,2020-06-01,011101,D_city,2824.672025356047
MEDELLÍN,ARROZ INTEGRAL,2020-07-01,011101,D_city,2754.189489800269
MEDELLÍN,ARROZ INTEGRAL,2020-08-01,011101,D_city,2634.4675527425293
MEDELLÍN,ARROZ INTEGRAL,2020-09-01,011101,D_city,2560.3609751367935
MEDELLÍN,ARROZ INTEGRAL,2020-10-01,011101,D_city,2519.295427997151
MEDELLÍN,ARROZ INTEGRAL,2020-11-01,011101,D_city,2470.8319317796722
MEDELLÍN,ARROZ INTEGRAL,2020-12-01,011101,D_city,2442.8076072609088
MEDELLÍN,ARROZ INTEGRAL,2021-01-01,011101,D_city,2439.3216152751584
MEDELLÍN,ARROZ INTEGRAL,2021-02-01,011101,D_city,2412.235724112829
MEDELLÍN,ARROZ INTEGRAL,2021-03-01,011101,D_city,2381.266709683544
MEDELLÍN,ARROZ INTEGRAL,2021-04-01,011101,D_city,2361.5853990095575
MEDELLÍN,ARROZ INTEGRAL,2021-05-01,011101,D_city,2358.7477394751468
MEDELLÍN,ARROZ INTEGRAL,2021-06-01,011101,D_city,2359.91625539412
MEDELLÍN,ARROZ INTEGRAL,2021-07-01,011101,D_city,2326.4924094636353
MEDELLÍN,ARROZ INTEGRAL,2021-08-01,011101,D_city,2277.3832807306426
MEDELLÍN,ARROZ INTEGRAL,2021-09-01,011101,D_city,2199.4228612006414
MEDELLÍN,ARROZ INTEGRAL,2021-10-01,011101,D_city,2116.4182553874684
MEDELLÍN,ARROZ INTEGRAL,2021-11-01,011101,D_city,2094.1371916867315
MEDELLÍN,ARROZ INTEGRAL,2021-12-01,011101,D_city,2114.3788504647955
MEDELLÍN,ARROZ INTEGRAL,2022-01-01,011101,D_city,2136.9642891339035
MEDELLÍN,ARROZ INTEGRAL,2022-02-01,011101,D_city,2243.761738453884
MEDELLÍN,ARROZ INTEGRAL,2022-03-01,011101,D_city,2397.591908794521
MEDELLÍN,ARROZ INTEGRAL,2022-04-01,011101,D_city,2571.2276321436707
MEDELLÍN,ARROZ INTEGRAL,2022-05-01,011101,D_city,2660.0208756284505
MEDELLÍN,ARROZ INTEGRAL,2022-06-01,011101,D_city,2739.536378779586
MEDELLÍN,ARROZ INTEGRAL,2022-07-01,011101,D_city,2784.757037548968
MEDELLÍN,ARROZ INTEGRAL,2022-08-01,011101,D_city,2823.861671321522
MEDELLÍN,ARROZ INTEGRAL,2022-09-01,011101,D_city,2862.068983844272
MEDELLÍN,ARROZ INTEGRAL,2022-10-01,011101,D_city,2921.3190373962516
MEDELLÍN,ARROZ INTEGRAL,2022-11-01,011101,D_city,3056.200000003387
MEDELLÍN,ARROZ INTEGRAL,2022-12-01,011101,D_city,3196.9395688659497
MEDELLÍN,ARROZ INTEGRAL,2023-01-01,011101,D_city,3232.003859650944
MEDELLÍN,ARROZ INTEGRAL,2023-02-01,011101,D_city,3243.255575672628
MEDELLÍN,ARROZ INTEGRAL,2023-03-01,011101,D_city,3236.7588895837544
MEDELLÍN,ARROZ INTEGRAL,2023-04-01,011101,D_city,3256.7175139627857
MEDELLÍN,ARROZ INTEGRAL,2023-05-01,011101,D_city,3254.3425429775066
MEDELLÍN,ARROZ INTEGRAL,2023-06-01,011101,D_city,3217.890499024449
MEDELLÍN,ARROZ INTEGRAL,2023-07-01,011101,D_city,3172.150254260533
MEDELLÍN,ARROZ INTEGRAL,2023-08-01,011101,D_city,3178.827421163997
MEDELLÍN,ARROZ INTEGRAL,2023-09-01,011101,D_city,3173.5812699451935
MEDELLÍN,ARROZ INTEGRAL,2023-10-01,011101,D_city,3167.0613391790994
MEDELLÍN,ARROZ INTEGRAL,2023-11-01,011101,D_city,3185.502284972215
MEDELLÍN,ARROZ INTEGRAL,2023-12-01,011101,D_city,3176.4429834182697
MEDELLÍN,ARROZ INTEGRAL,2024-01-01,011101,D_city,3184.707778886238
MEDELLÍN,ARROZ INTEGRAL,2024-02-01,011101,D_city,3226.613436069617
MEDELLÍN,ARROZ INTEGRAL,2024-03-01,011101,D_city,3221.3801393677177
MEDELLÍN,ARROZ INTEGRAL,2024-04-01,011101,D_city,3210.274578930259
MEDELLÍN,ARROZ INTEGRAL,2024-05-01,011101,D_city,3207.8939954555667
MEDELLÍN,ARROZ INTEGRAL,2024-06-01,011101,D_city,3250.225251924373
MEDELLÍN,ARROZ INTEGRAL,2024-07-01,011101,D_city,3253.550822720378
MEDELLÍN,ARROZ INTEGRAL,2024-08-01,011101,D_city,3209.9571845589116
MEDELLÍN,ARROZ INTEGRAL,2024-09-01,011101,D_city,3181.688358718989
MEDELLÍN,ARROZ INTEGRAL,2024-10-01,011101,D_city,3187.2500838027704
MEDELLÍN,ARROZ INTEGRAL,2024-11-01,011101,D_city,3213.6069087511864
MEDELLÍN,ARROZ INTEGRAL,2024-12-01,011101,D_city,3200.115398675799
MEDELLÍN,ARROZ PARA SECO,2019-01-01,011101,D_city,1329.2095790908547
MEDELLÍN,ARROZ PARA SECO,2019-02-01,011101,D_city,1341.2445283955785
MEDELLÍN,ARROZ PARA SECO,2019-03-01,011101,D_city,1337.7676473338993
MEDELLÍN,ARROZ PARA SECO,2019-04-01,011101,D_city,1341.913170319965
MEDELLÍN,ARROZ PARA SECO,2019-05-01,011101,D_city,1353.0131403973473
MEDELLÍN,ARROZ PARA SECO,2019-06-01,011101,D_city,1369.330507646835
MEDELLÍN,ARROZ PARA SECO,2019-07-01,011101,D_city,1429.8027814613215
MEDELLÍN,ARROZ PARA SECO,2019-08-01,011101,D_city,1475.8441521249358
MEDELLÍN,ARROZ PARA SECO,2019-09-01,011101,D_city,1477.0489291884387
MEDELLÍN,ARROZ PARA SECO,2019-10-01,011101,D_city,1473.5684905408655
MEDELLÍN,ARROZ PARA SECO,2019-11-01,011101,D_city,1518.8209112495265
MEDELLÍN,ARROZ PARA SECO,2019-12-01,011101,D_city,1616.6036409301314
MEDELLÍN,ARROZ PARA SECO,2020-01-01,011101,D_city,1752.9334861056702
MEDELLÍN,ARROZ PARA SECO,2020-02-01,011101,D_city,1843.61470274337
MEDELLÍN,ARROZ PARA SECO,2020-03-01,011101,D_city,1896.6235372528608
MEDELLÍN,ARROZ PARA SECO,2020-04-01,011101,D_city,1976.6360631485209
MEDELLÍN,ARROZ PARA SECO,2020-05-01,011101,D_city,1995.301688520537
MEDELLÍN,ARROZ PARA SECO,2020-06-01,011101,D_city,1988.9900822149023
MEDELLÍN,ARROZ PARA SECO,2020-07-01,011101,D_city,1930.71854983178
MEDELLÍN,ARROZ PARA SECO,2020-08-01,011101,D_city,1832.3440034681819
MEDELLÍN,ARROZ PARA SECO,2020-09-01,011101,D_city,1771.8437466933374
MEDELLÍN,ARROZ PARA SECO,2020-10-01,011101,D_city,1738.4504910145113
MEDELLÍN,ARROZ PARA SECO,2020-11-01,011101,D_city,1699.1651274048327
MEDELLÍN,ARROZ PARA SECO,2020-12-01,011101,D_city,1676.5100110089109
MEDELLÍN,ARROZ PARA SECO,2021-01-01,011101,D_city,1673.6951037731685
MEDELLÍN,ARROZ PARA SECO,2021-02-01,011101,D_city,1651.847773162134
MEDELLÍN,ARROZ PARA SECO,2021-03-01,011101,D_city,1626.9214305846829
MEDELLÍN,ARROZ PARA SECO,2021-04-01,011101,D_city,1611.1100371764742
MEDELLÍN,ARROZ PARA SECO,2021-05-01,011101,D_city,1608.8322596155167
MEDELLÍN,ARROZ PARA SECO,2021-06-01,011101,D_city,1609.7701638895448
MEDELLÍN,ARROZ PARA SECO,2021-07-01,011101,D_city,1582.9751913116463
MEDELLÍN,ARROZ PARA SECO,2021-08-01,011101,D_city,1543.7292509899412
MEDELLÍN,ARROZ PARA SECO,2021-09-01,011101,D_city,1481.7342721823518
MEDELLÍN,ARROZ PARA SECO,2021-10-01,011101,D_city,1416.1539748191794
MEDELLÍN,ARROZ PARA SECO,2021-11-01,011101,D_city,1398.626670360912
MEDELLÍN,ARROZ PARA SECO,2021-12-01,011101,D_city,1414.548324189972
MEDELLÍN,ARROZ PARA SECO,2022-01-01,011101,D_city,1432.3453590860308
MEDELLÍN,ARROZ PARA SECO,2022-02-01,011101,D_city,1516.9462641558364
MEDELLÍN,ARROZ PARA SECO,2022-03-01,011101,D_city,1640.054164635091
MEDELLÍN,ARROZ PARA SECO,2022-04-01,011101,D_city,1780.696093887256
MEDELLÍN,ARROZ PARA SECO,2022-05-01,011101,D_city,1853.2758831164508
MEDELLÍN,ARROZ PARA SECO,2022-06-01,011101,D_city,1918.6369045716824
MEDELLÍN,ARROZ PARA SECO,2022-07-01,011101,D_city,1955.95834193975
MEDELLÍN,ARROZ PARA SECO,2022-08-01,011101,D_city,1988.3186472064424
MEDELLÍN,ARROZ PARA SECO,2022-09-01,011101,D_city,2020.0129839448173
MEDELLÍN,ARROZ PARA SECO,2022-10-01,011101,D_city,2069.3107993044578
MEDELLÍN,ARROZ PARA SECO,2022-11-01,011101,D_city,2182.1914088001786
MEDELLÍN,ARROZ PARA SECO,2022-12-01,011101,D_city,2300.917108666188
MEDELLÍN,ARROZ PARA SECO,2023-01-01,011101,D_city,2330.6424366181636
MEDELLÍN,ARROZ PARA SECO,2023-02-01,011101,D_city,2340.193057313837
MEDELLÍN,ARROZ PARA SECO,2023-03-01,011101,D_city,2334.6778596831095
MEDELLÍN,ARROZ PARA SECO,2023-04-01,011101,D_city,2351.6274417821355
MEDELLÍN,ARROZ PARA SECO,2023-05-01,011101,D_city,2349.6095663611886
MEDELLÍN,ARROZ PARA SECO,2023-06-01,011101,D_city,2318.671117398813
MEDELLÍN,ARROZ PARA SECO,2023-07-01,011101,D_city,2279.9369695325054
MEDELLÍN,ARROZ PARA SECO,2023-08-01,011101,D_city,2285.585268177837
MEDELLÍN,ARROZ PARA SECO,2023-09-01,011101,D_city,2281.1473067792754
MEDELLÍN,ARROZ PARA SECO,2023-10-01,011101,D_city,2275.6336033442553
MEDELLÍN,ARROZ PARA SECO,2023-11-01,011101,D_city,2291.2337146547748
MEDELLÍN,ARROZ PARA SECO,2023-12-01,011101,D_city,2283.5680016726033
MEDELLÍN,ARROZ PARA SECO,2024-01-01,011101,D_city,2290.561272810181
MEDELLÍN,ARROZ PARA SECO,2024-02-01,011101,D_city,2326.0690466050933
MEDELLÍN,ARROZ PARA SECO,2024-03-01,011101,D_city,2321.630259128822
MEDELLÍN,ARROZ PARA SECO,2024-04-01,011101,D_city,2312.2149470632644
MEDELLÍN,ARROZ PARA SECO,2024-05-01,011101,D_city,2310.1974329601953
MEDELLÍN,ARROZ PARA SECO,2024-06-01,011101,D_city,2346.1119591166716
MEDELLÍN,ARROZ PARA SECO,2024-07-01,011101,D_city,2348.9369452985525
MEDELLÍN,ARROZ PARA SECO,2024-08-01,011101,D_city,2311.9459441053295
MEDELLÍN,ARROZ PARA SECO,2024-09-01,011101,D_city,2288.0060128726786
MEDELLÍN,ARROZ PARA SECO,2024-10-01,011101,D_city,2292.7130940690517
MEDELLÍN,ARROZ PARA SECO,2024-11-01,011101,D_city,2315.039498125019
MEDELLÍN,ARROZ PARA SECO,2024-12-01,011101,D_city,2303.60701700957
MEDELLÍN,ARVEJA FRESCA,2019-01-01,011716,BASE_lowR2,2332.6862941439426
MEDELLÍN,ARVEJA FRESCA,2019-02-01,011716,BASE_lowR2,2334.5103084488155
MEDELLÍN,ARVEJA FRESCA,2019-03-01,011716,BASE_lowR2,2350.0144300402326
MEDELLÍN,ARVEJA FRESCA,2019-04-01,011716,BASE_lowR2,2373.042610639249
MEDELLÍN,ARVEJA FRESCA,2019-05-01,011716,BASE_lowR2,2274.5458381761287
MEDELLÍN,ARVEJA FRESCA,2019-06-01,011716,BASE_lowR2,2412.942923558337
MEDELLÍN,ARVEJA FRESCA,2019-07-01,011716,BASE_lowR2,2401.542834152883
MEDELLÍN,ARVEJA FRESCA,2019-08-01,011716,BASE_lowR2,2398.350809119356
MEDELLÍN,ARVEJA FRESCA,2019-09-01,011716,BASE_lowR2,2476.7834242288777
MEDELLÍN,ARVEJA FRESCA,2019-10-01,011716,BASE_lowR2,2606.060438086723
MEDELLÍN,ARVEJA FRESCA,2019-11-01,011716,BASE_lowR2,2727.129387572642
MEDELLÍN,ARVEJA FRESCA,2019-12-01,011716,BASE_lowR2,2646.416754582029
MEDELLÍN,ARVEJA FRESCA,2020-01-01,011716,BASE_lowR2,2617.688529280286
MEDELLÍN,ARVEJA FRESCA,2020-02-01,011716,BASE_lowR2,2776.3777738042018
MEDELLÍN,ARVEJA FRESCA,2020-03-01,011716,BASE_lowR2,3315.830004470273
MEDELLÍN,ARVEJA FRESCA,2020-04-01,011716,BASE_lowR2,3088.5122217255257
MEDELLÍN,ARVEJA FRESCA,2020-05-01,011716,BASE_lowR2,2863.474456861869
MEDELLÍN,ARVEJA FRESCA,2020-06-01,011716,BASE_lowR2,2624.528582923558
MEDELLÍN,ARVEJA FRESCA,2020-07-01,011716,BASE_lowR2,2688.3690835940993
MEDELLÍN,ARVEJA FRESCA,2020-08-01,011716,BASE_lowR2,2836.1142422887797
MEDELLÍN,ARVEJA FRESCA,2020-09-01,011716,BASE_lowR2,3044.051873044256
MEDELLÍN,ARVEJA FRESCA,2020-10-01,011716,BASE_lowR2,3029.687760393384
MEDELLÍN,ARVEJA FRESCA,2020-11-01,011716,BASE_lowR2,2839.3062673223067
MEDELLÍN,ARVEJA FRESCA,2020-12-01,011716,BASE_lowR2,2968.5832811801515
MEDELLÍN,ARVEJA FRESCA,2021-01-01,011716,BASE_lowR2,3005.5195708538217
MEDELLÍN,ARVEJA FRESCA,2021-02-01,011716,BASE_lowR2,2971.0913008493517
MEDELLÍN,ARVEJA FRESCA,2021-03-01,011716,BASE_lowR2,2917.9668842199376
MEDELLÍN,ARVEJA FRESCA,2021-04-01,011716,BASE_lowR2,2985.2274117121146
MEDELLÍN,ARVEJA FRESCA,2021-05-01,011716,BASE_lowR2,3176.2929101475193
MEDELLÍN,ARVEJA FRESCA,2021-06-01,011716,BASE_lowR2,3300.3258828788557
MEDELLÍN,ARVEJA FRESCA,2021-07-01,011716,BASE_lowR2,3389.0185784532855
MEDELLÍN,ARVEJA FRESCA,2021-08-01,011716,BASE_lowR2,3450.807063030845
MEDELLÍN,ARVEJA FRESCA,2021-09-01,011716,BASE_lowR2,3372.8304514975416
MEDELLÍN,ARVEJA FRESCA,2021-10-01,011716,BASE_lowR2,3367.3584085829234
MEDELLÍN,ARVEJA FRESCA,2021-11-01,011716,BASE_lowR2,3343.8742244076884
MEDELLÍN,ARVEJA FRESCA,2021-12-01,011716,BASE_lowR2,3418.430809119356
MEDELLÍN,ARVEJA FRESCA,2022-01-01,011716,BASE_lowR2,3525.135645954403
MEDELLÍN,ARVEJA FRESCA,2022-02-01,011716,BASE_lowR2,3550.6718462226195
MEDELLÍN,ARVEJA FRESCA,2022-03-01,011716,BASE_lowR2,3773.2015914170765
MEDELLÍN,ARVEJA FRESCA,2022-04-01,011716,BASE_lowR2,3840.234117121144
MEDELLÍN,ARVEJA FRESCA,2022-05-01,011716,BASE_lowR2,3945.570943227537
MEDELLÍN,ARVEJA FRESCA,2022-06-01,011716,BASE_lowR2,4085.3360393383996
MEDELLÍN,ARVEJA FRESCA,2022-07-01,011716,BASE_lowR2,4311.513813142601
MEDELLÍN,ARVEJA FRESCA,2022-08-01,011716,BASE_lowR2,4388.806419311578
MEDELLÍN,ARVEJA FRESCA,2022-09-01,011716,BASE_lowR2,4433.266767992847
MEDELLÍN,ARVEJA FRESCA,2022-10-01,011716,BASE_lowR2,4256.7933839964235
MEDELLÍN,ARVEJA FRESCA,2022-11-01,011716,BASE_lowR2,4300.341725525257
MEDELLÍN,ARVEJA FRESCA,2022-12-01,011716,BASE_lowR2,4370.338274474743
MEDELLÍN,ARVEJA FRESCA,2023-01-01,011716,BASE_lowR2,4474.763093428699
MEDELLÍN,ARVEJA FRESCA,2023-02-01,011716,BASE_lowR2,4376.494322753688
MEDELLÍN,ARVEJA FRESCA,2023-03-01,011716,BASE_lowR2,4389.946428252123
MEDELLÍN,ARVEJA FRESCA,2023-04-01,011716,BASE_lowR2,4483.427161376843
MEDELLÍN,ARVEJA FRESCA,2023-05-01,011716,BASE_lowR2,4254.513366115332
MEDELLÍN,ARVEJA FRESCA,2023-06-01,011716,BASE_lowR2,4125.692355833706
MEDELLÍN,ARVEJA FRESCA,2023-07-01,011716,BASE_lowR2,4115.660277156907
MEDELLÍN,ARVEJA FRESCA,2023-08-01,011716,BASE_lowR2,4143.020491729995
MEDELLÍN,ARVEJA FRESCA,2023-09-01,011716,BASE_lowR2,4108.592221725525
MEDELLÍN,ARVEJA FRESCA,2023-10-01,011716,BASE_lowR2,4062.9918641037098
MEDELLÍN,ARVEJA FRESCA,2023-11-01,011716,BASE_lowR2,4134.584425569959
MEDELLÍN,ARVEJA FRESCA,2023-12-01,011716,BASE_lowR2,4151.000554313813
MEDELLÍN,ARVEJA FRESCA,2024-01-01,011716,BASE_lowR2,4251.777344658024
MEDELLÍN,ARVEJA FRESCA,2024-02-01,011716,BASE_lowR2,4495.511256146624
MEDELLÍN,ARVEJA FRESCA,2024-03-01,011716,BASE_lowR2,4783.021510952168
MEDELLÍN,ARVEJA FRESCA,2024-04-01,011716,BASE_lowR2,4909.106499776487
MEDELLÍN,ARVEJA FRESCA,2024-05-01,011716,BASE_lowR2,4825.885847116674
MEDELLÍN,ARVEJA FRESCA,2024-06-01,011716,BASE_lowR2,4590.588001788109
MEDELLÍN,ARVEJA FRESCA,2024-07-01,011716,BASE_lowR2,4653.744497094323
MEDELLÍN,ARVEJA FRESCA,2024-08-01,011716,BASE_lowR2,4417.534644613322
MEDELLÍN,ARVEJA FRESCA,2024-09-01,011716,BASE_lowR2,4311.513813142601
MEDELLÍN,ARVEJA FRESCA,2024-10-01,011716,BASE_lowR2,4280.049566383549
MEDELLÍN,ARVEJA FRESCA,2024-11-01,011716,BASE_lowR2,4281.873580688422
MEDELLÍN,ARVEJA FRESCA,2024-12-01,011716,BASE_lowR2,4468.835046937864
MEDELLÍN,ARVEJA SECA,2019-01-01,011716,BASE_lowR2,1718.2889036656234
MEDELLÍN,ARVEJA SECA,2019-02-01,011716,BASE_lowR2,1719.6324977648635
MEDELLÍN,ARVEJA SECA,2019-03-01,011716,BASE_lowR2,1731.0530476084039
MEDELLÍN,ARVEJA SECA,2019-04-01,011716,BASE_lowR2,1748.0159231113096
MEDELLÍN,ARVEJA SECA,2019-05-01,011716,BASE_lowR2,1675.4618417523468
MEDELLÍN,ARVEJA SECA,2019-06-01,011716,BASE_lowR2,1777.4070440321857
MEDELLÍN,ARVEJA SECA,2019-07-01,011716,BASE_lowR2,1769.0095809119355
MEDELLÍN,ARVEJA SECA,2019-08-01,011716,BASE_lowR2,1766.6582912382653
MEDELLÍN,ARVEJA SECA,2019-09-01,011716,BASE_lowR2,1824.4328375055875
MEDELLÍN,ARVEJA SECA,2019-10-01,011716,BASE_lowR2,1919.6600692892264
MEDELLÍN,ARVEJA SECA,2019-11-01,011716,BASE_lowR2,2008.841127626285
MEDELLÍN,ARVEJA SECA,2019-12-01,011716,BASE_lowR2,1949.3870887349126
MEDELLÍN,ARVEJA SECA,2020-01-01,011716,BASE_lowR2,1928.2254816718817
MEDELLÍN,ARVEJA SECA,2020-02-01,011716,BASE_lowR2,2045.1181683057662
MEDELLÍN,ARVEJA SECA,2020-03-01,011716,BASE_lowR2,2442.4861231560126
MEDELLÍN,ARVEJA SECA,2020-04-01,011716,BASE_lowR2,2275.0407085382208
MEDELLÍN,ARVEJA SECA,2020-05-01,011716,BASE_lowR2,2109.2747865444794
MEDELLÍN,ARVEJA SECA,2020-06-01,011716,BASE_lowR2,1933.263959544032
MEDELLÍN,ARVEJA SECA,2020-07-01,011716,BASE_lowR2,1980.289753017434
MEDELLÍN,ARVEJA SECA,2020-08-01,011716,BASE_lowR2,2089.1208750558785
MEDELLÍN,ARVEJA SECA,2020-09-01,011716,BASE_lowR2,2242.2906023692444
MEDELLÍN,ARVEJA SECA,2020-10-01,011716,BASE_lowR2,2231.709798837729
MEDELLÍN,ARVEJA SECA,2020-11-01,011716,BASE_lowR2,2091.4721647295482
MEDELLÍN,ARVEJA SECA,2020-12-01,011716,BASE_lowR2,2186.699396513187
MEDELLÍN,ARVEJA SECA,2021-01-01,011716,BASE_lowR2,2213.907177022798
MEDELLÍN,ARVEJA SECA,2021-02-01,011716,BASE_lowR2,2188.546838399642
MEDELLÍN,ARVEJA SECA,2021-03-01,011716,BASE_lowR2,2149.414660259276
MEDELLÍN,ARVEJA SECA,2021-04-01,011716,BASE_lowR2,2198.9596926687527
MEDELLÍN,ARVEJA SECA,2021-05-01,011716,BASE_lowR2,2339.7011745641485
MEDELLÍN,ARVEJA SECA,2021-06-01,011716,BASE_lowR2,2431.0655733124718
MEDELLÍN,ARVEJA SECA,2021-07-01,011716,BASE_lowR2,2496.397836388019
MEDELLÍN,ARVEJA SECA,2021-08-01,011716,BASE_lowR2,2541.9120864997763
MEDELLÍN,ARVEJA SECA,2021-09-01,011716,BASE_lowR2,2484.473438757264
MEDELLÍN,ARVEJA SECA,2021-10-01,011716,BASE_lowR2,2480.4426564595437
MEDELLÍN,ARVEJA SECA,2021-11-01,011716,BASE_lowR2,2463.143882431828
MEDELLÍN,ARVEJA SECA,2021-12-01,011716,BASE_lowR2,2518.0632912382653
MEDELLÍN,ARVEJA SECA,2022-01-01,011716,BASE_lowR2,2596.6635460438088
MEDELLÍN,ARVEJA SECA,2022-02-01,011716,BASE_lowR2,2615.473863433169
MEDELLÍN,ARVEJA SECA,2022-03-01,011716,BASE_lowR2,2779.392343540456
MEDELLÍN,ARVEJA SECA,2022-04-01,011716,BASE_lowR2,2828.769426687528
MEDELLÍN,ARVEJA SECA,2022-05-01,011716,BASE_lowR2,2906.361985918641
MEDELLÍN,ARVEJA SECA,2022-06-01,011716,BASE_lowR2,3009.3148837729095
MEDELLÍN,ARVEJA SECA,2022-07-01,011716,BASE_lowR2,3175.9205520786763
MEDELLÍN,ARVEJA SECA,2022-08-01,011716,BASE_lowR2,3232.8553520339738
MEDELLÍN,ARVEJA SECA,2022-09-01,011716,BASE_lowR2,3265.6054582029496
MEDELLÍN,ARVEJA SECA,2022-10-01,011716,BASE_lowR2,3135.6127291014745
MEDELLÍN,ARVEJA SECA,2022-11-01,011716,BASE_lowR2,3167.691038220831
MEDELLÍN,ARVEJA SECA,2022-12-01,011716,BASE_lowR2,3219.2514617791685
MEDELLÍN,ARVEJA SECA,2023-01-01,011716,BASE_lowR2,3296.172223960661
MEDELLÍN,ARVEJA SECA,2023-02-01,011716,BASE_lowR2,3223.7860918641036
MEDELLÍN,ARVEJA SECA,2023-03-01,011716,BASE_lowR2,3233.6950983459988
MEDELLÍN,ARVEJA SECA,2023-04-01,011716,BASE_lowR2,3302.554295932051
MEDELLÍN,ARVEJA SECA,2023-05-01,011716,BASE_lowR2,3133.9332364774245
MEDELLÍN,ARVEJA SECA,2023-06-01,011716,BASE_lowR2,3039.041903218596
MEDELLÍN,ARVEJA SECA,2023-07-01,011716,BASE_lowR2,3031.652135672776
MEDELLÍN,ARVEJA SECA,2023-08-01,011716,BASE_lowR2,3051.8060471613762
MEDELLÍN,ARVEJA SECA,2023-09-01,011716,BASE_lowR2,3026.44570853822
MEDELLÍN,ARVEJA SECA,2023-10-01,011716,BASE_lowR2,2992.855856057219
MEDELLÍN,ARVEJA SECA,2023-11-01,011716,BASE_lowR2,3045.591924452391
MEDELLÍN,ARVEJA SECA,2023-12-01,011716,BASE_lowR2,3057.6842713455517
MEDELLÍN,ARVEJA SECA,2024-01-01,011716,BASE_lowR2,3131.917845328565
MEDELLÍN,ARVEJA SECA,2024-02-01,011716,BASE_lowR2,3311.4556068395163
MEDELLÍN,ARVEJA SECA,2024-03-01,011716,BASE_lowR2,3523.23962673223
MEDELLÍN,ARVEJA SECA,2024-04-01,011716,BASE_lowR2,3616.115568842199
MEDELLÍN,ARVEJA SECA,2024-05-01,011716,BASE_lowR2,3554.8140880643714
MEDELLÍN,ARVEJA SECA,2024-06-01,011716,BASE_lowR2,3381.490449262405
MEDELLÍN,ARVEJA SECA,2024-07-01,011716,BASE_lowR2,3428.012394948592
MEDELLÍN,ARVEJA SECA,2024-08-01,011716,BASE_lowR2,3254.016959097005
MEDELLÍN,ARVEJA SECA,2024-09-01,011716,BASE_lowR2,3175.9205520786763
MEDELLÍN,ARVEJA SECA,2024-10-01,011716,BASE_lowR2,3152.7435538667855
MEDELLÍN,ARVEJA SECA,2024-11-01,011716,BASE_lowR2,3154.087147966026
MEDELLÍN,ARVEJA SECA,2024-12-01,011716,BASE_lowR2,3291.8055431381313
MEDELLÍN,ARVEJA TARRO,2019-01-01,011703,D_city,4002.512154632029
MEDELLÍN,ARVEJA TARRO,2019-02-01,011703,D_city,3899.0742969953008
MEDELLÍN,ARVEJA TARRO,2019-03-01,011703,D_city,3936.3422598321245
MEDELLÍN,ARVEJA TARRO,2019-04-01,011703,D_city,4125.449144690451
MEDELLÍN,ARVEJA TARRO,2019-05-01,011703,D_city,4072.215359443389
MEDELLÍN,ARVEJA TARRO,2019-06-01,011703,D_city,4115.286925071453
MEDELLÍN,ARVEJA TARRO,2019-07-01,011703,D_city,4155.569957910078
MEDELLÍN,ARVEJA TARRO,2019-08-01,011703,D_city,4154.555307031032
MEDELLÍN,ARVEJA TARRO,2019-09-01,011703,D_city,4145.759749041689
MEDELLÍN,ARVEJA TARRO,2019-10-01,011703,D_city,4153.2023680607945
MEDELLÍN,ARVEJA TARRO,2019-11-01,011703,D_city,4164.361685736768
MEDELLÍN,ARVEJA TARRO,2019-12-01,011703,D_city,4168.756265240374
MEDELLÍN,ARVEJA TARRO,2020-01-01,011703,D_city,4199.494460991832
MEDELLÍN,ARVEJA TARRO,2020-02-01,011703,D_city,4163.685520649386
MEDELLÍN,ARVEJA TARRO,2020-03-01,011703,D_city,4168.418251020625
MEDELLÍN,ARVEJA TARRO,2020-04-01,011703,D_city,4193.41768070126
MEDELLÍN,ARVEJA TARRO,2020-05-01,011703,D_city,4183.961679683235
MEDELLÍN,ARVEJA TARRO,2020-06-01,011703,D_city,4200.507099920095
MEDELLÍN,ARVEJA TARRO,2020-07-01,011703,D_city,4197.469047949011
MEDELLÍN,ARVEJA TARRO,2020-08-01,011703,D_city,4208.606591071713
MEDELLÍN,ARVEJA TARRO,2020-09-01,011703,D_city,4225.808472891579
MEDELLÍN,ARVEJA TARRO,2020-10-01,011703,D_city,4230.191198524472
MEDELLÍN,ARVEJA TARRO,2020-11-01,011703,D_city,4201.519693806092
MEDELLÍN,ARVEJA TARRO,2020-12-01,011703,D_city,4205.9070805193205
MEDELLÍN,ARVEJA TARRO,2021-01-01,011703,D_city,4212.655258006023
MEDELLÍN,ARVEJA TARRO,2021-02-01,011703,D_city,4192.742382624457
MEDELLÍN,ARVEJA TARRO,2021-03-01,011703,D_city,4277.673349029894
MEDELLÍN,ARVEJA TARRO,2021-04-01,011703,D_city,4243.334354091055
MEDELLÍN,ARVEJA TARRO,2021-05-01,011703,D_city,4268.58858061209
MEDELLÍN,ARVEJA TARRO,2021-06-01,011703,D_city,4296.504498800296
MEDELLÍN,ARVEJA TARRO,2021-07-01,011703,D_city,4299.193418743771
MEDELLÍN,ARVEJA TARRO,2021-08-01,011703,D_city,4337.812484948673
MEDELLÍN,ARVEJA TARRO,2021-09-01,011703,D_city,4359.277353022457
MEDELLÍN,ARVEJA TARRO,2021-10-01,011703,D_city,4360.953473580867
MEDELLÍN,ARVEJA TARRO,2021-11-01,011703,D_city,4392.777252035967
MEDELLÍN,ARVEJA TARRO,2021-12-01,011703,D_city,4421.549497710763
MEDELLÍN,ARVEJA TARRO,2022-01-01,011703,D_city,4475.6549039805195
MEDELLÍN,ARVEJA TARRO,2022-02-01,011703,D_city,4560.910076592281
MEDELLÍN,ARVEJA TARRO,2022-03-01,011703,D_city,4579.5203210052
MEDELLÍN,ARVEJA TARRO,2022-04-01,011703,D_city,4601.767834079306
MEDELLÍN,ARVEJA TARRO,2022-05-01,011703,D_city,4647.860031923799
MEDELLÍN,ARVEJA TARRO,2022-06-01,011703,D_city,4714.36274752578
MEDELLÍN,ARVEJA TARRO,2022-07-01,011703,D_city,4791.895982113802
MEDELLÍN,ARVEJA TARRO,2022-08-01,011703,D_city,4864.928059591273
MEDELLÍN,ARVEJA TARRO,2022-09-01,011703,D_city,5016.598294913252
MEDELLÍN,ARVEJA TARRO,2022-10-01,011703,D_city,5094.558769967641
MEDELLÍN,ARVEJA TARRO,2022-11-01,011703,D_city,5217.089610226937
MEDELLÍN,ARVEJA TARRO,2022-12-01,011703,D_city,5370.721207994065
MEDELLÍN,ARVEJA TARRO,2023-01-01,011703,D_city,5344.2580407030255
MEDELLÍN,ARVEJA TARRO,2023-02-01,011703,D_city,5688.683229439781
MEDELLÍN,ARVEJA TARRO,2023-03-01,011703,D_city,5836.426286650201
MEDELLÍN,ARVEJA TARRO,2023-04-01,011703,D_city,5888.163140220705
MEDELLÍN,ARVEJA TARRO,2023-05-01,011703,D_city,5910.038730445242
MEDELLÍN,ARVEJA TARRO,2023-06-01,011703,D_city,5926.198044760239
MEDELLÍN,ARVEJA TARRO,2023-07-01,011703,D_city,5945.831760115021
MEDELLÍN,ARVEJA TARRO,2023-08-01,011703,D_city,5980.003906439321
MEDELLÍN,ARVEJA TARRO,2023-09-01,011703,D_city,6022.036846360293
MEDELLÍN,ARVEJA TARRO,2023-10-01,011703,D_city,6051.080598741049
MEDELLÍN,ARVEJA TARRO,2023-11-01,011703,D_city,6295.991748952636
MEDELLÍN,ARVEJA TARRO,2023-12-01,011703,D_city,6399.209251194927
MEDELLÍN,ARVEJA TARRO,2024-01-01,011703,D_city,6492.465892449121
MEDELLÍN,ARVEJA TARRO,2024-02-01,011703,D_city,6503.988773352241
MEDELLÍN,ARVEJA TARRO,2024-03-01,011703,D_city,6532.001700981498
MEDELLÍN,ARVEJA TARRO,2024-04-01,011703,D_city,6553.463271966962
MEDELLÍN,ARVEJA TARRO,2024-05-01,011703,D_city,6503.988773352241
MEDELLÍN,ARVEJA TARRO,2024-06-01,011703,D_city,6423.873202238185
MEDELLÍN,ARVEJA TARRO,2024-07-01,011703,D_city,6254.931080370475
MEDELLÍN,ARVEJA TARRO,2024-08-01,011703,D_city,6262.457358158835
MEDELLÍN,ARVEJA TARRO,2024-09-01,011703,D_city,6181.776171584433
MEDELLÍN,ARVEJA TARRO,2024-10-01,011703,D_city,6174.546232420856
MEDELLÍN,ARVEJA TARRO,2024-11-01,011703,D_city,6128.615294231923
MEDELLÍN,ARVEJA TARRO,2024-12-01,011703,D_city,6115.390533030124
MEDELLÍN,AVENA HOJUELAS,2019-01-01,011103,D_city,4453.7659401210585
MEDELLÍN,AVENA HOJUELAS,2019-02-01,011103,D_city,4422.311919813878
MEDELLÍN,AVENA HOJUELAS,2019-03-01,011103,D_city,4397.503125745761
MEDELLÍN,AVENA HOJUELAS,2019-04-01,011103,D_city,4409.9075215984685
MEDELLÍN,AVENA HOJUELAS,2019-05-01,011103,D_city,4459.5251285702625
MEDELLÍN,AVENA HOJUELAS,2019-06-01,011103,D_city,4443.133593540207
MEDELLÍN,AVENA HOJUELAS,2019-07-01,011103,D_city,4395.731069388637
MEDELLÍN,AVENA HOJUELAS,2019-08-01,011103,D_city,4416.995748861246
MEDELLÍN,AVENA HOJUELAS,2019-09-01,011103,D_city,4444.462636768677
MEDELLÍN,AVENA HOJUELAS,2019-10-01,011103,D_city,4430.729191373704
MEDELLÍN,AVENA HOJUELAS,2019-11-01,011103,D_city,4453.322925645845
MEDELLÍN,AVENA HOJUELAS,2019-12-01,011103,D_city,4446.234694448501
MEDELLÍN,AVENA HOJUELAS,2020-01-01,011103,D_city,4456.424027034988
MEDELLÍN,AVENA HOJUELAS,2020-02-01,011103,D_city,4438.260435266191
MEDELLÍN,AVENA HOJUELAS,2020-03-01,011103,D_city,4481.232843400223
MEDELLÍN,AVENA HOJUELAS,2020-04-01,011103,D_city,4486.549019547392
MEDELLÍN,AVENA HOJUELAS,2020-05-01,011103,D_city,4525.977339252135
MEDELLÍN,AVENA HOJUELAS,2020-06-01,011103,D_city,4539.710804396618
MEDELLÍN,AVENA HOJUELAS,2020-07-01,011103,D_city,4549.014121093426
MEDELLÍN,AVENA HOJUELAS,2020-08-01,011103,D_city,4563.190606155596
MEDELLÍN,AVENA HOJUELAS,2020-09-01,011103,D_city,4674.387513577316
MEDELLÍN,AVENA HOJUELAS,2020-10-01,011103,D_city,4698.310377778808
MEDELLÍN,AVENA HOJUELAS,2020-11-01,011103,D_city,4744.827081745474
MEDELLÍN,AVENA HOJUELAS,2020-12-01,011103,D_city,4739.510885437773
MEDELLÍN,AVENA HOJUELAS,2021-01-01,011103,D_city,4792.229849935625
MEDELLÍN,AVENA HOJUELAS,2021-02-01,011103,D_city,4827.228175814749
MEDELLÍN,AVENA HOJUELAS,2021-03-01,011103,D_city,4895.009792410088
MEDELLÍN,AVENA HOJUELAS,2021-04-01,011103,D_city,4980.512183629282
MEDELLÍN,AVENA HOJUELAS,2021-05-01,011103,D_city,5019.054744918377
MEDELLÍN,AVENA HOJUELAS,2021-06-01,011103,D_city,4990.258576536234
MEDELLÍN,AVENA HOJUELAS,2021-07-01,011103,D_city,4995.13177347324
MEDELLÍN,AVENA HOJUELAS,2021-08-01,011103,D_city,5004.878168312745
MEDELLÍN,AVENA HOJUELAS,2021-09-01,011103,D_city,5035.889433158709
MEDELLÍN,AVENA HOJUELAS,2021-10-01,011103,D_city,5019.054744918377
MEDELLÍN,AVENA HOJUELAS,2021-11-01,011103,D_city,5054.053180007438
MEDELLÍN,AVENA HOJUELAS,2021-12-01,011103,D_city,5106.772372667477
MEDELLÍN,AVENA HOJUELAS,2022-01-01,011103,D_city,5147.530093112809
MEDELLÍN,AVENA HOJUELAS,2022-02-01,011103,D_city,5211.324829790127
MEDELLÍN,AVENA HOJUELAS,2022-03-01,011103,D_city,5261.829033863083
MEDELLÍN,AVENA HOJUELAS,2022-04-01,011103,D_city,5338.471441242168
MEDELLÍN,AVENA HOJUELAS,2022-05-01,011103,D_city,5338.471441242168
MEDELLÍN,AVENA HOJUELAS,2022-06-01,011103,D_city,5359.736399892607
MEDELLÍN,AVENA HOJUELAS,2022-07-01,011103,D_city,5406.253516827138
MEDELLÍN,AVENA HOJUELAS,2022-08-01,011103,D_city,5392.519888997208
MEDELLÍN,AVENA HOJUELAS,2022-09-01,011103,D_city,5466.94731963927
MEDELLÍN,AVENA HOJUELAS,2022-10-01,011103,D_city,5528.970230961663
MEDELLÍN,AVENA HOJUELAS,2022-11-01,011103,D_city,5631.751158915535
MEDELLÍN,AVENA HOJUELAS,2022-12-01,011103,D_city,5734.975235955929
MEDELLÍN,AVENA HOJUELAS,2023-01-01,011103,D_city,5850.161049752618
MEDELLÍN,AVENA HOJUELAS,2023-02-01,011103,D_city,5955.157483134369
MEDELLÍN,AVENA HOJUELAS,2023-03-01,011103,D_city,6089.393611903698
MEDELLÍN,AVENA HOJUELAS,2023-04-01,011103,D_city,6185.529840731069
MEDELLÍN,AVENA HOJUELAS,2023-05-01,011103,D_city,6242.679997165899
MEDELLÍN,AVENA HOJUELAS,2023-06-01,011103,D_city,6306.032537550895
MEDELLÍN,AVENA HOJUELAS,2023-07-01,011103,D_city,6364.95486904898
MEDELLÍN,AVENA HOJUELAS,2023-08-01,011103,D_city,6435.838925781189
MEDELLÍN,AVENA HOJUELAS,2023-09-01,011103,D_city,6475.268205258351
MEDELLÍN,AVENA HOJUELAS,2023-10-01,011103,D_city,6486.343848490047
MEDELLÍN,AVENA HOJUELAS,2023-11-01,011103,D_city,6481.470565310198
MEDELLÍN,AVENA HOJUELAS,2023-12-01,011103,D_city,6527.988278483425
MEDELLÍN,AVENA HOJUELAS,2024-01-01,011103,D_city,6515.140526880383
MEDELLÍN,AVENA HOJUELAS,2024-02-01,011103,D_city,6510.710268104541
MEDELLÍN,AVENA HOJUELAS,2024-03-01,011103,D_city,6475.711230963004
MEDELLÍN,AVENA HOJUELAS,2024-04-01,011103,D_city,6472.167025383264
MEDELLÍN,AVENA HOJUELAS,2024-05-01,011103,D_city,6437.611027879281
MEDELLÍN,AVENA HOJUELAS,2024-06-01,011103,D_city,6456.218101901852
MEDELLÍN,AVENA HOJUELAS,2024-07-01,011103,D_city,6386.220080482788
MEDELLÍN,AVENA HOJUELAS,2024-08-01,011103,D_city,6378.68865088411
MEDELLÍN,AVENA HOJUELAS,2024-09-01,011103,D_city,6232.047407229942
MEDELLÍN,AVENA HOJUELAS,2024-10-01,011103,D_city,6207.681059929882
MEDELLÍN,AVENA HOJUELAS,2024-11-01,011103,D_city,6061.483113036013
MEDELLÍN,AVENA HOJUELAS,2024-12-01,011103,D_city,6036.673788013745
MEDELLÍN,AVENA MOLIDA,2019-01-01,011103,D_city,4846.628945085984
MEDELLÍN,AVENA MOLIDA,2019-02-01,011103,D_city,4812.799534070344
MEDELLÍN,AVENA MOLIDA,2019-03-01,011103,D_city,4786.115207898375
MEDELLÍN,AVENA MOLIDA,2019-04-01,011103,D_city,4799.457589299471
MEDELLÍN,AVENA MOLIDA,2019-05-01,011103,D_city,4852.822760955617
MEDELLÍN,AVENA MOLIDA,2019-06-01,011103,D_city,4835.1939631935065
MEDELLÍN,AVENA MOLIDA,2019-07-01,011103,D_city,4784.209117696661
MEDELLÍN,AVENA MOLIDA,2019-08-01,011103,D_city,4807.081611125273
MEDELLÍN,AVENA MOLIDA,2019-09-01,011103,D_city,4836.623353324736
MEDELLÍN,AVENA MOLIDA,2019-10-01,011103,D_city,4821.852748556091
MEDELLÍN,AVENA MOLIDA,2019-11-01,011103,D_city,4846.152493853302
MEDELLÍN,AVENA MOLIDA,2019-12-01,011103,D_city,4838.529199097662
MEDELLÍN,AVENA MOLIDA,2020-01-01,011103,D_city,4849.487640905074
MEDELLÍN,AVENA MOLIDA,2020-02-01,011103,D_city,4829.952823475324
MEDELLÍN,AVENA MOLIDA,2020-03-01,011103,D_city,4876.16784686712
MEDELLÍN,AVENA MOLIDA,2020-04-01,011103,D_city,4881.884809962599
MEDELLÍN,AVENA MOLIDA,2020-05-01,011103,D_city,4924.283166013067
MEDELLÍN,AVENA MOLIDA,2020-06-01,011103,D_city,4939.050121772802
MEDELLÍN,AVENA MOLIDA,2020-07-01,011103,D_city,4949.053248031267
MEDELLÍN,AVENA MOLIDA,2020-08-01,011103,D_city,4964.295649589951
MEDELLÍN,AVENA MOLIDA,2020-09-01,011103,D_city,5083.834264061297
MEDELLÍN,AVENA MOLIDA,2020-10-01,011103,D_city,5109.547383459634
MEDELLÍN,AVENA MOLIDA,2020-11-01,011103,D_city,5159.540762271486
MEDELLÍN,AVENA MOLIDA,2020-12-01,011103,D_city,5153.827522917062
MEDELLÍN,AVENA MOLIDA,2021-01-01,011103,D_city,5210.480530377335
MEDELLÍN,AVENA MOLIDA,2021-02-01,011103,D_city,5248.086500698173
MEDELLÍN,AVENA MOLIDA,2021-03-01,011103,D_city,5320.909316704394
MEDELLÍN,AVENA MOLIDA,2021-04-01,011103,D_city,5412.754064953655
MEDELLÍN,AVENA MOLIDA,2021-05-01,011103,D_city,5454.149566544047
MEDELLÍN,AVENA MOLIDA,2021-06-01,011103,D_city,5423.222243880593
MEDELLÍN,AVENA MOLIDA,2021-07-01,011103,D_city,5428.456244115818
MEDELLÍN,AVENA MOLIDA,2021-08-01,011103,D_city,5438.924066423203
MEDELLÍN,AVENA MOLIDA,2021-09-01,011103,D_city,5472.229198212608
MEDELLÍN,AVENA MOLIDA,2021-10-01,011103,D_city,5454.149566544047
MEDELLÍN,AVENA MOLIDA,2021-11-01,011103,D_city,5491.73538067773
MEDELLÍN,AVENA MOLIDA,2021-12-01,011103,D_city,5548.346277560577
MEDELLÍN,AVENA MOLIDA,2022-01-01,011103,D_city,5592.108021511375
MEDELLÍN,AVENA MOLIDA,2022-02-01,011103,D_city,5660.596583532958
MEDELLÍN,AVENA MOLIDA,2022-03-01,011103,D_city,5714.809771775262
MEDELLÍN,AVENA MOLIDA,2022-04-01,011103,D_city,5797.0691179504865
MEDELLÍN,AVENA MOLIDA,2022-05-01,011103,D_city,5797.0691179504865
MEDELLÍN,AVENA MOLIDA,2022-06-01,011103,D_city,5819.890077028532
MEDELLÍN,AVENA MOLIDA,2022-07-01,011103,D_city,5869.807258376169
MEDELLÍN,AVENA MOLIDA,2022-08-01,011103,D_city,5855.070326638811
MEDELLÍN,AVENA MOLIDA,2022-09-01,011103,D_city,5934.929788511687
MEDELLÍN,AVENA MOLIDA,2022-10-01,011103,D_city,6001.469670771453
MEDELLÍN,AVENA MOLIDA,2022-11-01,011103,D_city,6111.716689836097
MEDELLÍN,AVENA MOLIDA,2022-12-01,011103,D_city,6222.415353123512
MEDELLÍN,AVENA MOLIDA,2023-01-01,011103,D_city,6345.914412941194
MEDELLÍN,AVENA MOLIDA,2023-02-01,011103,D_city,6458.463895810473
MEDELLÍN,AVENA MOLIDA,2023-03-01,011103,D_city,6602.322703360434
MEDELLÍN,AVENA MOLIDA,2023-04-01,011103,D_city,6705.327578192028
MEDELLÍN,AVENA MOLIDA,2023-05-01,011103,D_city,6766.5520453996905
MEDELLÍN,AVENA MOLIDA,2023-06-01,011103,D_city,6834.413410339842
MEDELLÍN,AVENA MOLIDA,2023-07-01,011103,D_city,6897.522104720581
MEDELLÍN,AVENA MOLIDA,2023-08-01,011103,D_city,6973.433337823716
MEDELLÍN,AVENA MOLIDA,2023-09-01,011103,D_city,7015.654744235939
MEDELLÍN,AVENA MOLIDA,2023-10-01,011103,D_city,7027.514150971188
MEDELLÍN,AVENA MOLIDA,2023-11-01,011103,D_city,7022.2960410572305
MEDELLÍN,AVENA MOLIDA,2023-12-01,011103,D_city,7072.103415330081
MEDELLÍN,AVENA MOLIDA,2024-01-01,011103,D_city,7058.347506905089
MEDELLÍN,AVENA MOLIDA,2024-02-01,011103,D_city,7053.604017061259
MEDELLÍN,AVENA MOLIDA,2024-03-01,011103,D_city,7016.129125033909
MEDELLÍN,AVENA MOLIDA,2024-04-01,011103,D_city,7012.334068075707
MEDELLÍN,AVENA MOLIDA,2024-05-01,011103,D_city,6975.330993575055
MEDELLÍN,AVENA MOLIDA,2024-06-01,011103,D_city,6995.256012361036
MEDELLÍN,AVENA MOLIDA,2024-07-01,011103,D_city,6920.296502442109
MEDELLÍN,AVENA MOLIDA,2024-08-01,011103,D_city,6912.230670972251
MEDELLÍN,AVENA MOLIDA,2024-09-01,011103,D_city,6755.161942385071
MEDELLÍN,AVENA MOLIDA,2024-10-01,011103,D_city,6729.058769597877
MEDELLÍN,AVENA MOLIDA,2024-11-01,011103,D_city,6572.414531498718
MEDELLÍN,AVENA MOLIDA,2024-12-01,011103,D_city,6545.828144970829
MEDELLÍN,AZÚCAR NATURAL O MORENA,2019-01-01,011801,D_city,1410.3604101292735
MEDELLÍN,AZÚCAR NATURAL O MORENA,2019-02-01,011801,D_city,1406.173855134941
MEDELLÍN,AZÚCAR NATURAL O MORENA,2019-03-01,011801,D_city,1393.9617276132
MEDELLÍN,AZÚCAR NATURAL O MORENA,2019-04-01,011801,D_city,1428.2805674516537
MEDELLÍN,AZÚCAR NATURAL O MORENA,2019-05-01,011801,D_city,1502.0976613439311
MEDELLÍN,AZÚCAR NATURAL O MORENA,2019-06-01,011801,D_city,1549.6936191341376
MEDELLÍN,AZÚCAR NATURAL O MORENA,2019-07-01,011801,D_city,1552.9918527098428
MEDELLÍN,AZÚCAR NATURAL O MORENA,2019-08-01,011801,D_city,1574.6384704379354
MEDELLÍN,AZÚCAR NATURAL O MORENA,2019-09-01,011801,D_city,1572.052783669212
MEDELLÍN,AZÚCAR NATURAL O MORENA,2019-10-01,011801,D_city,1552.638523721367
MEDELLÍN,AZÚCAR NATURAL O MORENA,2019-11-01,011801,D_city,1549.4579884389877
MEDELLÍN,AZÚCAR NATURAL O MORENA,2019-12-01,011801,D_city,1544.626304999346
MEDELLÍN,AZÚCAR NATURAL O MORENA,2020-01-01,011801,D_city,1531.2972693806548
MEDELLÍN,AZÚCAR NATURAL O MORENA,2020-02-01,011801,D_city,1526.2203294635472
MEDELLÍN,AZÚCAR NATURAL O MORENA,2020-03-01,011801,D_city,1536.7254605189319
MEDELLÍN,AZÚCAR NATURAL O MORENA,2020-04-01,011801,D_city,1565.4679874153742
MEDELLÍN,AZÚCAR NATURAL O MORENA,2020-05-01,011801,D_city,1573.2281793947952
MEDELLÍN,AZÚCAR NATURAL O MORENA,2020-06-01,011801,D_city,1576.6360399035725
MEDELLÍN,AZÚCAR NATURAL O MORENA,2020-07-01,011801,D_city,1584.6223109239836
MEDELLÍN,AZÚCAR NATURAL O MORENA,2020-08-01,011801,D_city,1573.1106460917579
MEDELLÍN,AZÚCAR NATURAL O MORENA,2020-09-01,011801,D_city,1567.1145976662801
MEDELLÍN,AZÚCAR NATURAL O MORENA,2020-10-01,011801,D_city,1562.6445875416168
MEDELLÍN,AZÚCAR NATURAL O MORENA,2020-11-01,011801,D_city,1567.7026062415987
MEDELLÍN,AZÚCAR NATURAL O MORENA,2020-12-01,011801,D_city,1554.287283279061
MEDELLÍN,AZÚCAR NATURAL O MORENA,2021-01-01,011801,D_city,1542.1506120887345
MEDELLÍN,AZÚCAR NATURAL O MORENA,2021-02-01,011801,D_city,1540.853569001655
MEDELLÍN,AZÚCAR NATURAL O MORENA,2021-03-01,011801,D_city,1520.549881434209
MEDELLÍN,AZÚCAR NATURAL O MORENA,2021-04-01,011801,D_city,1572.4054170186496
MEDELLÍN,AZÚCAR NATURAL O MORENA,2021-05-01,011801,D_city,1609.4799299657943
MEDELLÍN,AZÚCAR NATURAL O MORENA,2021-06-01,011801,D_city,1723.8485676876685
MEDELLÍN,AZÚCAR NATURAL O MORENA,2021-07-01,011801,D_city,1732.5331365873826
MEDELLÍN,AZÚCAR NATURAL O MORENA,2021-08-01,011801,D_city,1737.6248696200723
MEDELLÍN,AZÚCAR NATURAL O MORENA,2021-09-01,011801,D_city,1746.1829089887838
MEDELLÍN,AZÚCAR NATURAL O MORENA,2021-10-01,011801,D_city,1746.0673042138399
MEDELLÍN,AZÚCAR NATURAL O MORENA,2021-11-01,011801,D_city,1732.3016378247066
MEDELLÍN,AZÚCAR NATURAL O MORENA,2021-12-01,011801,D_city,1738.3190133745368
MEDELLÍN,AZÚCAR NATURAL O MORENA,2022-01-01,011801,D_city,1741.673422188622
MEDELLÍN,AZÚCAR NATURAL O MORENA,2022-02-01,011801,D_city,1741.2108060735957
MEDELLÍN,AZÚCAR NATURAL O MORENA,2022-03-01,011801,D_city,1749.9971861740278
MEDELLÍN,AZÚCAR NATURAL O MORENA,2022-04-01,011801,D_city,1766.6259280839076
MEDELLÍN,AZÚCAR NATURAL O MORENA,2022-05-01,011801,D_city,1851.3510465687934
MEDELLÍN,AZÚCAR NATURAL O MORENA,2022-06-01,011801,D_city,1993.2195710952365
MEDELLÍN,AZÚCAR NATURAL O MORENA,2022-07-01,011801,D_city,2091.1038593422118
MEDELLÍN,AZÚCAR NATURAL O MORENA,2022-08-01,011801,D_city,2182.241983998478
MEDELLÍN,AZÚCAR NATURAL O MORENA,2022-09-01,011801,D_city,2274.55396754142
MEDELLÍN,AZÚCAR NATURAL O MORENA,2022-10-01,011801,D_city,2305.7818069363207
MEDELLÍN,AZÚCAR NATURAL O MORENA,2022-11-01,011801,D_city,2323.359404925744
MEDELLÍN,AZÚCAR NATURAL O MORENA,2022-12-01,011801,D_city,2349.3003540384934
MEDELLÍN,AZÚCAR NATURAL O MORENA,2023-01-01,011801,D_city,2360.5456759876047
MEDELLÍN,AZÚCAR NATURAL O MORENA,2023-02-01,011801,D_city,2367.376915295408
MEDELLÍN,AZÚCAR NATURAL O MORENA,2023-03-01,011801,D_city,2370.791362268837
MEDELLÍN,AZÚCAR NATURAL O MORENA,2023-04-01,011801,D_city,2362.308876299005
MEDELLÍN,AZÚCAR NATURAL O MORENA,2023-05-01,011801,D_city,2365.393974744874
MEDELLÍN,AZÚCAR NATURAL O MORENA,2023-06-01,011801,D_city,2352.6086862125
MEDELLÍN,AZÚCAR NATURAL O MORENA,2023-07-01,011801,D_city,2341.688382805538
MEDELLÍN,AZÚCAR NATURAL O MORENA,2023-08-01,011801,D_city,2330.870424145266
MEDELLÍN,AZÚCAR NATURAL O MORENA,2023-09-01,011801,D_city,2321.48104866715
MEDELLÍN,AZÚCAR NATURAL O MORENA,2023-10-01,011801,D_city,2309.099957144996
MEDELLÍN,AZÚCAR NATURAL O MORENA,2023-11-01,011801,D_city,2369.469733446937
MEDELLÍN,AZÚCAR NATURAL O MORENA,2023-12-01,011801,D_city,2416.096980846553
MEDELLÍN,AZÚCAR NATURAL O MORENA,2024-01-01,011801,D_city,2435.5193492581875
MEDELLÍN,AZÚCAR NATURAL O MORENA,2024-02-01,011801,D_city,2436.8352289726035
MEDELLÍN,AZÚCAR NATURAL O MORENA,2024-03-01,011801,D_city,2426.963378595742
MEDELLÍN,AZÚCAR NATURAL O MORENA,2024-04-01,011801,D_city,2412.253471435735
MEDELLÍN,AZÚCAR NATURAL O MORENA,2024-05-01,011801,D_city,2407.8596994308436
MEDELLÍN,AZÚCAR NATURAL O MORENA,2024-06-01,011801,D_city,2410.3862735682924
MEDELLÍN,AZÚCAR NATURAL O MORENA,2024-07-01,011801,D_city,2405.112946150556
MEDELLÍN,AZÚCAR NATURAL O MORENA,2024-08-01,011801,D_city,2393.90102754712
MEDELLÍN,AZÚCAR NATURAL O MORENA,2024-09-01,011801,D_city,2384.8814828641152
MEDELLÍN,AZÚCAR NATURAL O MORENA,2024-10-01,011801,D_city,2380.91997421635
MEDELLÍN,AZÚCAR NATURAL O MORENA,2024-11-01,011801,D_city,2364.622759997588
MEDELLÍN,AZÚCAR NATURAL O MORENA,2024-12-01,011801,D_city,2345.550017316146
MEDELLÍN,AZÚCAR REFINADA,2019-01-01,011801,D_city,1390.6300529309972
MEDELLÍN,AZÚCAR REFINADA,2019-02-01,011801,D_city,1385.822447594423
MEDELLÍN,AZÚCAR REFINADA,2019-03-01,011801,D_city,1371.8122283338928
MEDELLÍN,AZÚCAR REFINADA,2019-04-01,011801,D_city,1411.2350915296036
MEDELLÍN,AZÚCAR REFINADA,2019-05-01,011801,D_city,1496.557033811263
MEDELLÍN,AZÚCAR REFINADA,2019-06-01,011801,D_city,1551.9411882672678
MEDELLÍN,AZÚCAR REFINADA,2019-07-01,011801,D_city,1555.7896210427436
MEDELLÍN,AZÚCAR REFINADA,2019-08-01,011801,D_city,1581.08059890611
MEDELLÍN,AZÚCAR REFINADA,2019-09-01,011801,D_city,1578.056561626497
MEDELLÍN,AZÚCAR REFINADA,2019-10-01,011801,D_city,1555.3772864914956
MEDELLÍN,AZÚCAR REFINADA,2019-11-01,011801,D_city,1551.6663021879615
MEDELLÍN,AZÚCAR REFINADA,2019-12-01,011801,D_city,1546.0311957467065
MEDELLÍN,AZÚCAR REFINADA,2020-01-01,011801,D_city,1530.5008695847112
MEDELLÍN,AZÚCAR REFINADA,2020-02-01,011801,D_city,1524.5913231479626
MEDELLÍN,AZÚCAR REFINADA,2020-03-01,011801,D_city,1536.822846753971
MEDELLÍN,AZÚCAR REFINADA,2020-04-01,011801,D_city,1570.359153937384
MEDELLÍN,AZÚCAR REFINADA,2020-05-01,011801,D_city,1579.431120139475
MEDELLÍN,AZÚCAR REFINADA,2020-06-01,011801,D_city,1583.4173764427876
MEDELLÍN,AZÚCAR REFINADA,2020-07-01,011801,D_city,1592.7646730786116
MEDELLÍN,AZÚCAR REFINADA,2020-08-01,011801,D_city,1579.293663996555
MEDELLÍN,AZÚCAR REFINADA,2020-09-01,011801,D_city,1572.2834867427896
MEDELLÍN,AZÚCAR REFINADA,2020-10-01,011801,D_city,1567.0603274186667
MEDELLÍN,AZÚCAR REFINADA,2020-11-01,011801,D_city,1572.9707515509078
MEDELLÍN,AZÚCAR REFINADA,2020-12-01,011801,D_city,1557.3015194595214
MEDELLÍN,AZÚCAR REFINADA,2021-01-01,011801,D_city,1543.1449647664845
MEDELLÍN,AZÚCAR REFINADA,2021-02-01,011801,D_city,1541.6331411549522
MEDELLÍN,AZÚCAR REFINADA,2021-03-01,011801,D_city,1517.9947666935755
MEDELLÍN,AZÚCAR REFINADA,2021-04-01,011801,D_city,1578.4689284998212
MEDELLÍN,AZÚCAR REFINADA,2021-05-01,011801,D_city,1621.9081440905613
MEDELLÍN,AZÚCAR REFINADA,2021-06-01,011801,D_city,1756.9391344820986
MEDELLÍN,AZÚCAR REFINADA,2021-07-01,011801,D_city,1767.254459395769
MEDELLÍN,AZÚCAR REFINADA,2021-08-01,011801,D_city,1773.3062685645132
MEDELLÍN,AZÚCAR REFINADA,2021-09-01,011801,D_city,1783.4845633062278
MEDELLÍN,AZÚCAR REFINADA,2021-10-01,011801,D_city,1783.3470166818342
MEDELLÍN,AZÚCAR REFINADA,2021-11-01,011801,D_city,1766.979379824563
MEDELLÍN,AZÚCAR REFINADA,2021-12-01,011801,D_city,1774.13152394388
MEDELLÍN,AZÚCAR REFINADA,2022-01-01,011801,D_city,1778.1202875670936
MEDELLÍN,AZÚCAR REFINADA,2022-02-01,011801,D_city,1777.5701103908448
MEDELLÍN,AZÚCAR REFINADA,2022-03-01,011801,D_city,1788.0236341132788
MEDELLÍN,AZÚCAR REFINADA,2022-04-01,011801,D_city,1807.8312167769727
MEDELLÍN,AZÚCAR REFINADA,2022-05-01,011801,D_city,1909.225661110637
MEDELLÍN,AZÚCAR REFINADA,2022-06-01,011801,D_city,2080.71254117387
MEDELLÍN,AZÚCAR REFINADA,2022-07-01,011801,D_city,2200.2209789464932
MEDELLÍN,AZÚCAR REFINADA,2022-08-01,011801,D_city,2312.3265612328078
MEDELLÍN,AZÚCAR REFINADA,2022-09-01,011801,D_city,2426.666010957522
MEDELLÍN,AZÚCAR REFINADA,2022-10-01,011801,D_city,2465.52058435465
MEDELLÍN,AZÚCAR REFINADA,2022-11-01,011801,D_city,2487.4294156195147
MEDELLÍN,AZÚCAR REFINADA,2022-12-01,011801,D_city,2519.8123038080557
MEDELLÍN,AZÚCAR REFINADA,2023-01-01,011801,D_city,2533.8685584303757
MEDELLÍN,AZÚCAR REFINADA,2023-02-01,011801,D_city,2542.4127628426054
MEDELLÍN,AZÚCAR REFINADA,2023-03-01,011801,D_city,2546.6849233960065
MEDELLÍN,AZÚCAR REFINADA,2023-04-01,011801,D_city,2536.0734994917384
MEDELLÍN,AZÚCAR REFINADA,2023-05-01,011801,D_city,2539.932171325232
MEDELLÍN,AZÚCAR REFINADA,2023-06-01,011801,D_city,2523.9464523703764
MEDELLÍN,AZÚCAR REFINADA,2023-07-01,011801,D_city,2510.303901610504
MEDELLÍN,AZÚCAR REFINADA,2023-08-01,011801,D_city,2496.7995498343466
MEDELLÍN,AZÚCAR REFINADA,2023-09-01,011801,D_city,2485.086911905285
MEDELLÍN,AZÚCAR REFINADA,2023-10-01,011801,D_city,2469.6542456889542
MEDELLÍN,AZÚCAR REFINADA,2023-11-01,011801,D_city,2545.031179219273
MEDELLÍN,AZÚCAR REFINADA,2023-12-01,011801,D_city,2603.4669761405257
MEDELLÍN,AZÚCAR REFINADA,2024-01-01,011801,D_city,2627.8632759288803
MEDELLÍN,AZÚCAR REFINADA,2024-02-01,011801,D_city,2629.517306881856
MEDELLÍN,AZÚCAR REFINADA,2024-03-01,011801,D_city,2617.1122123183186
MEDELLÍN,AZÚCAR REFINADA,2024-04-01,011801,D_city,2598.6429953056195
MEDELLÍN,AZÚCAR REFINADA,2024-05-01,011801,D_city,2593.1299337391697
MEDELLÍN,AZÚCAR REFINADA,2024-06-01,011801,D_city,2596.2999363926356
MEDELLÍN,AZÚCAR REFINADA,2024-07-01,011801,D_city,2589.684302484846
MEDELLÍN,AZÚCAR REFINADA,2024-08-01,011801,D_city,2575.626384606901
MEDELLÍN,AZÚCAR REFINADA,2024-09-01,011801,D_city,2564.325222403954
MEDELLÍN,AZÚCAR REFINADA,2024-10-01,011801,D_city,2559.3638216881563
MEDELLÍN,AZÚCAR REFINADA,2024-11-01,011801,D_city,2538.967500388729
MEDELLÍN,AZÚCAR REFINADA,2024-12-01,011801,D_city,2515.1269798454205
MEDELLÍN,BANANOS,2019-01-01,011606,BASE,817.728740937651
MEDELLÍN,BANANOS,2019-02-01,011606,BASE,801.2992544707588
MEDELLÍN,BANANOS,2019-03-01,011606,BASE,788.4450966650555
MEDELLÍN,BANANOS,2019-04-01,011606,BASE,814.2385391493475
MEDELLÍN,BANANOS,2019-05-01,011606,BASE,819.7717858869017
MEDELLÍN,BANANOS,2019-06-01,011606,BASE,826.3265550990816
MEDELLÍN,BANANOS,2019-07-01,011606,BASE,835.435130497825
MEDELLÍN,BANANOS,2019-08-01,011606,BASE,837.2227948284194
MEDELLÍN,BANANOS,2019-09-01,011606,BASE,851.4389826002898
MEDELLÍN,BANANOS,2019-10-01,011606,BASE,875.9555219913001
MEDELLÍN,BANANOS,2019-11-01,011606,BASE,931.2879893668439
MEDELLÍN,BANANOS,2019-12-01,011606,BASE,951.9738194780086
MEDELLÍN,BANANOS,2020-01-01,011606,BASE,915.7948985016916
MEDELLÍN,BANANOS,2020-02-01,011606,BASE,922.4347945867569
MEDELLÍN,BANANOS,2020-03-01,011606,BASE,957.1665587240211
MEDELLÍN,BANANOS,2020-04-01,011606,BASE,991.5578153697437
MEDELLÍN,BANANOS,2020-05-01,011606,BASE,1066.8950978733687
MEDELLÍN,BANANOS,2020-06-01,011606,BASE,1076.003673272112
MEDELLÍN,BANANOS,2020-07-01,011606,BASE,1087.6660548574189
MEDELLÍN,BANANOS,2020-08-01,011606,BASE,1097.3705183663606
MEDELLÍN,BANANOS,2020-09-01,011606,BASE,1060.1700749154181
MEDELLÍN,BANANOS,2020-10-01,011606,BASE,1074.8118970517157
MEDELLÍN,BANANOS,2020-11-01,011606,BASE,1107.3303624939583
MEDELLÍN,BANANOS,2020-12-01,011606,BASE,1140.61496979217
MEDELLÍN,BANANOS,2021-01-01,011606,BASE,1114.395892943451
MEDELLÍN,BANANOS,2021-02-01,011606,BASE,1114.991781053649
MEDELLÍN,BANANOS,2021-03-01,011606,BASE,1070.129919043016
MEDELLÍN,BANANOS,2021-04-01,011606,BASE,1076.4293076365393
MEDELLÍN,BANANOS,2021-05-01,011606,BASE,1115.1620347994199
MEDELLÍN,BANANOS,2021-06-01,011606,BASE,1061.106470517158
MEDELLÍN,BANANOS,2021-07-01,011606,BASE,1034.206378685355
MEDELLÍN,BANANOS,2021-08-01,011606,BASE,1035.7386623972934
MEDELLÍN,BANANOS,2021-09-01,011606,BASE,1059.8295674238761
MEDELLÍN,BANANOS,2021-10-01,011606,BASE,1073.0242327211213
MEDELLÍN,BANANOS,2021-11-01,011606,BASE,1084.9419949250846
MEDELLÍN,BANANOS,2021-12-01,011606,BASE,1099.2433095698404
MEDELLÍN,BANANOS,2022-01-01,011606,BASE,1108.2667580956984
MEDELLÍN,BANANOS,2022-02-01,011606,BASE,1114.8215273078783
MEDELLÍN,BANANOS,2022-03-01,011606,BASE,1149.4681645722571
MEDELLÍN,BANANOS,2022-04-01,011606,BASE,1183.689167472209
MEDELLÍN,BANANOS,2022-05-01,011606,BASE,1168.5365840985983
MEDELLÍN,BANANOS,2022-06-01,011606,BASE,1170.8350096665054
MEDELLÍN,BANANOS,2022-07-01,011606,BASE,1170.2391215563073
MEDELLÍN,BANANOS,2022-08-01,011606,BASE,1209.6528637022714
MEDELLÍN,BANANOS,2022-09-01,011606,BASE,1217.0589016433057
MEDELLÍN,BANANOS,2022-10-01,011606,BASE,1221.3152452875784
MEDELLÍN,BANANOS,2022-11-01,011606,BASE,1266.3473610439823
MEDELLÍN,BANANOS,2022-12-01,011606,BASE,1308.1446556307392
MEDELLÍN,BANANOS,2023-01-01,011606,BASE,1293.4177066215561
MEDELLÍN,BANANOS,2023-02-01,011606,BASE,1323.2972390043499
MEDELLÍN,BANANOS,2023-03-01,011606,BASE,1321.9352090381824
MEDELLÍN,BANANOS,2023-04-01,011606,BASE,1346.111240937651
MEDELLÍN,BANANOS,2023-05-01,011606,BASE,1347.473270903818
MEDELLÍN,BANANOS,2023-06-01,011606,BASE,1362.8812348960848
MEDELLÍN,BANANOS,2023-07-01,011606,BASE,1359.7315405993231
MEDELLÍN,BANANOS,2023-08-01,011606,BASE,1376.8420420492992
MEDELLÍN,BANANOS,2023-09-01,011606,BASE,1396.1658421942966
MEDELLÍN,BANANOS,2023-10-01,011606,BASE,1351.4742339294344
MEDELLÍN,BANANOS,2023-11-01,011606,BASE,1426.2156283228612
MEDELLÍN,BANANOS,2023-12-01,011606,BASE,1455.0736382310295
MEDELLÍN,BANANOS,2024-01-01,011606,BASE,1387.397774287095
MEDELLÍN,BANANOS,2024-02-01,011606,BASE,1388.9300579990334
MEDELLÍN,BANANOS,2024-03-01,011606,BASE,1417.7880679072016
MEDELLÍN,BANANOS,2024-04-01,011606,BASE,1514.151688013533
MEDELLÍN,BANANOS,2024-05-01,011606,BASE,1714.6254736587723
MEDELLÍN,BANANOS,2024-06-01,011606,BASE,1817.1182286128565
MEDELLÍN,BANANOS,2024-07-01,011606,BASE,1780.5988001449973
MEDELLÍN,BANANOS,2024-08-01,011606,BASE,1794.3893535524405
MEDELLÍN,BANANOS,2024-09-01,011606,BASE,1760.1683506524892
MEDELLÍN,BANANOS,2024-10-01,011606,BASE,1823.5878709521508
MEDELLÍN,BANANOS,2024-11-01,011606,BASE,1849.7218209279843
MEDELLÍN,BANANOS,2024-12-01,011606,BASE,1908.5444900918317
MEDELLÍN,CAFÉ MOLIDO,2019-01-01,012101,BASE,9286.0328742709
MEDELLÍN,CAFÉ MOLIDO,2019-02-01,012101,BASE,9335.106534888744
MEDELLÍN,CAFÉ MOLIDO,2019-03-01,012101,BASE,9376.772850507668
MEDELLÍN,CAFÉ MOLIDO,2019-04-01,012101,BASE,9389.73570425578
MEDELLÍN,CAFÉ MOLIDO,2019-05-01,012101,BASE,9404.550394253616
MEDELLÍN,CAFÉ MOLIDO,2019-06-01,012101,BASE,9365.66183300929
MEDELLÍN,CAFÉ MOLIDO,2019-07-01,012101,BASE,9250.84798552603
MEDELLÍN,CAFÉ MOLIDO,2019-08-01,012101,BASE,9268.440429898465
MEDELLÍN,CAFÉ MOLIDO,2019-09-01,012101,BASE,9249.922067401167
MEDELLÍN,CAFÉ MOLIDO,2019-10-01,012101,BASE,9326.77327176496
MEDELLÍN,CAFÉ MOLIDO,2019-11-01,012101,BASE,9339.736125513069
MEDELLÍN,CAFÉ MOLIDO,2019-12-01,012101,BASE,9396.217131129835
MEDELLÍN,CAFÉ MOLIDO,2020-01-01,012101,BASE,9395.29121300497
MEDELLÍN,CAFÉ MOLIDO,2020-02-01,012101,BASE,9461.957317995248
MEDELLÍN,CAFÉ MOLIDO,2020-03-01,012101,BASE,9517.512405487147
MEDELLÍN,CAFÉ MOLIDO,2020-04-01,012101,BASE,9581.40075610283
MEDELLÍN,CAFÉ MOLIDO,2020-05-01,012101,BASE,9617.511562972564
MEDELLÍN,CAFÉ MOLIDO,2020-06-01,012101,BASE,9626.770744221214
MEDELLÍN,CAFÉ MOLIDO,2020-07-01,012101,BASE,9586.030346727155
MEDELLÍN,CAFÉ MOLIDO,2020-08-01,012101,BASE,9686.029504212573
MEDELLÍN,CAFÉ MOLIDO,2020-09-01,012101,BASE,9666.585223590408
MEDELLÍN,CAFÉ MOLIDO,2020-10-01,012101,BASE,9672.140732339598
MEDELLÍN,CAFÉ MOLIDO,2020-11-01,012101,BASE,9637.881761719593
MEDELLÍN,CAFÉ MOLIDO,2020-12-01,012101,BASE,9631.400334845539
MEDELLÍN,CAFÉ MOLIDO,2021-01-01,012101,BASE,9653.622369842298
MEDELLÍN,CAFÉ MOLIDO,2021-02-01,012101,BASE,9678.622159213654
MEDELLÍN,CAFÉ MOLIDO,2021-03-01,012101,BASE,9641.585434219052
MEDELLÍN,CAFÉ MOLIDO,2021-04-01,012101,BASE,9629.54849859581
MEDELLÍN,CAFÉ MOLIDO,2021-05-01,012101,BASE,9686.029504212573
MEDELLÍN,CAFÉ MOLIDO,2021-06-01,012101,BASE,9698.992357960684
MEDELLÍN,CAFÉ MOLIDO,2021-07-01,012101,BASE,9740.658673579606
MEDELLÍN,CAFÉ MOLIDO,2021-08-01,012101,BASE,9882.324146683948
MEDELLÍN,CAFÉ MOLIDO,2021-09-01,012101,BASE,10014.730438539642
MEDELLÍN,CAFÉ MOLIDO,2021-10-01,012101,BASE,10268.432004752645
MEDELLÍN,CAFÉ MOLIDO,2021-11-01,012101,BASE,10438.800939727802
MEDELLÍN,CAFÉ MOLIDO,2021-12-01,012101,BASE,10720.280049686759
MEDELLÍN,CAFÉ MOLIDO,2022-01-01,012101,BASE,11007.314668394902
MEDELLÍN,CAFÉ MOLIDO,2022-02-01,012101,BASE,11226.757263987902
MEDELLÍN,CAFÉ MOLIDO,2022-03-01,012101,BASE,11490.643929574422
MEDELLÍN,CAFÉ MOLIDO,2022-04-01,012101,BASE,12183.23068697343
MEDELLÍN,CAFÉ MOLIDO,2022-05-01,012101,BASE,12931.372531864334
MEDELLÍN,CAFÉ MOLIDO,2022-06-01,012101,BASE,13187.851852451933
MEDELLÍN,CAFÉ MOLIDO,2022-07-01,012101,BASE,13602.663172391445
MEDELLÍN,CAFÉ MOLIDO,2022-08-01,012101,BASE,13935.993697342838
MEDELLÍN,CAFÉ MOLIDO,2022-09-01,012101,BASE,14503.581507885072
MEDELLÍN,CAFÉ MOLIDO,2022-10-01,012101,BASE,15032.280757182976
MEDELLÍN,CAFÉ MOLIDO,2022-11-01,012101,BASE,15719.312005832793
MEDELLÍN,CAFÉ MOLIDO,2022-12-01,012101,BASE,15906.347467055519
MEDELLÍN,CAFÉ MOLIDO,2023-01-01,012101,BASE,15909.125221430115
MEDELLÍN,CAFÉ MOLIDO,2023-02-01,012101,BASE,15933.199092676605
MEDELLÍN,CAFÉ MOLIDO,2023-03-01,012101,BASE,15930.421338302009
MEDELLÍN,CAFÉ MOLIDO,2023-04-01,012101,BASE,15983.198671419314
MEDELLÍN,CAFÉ MOLIDO,2023-05-01,012101,BASE,16054.494367033914
MEDELLÍN,CAFÉ MOLIDO,2023-06-01,012101,BASE,16034.124168286886
MEDELLÍN,CAFÉ MOLIDO,2023-07-01,012101,BASE,16048.938858284728
MEDELLÍN,CAFÉ MOLIDO,2023-08-01,012101,BASE,16166.530460142578
MEDELLÍN,CAFÉ MOLIDO,2023-09-01,012101,BASE,16062.8276301577
MEDELLÍN,CAFÉ MOLIDO,2023-10-01,012101,BASE,16048.938858284728
MEDELLÍN,CAFÉ MOLIDO,2023-11-01,012101,BASE,16185.04882263988
MEDELLÍN,CAFÉ MOLIDO,2023-12-01,012101,BASE,16138.75291639663
MEDELLÍN,CAFÉ MOLIDO,2024-01-01,012101,BASE,16214.67820263556
MEDELLÍN,CAFÉ MOLIDO,2024-02-01,012101,BASE,16216.530038885287
MEDELLÍN,CAFÉ MOLIDO,2024-03-01,012101,BASE,16239.677992006911
MEDELLÍN,CAFÉ MOLIDO,2024-04-01,012101,BASE,16389.676728235037
MEDELLÍN,CAFÉ MOLIDO,2024-05-01,012101,BASE,16368.380611363145
MEDELLÍN,CAFÉ MOLIDO,2024-06-01,012101,BASE,16333.195722618275
MEDELLÍN,CAFÉ MOLIDO,2024-07-01,012101,BASE,16226.715138258804
MEDELLÍN,CAFÉ MOLIDO,2024-08-01,012101,BASE,16286.899816375028
MEDELLÍN,CAFÉ MOLIDO,2024-09-01,012101,BASE,16346.158576366384
MEDELLÍN,CAFÉ MOLIDO,2024-10-01,012101,BASE,16234.122483257725
MEDELLÍN,CAFÉ MOLIDO,2024-11-01,012101,BASE,16233.196565132857
MEDELLÍN,CAFÉ MOLIDO,2024-12-01,012101,BASE,16520.231183841
MEDELLÍN,CAMARONES O VARIEDAD DISPONIBLE,2019-01-01,011303,BASE_lowR2,22756.26240475918
MEDELLÍN,CAMARONES O VARIEDAD DISPONIBLE,2019-02-01,011303,BASE_lowR2,23147.87447660451
MEDELLÍN,CAMARONES O VARIEDAD DISPONIBLE,2019-03-01,011303,BASE_lowR2,23314.422139343325
MEDELLÍN,CAMARONES O VARIEDAD DISPONIBLE,2019-04-01,011303,BASE_lowR2,23582.248786180073
MEDELLÍN,CAMARONES O VARIEDAD DISPONIBLE,2019-05-01,011303,BASE_lowR2,23634.01360027457
MEDELLÍN,CAMARONES O VARIEDAD DISPONIBLE,2019-06-01,011303,BASE_lowR2,23679.026482095873
MEDELLÍN,CAMARONES O VARIEDAD DISPONIBLE,2019-07-01,011303,BASE_lowR2,23656.52004118522
MEDELLÍN,CAMARONES O VARIEDAD DISPONIBLE,2019-08-01,011303,BASE_lowR2,23674.52519391374
MEDELLÍN,CAMARONES O VARIEDAD DISPONIBLE,2019-09-01,011303,BASE_lowR2,23634.01360027457
MEDELLÍN,CAMARONES O VARIEDAD DISPONIBLE,2019-10-01,011303,BASE_lowR2,23746.545804827823
MEDELLÍN,CAMARONES O VARIEDAD DISPONIBLE,2019-11-01,011303,BASE_lowR2,23791.558686649125
MEDELLÍN,CAMARONES O VARIEDAD DISPONIBLE,2019-12-01,011303,BASE_lowR2,23773.553533920607
MEDELLÍN,CAMARONES O VARIEDAD DISPONIBLE,2020-01-01,011303,BASE_lowR2,23760.049669374217
MEDELLÍN,CAMARONES O VARIEDAD DISPONIBLE,2020-02-01,011303,BASE_lowR2,23838.822212561492
MEDELLÍN,CAMARONES O VARIEDAD DISPONIBLE,2020-03-01,011303,BASE_lowR2,24336.214556686882
MEDELLÍN,CAMARONES O VARIEDAD DISPONIBLE,2020-04-01,011303,BASE_lowR2,25538.058501315638
MEDELLÍN,CAMARONES O VARIEDAD DISPONIBLE,2020-05-01,011303,BASE_lowR2,25900.412199977123
MEDELLÍN,CAMARONES O VARIEDAD DISPONIBLE,2020-06-01,011303,BASE_lowR2,25945.425081798425
MEDELLÍN,CAMARONES O VARIEDAD DISPONIBLE,2020-07-01,011303,BASE_lowR2,25938.673149525228
MEDELLÍN,CAMARONES O VARIEDAD DISPONIBLE,2020-08-01,011303,BASE_lowR2,26201.998508179844
MEDELLÍN,CAMARONES O VARIEDAD DISPONIBLE,2020-09-01,011303,BASE_lowR2,26217.753016817296
MEDELLÍN,CAMARONES O VARIEDAD DISPONIBLE,2020-10-01,011303,BASE_lowR2,26337.03715364375
MEDELLÍN,CAMARONES O VARIEDAD DISPONIBLE,2020-11-01,011303,BASE_lowR2,26352.791662281204
MEDELLÍN,CAMARONES O VARIEDAD DISPONIBLE,2020-12-01,011303,BASE_lowR2,26501.3341722915
MEDELLÍN,CAMARONES O VARIEDAD DISPONIBLE,2021-01-01,011303,BASE_lowR2,26654.377970483933
MEDELLÍN,CAMARONES O VARIEDAD DISPONIBLE,2021-02-01,011303,BASE_lowR2,26712.89471685162
MEDELLÍN,CAMARONES O VARIEDAD DISPONIBLE,2021-03-01,011303,BASE_lowR2,26807.421768676355
MEDELLÍN,CAMARONES O VARIEDAD DISPONIBLE,2021-04-01,011303,BASE_lowR2,26962.716210959847
MEDELLÍN,CAMARONES O VARIEDAD DISPONIBLE,2021-05-01,011303,BASE_lowR2,27034.73682187393
MEDELLÍN,CAMARONES O VARIEDAD DISPONIBLE,2021-06-01,011303,BASE_lowR2,27100.005500514817
MEDELLÍN,CAMARONES O VARIEDAD DISPONIBLE,2021-07-01,011303,BASE_lowR2,27394.839876444345
MEDELLÍN,CAMARONES O VARIEDAD DISPONIBLE,2021-08-01,011303,BASE_lowR2,27606.400421004462
MEDELLÍN,CAMARONES O VARIEDAD DISPONIBLE,2021-09-01,011303,BASE_lowR2,27998.01249284979
MEDELLÍN,CAMARONES O VARIEDAD DISPONIBLE,2021-10-01,011303,BASE_lowR2,28090.28890058346
MEDELLÍN,CAMARONES O VARIEDAD DISPONIBLE,2021-11-01,011303,BASE_lowR2,28281.593648323993
MEDELLÍN,CAMARONES O VARIEDAD DISPONIBLE,2021-12-01,011303,BASE_lowR2,28598.93446516417
MEDELLÍN,CAMARONES O VARIEDAD DISPONIBLE,2022-01-01,011303,BASE_lowR2,28763.231483811924
MEDELLÍN,CAMARONES O VARIEDAD DISPONIBLE,2022-02-01,011303,BASE_lowR2,29166.09677611258
MEDELLÍN,CAMARONES O VARIEDAD DISPONIBLE,2022-03-01,011303,BASE_lowR2,29737.76037524311
MEDELLÍN,CAMARONES O VARIEDAD DISPONIBLE,2022-04-01,011303,BASE_lowR2,30129.372447088437
MEDELLÍN,CAMARONES O VARIEDAD DISPONIBLE,2022-05-01,011303,BASE_lowR2,30338.682347557493
MEDELLÍN,CAMARONES O VARIEDAD DISPONIBLE,2022-06-01,011303,BASE_lowR2,30919.348523052286
MEDELLÍN,CAMARONES O VARIEDAD DISPONIBLE,2022-07-01,011303,BASE_lowR2,31144.412932158793
MEDELLÍN,CAMARONES O VARIEDAD DISPONIBLE,2022-08-01,011303,BASE_lowR2,31770.09198947489
MEDELLÍN,CAMARONES O VARIEDAD DISPONIBLE,2022-09-01,011303,BASE_lowR2,33242.013225031464
MEDELLÍN,CAMARONES O VARIEDAD DISPONIBLE,2022-10-01,011303,BASE_lowR2,33334.28963276513
MEDELLÍN,CAMARONES O VARIEDAD DISPONIBLE,2022-11-01,011303,BASE_lowR2,34081.503470998745
MEDELLÍN,CAMARONES O VARIEDAD DISPONIBLE,2022-12-01,011303,BASE_lowR2,34851.223750143006
MEDELLÍN,CAMARONES O VARIEDAD DISPONIBLE,2023-01-01,011303,BASE_lowR2,35272.094195172176
MEDELLÍN,CAMARONES O VARIEDAD DISPONIBLE,2023-02-01,011303,BASE_lowR2,35726.72430156733
MEDELLÍN,CAMARONES O VARIEDAD DISPONIBLE,2023-03-01,011303,BASE_lowR2,36066.57155931816
MEDELLÍN,CAMARONES O VARIEDAD DISPONIBLE,2023-04-01,011303,BASE_lowR2,36478.439427983074
MEDELLÍN,CAMARONES O VARIEDAD DISPONIBLE,2023-05-01,011303,BASE_lowR2,36084.576712046684
MEDELLÍN,CAMARONES O VARIEDAD DISPONIBLE,2023-06-01,011303,BASE_lowR2,35978.79643976662
MEDELLÍN,CAMARONES O VARIEDAD DISPONIBLE,2023-07-01,011303,BASE_lowR2,35663.70626701751
MEDELLÍN,CAMARONES O VARIEDAD DISPONIBLE,2023-08-01,011303,BASE_lowR2,35398.13026427183
MEDELLÍN,CAMARONES O VARIEDAD DISPONIBLE,2023-09-01,011303,BASE_lowR2,35391.37833199863
MEDELLÍN,CAMARONES O VARIEDAD DISPONIBLE,2023-10-01,011303,BASE_lowR2,35249.587754261534
MEDELLÍN,CAMARONES O VARIEDAD DISPONIBLE,2023-11-01,011303,BASE_lowR2,34860.22632650727
MEDELLÍN,CAMARONES O VARIEDAD DISPONIBLE,2023-12-01,011303,BASE_lowR2,34677.924155131
MEDELLÍN,CAMARONES O VARIEDAD DISPONIBLE,2024-01-01,011303,BASE_lowR2,34565.391950577745
MEDELLÍN,CAMARONES O VARIEDAD DISPONIBLE,2024-02-01,011303,BASE_lowR2,34502.37391602792
MEDELLÍN,CAMARONES O VARIEDAD DISPONIBLE,2024-03-01,011303,BASE_lowR2,34556.389374213475
MEDELLÍN,CAMARONES O VARIEDAD DISPONIBLE,2024-04-01,011303,BASE_lowR2,34722.937036952295
MEDELLÍN,CAMARONES O VARIEDAD DISPONIBLE,2024-05-01,011303,BASE_lowR2,33822.679400526256
MEDELLÍN,CAMARONES O VARIEDAD DISPONIBLE,2024-06-01,011303,BASE_lowR2,34540.63486557602
MEDELLÍN,CAMARONES O VARIEDAD DISPONIBLE,2024-07-01,011303,BASE_lowR2,35546.672774282124
MEDELLÍN,CAMARONES O VARIEDAD DISPONIBLE,2024-08-01,011303,BASE_lowR2,35434.140569728865
MEDELLÍN,CAMARONES O VARIEDAD DISPONIBLE,2024-09-01,011303,BASE_lowR2,35512.91311291614
MEDELLÍN,CAMARONES O VARIEDAD DISPONIBLE,2024-10-01,011303,BASE_lowR2,35715.471081112
MEDELLÍN,CAMARONES O VARIEDAD DISPONIBLE,2024-11-01,011303,BASE_lowR2,36001.30288067728
MEDELLÍN,CAMARONES O VARIEDAD DISPONIBLE,2024-12-01,011303,BASE_lowR2,35967.543219311294
MEDELLÍN,CARNE DE CERDO CON HUESO,2019-01-01,011202,D_city,6568.5139824835305
MEDELLÍN,CARNE DE CERDO CON HUESO,2019-02-01,011202,D_city,6566.200627173591
MEDELLÍN,CARNE DE CERDO CON HUESO,2019-03-01,011202,D_city,6589.781723407842
MEDELLÍN,CARNE DE CERDO CON HUESO,2019-04-01,011202,D_city,6581.000525300067
MEDELLÍN,CARNE DE CERDO CON HUESO,2019-05-01,011202,D_city,6594.401543486488
MEDELLÍN,CARNE DE CERDO CON HUESO,2019-06-01,011202,D_city,6631.314057199658
MEDELLÍN,CARNE DE CERDO CON HUESO,2019-07-01,011202,D_city,6599.020080741607
MEDELLÍN,CARNE DE CERDO CON HUESO,2019-08-01,011202,D_city,6567.1260080676875
MEDELLÍN,CARNE DE CERDO CON HUESO,2019-09-01,011202,D_city,6563.8869486840395
MEDELLÍN,CARNE DE CERDO CON HUESO,2019-10-01,011202,D_city,6615.174882101238
MEDELLÍN,CARNE DE CERDO CON HUESO,2019-11-01,011202,D_city,6698.011363506866
MEDELLÍN,CARNE DE CERDO CON HUESO,2019-12-01,011202,D_city,6844.283802023113
MEDELLÍN,CARNE DE CERDO CON HUESO,2020-01-01,011202,D_city,6826.979180549654
MEDELLÍN,CARNE DE CERDO CON HUESO,2020-02-01,011202,D_city,6790.034813048767
MEDELLÍN,CARNE DE CERDO CON HUESO,2020-03-01,011202,D_city,6766.732618803555
MEDELLÍN,CARNE DE CERDO CON HUESO,2020-04-01,011202,D_city,6745.6876326037855
MEDELLÍN,CARNE DE CERDO CON HUESO,2020-05-01,011202,D_city,6526.823973030501
MEDELLÍN,CARNE DE CERDO CON HUESO,2020-06-01,011202,D_city,6550.4612298550865
MEDELLÍN,CARNE DE CERDO CON HUESO,2020-07-01,011202,D_city,6715.905683971817
MEDELLÍN,CARNE DE CERDO CON HUESO,2020-08-01,011202,D_city,6780.900482131436
MEDELLÍN,CARNE DE CERDO CON HUESO,2020-09-01,011202,D_city,6785.468256981683
MEDELLÍN,CARNE DE CERDO CON HUESO,2020-10-01,011202,D_city,6914.689769345598
MEDELLÍN,CARNE DE CERDO CON HUESO,2020-11-01,011202,D_city,7099.124884336397
MEDELLÍN,CARNE DE CERDO CON HUESO,2020-12-01,011202,D_city,7381.776950496977
MEDELLÍN,CARNE DE CERDO CON HUESO,2021-01-01,011202,D_city,7487.489593385403
MEDELLÍN,CARNE DE CERDO CON HUESO,2021-02-01,011202,D_city,7454.958305582492
MEDELLÍN,CARNE DE CERDO CON HUESO,2021-03-01,011202,D_city,7450.557871131508
MEDELLÍN,CARNE DE CERDO CON HUESO,2021-04-01,011202,D_city,7483.9754021218905
MEDELLÍN,CARNE DE CERDO CON HUESO,2021-05-01,011202,D_city,7552.822504759398
MEDELLÍN,CARNE DE CERDO CON HUESO,2021-06-01,011202,D_city,7601.784610267841
MEDELLÍN,CARNE DE CERDO CON HUESO,2021-07-01,011202,D_city,7781.265455295683
MEDELLÍN,CARNE DE CERDO CON HUESO,2021-08-01,011202,D_city,8062.604593430586
MEDELLÍN,CARNE DE CERDO CON HUESO,2021-09-01,011202,D_city,8286.165458719634
MEDELLÍN,CARNE DE CERDO CON HUESO,2021-10-01,011202,D_city,8452.172271129086
MEDELLÍN,CARNE DE CERDO CON HUESO,2021-11-01,011202,D_city,8556.990745585774
MEDELLÍN,CARNE DE CERDO CON HUESO,2021-12-01,011202,D_city,8635.167758607075
MEDELLÍN,CARNE DE CERDO CON HUESO,2022-01-01,011202,D_city,8622.296241152506
MEDELLÍN,CARNE DE CERDO CON HUESO,2022-02-01,011202,D_city,8506.524657769502
MEDELLÍN,CARNE DE CERDO CON HUESO,2022-03-01,011202,D_city,8261.256568426581
MEDELLÍN,CARNE DE CERDO CON HUESO,2022-04-01,011202,D_city,8190.165706942034
MEDELLÍN,CARNE DE CERDO CON HUESO,2022-05-01,011202,D_city,8190.589589344877
MEDELLÍN,CARNE DE CERDO CON HUESO,2022-06-01,011202,D_city,8323.683836640672
MEDELLÍN,CARNE DE CERDO CON HUESO,2022-07-01,011202,D_city,8500.677950642697
MEDELLÍN,CARNE DE CERDO CON HUESO,2022-08-01,011202,D_city,8747.368224012354
MEDELLÍN,CARNE DE CERDO CON HUESO,2022-09-01,011202,D_city,8916.042969614766
MEDELLÍN,CARNE DE CERDO CON HUESO,2022-10-01,011202,D_city,9105.014317137353
MEDELLÍN,CARNE DE CERDO CON HUESO,2022-11-01,011202,D_city,9254.108889269211
MEDELLÍN,CARNE DE CERDO CON HUESO,2022-12-01,011202,D_city,9484.384716393002
MEDELLÍN,CARNE DE CERDO CON HUESO,2023-01-01,011202,D_city,9667.654907677612
MEDELLÍN,CARNE DE CERDO CON HUESO,2023-02-01,011202,D_city,9644.22592831612
MEDELLÍN,CARNE DE CERDO CON HUESO,2023-03-01,011202,D_city,9635.881354543368
MEDELLÍN,CARNE DE CERDO CON HUESO,2023-04-01,011202,D_city,9617.990468437298
MEDELLÍN,CARNE DE CERDO CON HUESO,2023-05-01,011202,D_city,9441.152773120792
MEDELLÍN,CARNE DE CERDO CON HUESO,2023-06-01,011202,D_city,9372.13930578828
MEDELLÍN,CARNE DE CERDO CON HUESO,2023-07-01,011202,D_city,9326.68923932144
MEDELLÍN,CARNE DE CERDO CON HUESO,2023-08-01,011202,D_city,9366.914991269072
MEDELLÍN,CARNE DE CERDO CON HUESO,2023-09-01,011202,D_city,9396.637999566094
MEDELLÍN,CARNE DE CERDO CON HUESO,2023-10-01,011202,D_city,9404.263567789207
MEDELLÍN,CARNE DE CERDO CON HUESO,2023-11-01,011202,D_city,9419.908375839765
MEDELLÍN,CARNE DE CERDO CON HUESO,2023-12-01,011202,D_city,9496.779451800701
MEDELLÍN,CARNE DE CERDO CON HUESO,2024-01-01,011202,D_city,9545.895531883662
MEDELLÍN,CARNE DE CERDO CON HUESO,2024-02-01,011202,D_city,9395.032304168046
MEDELLÍN,CARNE DE CERDO CON HUESO,2024-03-01,011202,D_city,9403.46099186675
MEDELLÍN,CARNE DE CERDO CON HUESO,2024-04-01,011202,D_city,9424.319151347681
MEDELLÍN,CARNE DE CERDO CON HUESO,2024-05-01,011202,D_city,9354.854468861931
MEDELLÍN,CARNE DE CERDO CON HUESO,2024-06-01,011202,D_city,9391.820586907541
MEDELLÍN,CARNE DE CERDO CON HUESO,2024-07-01,011202,D_city,9290.42716561834
MEDELLÍN,CARNE DE CERDO CON HUESO,2024-08-01,011202,D_city,9248.858247287895
MEDELLÍN,CARNE DE CERDO CON HUESO,2024-09-01,011202,D_city,9295.668484203054
MEDELLÍN,CARNE DE CERDO CON HUESO,2024-10-01,011202,D_city,9288.00770007686
MEDELLÍN,CARNE DE CERDO CON HUESO,2024-11-01,011202,D_city,9411.485529626721
MEDELLÍN,CARNE DE CERDO CON HUESO,2024-12-01,011202,D_city,9690.268324309007
MEDELLÍN,CARNE DE CERDO SIN HUESO,2019-01-01,011202,D_city,6994.929281012991
MEDELLÍN,CARNE DE CERDO SIN HUESO,2019-02-01,011202,D_city,6991.292789263084
MEDELLÍN,CARNE DE CERDO SIN HUESO,2019-03-01,011202,D_city,7028.389792899916
MEDELLÍN,CARNE DE CERDO SIN HUESO,2019-04-01,011202,D_city,7014.568100773435
MEDELLÍN,CARNE DE CERDO SIN HUESO,2019-05-01,011202,D_city,7035.664957940249
MEDELLÍN,CARNE DE CERDO SIN HUESO,2019-06-01,011202,D_city,7093.880883468255
MEDELLÍN,CARNE DE CERDO SIN HUESO,2019-07-01,011202,D_city,7042.94052955238
MEDELLÍN,CARNE DE CERDO SIN HUESO,2019-08-01,011202,D_city,6992.747373699526
MEDELLÍN,CARNE DE CERDO SIN HUESO,2019-09-01,011202,D_city,6987.656399731294
MEDELLÍN,CARNE DE CERDO SIN HUESO,2019-10-01,011202,D_city,7068.408226545474
MEDELLÍN,CARNE DE CERDO SIN HUESO,2019-11-01,011202,D_city,7199.462955790098
MEDELLÍN,CARNE DE CERDO SIN HUESO,2019-12-01,011202,D_city,7432.766482066196
MEDELLÍN,CARNE DE CERDO SIN HUESO,2020-01-01,011202,D_city,7405.040725336457
MEDELLÍN,CARNE DE CERDO SIN HUESO,2020-02-01,011202,D_city,7345.959830249146
MEDELLÍN,CARNE DE CERDO SIN HUESO,2020-03-01,011202,D_city,7308.773905009492
MEDELLÍN,CARNE DE CERDO SIN HUESO,2020-04-01,011202,D_city,7275.242425129829
MEDELLÍN,CARNE DE CERDO SIN HUESO,2020-05-01,011202,D_city,6929.488107740599
MEDELLÍN,CARNE DE CERDO SIN HUESO,2020-06-01,011202,D_city,6966.567358623588
MEDELLÍN,CARNE DE CERDO SIN HUESO,2020-07-01,011202,D_city,7227.875229800067
MEDELLÍN,CARNE DE CERDO SIN HUESO,2020-08-01,011202,D_city,7331.375899142873
MEDELLÍN,CARNE DE CERDO SIN HUESO,2020-09-01,011202,D_city,7338.667668913259
MEDELLÍN,CARNE DE CERDO SIN HUESO,2020-10-01,011202,D_city,7545.916094862906
MEDELLÍN,CARNE DE CERDO SIN HUESO,2020-11-01,011202,D_city,7844.922468118931
MEDELLÍN,CARNE DE CERDO SIN HUESO,2020-12-01,011202,D_city,8310.365693451351
MEDELLÍN,CARNE DE CERDO SIN HUESO,2021-01-01,011202,D_city,8486.653168106352
MEDELLÍN,CARNE DE CERDO SIN HUESO,2021-02-01,011202,D_city,8432.27656486504
MEDELLÍN,CARNE DE CERDO SIN HUESO,2021-03-01,011202,D_city,8424.929825772397
MEDELLÍN,CARNE DE CERDO SIN HUESO,2021-04-01,011202,D_city,8480.773706428647
MEDELLÍN,CARNE DE CERDO SIN HUESO,2021-05-01,011202,D_city,8596.198227889197
MEDELLÍN,CARNE DE CERDO SIN HUESO,2021-06-01,011202,D_city,8678.590572157584
MEDELLÍN,CARNE DE CERDO SIN HUESO,2021-07-01,011202,D_city,8982.77514697658
MEDELLÍN,CARNE DE CERDO SIN HUESO,2021-08-01,011202,D_city,9466.33583452607
MEDELLÍN,CARNE DE CERDO SIN HUESO,2021-09-01,011202,D_city,9856.37417580533
MEDELLÍN,CARNE DE CERDO SIN HUESO,2021-10-01,011202,D_city,10149.26770257009
MEDELLÍN,CARNE DE CERDO SIN HUESO,2021-11-01,011202,D_city,10335.623349829879
MEDELLÍN,CARNE DE CERDO SIN HUESO,2021-12-01,011202,D_city,10475.32369272525
MEDELLÍN,CARNE DE CERDO SIN HUESO,2022-01-01,011202,D_city,10452.281028339556
MEDELLÍN,CARNE DE CERDO SIN HUESO,2022-02-01,011202,D_city,10245.763690368327
MEDELLÍN,CARNE DE CERDO SIN HUESO,2022-03-01,011202,D_city,9812.665535302296
MEDELLÍN,CARNE DE CERDO SIN HUESO,2022-04-01,011202,D_city,9688.26479592667
MEDELLÍN,CARNE DE CERDO SIN HUESO,2022-05-01,011202,D_city,9689.005022280753
MEDELLÍN,CARNE DE CERDO SIN HUESO,2022-06-01,011202,D_city,9922.32735867721
MEDELLÍN,CARNE DE CERDO SIN HUESO,2022-07-01,011202,D_city,10235.369446393453
MEDELLÍN,CARNE DE CERDO SIN HUESO,2022-08-01,011202,D_city,10676.877248118111
MEDELLÍN,CARNE DE CERDO SIN HUESO,2022-09-01,011202,D_city,10982.200848726
MEDELLÍN,CARNE DE CERDO SIN HUESO,2022-10-01,011202,D_city,11327.54494311019
MEDELLÍN,CARNE DE CERDO SIN HUESO,2022-11-01,011202,D_city,11602.437416974888
MEDELLÍN,CARNE DE CERDO SIN HUESO,2022-12-01,011202,D_city,12031.161868492472
MEDELLÍN,CARNE DE CERDO SIN HUESO,2023-01-01,011202,D_city,12375.938520130643
MEDELLÍN,CARNE DE CERDO SIN HUESO,2023-02-01,011202,D_city,12331.687828582764
MEDELLÍN,CARNE DE CERDO SIN HUESO,2023-03-01,011202,D_city,12315.939651356268
MEDELLÍN,CARNE DE CERDO SIN HUESO,2023-04-01,011202,D_city,12282.197223128755
MEDELLÍN,CARNE DE CERDO SIN HUESO,2023-05-01,011202,D_city,11950.291089225202
MEDELLÍN,CARNE DE CERDO SIN HUESO,2023-06-01,011202,D_city,11821.557994930521
MEDELLÍN,CARNE DE CERDO SIN HUESO,2023-07-01,011202,D_city,11737.02451216514
MEDELLÍN,CARNE DE CERDO SIN HUESO,2023-08-01,011202,D_city,11811.831236470041
MEDELLÍN,CARNE DE CERDO SIN HUESO,2023-09-01,011202,D_city,11867.204709678968
MEDELLÍN,CARNE DE CERDO SIN HUESO,2023-10-01,011202,D_city,11881.424478809795
MEDELLÍN,CARNE DE CERDO SIN HUESO,2023-11-01,011202,D_city,11910.615306487209
MEDELLÍN,CARNE DE CERDO SIN HUESO,2023-12-01,011202,D_city,12054.380213435037
MEDELLÍN,CARNE DE CERDO SIN HUESO,2024-01-01,011202,D_city,12146.528395425352
MEDELLÍN,CARNE DE CERDO SIN HUESO,2024-02-01,011202,D_city,11864.211191364764
MEDELLÍN,CARNE DE CERDO SIN HUESO,2024-03-01,011202,D_city,11879.92761767646
MEDELLÍN,CARNE DE CERDO SIN HUESO,2024-04-01,011202,D_city,11918.849316344456
MEDELLÍN,CARNE DE CERDO SIN HUESO,2024-05-01,011202,D_city,11789.386523302614
MEDELLÍN,CARNE DE CERDO SIN HUESO,2024-06-01,011202,D_city,11858.224277199455
MEDELLÍN,CARNE DE CERDO SIN HUESO,2024-07-01,011202,D_city,11669.720479026137
MEDELLÍN,CARNE DE CERDO SIN HUESO,2024-08-01,011202,D_city,11592.720492199418
MEDELLÍN,CARNE DE CERDO SIN HUESO,2024-09-01,011202,D_city,11679.440879437147
MEDELLÍN,CARNE DE CERDO SIN HUESO,2024-10-01,011202,D_city,11665.234287928886
MEDELLÍN,CARNE DE CERDO SIN HUESO,2024-11-01,011202,D_city,11894.896687481243
MEDELLÍN,CARNE DE CERDO SIN HUESO,2024-12-01,011202,D_city,12418.697310808237
MEDELLÍN,CARNE DE RES CON HUESO,2019-01-01,011201,D_city,3796.2365787717436
MEDELLÍN,CARNE DE RES CON HUESO,2019-02-01,011201,D_city,3808.9518093610786
MEDELLÍN,CARNE DE RES CON HUESO,2019-03-01,011201,D_city,3811.3725743609457
MEDELLÍN,CARNE DE RES CON HUESO,2019-04-01,011201,D_city,3862.1218882126896
MEDELLÍN,CARNE DE RES CON HUESO,2019-05-01,011201,D_city,3905.1903511057812
MEDELLÍN,CARNE DE RES CON HUESO,2019-06-01,011201,D_city,3957.738247994896
MEDELLÍN,CARNE DE RES CON HUESO,2019-07-01,011201,D_city,3959.2370883006683
MEDELLÍN,CARNE DE RES CON HUESO,2019-08-01,011201,D_city,3956.239268136548
MEDELLÍN,CARNE DE RES CON HUESO,2019-09-01,011201,D_city,3953.240889446529
MEDELLÍN,CARNE DE RES CON HUESO,2019-10-01,011201,D_city,3939.4411357165504
MEDELLÍN,CARNE DE RES CON HUESO,2019-11-01,011201,D_city,3928.633035232471
MEDELLÍN,CARNE DE RES CON HUESO,2019-12-01,011201,D_city,3975.116236145784
MEDELLÍN,CARNE DE RES CON HUESO,2020-01-01,011201,D_city,3984.0975226156015
MEDELLÍN,CARNE DE RES CON HUESO,2020-02-01,011201,D_city,3987.9878676110275
MEDELLÍN,CARNE DE RES CON HUESO,2020-03-01,011201,D_city,3926.230242853153
MEDELLÍN,CARNE DE RES CON HUESO,2020-04-01,011201,D_city,3993.6720790303193
MEDELLÍN,CARNE DE RES CON HUESO,2020-05-01,011201,D_city,4002.344148978387
MEDELLÍN,CARNE DE RES CON HUESO,2020-06-01,011201,D_city,4008.3221960876535
MEDELLÍN,CARNE DE RES CON HUESO,2020-07-01,011201,D_city,4025.646160331317
MEDELLÍN,CARNE DE RES CON HUESO,2020-08-01,011201,D_city,4032.2125236422503
MEDELLÍN,CARNE DE RES CON HUESO,2020-09-01,011201,D_city,4007.724490049519
MEDELLÍN,CARNE DE RES CON HUESO,2020-10-01,011201,D_city,4031.615690199324
MEDELLÍN,CARNE DE RES CON HUESO,2020-11-01,011201,D_city,4053.982121073094
MEDELLÍN,CARNE DE RES CON HUESO,2020-12-01,011201,D_city,4105.1618029462
MEDELLÍN,CARNE DE RES CON HUESO,2021-01-01,011201,D_city,4104.864701424339
MEDELLÍN,CARNE DE RES CON HUESO,2021-02-01,011201,D_city,4129.802857332236
MEDELLÍN,CARNE DE RES CON HUESO,2021-03-01,011201,D_city,4242.16126327292
MEDELLÍN,CARNE DE RES CON HUESO,2021-04-01,011201,D_city,4412.555412804633
MEDELLÍN,CARNE DE RES CON HUESO,2021-05-01,011201,D_city,4571.511618851538
MEDELLÍN,CARNE DE RES CON HUESO,2021-06-01,011201,D_city,4664.449122608274
MEDELLÍN,CARNE DE RES CON HUESO,2021-07-01,011201,D_city,4717.9262364318265
MEDELLÍN,CARNE DE RES CON HUESO,2021-08-01,011201,D_city,4777.838933251569
MEDELLÍN,CARNE DE RES CON HUESO,2021-09-01,011201,D_city,4843.27362671119
MEDELLÍN,CARNE DE RES CON HUESO,2021-10-01,011201,D_city,4934.064908025829
MEDELLÍN,CARNE DE RES CON HUESO,2021-11-01,011201,D_city,5007.195258665256
MEDELLÍN,CARNE DE RES CON HUESO,2021-12-01,011201,D_city,5149.023891870144
MEDELLÍN,CARNE DE RES CON HUESO,2022-01-01,011201,D_city,5226.7184840004165
MEDELLÍN,CARNE DE RES CON HUESO,2022-02-01,011201,D_city,5254.138032270815
MEDELLÍN,CARNE DE RES CON HUESO,2022-03-01,011201,D_city,5348.161254419197
MEDELLÍN,CARNE DE RES CON HUESO,2022-04-01,011201,D_city,5486.64249833554
MEDELLÍN,CARNE DE RES CON HUESO,2022-05-01,011201,D_city,5752.051475904572
MEDELLÍN,CARNE DE RES CON HUESO,2022-06-01,011201,D_city,5965.47724403409
MEDELLÍN,CARNE DE RES CON HUESO,2022-07-01,011201,D_city,5968.7292504422585
MEDELLÍN,CARNE DE RES CON HUESO,2022-08-01,011201,D_city,5917.187772397684
MEDELLÍN,CARNE DE RES CON HUESO,2022-09-01,011201,D_city,5887.56940633793
MEDELLÍN,CARNE DE RES CON HUESO,2022-10-01,011201,D_city,5902.247292056774
MEDELLÍN,CARNE DE RES CON HUESO,2022-11-01,011201,D_city,5961.411623050586
MEDELLÍN,CARNE DE RES CON HUESO,2022-12-01,011201,D_city,5991.481120832707
MEDELLÍN,CARNE DE RES CON HUESO,2023-01-01,011201,D_city,6073.105081235629
MEDELLÍN,CARNE DE RES CON HUESO,2023-02-01,011201,D_city,6055.829917088838
MEDELLÍN,CARNE DE RES CON HUESO,2023-03-01,011201,D_city,6076.612622235089
MEDELLÍN,CARNE DE RES CON HUESO,2023-04-01,011201,D_city,6087.401936639412
MEDELLÍN,CARNE DE RES CON HUESO,2023-05-01,011201,D_city,6066.358409811249
MEDELLÍN,CARNE DE RES CON HUESO,2023-06-01,011201,D_city,6076.882412463394
MEDELLÍN,CARNE DE RES CON HUESO,2023-07-01,011201,D_city,6076.342829062164
MEDELLÍN,CARNE DE RES CON HUESO,2023-08-01,011201,D_city,6048.538324188846
MEDELLÍN,CARNE DE RES CON HUESO,2023-09-01,011201,D_city,6007.448907974138
MEDELLÍN,CARNE DE RES CON HUESO,2023-10-01,011201,D_city,6025.839527978411
MEDELLÍN,CARNE DE RES CON HUESO,2023-11-01,011201,D_city,6015.023190000166
MEDELLÍN,CARNE DE RES CON HUESO,2023-12-01,011201,D_city,6015.293656695561
MEDELLÍN,CARNE DE RES CON HUESO,2024-01-01,011201,D_city,6028.54286654671
MEDELLÍN,CARNE DE RES CON HUESO,2024-02-01,011201,D_city,5961.140557420132
MEDELLÍN,CARNE DE RES CON HUESO,2024-03-01,011201,D_city,5963.037953212543
MEDELLÍN,CARNE DE RES CON HUESO,2024-04-01,011201,D_city,6002.8490913109545
MEDELLÍN,CARNE DE RES CON HUESO,2024-05-01,011201,D_city,6008.260550438291
MEDELLÍN,CARNE DE RES CON HUESO,2024-06-01,011201,D_city,6014.752720315063
MEDELLÍN,CARNE DE RES CON HUESO,2024-07-01,011201,D_city,6027.1912345214305
MEDELLÍN,CARNE DE RES CON HUESO,2024-08-01,011201,D_city,6036.110629966292
MEDELLÍN,CARNE DE RES CON HUESO,2024-09-01,011201,D_city,6018.539023916006
MEDELLÍN,CARNE DE RES CON HUESO,2024-10-01,011201,D_city,5956.531977928044
MEDELLÍN,CARNE DE RES CON HUESO,2024-11-01,011201,D_city,5989.85669235613
MEDELLÍN,CARNE DE RES CON HUESO,2024-12-01,011201,D_city,6015.023190000166
MEDELLÍN,CARNE DE RES SIN HUESO,2019-01-01,011201,D_city,9596.798446006489
MEDELLÍN,CARNE DE RES SIN HUESO,2019-02-01,011201,D_city,9636.916082766182
MEDELLÍN,CARNE DE RES SIN HUESO,2019-03-01,011201,D_city,9644.557563539624
MEDELLÍN,CARNE DE RES SIN HUESO,2019-04-01,011201,D_city,9805.030579204718
MEDELLÍN,CARNE DE RES SIN HUESO,2019-05-01,011201,D_city,9941.626539029061
MEDELLÍN,CARNE DE RES SIN HUESO,2019-06-01,011201,D_city,10108.792946766664
MEDELLÍN,CARNE DE RES SIN HUESO,2019-07-01,011201,D_city,10113.569186187564
MEDELLÍN,CARNE DE RES SIN HUESO,2019-08-01,011201,D_city,10104.016710459151
MEDELLÍN,CARNE DE RES SIN HUESO,2019-09-01,011201,D_city,10094.464247190148
MEDELLÍN,CARNE DE RES SIN HUESO,2019-10-01,011201,D_city,10050.523076963696
MEDELLÍN,CARNE DE RES SIN HUESO,2019-11-01,011201,D_city,10016.134519866404
MEDELLÍN,CARNE DE RES SIN HUESO,2019-12-01,011201,D_city,10164.197515082235
MEDELLÍN,CARNE DE RES SIN HUESO,2020-01-01,011201,D_city,10192.85521405461
MEDELLÍN,CARNE DE RES SIN HUESO,2020-02-01,011201,D_city,10205.273584815657
MEDELLÍN,CARNE DE RES SIN HUESO,2020-03-01,011201,D_city,10008.492640390057
MEDELLÍN,CARNE DE RES SIN HUESO,2020-04-01,011201,D_city,10223.423548807408
MEDELLÍN,CARNE DE RES SIN HUESO,2020-05-01,011201,D_city,10251.126211107287
MEDELLÍN,CARNE DE RES SIN HUESO,2020-06-01,011201,D_city,10270.231555646254
MEDELLÍN,CARNE DE RES SIN HUESO,2020-07-01,011201,D_city,10325.637331767628
MEDELLÍN,CARNE DE RES SIN HUESO,2020-08-01,011201,D_city,10346.6534232288
MEDELLÍN,CARNE DE RES SIN HUESO,2020-09-01,011201,D_city,10268.32101898436
MEDELLÍN,CARNE DE RES SIN HUESO,2020-10-01,011201,D_city,10344.742867024202
MEDELLÍN,CARNE DE RES SIN HUESO,2020-11-01,011201,D_city,10416.389057072809
MEDELLÍN,CARNE DE RES SIN HUESO,2020-12-01,011201,D_city,10580.700212879505
MEDELLÍN,CARNE DE RES SIN HUESO,2021-01-01,011201,D_city,10579.744905234627
MEDELLÍN,CARNE DE RES SIN HUESO,2021-02-01,011201,D_city,10659.991161207343
MEDELLÍN,CARNE DE RES SIN HUESO,2021-03-01,011201,D_city,11023.020260903239
MEDELLÍN,CARNE DE RES SIN HUESO,2021-04-01,011201,D_city,11578.104363807159
MEDELLÍN,CARNE DE RES SIN HUESO,2021-05-01,011201,D_city,12100.738660136101
MEDELLÍN,CARNE DE RES SIN HUESO,2021-06-01,011201,D_city,12408.410064438873
MEDELLÍN,CARNE DE RES SIN HUESO,2021-07-01,011201,D_city,12586.138110929101
MEDELLÍN,CARNE DE RES SIN HUESO,2021-08-01,011201,D_city,12785.847410399525
MEDELLÍN,CARNE DE RES SIN HUESO,2021-09-01,011201,D_city,13004.672586484341
MEDELLÍN,CARNE DE RES SIN HUESO,2021-10-01,011201,D_city,13309.507372594371
MEDELLÍN,CARNE DE RES SIN HUESO,2021-11-01,011201,D_city,13556.057923813278
MEDELLÍN,CARNE DE RES SIN HUESO,2021-12-01,011201,D_city,14036.753625308847
MEDELLÍN,CARNE DE RES SIN HUESO,2022-01-01,011201,D_city,14301.480489861706
MEDELLÍN,CARNE DE RES SIN HUESO,2022-02-01,011201,D_city,14395.139995276424
MEDELLÍN,CARNE DE RES SIN HUESO,2022-03-01,011201,D_city,14717.220391731415
MEDELLÍN,CARNE DE RES SIN HUESO,2022-04-01,011201,D_city,15194.146553672905
MEDELLÍN,CARNE DE RES SIN HUESO,2022-05-01,011201,D_city,16116.516718181403
MEDELLÍN,CARNE DE RES SIN HUESO,2022-06-01,011201,D_city,16865.936577802862
MEDELLÍN,CARNE DE RES SIN HUESO,2022-07-01,011201,D_city,16877.407652243342
MEDELLÍN,CARNE DE RES SIN HUESO,2022-08-01,011201,D_city,16695.783574884448
MEDELLÍN,CARNE DE RES SIN HUESO,2022-09-01,011201,D_city,16591.58993799596
MEDELLÍN,CARNE DE RES SIN HUESO,2022-10-01,011201,D_city,16643.208691498432
MEDELLÍN,CARNE DE RES SIN HUESO,2022-11-01,011201,D_city,16851.59774988944
MEDELLÍN,CARNE DE RES SIN HUESO,2022-12-01,011201,D_city,16957.70547409591
MEDELLÍN,CARNE DE RES SIN HUESO,2023-01-01,011201,D_city,17246.399577852786
MEDELLÍN,CARNE DE RES SIN HUESO,2023-02-01,011201,D_city,17185.21880989608
MEDELLÍN,CARNE DE RES SIN HUESO,2023-03-01,011201,D_city,17258.826957966372
MEDELLÍN,CARNE DE RES SIN HUESO,2023-04-01,011201,D_city,17297.065128018396
MEDELLÍN,CARNE DE RES SIN HUESO,2023-05-01,011201,D_city,17222.500804673546
MEDELLÍN,CARNE DE RES SIN HUESO,2023-06-01,011201,D_city,17259.782910794267
MEDELLÍN,CARNE DE RES SIN HUESO,2023-07-01,011201,D_city,17257.871005211528
MEDELLÍN,CARNE DE RES SIN HUESO,2023-08-01,011201,D_city,17159.408263478395
MEDELLÍN,CARNE DE RES SIN HUESO,2023-09-01,011201,D_city,17014.10544845011
MEDELLÍN,CARNE DE RES SIN HUESO,2023-10-01,011201,D_city,17079.109128625085
MEDELLÍN,CARNE DE RES SIN HUESO,2023-11-01,011201,D_city,17040.871628277953
MEDELLÍN,CARNE DE RES SIN HUESO,2023-12-01,011201,D_city,17041.827564345087
MEDELLÍN,CARNE DE RES SIN HUESO,2024-01-01,011201,D_city,17088.668522176387
MEDELLÍN,CARNE DE RES SIN HUESO,2024-02-01,011201,D_city,16850.641828626867
MEDELLÍN,CARNE DE RES SIN HUESO,2024-03-01,011201,D_city,16857.333279035724
MEDELLÍN,CARNE DE RES SIN HUESO,2024-04-01,011201,D_city,16997.85458189133
MEDELLÍN,CARNE DE RES SIN HUESO,2024-05-01,011201,D_city,17016.973250654595
MEDELLÍN,CARNE DE RES SIN HUESO,2024-06-01,011201,D_city,17039.915692284805
MEDELLÍN,CARNE DE RES SIN HUESO,2024-07-01,011201,D_city,17083.888824478283
MEDELLÍN,CARNE DE RES SIN HUESO,2024-08-01,011201,D_city,17115.434863355546
MEDELLÍN,CARNE DE RES SIN HUESO,2024-09-01,011201,D_city,17053.298802919748
MEDELLÍN,CARNE DE RES SIN HUESO,2024-10-01,011201,D_city,16834.391178613343
MEDELLÍN,CARNE DE RES SIN HUESO,2024-11-01,011201,D_city,16951.96989796629
MEDELLÍN,CARNE DE RES SIN HUESO,2024-12-01,011201,D_city,17040.871628277953
MEDELLÍN,CEBOLLA CABEZONA,2019-01-01,011714,D_city,1909.5856512719192
MEDELLÍN,CEBOLLA CABEZONA,2019-02-01,011714,D_city,1822.1297164428747
MEDELLÍN,CEBOLLA CABEZONA,2019-03-01,011714,D_city,1623.709294929217
MEDELLÍN,CEBOLLA CABEZONA,2019-04-01,011714,D_city,1537.9457620415676
MEDELLÍN,CEBOLLA CABEZONA,2019-05-01,011714,D_city,1490.2253386507386
MEDELLÍN,CEBOLLA CABEZONA,2019-06-01,011714,D_city,1533.9238749948934
MEDELLÍN,CEBOLLA CABEZONA,2019-07-01,011714,D_city,1838.8028550622148
MEDELLÍN,CEBOLLA CABEZONA,2019-08-01,011714,D_city,1778.3036367011182
MEDELLÍN,CEBOLLA CABEZONA,2019-09-01,011714,D_city,1665.716212610405
MEDELLÍN,CEBOLLA CABEZONA,2019-10-01,011714,D_city,1614.562233586296
MEDELLÍN,CEBOLLA CABEZONA,2019-11-01,011714,D_city,1493.6237469109763
MEDELLÍN,CEBOLLA CABEZONA,2019-12-01,011714,D_city,1469.070960248595
MEDELLÍN,CEBOLLA CABEZONA,2020-01-01,011714,D_city,1392.3671222283137
MEDELLÍN,CEBOLLA CABEZONA,2020-02-01,011714,D_city,1314.3719480526163
MEDELLÍN,CEBOLLA CABEZONA,2020-03-01,011714,D_city,1397.6912272500824
MEDELLÍN,CEBOLLA CABEZONA,2020-04-01,011714,D_city,1555.6674996946617
MEDELLÍN,CEBOLLA CABEZONA,2020-05-01,011714,D_city,1682.7028519422533
MEDELLÍN,CEBOLLA CABEZONA,2020-06-01,011714,D_city,1903.2811873956043
MEDELLÍN,CEBOLLA CABEZONA,2020-07-01,011714,D_city,1972.2275636312254
MEDELLÍN,CEBOLLA CABEZONA,2020-08-01,011714,D_city,2046.571374218986
MEDELLÍN,CEBOLLA CABEZONA,2020-09-01,011714,D_city,1922.8388327249627
MEDELLÍN,CEBOLLA CABEZONA,2020-10-01,011714,D_city,1768.5711467983415
MEDELLÍN,CEBOLLA CABEZONA,2020-11-01,011714,D_city,1802.9939860534641
MEDELLÍN,CEBOLLA CABEZONA,2020-12-01,011714,D_city,1704.447526529588
MEDELLÍN,CEBOLLA CABEZONA,2021-01-01,011714,D_city,1827.753439336839
MEDELLÍN,CEBOLLA CABEZONA,2021-02-01,011714,D_city,1961.4416284476647
MEDELLÍN,CEBOLLA CABEZONA,2021-03-01,011714,D_city,2086.0921901989404
MEDELLÍN,CEBOLLA CABEZONA,2021-04-01,011714,D_city,2217.9137006434826
MEDELLÍN,CEBOLLA CABEZONA,2021-05-01,011714,D_city,2260.4756447270997
MEDELLÍN,CEBOLLA CABEZONA,2021-06-01,011714,D_city,1634.0886730172842
MEDELLÍN,CEBOLLA CABEZONA,2021-07-01,011714,D_city,1440.2337296166306
MEDELLÍN,CEBOLLA CABEZONA,2021-08-01,011714,D_city,1369.736928937518
MEDELLÍN,CEBOLLA CABEZONA,2021-09-01,011714,D_city,1349.7284624532676
MEDELLÍN,CEBOLLA CABEZONA,2021-10-01,011714,D_city,1465.6840232378622
MEDELLÍN,CEBOLLA CABEZONA,2021-11-01,011714,D_city,1485.430274030772
MEDELLÍN,CEBOLLA CABEZONA,2021-12-01,011714,D_city,1615.984417815698
MEDELLÍN,CEBOLLA CABEZONA,2022-01-01,011714,D_city,1909.5856512719192
MEDELLÍN,CEBOLLA CABEZONA,2022-02-01,011714,D_city,2284.216361280781
MEDELLÍN,CEBOLLA CABEZONA,2022-03-01,011714,D_city,2448.4778755388134
MEDELLÍN,CEBOLLA CABEZONA,2022-04-01,011714,D_city,3043.7858461651012
MEDELLÍN,CEBOLLA CABEZONA,2022-05-01,011714,D_city,2896.5744867660555
MEDELLÍN,CEBOLLA CABEZONA,2022-06-01,011714,D_city,2416.675422993257
MEDELLÍN,CEBOLLA CABEZONA,2022-07-01,011714,D_city,2560.670172552131
MEDELLÍN,CEBOLLA CABEZONA,2022-08-01,011714,D_city,3032.462619068975
MEDELLÍN,CEBOLLA CABEZONA,2022-09-01,011714,D_city,3305.143531258102
MEDELLÍN,CEBOLLA CABEZONA,2022-10-01,011714,D_city,3510.468383476946
MEDELLÍN,CEBOLLA CABEZONA,2022-11-01,011714,D_city,3515.7050352359347
MEDELLÍN,CEBOLLA CABEZONA,2022-12-01,011714,D_city,4251.307704531305
MEDELLÍN,CEBOLLA CABEZONA,2023-01-01,011714,D_city,4830.584951696475
MEDELLÍN,CEBOLLA CABEZONA,2023-02-01,011714,D_city,4354.5058050503585
MEDELLÍN,CEBOLLA CABEZONA,2023-03-01,011714,D_city,3871.086248430391
MEDELLÍN,CEBOLLA CABEZONA,2023-04-01,011714,D_city,3299.737409270001
MEDELLÍN,CEBOLLA CABEZONA,2023-05-01,011714,D_city,2463.746504867235
MEDELLÍN,CEBOLLA CABEZONA,2023-06-01,011714,D_city,2324.406612659706
MEDELLÍN,CEBOLLA CABEZONA,2023-07-01,011714,D_city,2414.690587367823
MEDELLÍN,CEBOLLA CABEZONA,2023-08-01,011714,D_city,3278.365681100264
MEDELLÍN,CEBOLLA CABEZONA,2023-09-01,011714,D_city,3875.6997065382698
MEDELLÍN,CEBOLLA CABEZONA,2023-10-01,011714,D_city,3400.395628658364
MEDELLÍN,CEBOLLA CABEZONA,2023-11-01,011714,D_city,3068.07881099054
MEDELLÍN,CEBOLLA CABEZONA,2023-12-01,011714,D_city,2875.307384253891
MEDELLÍN,CEBOLLA CABEZONA,2024-01-01,011714,D_city,2734.3516449118483
MEDELLÍN,CEBOLLA CABEZONA,2024-02-01,011714,D_city,2520.7859558806463
MEDELLÍN,CEBOLLA CABEZONA,2024-03-01,011714,D_city,2255.4726040523483
MEDELLÍN,CEBOLLA CABEZONA,2024-04-01,011714,D_city,2274.4090221780407
MEDELLÍN,CEBOLLA CABEZONA,2024-05-01,011714,D_city,2387.1578723818457
MEDELLÍN,CEBOLLA CABEZONA,2024-06-01,011714,D_city,3769.875019133359
MEDELLÍN,CEBOLLA CABEZONA,2024-07-01,011714,D_city,4341.57850450207
MEDELLÍN,CEBOLLA CABEZONA,2024-08-01,011714,D_city,3442.0631716422185
MEDELLÍN,CEBOLLA CABEZONA,2024-09-01,011714,D_city,3048.87253987051
MEDELLÍN,CEBOLLA CABEZONA,2024-10-01,011714,D_city,2669.146277862227
MEDELLÍN,CEBOLLA CABEZONA,2024-11-01,011714,D_city,2452.6803501396544
MEDELLÍN,CEBOLLA CABEZONA,2024-12-01,011714,D_city,2648.456428324363
MEDELLÍN,CEBOLLA LARGA,2019-01-01,011714,D_city,1925.3492015423765
MEDELLÍN,CEBOLLA LARGA,2019-02-01,011714,D_city,1897.319955414105
MEDELLÍN,CEBOLLA LARGA,2019-03-01,011714,D_city,1830.1110525513755
MEDELLÍN,CEBOLLA LARGA,2019-04-01,011714,D_city,1799.3066042445575
MEDELLÍN,CEBOLLA LARGA,2019-05-01,011714,D_city,1781.6524121496184
MEDELLÍN,CEBOLLA LARGA,2019-06-01,011714,D_city,1797.833352952024
MEDELLÍN,CEBOLLA LARGA,2019-07-01,011714,D_city,1902.7338559115874
MEDELLÍN,CEBOLLA LARGA,2019-08-01,011714,D_city,1882.925032959571
MEDELLÍN,CEBOLLA LARGA,2019-09-01,011714,D_city,1844.7922051670141
MEDELLÍN,CEBOLLA LARGA,2019-10-01,011714,D_city,1826.8796920168193
MEDELLÍN,CEBOLLA LARGA,2019-11-01,011714,D_city,1782.9223977095728
MEDELLÍN,CEBOLLA LARGA,2019-12-01,011714,D_city,1773.7019281983214
MEDELLÍN,CEBOLLA LARGA,2020-01-01,011714,D_city,1744.1964884697804
MEDELLÍN,CEBOLLA LARGA,2020-02-01,011714,D_city,1713.0255931302938
MEDELLÍN,CEBOLLA LARGA,2020-03-01,011714,D_city,1746.280071023262
MEDELLÍN,CEBOLLA LARGA,2020-04-01,011714,D_city,1805.7668772680797
MEDELLÍN,CEBOLLA LARGA,2020-05-01,011714,D_city,1850.6566972676094
MEDELLÍN,CEBOLLA LARGA,2020-06-01,011714,D_city,1923.3585099018787
MEDELLÍN,CEBOLLA LARGA,2020-07-01,011714,D_city,1944.887832679081
MEDELLÍN,CEBOLLA LARGA,2020-08-01,011714,D_city,1967.5306636407076
MEDELLÍN,CEBOLLA LARGA,2020-09-01,011714,D_city,1929.519334046358
MEDELLÍN,CEBOLLA LARGA,2020-10-01,011714,D_city,1879.6953367491908
MEDELLÍN,CEBOLLA LARGA,2020-11-01,011714,D_city,1891.0643109335629
MEDELLÍN,CEBOLLA LARGA,2020-12-01,011714,D_city,1858.1047870680768
MEDELLÍN,CEBOLLA LARGA,2021-01-01,011714,D_city,1899.1498134202504
MEDELLÍN,CEBOLLA LARGA,2021-02-01,011714,D_city,1941.5542952033707
MEDELLÍN,CEBOLLA LARGA,2021-03-01,011714,D_city,1979.3380195885848
MEDELLÍN,CEBOLLA LARGA,2021-04-01,011714,D_city,2017.6434458697306
MEDELLÍN,CEBOLLA LARGA,2021-05-01,011714,D_city,2029.6763681542284
MEDELLÍN,CEBOLLA LARGA,2021-06-01,011714,D_city,1833.7626356305811
MEDELLÍN,CEBOLLA LARGA,2021-07-01,011714,D_city,1762.736251704692
MEDELLÍN,CEBOLLA LARGA,2021-08-01,011714,D_city,1735.2785821086395
MEDELLÍN,CEBOLLA LARGA,2021-09-01,011714,D_city,1727.3090963266518
MEDELLÍN,CEBOLLA LARGA,2021-10-01,011714,D_city,1772.421717351215
MEDELLÍN,CEBOLLA LARGA,2021-11-01,011714,D_city,1779.8571063692427
MEDELLÍN,CEBOLLA LARGA,2021-12-01,011714,D_city,1827.3829281370865
MEDELLÍN,CEBOLLA LARGA,2022-01-01,011714,D_city,1925.3492015423765
MEDELLÍN,CEBOLLA LARGA,2022-02-01,011714,D_city,2036.3207131771635
MEDELLÍN,CEBOLLA LARGA,2022-03-01,011714,D_city,2081.0401048375347
MEDELLÍN,CEBOLLA LARGA,2022-04-01,011714,D_city,2227.6521875345775
MEDELLÍN,CEBOLLA LARGA,2022-05-01,011714,D_city,2193.3735161167006
MEDELLÍN,CEBOLLA LARGA,2022-06-01,011714,D_city,2072.54663532767
MEDELLÍN,CEBOLLA LARGA,2022-07-01,011714,D_city,2110.4112795435212
MEDELLÍN,CEBOLLA LARGA,2022-08-01,011714,D_city,2225.0565047709883
MEDELLÍN,CEBOLLA LARGA,2022-09-01,011714,D_city,2285.8032411493023
MEDELLÍN,CEBOLLA LARGA,2022-10-01,011714,D_city,2329.3072745666236
MEDELLÍN,CEBOLLA LARGA,2022-11-01,011714,D_city,2330.393662990337
MEDELLÍN,CEBOLLA LARGA,2022-12-01,011714,D_city,2473.0902456408185
MEDELLÍN,CEBOLLA LARGA,2023-01-01,011714,D_city,2573.9152573595666
MEDELLÍN,CEBOLLA LARGA,2023-02-01,011714,D_city,2491.7151033573527
MEDELLÍN,CEBOLLA LARGA,2023-03-01,011714,D_city,2401.659769596895
MEDELLÍN,CEBOLLA LARGA,2023-04-01,011714,D_city,2284.6330123700504
MEDELLÍN,CEBOLLA LARGA,2023-05-01,011714,D_city,2085.0909741345054
MEDELLÍN,CEBOLLA LARGA,2023-06-01,011714,D_city,2047.4614579882598
MEDELLÍN,CEBOLLA LARGA,2023-07-01,011714,D_city,2072.0140057124518
MEDELLÍN,CEBOLLA LARGA,2023-08-01,011714,D_city,2279.9938688162974
MEDELLÍN,CEBOLLA LARGA,2023-09-01,011714,D_city,2402.554762614158
MEDELLÍN,CEBOLLA LARGA,2023-10-01,011714,D_city,2306.20945635044
MEDELLÍN,CEBOLLA LARGA,2023-11-01,011714,D_city,2233.1986840445343
MEDELLÍN,CEBOLLA LARGA,2023-12-01,011714,D_city,2188.3231001329923
MEDELLÍN,CEBOLLA LARGA,2024-01-01,011714,D_city,2154.18326452983
MEDELLÍN,CEBOLLA LARGA,2024-02-01,011714,D_city,2100.0730737409435
MEDELLÍN,CEBOLLA LARGA,2024-03-01,011714,D_city,2028.2700495278189
MEDELLÍN,CEBOLLA LARGA,2024-04-01,011714,D_city,2033.581700318343
MEDELLÍN,CEBOLLA LARGA,2024-05-01,011714,D_city,2064.59438893365
MEDELLÍN,CEBOLLA LARGA,2024-06-01,011714,D_city,2381.8380476144075
MEDELLÍN,CEBOLLA LARGA,2024-07-01,011714,D_city,2489.398759418696
MEDELLÍN,CEBOLLA LARGA,2024-08-01,011714,D_city,2315.012636067322
MEDELLÍN,CEBOLLA LARGA,2024-09-01,011714,D_city,2228.8160773068316
MEDELLÍN,CEBOLLA LARGA,2024-10-01,011714,D_city,2137.9802502195794
MEDELLÍN,CEBOLLA LARGA,2024-11-01,011714,D_city,2082.1567767766237
MEDELLÍN,CEBOLLA LARGA,2024-12-01,011714,D_city,2132.7821934195636
MEDELLÍN,FECULA DE MAÍZ,2019-01-01,011105,BASE_lowR2,8143.107690380762
MEDELLÍN,FECULA DE MAÍZ,2019-02-01,011105,BASE_lowR2,8178.798171342685
MEDELLÍN,FECULA DE MAÍZ,2019-03-01,011105,BASE_lowR2,8156.086047094188
MEDELLÍN,FECULA DE MAÍZ,2019-04-01,011105,BASE_lowR2,8385.640731462925
MEDELLÍN,FECULA DE MAÍZ,2019-05-01,011105,BASE_lowR2,8389.696467935872
MEDELLÍN,FECULA DE MAÍZ,2019-06-01,011105,BASE_lowR2,8466.755460921842
MEDELLÍN,FECULA DE MAÍZ,2019-07-01,011105,BASE_lowR2,8409.164003006012
MEDELLÍN,FECULA DE MAÍZ,2019-08-01,011105,BASE_lowR2,8497.579058116233
MEDELLÍN,FECULA DE MAÍZ,2019-09-01,011105,BASE_lowR2,8318.315506012023
MEDELLÍN,FECULA DE MAÍZ,2019-10-01,011105,BASE_lowR2,8298.847970941884
MEDELLÍN,FECULA DE MAÍZ,2019-11-01,011105,BASE_lowR2,8250.990280561122
MEDELLÍN,FECULA DE MAÍZ,2019-12-01,011105,BASE_lowR2,8254.23486973948
MEDELLÍN,FECULA DE MAÍZ,2020-01-01,011105,BASE_lowR2,8264.779784569138
MEDELLÍN,FECULA DE MAÍZ,2020-02-01,011105,BASE_lowR2,8262.34634268537
MEDELLÍN,FECULA DE MAÍZ,2020-03-01,011105,BASE_lowR2,8362.928607214428
MEDELLÍN,FECULA DE MAÍZ,2020-04-01,011105,BASE_lowR2,8482.167259519038
MEDELLÍN,FECULA DE MAÍZ,2020-05-01,011105,BASE_lowR2,8457.021693386774
MEDELLÍN,FECULA DE MAÍZ,2020-06-01,011105,BASE_lowR2,8498.390205410822
MEDELLÍN,FECULA DE MAÍZ,2020-07-01,011105,BASE_lowR2,8506.501678356713
MEDELLÍN,FECULA DE MAÍZ,2020-08-01,011105,BASE_lowR2,8393.752204408816
MEDELLÍN,FECULA DE MAÍZ,2020-09-01,011105,BASE_lowR2,8356.439428857715
MEDELLÍN,FECULA DE MAÍZ,2020-10-01,011105,BASE_lowR2,8313.448622244488
MEDELLÍN,FECULA DE MAÍZ,2020-11-01,011105,BASE_lowR2,8391.31876252505
MEDELLÍN,FECULA DE MAÍZ,2020-12-01,011105,BASE_lowR2,8439.9876002004
MEDELLÍN,FECULA DE MAÍZ,2021-01-01,011105,BASE_lowR2,8388.074173346693
MEDELLÍN,FECULA DE MAÍZ,2021-02-01,011105,BASE_lowR2,8491.08987975952
MEDELLÍN,FECULA DE MAÍZ,2021-03-01,011105,BASE_lowR2,8493.523321643284
MEDELLÍN,FECULA DE MAÍZ,2021-04-01,011105,BASE_lowR2,8579.504934869738
MEDELLÍN,FECULA DE MAÍZ,2021-05-01,011105,BASE_lowR2,8581.127229458918
MEDELLÍN,FECULA DE MAÍZ,2021-06-01,011105,BASE_lowR2,8712.533091182364
MEDELLÍN,FECULA DE MAÍZ,2021-07-01,011105,BASE_lowR2,8887.740906813626
MEDELLÍN,FECULA DE MAÍZ,2021-08-01,011105,BASE_lowR2,9020.76906312625
MEDELLÍN,FECULA DE MAÍZ,2021-09-01,011105,BASE_lowR2,9075.927079158315
MEDELLÍN,FECULA DE MAÍZ,2021-10-01,011105,BASE_lowR2,9097.828056112225
MEDELLÍN,FECULA DE MAÍZ,2021-11-01,011105,BASE_lowR2,9213.010971943886
MEDELLÍN,FECULA DE MAÍZ,2021-12-01,011105,BASE_lowR2,9517.19120741483
MEDELLÍN,FECULA DE MAÍZ,2022-01-01,011105,BASE_lowR2,9908.164203406812
MEDELLÍN,FECULA DE MAÍZ,2022-02-01,011105,BASE_lowR2,9967.377955911823
MEDELLÍN,FECULA DE MAÍZ,2022-03-01,011105,BASE_lowR2,10078.505135270541
MEDELLÍN,FECULA DE MAÍZ,2022-04-01,011105,BASE_lowR2,10186.387725450903
MEDELLÍN,FECULA DE MAÍZ,2022-05-01,011105,BASE_lowR2,10448.388301603207
MEDELLÍN,FECULA DE MAÍZ,2022-06-01,011105,BASE_lowR2,10584.661047094189
MEDELLÍN,FECULA DE MAÍZ,2022-07-01,011105,BASE_lowR2,10772.847219438876
MEDELLÍN,FECULA DE MAÍZ,2022-08-01,011105,BASE_lowR2,11396.619488977954
MEDELLÍN,FECULA DE MAÍZ,2022-09-01,011105,BASE_lowR2,11672.409569138277
MEDELLÍN,FECULA DE MAÍZ,2022-10-01,011105,BASE_lowR2,11850.050826653305
MEDELLÍN,FECULA DE MAÍZ,2022-11-01,011105,BASE_lowR2,12294.559544088175
MEDELLÍN,FECULA DE MAÍZ,2022-12-01,011105,BASE_lowR2,12595.495190380761
MEDELLÍN,FECULA DE MAÍZ,2023-01-01,011105,BASE_lowR2,13077.316683366733
MEDELLÍN,FECULA DE MAÍZ,2023-02-01,011105,BASE_lowR2,13275.236623246492
MEDELLÍN,FECULA DE MAÍZ,2023-03-01,011105,BASE_lowR2,13508.035896793586
MEDELLÍN,FECULA DE MAÍZ,2023-04-01,011105,BASE_lowR2,13544.537525050098
MEDELLÍN,FECULA DE MAÍZ,2023-05-01,011105,BASE_lowR2,13771.65876753507
MEDELLÍN,FECULA DE MAÍZ,2023-06-01,011105,BASE_lowR2,13800.04892284569
MEDELLÍN,FECULA DE MAÍZ,2023-07-01,011105,BASE_lowR2,13903.064629258517
MEDELLÍN,FECULA DE MAÍZ,2023-08-01,011105,BASE_lowR2,13925.776753507012
MEDELLÍN,FECULA DE MAÍZ,2023-09-01,011105,BASE_lowR2,13850.340055110219
MEDELLÍN,FECULA DE MAÍZ,2023-10-01,011105,BASE_lowR2,13865.751853707414
MEDELLÍN,FECULA DE MAÍZ,2023-11-01,011105,BASE_lowR2,13754.624674348695
MEDELLÍN,FECULA DE MAÍZ,2023-12-01,011105,BASE_lowR2,13415.565105210419
MEDELLÍN,FECULA DE MAÍZ,2024-01-01,011105,BASE_lowR2,13222.512049098195
MEDELLÍN,FECULA DE MAÍZ,2024-02-01,011105,BASE_lowR2,12859.929208416832
MEDELLÍN,FECULA DE MAÍZ,2024-03-01,011105,BASE_lowR2,12410.55360721443
MEDELLÍN,FECULA DE MAÍZ,2024-04-01,011105,BASE_lowR2,12031.747820641283
MEDELLÍN,FECULA DE MAÍZ,2024-05-01,011105,BASE_lowR2,11692.688251503007
MEDELLÍN,FECULA DE MAÍZ,2024-06-01,011105,BASE_lowR2,11560.471242484971
MEDELLÍN,FECULA DE MAÍZ,2024-07-01,011105,BASE_lowR2,11889.797044088176
MEDELLÍN,FECULA DE MAÍZ,2024-08-01,011105,BASE_lowR2,11652.130886773548
MEDELLÍN,FECULA DE MAÍZ,2024-09-01,011105,BASE_lowR2,11453.399799599198
MEDELLÍN,FECULA DE MAÍZ,2024-10-01,011105,BASE_lowR2,11601.839754509017
MEDELLÍN,FECULA DE MAÍZ,2024-11-01,011105,BASE_lowR2,11272.51395290581
MEDELLÍN,FECULA DE MAÍZ,2024-12-01,011105,BASE_lowR2,11059.993361723446
MEDELLÍN,FRÍJOL FRESCO,2019-01-01,011716,BASE_lowR2,2063.4879660259276
MEDELLÍN,FRÍJOL FRESCO,2019-02-01,011716,BASE_lowR2,2065.101484130532
MEDELLÍN,FRÍJOL FRESCO,2019-03-01,011716,BASE_lowR2,2078.816388019669
MEDELLÍN,FRÍJOL FRESCO,2019-04-01,011716,BASE_lowR2,2099.187054090299
MEDELLÍN,FRÍJOL FRESCO,2019-05-01,011716,BASE_lowR2,2012.057076441663
MEDELLÍN,FRÍJOL FRESCO,2019-06-01,011716,BASE_lowR2,2134.48276262852
MEDELLÍN,FRÍJOL FRESCO,2019-07-01,011716,BASE_lowR2,2124.3982744747427
MEDELLÍN,FRÍJOL FRESCO,2019-08-01,011716,BASE_lowR2,2121.5746177916853
MEDELLÍN,FRÍJOL FRESCO,2019-09-01,011716,BASE_lowR2,2190.9558962896735
MEDELLÍN,FRÍJOL FRESCO,2019-10-01,011716,BASE_lowR2,2305.3139919535092
MEDELLÍN,FRÍJOL FRESCO,2019-11-01,011716,BASE_lowR2,2412.411256146625
MEDELLÍN,FRÍJOL FRESCO,2019-12-01,011716,BASE_lowR2,2341.013080017881
MEDELLÍN,FRÍJOL FRESCO,2020-01-01,011716,BASE_lowR2,2315.6001698703617
MEDELLÍN,FRÍJOL FRESCO,2020-02-01,011716,BASE_lowR2,2455.976244970943
MEDELLÍN,FRÍJOL FRESCO,2020-03-01,011716,BASE_lowR2,2933.174224407689
MEDELLÍN,FRÍJOL FRESCO,2020-04-01,011716,BASE_lowR2,2732.0895306213683
MEDELLÍN,FRÍJOL FRESCO,2020-05-01,011716,BASE_lowR2,2533.0217344658026
MEDELLÍN,FRÍJOL FRESCO,2020-06-01,011716,BASE_lowR2,2321.6508627626285
MEDELLÍN,FRÍJOL FRESCO,2020-07-01,011716,BASE_lowR2,2378.1239964237816
MEDELLÍN,FRÍJOL FRESCO,2020-08-01,011716,BASE_lowR2,2508.8189628967366
MEDELLÍN,FRÍJOL FRESCO,2020-09-01,011716,BASE_lowR2,2692.760026821636
MEDELLÍN,FRÍJOL FRESCO,2020-10-01,011716,BASE_lowR2,2680.0535717478765
MEDELLÍN,FRÍJOL FRESCO,2020-11-01,011716,BASE_lowR2,2511.6426195797944
MEDELLÍN,FRÍJOL FRESCO,2020-12-01,011716,BASE_lowR2,2626.0007152436297
MEDELLÍN,FRÍJOL FRESCO,2021-01-01,011716,BASE_lowR2,2658.6744568618683
MEDELLÍN,FRÍJOL FRESCO,2021-02-01,011716,BASE_lowR2,2628.2193026374607
MEDELLÍN,FRÍJOL FRESCO,2021-03-01,011716,BASE_lowR2,2581.2255878408587
MEDELLÍN,FRÍJOL FRESCO,2021-04-01,011716,BASE_lowR2,2640.7240679481447
MEDELLÍN,FRÍJOL FRESCO,2021-05-01,011716,BASE_lowR2,2809.740089405454
MEDELLÍN,FRÍJOL FRESCO,2021-06-01,011716,BASE_lowR2,2919.4593205185515
MEDELLÍN,FRÍJOL FRESCO,2021-07-01,011716,BASE_lowR2,2997.9166383549396
MEDELLÍN,FRÍJOL FRESCO,2021-08-01,011716,BASE_lowR2,3052.5745641484127
MEDELLÍN,FRÍJOL FRESCO,2021-09-01,011716,BASE_lowR2,2983.5966651765757
MEDELLÍN,FRÍJOL FRESCO,2021-10-01,011716,BASE_lowR2,2978.7561108627624
MEDELLÍN,FRÍJOL FRESCO,2021-11-01,011716,BASE_lowR2,2957.982065265981
MEDELLÍN,FRÍJOL FRESCO,2021-12-01,011716,BASE_lowR2,3023.934617791685
MEDELLÍN,FRÍJOL FRESCO,2022-01-01,011716,BASE_lowR2,3118.3254269110416
MEDELLÍN,FRÍJOL FRESCO,2022-02-01,011716,BASE_lowR2,3140.9146803755025
MEDELLÍN,FRÍJOL FRESCO,2022-03-01,011716,BASE_lowR2,3337.763889137237
MEDELLÍN,FRÍJOL FRESCO,2022-04-01,011716,BASE_lowR2,3397.060679481448
MEDELLÍN,FRÍJOL FRESCO,2022-05-01,011716,BASE_lowR2,3490.2413500223515
MEDELLÍN,FRÍJOL FRESCO,2022-06-01,011716,BASE_lowR2,3613.8771747876617
MEDELLÍN,FRÍJOL FRESCO,2022-07-01,011716,BASE_lowR2,3813.953419758605
MEDELLÍN,FRÍJOL FRESCO,2022-08-01,011716,BASE_lowR2,3882.326249441216
MEDELLÍN,FRÍJOL FRESCO,2022-09-01,011716,BASE_lowR2,3921.6557532409474
MEDELLÍN,FRÍJOL FRESCO,2022-10-01,011716,BASE_lowR2,3765.5478766204733
MEDELLÍN,FRÍJOL FRESCO,2022-11-01,011716,BASE_lowR2,3804.0706213679036
MEDELLÍN,FRÍJOL FRESCO,2022-12-01,011716,BASE_lowR2,3865.9893786320968
MEDELLÍN,FRÍJOL FRESCO,2023-01-01,011716,BASE_lowR2,3958.363290120697
MEDELLÍN,FRÍJOL FRESCO,2023-02-01,011716,BASE_lowR2,3871.4350022351364
MEDELLÍN,FRÍJOL FRESCO,2023-03-01,011716,BASE_lowR2,3883.334698256593
MEDELLÍN,FRÍJOL FRESCO,2023-04-01,011716,BASE_lowR2,3966.027501117567
MEDELLÍN,FRÍJOL FRESCO,2023-05-01,011716,BASE_lowR2,3763.530978989718
MEDELLÍN,FRÍJOL FRESCO,2023-06-01,011716,BASE_lowR2,3649.576262852034
MEDELLÍN,FRÍJOL FRESCO,2023-07-01,011716,BASE_lowR2,3640.70191327671
MEDELLÍN,FRÍJOL FRESCO,2023-08-01,011716,BASE_lowR2,3664.904684845775
MEDELLÍN,FRÍJOL FRESCO,2023-09-01,011716,BASE_lowR2,3634.4495306213676
MEDELLÍN,FRÍJOL FRESCO,2023-10-01,011716,BASE_lowR2,3594.111578006258
MEDELLÍN,FRÍJOL FRESCO,2023-11-01,011716,BASE_lowR2,3657.44216361198
MEDELLÍN,FRÍJOL FRESCO,2023-12-01,011716,BASE_lowR2,3671.9638265534195
MEDELLÍN,FRÍJOL FRESCO,2024-01-01,011716,BASE_lowR2,3761.1107018328116
MEDELLÍN,FRÍJOL FRESCO,2024-02-01,011716,BASE_lowR2,3976.7170585605713
MEDELLÍN,FRÍJOL FRESCO,2024-03-01,011716,BASE_lowR2,4231.047849798837
MEDELLÍN,FRÍJOL FRESCO,2024-04-01,011716,BASE_lowR2,4342.582288779616
MEDELLÍN,FRÍJOL FRESCO,2024-05-01,011716,BASE_lowR2,4268.96552525704
MEDELLÍN,FRÍJOL FRESCO,2024-06-01,011716,BASE_lowR2,4060.8216897630755
MEDELLÍN,FRÍJOL FRESCO,2024-07-01,011716,BASE_lowR2,4116.689754135003
MEDELLÍN,FRÍJOL FRESCO,2024-08-01,011716,BASE_lowR2,3907.739159588735
MEDELLÍN,FRÍJOL FRESCO,2024-09-01,011716,BASE_lowR2,3813.953419758605
MEDELLÍN,FRÍJOL FRESCO,2024-10-01,011716,BASE_lowR2,3786.1202324541796
MEDELLÍN,FRÍJOL FRESCO,2024-11-01,011716,BASE_lowR2,3787.7337505587843
MEDELLÍN,FRÍJOL FRESCO,2024-12-01,011716,BASE_lowR2,3953.1193562807334
MEDELLÍN,FRÍJOL SECO,2019-01-01,011716,D_city,5175.38111466686
MEDELLÍN,FRÍJOL SECO,2019-02-01,011716,D_city,5178.539877806892
MEDELLÍN,FRÍJOL SECO,2019-03-01,011716,D_city,5205.367557861105
MEDELLÍN,FRÍJOL SECO,2019-04-01,011716,D_city,5245.143030779745
MEDELLÍN,FRÍJOL SECO,2019-05-01,011716,D_city,5074.408786498113
MEDELLÍN,FRÍJOL SECO,2019-06-01,011716,D_city,5313.861247105895
MEDELLÍN,FRÍJOL SECO,2019-07-01,011716,D_city,5294.253083508893
MEDELLÍN,FRÍJOL SECO,2019-08-01,011716,D_city,5288.759141650515
MEDELLÍN,FRÍJOL SECO,2019-09-01,011716,D_city,5423.29485017506
MEDELLÍN,FRÍJOL SECO,2019-10-01,011716,D_city,5643.027456898721
MEDELLÍN,FRÍJOL SECO,2019-11-01,011716,D_city,5846.6485301207495
MEDELLÍN,FRÍJOL SECO,2019-12-01,011716,D_city,5711.127212024863
MEDELLÍN,FRÍJOL SECO,2020-01-01,011716,D_city,5662.672995838932
MEDELLÍN,FRÍJOL SECO,2020-02-01,011716,D_city,5928.906587337304
MEDELLÍN,FRÍJOL SECO,2020-03-01,011716,D_city,6810.377046435077
MEDELLÍN,FRÍJOL SECO,2020-04-01,011716,D_city,6443.094852690106
MEDELLÍN,FRÍJOL SECO,2020-05-01,011716,D_city,6073.603585904452
MEDELLÍN,FRÍJOL SECO,2020-06-01,011716,D_city,5674.220249846372
MEDELLÍN,FRÍJOL SECO,2020-07-01,011716,D_city,5781.679115204503
MEDELLÍN,FRÍJOL SECO,2020-08-01,011716,D_city,6028.254409944079
MEDELLÍN,FRÍJOL SECO,2020-09-01,011716,D_city,6370.576590767283
MEDELLÍN,FRÍJOL SECO,2020-10-01,011716,D_city,6347.09807057802
MEDELLÍN,FRÍJOL SECO,2020-11-01,011716,D_city,6033.550076206843
MEDELLÍN,FRÍJOL SECO,2020-12-01,011716,D_city,6246.946419235909
MEDELLÍN,FRÍJOL SECO,2021-01-01,011716,D_city,6307.539317133225
MEDELLÍN,FRÍJOL SECO,2021-02-01,011716,D_city,6251.065964782701
MEDELLÍN,FRÍJOL SECO,2021-03-01,011716,D_city,6163.642199472736
MEDELLÍN,FRÍJOL SECO,2021-04-01,011716,D_city,6274.2709775872645
MEDELLÍN,FRÍJOL SECO,2021-05-01,011716,D_city,6585.604293583811
MEDELLÍN,FRÍJOL SECO,2021-06-01,011716,D_city,6785.506276069186
MEDELLÍN,FRÍJOL SECO,2021-07-01,011716,D_city,6927.439826558533
MEDELLÍN,FRÍJOL SECO,2021-08-01,011716,D_city,7025.837177327438
MEDELLÍN,FRÍJOL SECO,2021-09-01,011716,D_city,6901.595607890102
MEDELLÍN,FRÍJOL SECO,2021-10-01,011716,D_city,6892.853384781361
MEDELLÍN,FRÍJOL SECO,2021-11-01,011716,D_city,6855.299204866717
MEDELLÍN,FRÍJOL SECO,2021-12-01,011716,D_city,6974.3270657690655
MEDELLÍN,FRÍJOL SECO,2022-01-01,011716,D_city,7143.694049905689
MEDELLÍN,FRÍJOL SECO,2022-02-01,011716,D_city,7184.058509076925
MEDELLÍN,FRÍJOL SECO,2022-03-01,011716,D_city,7533.1711623306655
MEDELLÍN,FRÍJOL SECO,2022-04-01,011716,D_city,7637.439489707816
MEDELLÍN,FRÍJOL SECO,2022-05-01,011716,D_city,7800.487725984103
MEDELLÍN,FRÍJOL SECO,2022-06-01,011716,D_city,8015.361714261553
MEDELLÍN,FRÍJOL SECO,2022-07-01,011716,D_city,8359.70993778079
MEDELLÍN,FRÍJOL SECO,2022-08-01,011716,D_city,8476.469046821532
MEDELLÍN,FRÍJOL SECO,2022-09-01,011716,D_city,8543.426758537278
MEDELLÍN,FRÍJOL SECO,2022-10-01,011716,D_city,8276.77103191327
MEDELLÍN,FRÍJOL SECO,2022-11-01,011716,D_city,8342.795429616956
MEDELLÍN,FRÍJOL SECO,2022-12-01,011716,D_city,8448.612155777517
MEDELLÍN,FRÍJOL SECO,2023-01-01,011716,D_city,8605.787820204352
MEDELLÍN,FRÍJOL SECO,2023-02-01,011716,D_city,8457.90065031535
MEDELLÍN,FRÍJOL SECO,2023-03-01,011716,D_city,8478.187764330509
MEDELLÍN,FRÍJOL SECO,2023-04-01,011716,D_city,8618.79222035902
MEDELLÍN,FRÍJOL SECO,2023-05-01,011716,D_city,8273.310186464572
MEDELLÍN,FRÍJOL SECO,2023-06-01,011716,D_city,8077.10332674414
MEDELLÍN,FRÍJOL SECO,2023-07-01,011716,D_city,8061.767551859276
MEDELLÍN,FRÍJOL SECO,2023-08-01,011716,D_city,8103.573142573699
MEDELLÍN,FRÍJOL SECO,2023-09-01,011716,D_city,8050.957877239742
MEDELLÍN,FRÍJOL SECO,2023-10-01,011716,D_city,7981.11958353897
MEDELLÍN,FRÍJOL SECO,2023-11-01,011716,D_city,8090.689561826068
MEDELLÍN,FRÍJOL SECO,2023-12-01,011716,D_city,8115.75501758782
MEDELLÍN,FRÍJOL SECO,2024-01-01,011716,D_city,8269.15663478968
MEDELLÍN,FRÍJOL SECO,2024-02-01,011716,D_city,8636.92073416669
MEDELLÍN,FRÍJOL SECO,2024-03-01,011716,D_city,9065.166304976883
MEDELLÍN,FRÍJOL SECO,2024-04-01,011716,D_city,9251.174721726016
MEDELLÍN,FRÍJOL SECO,2024-05-01,011716,D_city,9128.521761924312
MEDELLÍN,FRÍJOL SECO,2024-06-01,011716,D_city,8779.184442100695
MEDELLÍN,FRÍJOL SECO,2024-07-01,011716,D_city,8873.328236395193
MEDELLÍN,FRÍJOL SECO,2024-08-01,011716,D_city,8519.750945514843
MEDELLÍN,FRÍJOL SECO,2024-09-01,011716,D_city,8359.70993778079
MEDELLÍN,FRÍJOL SECO,2024-10-01,011716,D_city,8312.048474704166
MEDELLÍN,FRÍJOL SECO,2024-11-01,011716,D_city,8314.81355197389
MEDELLÍN,FRÍJOL SECO,2024-12-01,011716,D_city,8596.886890156717
MEDELLÍN,FRÍJOL TARRO,2019-01-01,011703,D_city,5721.586188514384
MEDELLÍN,FRÍJOL TARRO,2019-02-01,011703,D_city,5528.138308824246
MEDELLÍN,FRÍJOL TARRO,2019-03-01,011703,D_city,5597.653059117576
MEDELLÍN,FRÍJOL TARRO,2019-04-01,011703,D_city,5953.54646000263
MEDELLÍN,FRÍJOL TARRO,2019-05-01,011703,D_city,5852.833720381831
MEDELLÍN,FRÍJOL TARRO,2019-06-01,011703,D_city,5934.28895305313
MEDELLÍN,FRÍJOL TARRO,2019-07-01,011703,D_city,6010.713039689944
MEDELLÍN,FRÍJOL TARRO,2019-08-01,011703,D_city,6008.78520287116
MEDELLÍN,FRÍJOL TARRO,2019-09-01,011703,D_city,5992.079832042764
MEDELLÍN,FRÍJOL TARRO,2019-10-01,011703,D_city,6006.2148483504225
MEDELLÍN,FRÍJOL TARRO,2019-11-01,011703,D_city,6027.423503043465
MEDELLÍN,FRÍJOL TARRO,2019-12-01,011703,D_city,6035.780443461158
MEDELLÍN,FRÍJOL TARRO,2020-01-01,011703,D_city,6094.310804986962
MEDELLÍN,FRÍJOL TARRO,2020-02-01,011703,D_city,6026.1379209418865
MEDELLÍN,FRÍJOL TARRO,2020-03-01,011703,D_city,6035.137561490871
MEDELLÍN,FRÍJOL TARRO,2020-04-01,011703,D_city,6082.728969410442
MEDELLÍN,FRÍJOL TARRO,2020-05-01,011703,D_city,6064.7170895623385
MEDELLÍN,FRÍJOL TARRO,2020-06-01,011703,D_city,6096.241321381901
MEDELLÍN,FRÍJOL TARRO,2020-07-01,011703,D_city,6090.449952534853
MEDELLÍN,FRÍJOL TARRO,2020-08-01,011703,D_city,6111.687614577593
MEDELLÍN,FRÍJOL TARRO,2020-09-01,011703,D_city,6144.523721601633
MEDELLÍN,FRÍJOL TARRO,2020-10-01,011703,D_city,6152.896472663898
MEDELLÍN,FRÍJOL TARRO,2020-11-01,011703,D_city,6098.171897869034
MEDELLÍN,FRÍJOL TARRO,2020-12-01,011703,D_city,6106.538423339293
MEDELLÍN,FRÍJOL TARRO,2021-01-01,011703,D_city,6119.41220094692
MEDELLÍN,FRÍJOL TARRO,2021-02-01,011703,D_city,6081.442232506738
MEDELLÍN,FRÍJOL TARRO,2021-03-01,011703,D_city,6243.7803166847125
MEDELLÍN,FRÍJOL TARRO,2021-04-01,011703,D_city,6178.0214412184605
MEDELLÍN,FRÍJOL TARRO,2021-05-01,011703,D_city,6226.366900021974
MEDELLÍN,FRÍJOL TARRO,2021-06-01,011703,D_city,6279.912242420936
MEDELLÍN,FRÍJOL TARRO,2021-07-01,011703,D_city,6285.075617315784
MEDELLÍN,FRÍJOL TARRO,2021-08-01,011703,D_city,6359.3450756753045
MEDELLÍN,FRÍJOL TARRO,2021-09-01,011703,D_city,6400.714664378893
MEDELLÍN,FRÍJOL TARRO,2021-10-01,011703,D_city,6403.947772808857
MEDELLÍN,FRÍJOL TARRO,2021-11-01,011703,D_city,6465.407244188465
MEDELLÍN,FRÍJOL TARRO,2021-12-01,011703,D_city,6521.0938205602
MEDELLÍN,FRÍJOL TARRO,2022-01-01,011703,D_city,6626.118594991285
MEDELLÍN,FRÍJOL TARRO,2022-02-01,011703,D_city,6792.416968466317
MEDELLÍN,FRÍJOL TARRO,2022-03-01,011703,D_city,6828.84849089445
MEDELLÍN,FRÍJOL TARRO,2022-04-01,011703,D_city,6872.461313030821
MEDELLÍN,FRÍJOL TARRO,2022-05-01,011703,D_city,6963.028306181792
MEDELLÍN,FRÍJOL TARRO,2022-06-01,011703,D_city,7094.1968134482695
MEDELLÍN,FRÍJOL TARRO,2022-07-01,011703,D_city,7247.855620963827
MEDELLÍN,FRÍJOL TARRO,2022-08-01,011703,D_city,7393.309001823673
MEDELLÍN,FRÍJOL TARRO,2022-09-01,011703,D_city,7697.566209532046
MEDELLÍN,FRÍJOL TARRO,2022-10-01,011703,D_city,7855.090242423911
MEDELLÍN,FRÍJOL TARRO,2022-11-01,011703,D_city,8104.200108100941
MEDELLÍN,FRÍJOL TARRO,2022-12-01,011703,D_city,8419.137998947159
MEDELLÍN,FRÍJOL TARRO,2023-01-01,011703,D_city,8364.685774485568
MEDELLÍN,FRÍJOL TARRO,2023-02-01,011703,D_city,9079.901042371523
MEDELLÍN,FRÍJOL TARRO,2023-03-01,011703,D_city,9390.93381463035
MEDELLÍN,FRÍJOL TARRO,2023-04-01,011703,D_city,9500.440021122558
MEDELLÍN,FRÍJOL TARRO,2023-05-01,011703,D_city,9546.832894118008
MEDELLÍN,FRÍJOL TARRO,2023-06-01,011703,D_city,9581.1375326899215
MEDELLÍN,FRÍJOL TARRO,2023-07-01,011703,D_city,9622.857472884647
MEDELLÍN,FRÍJOL TARRO,2023-08-01,011703,D_city,9695.57335710108
MEDELLÍN,FRÍJOL TARRO,2023-09-01,011703,D_city,9785.195296643184
MEDELLÍN,FRÍJOL TARRO,2023-10-01,011703,D_city,9847.236707028427
MEDELLÍN,FRÍJOL TARRO,2023-11-01,011703,D_city,10374.087569854646
MEDELLÍN,FRÍJOL TARRO,2023-12-01,011703,D_city,10598.075655053677
MEDELLÍN,FRÍJOL TARRO,2024-01-01,011703,D_city,10801.425306926256
MEDELLÍN,FRÍJOL TARRO,2024-02-01,011703,D_city,10826.615305259755
MEDELLÍN,FRÍJOL TARRO,2024-03-01,011703,D_city,10887.912307225834
MEDELLÍN,FRÍJOL TARRO,2024-04-01,011703,D_city,10934.92966755317
MEDELLÍN,FRÍJOL TARRO,2024-05-01,011703,D_city,10826.615305259755
MEDELLÍN,FRÍJOL TARRO,2024-06-01,011703,D_city,10651.766520329726
MEDELLÍN,FRÍJOL TARRO,2024-07-01,011703,D_city,10285.302162917387
MEDELLÍN,FRÍJOL TARRO,2024-08-01,011703,D_city,10301.562575291664
MEDELLÍN,FRÍJOL TARRO,2024-09-01,011703,D_city,10127.572468032517
MEDELLÍN,FRÍJOL TARRO,2024-10-01,011703,D_city,10112.015609128206
MEDELLÍN,FRÍJOL TARRO,2024-11-01,011703,D_city,10013.318350446661
MEDELLÍN,FRÍJOL TARRO,2024-12-01,011703,D_city,9984.943648364064
MEDELLÍN,GUAYABAS,2019-01-01,011609,BASE_lowR2,1527.6370584239132
MEDELLÍN,GUAYABAS,2019-02-01,011609,BASE_lowR2,1630.3179415760872
MEDELLÍN,GUAYABAS,2019-03-01,011609,BASE_lowR2,1796.4715896739133
MEDELLÍN,GUAYABAS,2019-04-01,011609,BASE_lowR2,1779.6047010869568
MEDELLÍN,GUAYABAS,2019-05-01,011609,BASE_lowR2,1665.6792255434784
MEDELLÍN,GUAYABAS,2019-06-01,011609,BASE_lowR2,1699.4130027173915
MEDELLÍN,GUAYABAS,2019-07-01,011609,BASE_lowR2,1792.1808899456523
MEDELLÍN,GUAYABAS,2019-08-01,011609,BASE_lowR2,1941.467649456522
MEDELLÍN,GUAYABAS,2019-09-01,011609,BASE_lowR2,2064.71430027174
MEDELLÍN,GUAYABAS,2019-10-01,011609,BASE_lowR2,2046.8117255434786
MEDELLÍN,GUAYABAS,2019-11-01,011609,BASE_lowR2,1926.672133152174
MEDELLÍN,GUAYABAS,2019-12-01,011609,BASE_lowR2,1776.0537771739132
MEDELLÍN,GUAYABAS,2020-01-01,011609,BASE_lowR2,1789.221786684783
MEDELLÍN,GUAYABAS,2020-02-01,011609,BASE_lowR2,1891.0149388586958
MEDELLÍN,GUAYABAS,2020-03-01,011609,BASE_lowR2,2128.7788858695653
MEDELLÍN,GUAYABAS,2020-04-01,011609,BASE_lowR2,2240.4850339673917
MEDELLÍN,GUAYABAS,2020-05-01,011609,BASE_lowR2,2063.8265692934788
MEDELLÍN,GUAYABAS,2020-06-01,011609,BASE_lowR2,1868.821664402174
MEDELLÍN,GUAYABAS,2020-07-01,011609,BASE_lowR2,1820.440326086957
MEDELLÍN,GUAYABAS,2020-08-01,011609,BASE_lowR2,1984.8185122282614
MEDELLÍN,GUAYABAS,2020-09-01,011609,BASE_lowR2,2042.668980978261
MEDELLÍN,GUAYABAS,2020-10-01,011609,BASE_lowR2,2103.626508152174
MEDELLÍN,GUAYABAS,2020-11-01,011609,BASE_lowR2,2105.401970108696
MEDELLÍN,GUAYABAS,2020-12-01,011609,BASE_lowR2,2005.236324728261
MEDELLÍN,GUAYABAS,2021-01-01,011609,BASE_lowR2,1993.6958220108697
MEDELLÍN,GUAYABAS,2021-02-01,011609,BASE_lowR2,2032.0162092391308
MEDELLÍN,GUAYABAS,2021-03-01,011609,BASE_lowR2,2123.00863451087
MEDELLÍN,GUAYABAS,2021-04-01,011609,BASE_lowR2,2179.823417119566
MEDELLÍN,GUAYABAS,2021-05-01,011609,BASE_lowR2,2217.847894021739
MEDELLÍN,GUAYABAS,2021-06-01,011609,BASE_lowR2,2128.7788858695653
MEDELLÍN,GUAYABAS,2021-07-01,011609,BASE_lowR2,2245.9593750000004
MEDELLÍN,GUAYABAS,2021-08-01,011609,BASE_lowR2,2430.459463315218
MEDELLÍN,GUAYABAS,2021-09-01,011609,BASE_lowR2,2442.591786684783
MEDELLÍN,GUAYABAS,2021-10-01,011609,BASE_lowR2,2544.9767595108697
MEDELLÍN,GUAYABAS,2021-11-01,011609,BASE_lowR2,2422.3219293478264
MEDELLÍN,GUAYABAS,2021-12-01,011609,BASE_lowR2,2353.0789130434787
MEDELLÍN,GUAYABAS,2022-01-01,011609,BASE_lowR2,2506.952282608696
MEDELLÍN,GUAYABAS,2022-02-01,011609,BASE_lowR2,2679.024137228261
MEDELLÍN,GUAYABAS,2022-03-01,011609,BASE_lowR2,2844.5859646739136
MEDELLÍN,GUAYABAS,2022-04-01,011609,BASE_lowR2,2847.6930230978264
MEDELLÍN,GUAYABAS,2022-05-01,011609,BASE_lowR2,2748.8589741847827
MEDELLÍN,GUAYABAS,2022-06-01,011609,BASE_lowR2,2770.608383152174
MEDELLÍN,GUAYABAS,2022-07-01,011609,BASE_lowR2,2847.6930230978264
MEDELLÍN,GUAYABAS,2022-08-01,011609,BASE_lowR2,3053.202744565218
MEDELLÍN,GUAYABAS,2022-09-01,011609,BASE_lowR2,3343.6387296195658
MEDELLÍN,GUAYABAS,2022-10-01,011609,BASE_lowR2,3348.9651154891308
MEDELLÍN,GUAYABAS,2022-11-01,011609,BASE_lowR2,3109.277751358696
MEDELLÍN,GUAYABAS,2022-12-01,011609,BASE_lowR2,2983.515862771739
MEDELLÍN,GUAYABAS,2023-01-01,011609,BASE_lowR2,3122.7416711956525
MEDELLÍN,GUAYABAS,2023-02-01,011609,BASE_lowR2,3466.589470108696
MEDELLÍN,GUAYABAS,2023-03-01,011609,BASE_lowR2,3770.933240489131
MEDELLÍN,GUAYABAS,2023-04-01,011609,BASE_lowR2,3591.6115828804354
MEDELLÍN,GUAYABAS,2023-05-01,011609,BASE_lowR2,3323.368872282609
MEDELLÍN,GUAYABAS,2023-06-01,011609,BASE_lowR2,3241.993532608696
MEDELLÍN,GUAYABAS,2023-07-01,011609,BASE_lowR2,3584.065869565218
MEDELLÍN,GUAYABAS,2023-08-01,011609,BASE_lowR2,3960.7597146739135
MEDELLÍN,GUAYABAS,2023-09-01,011609,BASE_lowR2,4114.928994565218
MEDELLÍN,GUAYABAS,2023-10-01,011609,BASE_lowR2,4176.330387228261
MEDELLÍN,GUAYABAS,2023-11-01,011609,BASE_lowR2,3802.2997350543483
MEDELLÍN,GUAYABAS,2023-12-01,011609,BASE_lowR2,3549.5923165760873
MEDELLÍN,GUAYABAS,2024-01-01,011609,BASE_lowR2,3748.148145380436
MEDELLÍN,GUAYABAS,2024-02-01,011609,BASE_lowR2,4009.5849184782614
MEDELLÍN,GUAYABAS,2024-03-01,011609,BASE_lowR2,4421.935957880435
MEDELLÍN,GUAYABAS,2024-04-01,011609,BASE_lowR2,4633.659796195653
MEDELLÍN,GUAYABAS,2024-05-01,011609,BASE_lowR2,4298.985217391305
MEDELLÍN,GUAYABAS,2024-06-01,011609,BASE_lowR2,3844.0230910326095
MEDELLÍN,GUAYABAS,2024-07-01,011609,BASE_lowR2,3739.5667459239135
MEDELLÍN,GUAYABAS,2024-08-01,011609,BASE_lowR2,4143.780251358697
MEDELLÍN,GUAYABAS,2024-09-01,011609,BASE_lowR2,4591.344619565218
MEDELLÍN,GUAYABAS,2024-10-01,011609,BASE_lowR2,4500.648104619566
MEDELLÍN,GUAYABAS,2024-11-01,011609,BASE_lowR2,4263.919843750001
MEDELLÍN,GUAYABAS,2024-12-01,011609,BASE_lowR2,3952.4742255434785
MEDELLÍN,HABICHUELAS FRESCAS,2019-01-01,011716,BASE_lowR2,1910.8576363433167
MEDELLÍN,HABICHUELAS FRESCAS,2019-02-01,011716,BASE_lowR2,1912.3518071077335
MEDELLÍN,HABICHUELAS FRESCAS,2019-03-01,011716,BASE_lowR2,1925.0522586052748
MEDELLÍN,HABICHUELAS FRESCAS,2019-04-01,011716,BASE_lowR2,1943.9161645060346
MEDELLÍN,HABICHUELAS FRESCAS,2019-05-01,011716,BASE_lowR2,1863.230943227537
MEDELLÍN,HABICHUELAS FRESCAS,2019-06-01,011716,BASE_lowR2,1976.6011499776484
MEDELLÍN,HABICHUELAS FRESCAS,2019-07-01,011716,BASE_lowR2,1967.2625827000445
MEDELLÍN,HABICHUELAS FRESCAS,2019-08-01,011716,BASE_lowR2,1964.6477838623155
MEDELLÍN,HABICHUELAS FRESCAS,2019-09-01,011716,BASE_lowR2,2028.8971267322304
MEDELLÍN,HABICHUELAS FRESCAS,2019-10-01,011716,BASE_lowR2,2134.796479660259
MEDELLÍN,HABICHUELAS FRESCAS,2019-11-01,011716,BASE_lowR2,2233.972064148413
MEDELLÍN,HABICHUELAS FRESCAS,2019-12-01,011716,BASE_lowR2,2167.855007822977
MEDELLÍN,HABICHUELAS FRESCAS,2020-01-01,011716,BASE_lowR2,2144.3218182834153
MEDELLÍN,HABICHUELAS FRESCAS,2020-02-01,011716,BASE_lowR2,2274.3146747876617
MEDELLÍN,HABICHUELAS FRESCAS,2020-03-01,011716,BASE_lowR2,2716.21567836388
MEDELLÍN,HABICHUELAS FRESCAS,2020-04-01,011716,BASE_lowR2,2530.004646848458
MEDELLÍN,HABICHUELAS FRESCAS,2020-05-01,011716,BASE_lowR2,2345.661328788556
MEDELLÍN,HABICHUELAS FRESCAS,2020-06-01,011716,BASE_lowR2,2149.9249586499777
MEDELLÍN,HABICHUELAS FRESCAS,2020-07-01,011716,BASE_lowR2,2202.2209354045594
MEDELLÍN,HABICHUELAS FRESCAS,2020-08-01,011716,BASE_lowR2,2323.248767322307
MEDELLÍN,HABICHUELAS FRESCAS,2020-09-01,011716,BASE_lowR2,2493.584234465802
MEDELLÍN,HABICHUELAS FRESCAS,2020-10-01,011716,BASE_lowR2,2481.817639696021
MEDELLÍN,HABICHUELAS FRESCAS,2020-11-01,011716,BASE_lowR2,2325.8635661600356
MEDELLÍN,HABICHUELAS FRESCAS,2020-12-01,011716,BASE_lowR2,2431.762919088064
MEDELLÍN,HABICHUELAS FRESCAS,2021-01-01,011716,BASE_lowR2,2462.019877067501
MEDELLÍN,HABICHUELAS FRESCAS,2021-02-01,011716,BASE_lowR2,2433.817403889137
MEDELLÍN,HABICHUELAS FRESCAS,2021-03-01,011716,BASE_lowR2,2390.299680375503
MEDELLÍN,HABICHUELAS FRESCAS,2021-04-01,011716,BASE_lowR2,2445.3972273133663
MEDELLÍN,HABICHUELAS FRESCAS,2021-05-01,011716,BASE_lowR2,2601.911614886008
MEDELLÍN,HABICHUELAS FRESCAS,2021-06-01,011716,BASE_lowR2,2703.5152268663387
MEDELLÍN,HABICHUELAS FRESCAS,2021-07-01,011716,BASE_lowR2,2776.169280286097
MEDELLÍN,HABICHUELAS FRESCAS,2021-08-01,011716,BASE_lowR2,2826.7843149307105
MEDELLÍN,HABICHUELAS FRESCAS,2021-09-01,011716,BASE_lowR2,2762.9085147519
MEDELLÍN,HABICHUELAS FRESCAS,2021-10-01,011716,BASE_lowR2,2758.4260024586497
MEDELLÍN,HABICHUELAS FRESCAS,2021-11-01,011716,BASE_lowR2,2739.1885538667857
MEDELLÍN,HABICHUELAS FRESCAS,2021-12-01,011716,BASE_lowR2,2800.2627838623157
MEDELLÍN,HABICHUELAS FRESCAS,2022-01-01,011716,BASE_lowR2,2887.6717735806883
MEDELLÍN,HABICHUELAS FRESCAS,2022-02-01,011716,BASE_lowR2,2908.590164282521
MEDELLÍN,HABICHUELAS FRESCAS,2022-03-01,011716,BASE_lowR2,3090.87899754135
MEDELLÍN,HABICHUELAS FRESCAS,2022-04-01,011716,BASE_lowR2,3145.789773133661
MEDELLÍN,HABICHUELAS FRESCAS,2022-05-01,011716,BASE_lowR2,3232.0781347787215
MEDELLÍN,HABICHUELAS FRESCAS,2022-06-01,011716,BASE_lowR2,3346.5689696021454
MEDELLÍN,HABICHUELAS FRESCAS,2022-07-01,011716,BASE_lowR2,3531.8461443898077
MEDELLÍN,HABICHUELAS FRESCAS,2022-08-01,011716,BASE_lowR2,3595.1616305319626
MEDELLÍN,HABICHUELAS FRESCAS,2022-09-01,011716,BASE_lowR2,3631.5820429146174
MEDELLÍN,HABICHUELAS FRESCAS,2022-10-01,011716,BASE_lowR2,3487.0210214573085
MEDELLÍN,HABICHUELAS FRESCAS,2022-11-01,011716,BASE_lowR2,3522.694348457756
MEDELLÍN,HABICHUELAS FRESCAS,2022-12-01,011716,BASE_lowR2,3580.033151542244
MEDELLÍN,HABICHUELAS FRESCAS,2023-01-01,011716,BASE_lowR2,3665.5744278050956
MEDELLÍN,HABICHUELAS FRESCAS,2023-02-01,011716,BASE_lowR2,3585.0759778721504
MEDELLÍN,HABICHUELAS FRESCAS,2023-03-01,011716,BASE_lowR2,3596.0954872597226
MEDELLÍN,HABICHUELAS FRESCAS,2023-04-01,011716,BASE_lowR2,3672.6717389360742
MEDELLÍN,HABICHUELAS FRESCAS,2023-05-01,011716,BASE_lowR2,3485.1533080017875
MEDELLÍN,HABICHUELAS FRESCAS,2023-06-01,011716,BASE_lowR2,3379.6274977648636
MEDELLÍN,HABICHUELAS FRESCAS,2023-07-01,011716,BASE_lowR2,3371.409558560572
MEDELLÍN,HABICHUELAS FRESCAS,2023-08-01,011716,BASE_lowR2,3393.8221200268213
MEDELLÍN,HABICHUELAS FRESCAS,2023-09-01,011716,BASE_lowR2,3365.6196468484573
MEDELLÍN,HABICHUELAS FRESCAS,2023-10-01,011716,BASE_lowR2,3328.2653777380415
MEDELLÍN,HABICHUELAS FRESCAS,2023-11-01,011716,BASE_lowR2,3386.9115802413944
MEDELLÍN,HABICHUELAS FRESCAS,2023-12-01,011716,BASE_lowR2,3400.359117121144
MEDELLÍN,HABICHUELAS FRESCAS,2024-01-01,011716,BASE_lowR2,3482.912051855163
MEDELLÍN,HABICHUELAS FRESCAS,2024-02-01,011716,BASE_lowR2,3682.5706202503347
MEDELLÍN,HABICHUELAS FRESCAS,2024-03-01,011716,BASE_lowR2,3918.089286991506
MEDELLÍN,HABICHUELAS FRESCAS,2024-04-01,011716,BASE_lowR2,4021.373841081806
MEDELLÍN,HABICHUELAS FRESCAS,2024-05-01,011716,BASE_lowR2,3953.202299955297
MEDELLÍN,HABICHUELAS FRESCAS,2024-06-01,011716,BASE_lowR2,3760.454271345552
MEDELLÍN,HABICHUELAS FRESCAS,2024-07-01,011716,BASE_lowR2,3812.189934063478
MEDELLÍN,HABICHUELAS FRESCAS,2024-08-01,011716,BASE_lowR2,3618.6948200715246
MEDELLÍN,HABICHUELAS FRESCAS,2024-09-01,011716,BASE_lowR2,3531.8461443898077
MEDELLÍN,HABICHUELAS FRESCAS,2024-10-01,011716,BASE_lowR2,3506.0716987036208
MEDELLÍN,HABICHUELAS FRESCAS,2024-11-01,011716,BASE_lowR2,3507.5658694680374
MEDELLÍN,HABICHUELAS FRESCAS,2024-12-01,011716,BASE_lowR2,3660.7183728207424
MEDELLÍN,HARINA DE TRIGO,2019-01-01,011105,BASE_lowR2,1260.8830369830569
MEDELLÍN,HARINA DE TRIGO,2019-02-01,011105,BASE_lowR2,1266.4093696483876
MEDELLÍN,HARINA DE TRIGO,2019-03-01,011105,BASE_lowR2,1262.8926124977227
MEDELLÍN,HARINA DE TRIGO,2019-04-01,011105,BASE_lowR2,1298.436979413372
MEDELLÍN,HARINA DE TRIGO,2019-05-01,011105,BASE_lowR2,1299.0649717617052
MEDELLÍN,HARINA DE TRIGO,2019-06-01,011105,BASE_lowR2,1310.9968263800326
MEDELLÍN,HARINA DE TRIGO,2019-07-01,011105,BASE_lowR2,1302.0793350337037
MEDELLÍN,HARINA DE TRIGO,2019-08-01,011105,BASE_lowR2,1315.7695682273638
MEDELLÍN,HARINA DE TRIGO,2019-09-01,011105,BASE_lowR2,1288.0123064310437
MEDELLÍN,HARINA DE TRIGO,2019-10-01,011105,BASE_lowR2,1284.9979431590452
MEDELLÍN,HARINA DE TRIGO,2019-11-01,011105,BASE_lowR2,1277.5876334487155
MEDELLÍN,HARINA DE TRIGO,2019-12-01,011105,BASE_lowR2,1278.0900273273821
MEDELLÍN,HARINA DE TRIGO,2020-01-01,011105,BASE_lowR2,1279.7228074330478
MEDELLÍN,HARINA DE TRIGO,2020-02-01,011105,BASE_lowR2,1279.3460120240482
MEDELLÍN,HARINA DE TRIGO,2020-03-01,011105,BASE_lowR2,1294.920222262707
MEDELLÍN,HARINA DE TRIGO,2020-04-01,011105,BASE_lowR2,1313.3831973036981
MEDELLÍN,HARINA DE TRIGO,2020-05-01,011105,BASE_lowR2,1309.4896447440335
MEDELLÍN,HARINA DE TRIGO,2020-06-01,011105,BASE_lowR2,1315.8951666970304
MEDELLÍN,HARINA DE TRIGO,2020-07-01,011105,BASE_lowR2,1317.1511513936964
MEDELLÍN,HARINA DE TRIGO,2020-08-01,011105,BASE_lowR2,1299.6929641100382
MEDELLÍN,HARINA DE TRIGO,2020-09-01,011105,BASE_lowR2,1293.9154345053742
MEDELLÍN,HARINA DE TRIGO,2020-10-01,011105,BASE_lowR2,1287.2587156130442
MEDELLÍN,HARINA DE TRIGO,2020-11-01,011105,BASE_lowR2,1299.3161687010384
MEDELLÍN,HARINA DE TRIGO,2020-12-01,011105,BASE_lowR2,1306.8520768810347
MEDELLÍN,HARINA DE TRIGO,2021-01-01,011105,BASE_lowR2,1298.813774822372
MEDELLÍN,HARINA DE TRIGO,2021-02-01,011105,BASE_lowR2,1314.764780470031
MEDELLÍN,HARINA DE TRIGO,2021-03-01,011105,BASE_lowR2,1315.1415758790306
MEDELLÍN,HARINA DE TRIGO,2021-04-01,011105,BASE_lowR2,1328.4550136636908
MEDELLÍN,HARINA DE TRIGO,2021-05-01,011105,BASE_lowR2,1328.7062106030244
MEDELLÍN,HARINA DE TRIGO,2021-06-01,011105,BASE_lowR2,1349.0531626890142
MEDELLÍN,HARINA DE TRIGO,2021-07-01,011105,BASE_lowR2,1376.1824321370011
MEDELLÍN,HARINA DE TRIGO,2021-08-01,011105,BASE_lowR2,1396.7805811623243
MEDELLÍN,HARINA DE TRIGO,2021-09-01,011105,BASE_lowR2,1405.3212770996536
MEDELLÍN,HARINA DE TRIGO,2021-10-01,011105,BASE_lowR2,1408.7124357806522
MEDELLÍN,HARINA DE TRIGO,2021-11-01,011105,BASE_lowR2,1426.54741847331
MEDELLÍN,HARINA DE TRIGO,2021-12-01,011105,BASE_lowR2,1473.6468445982875
MEDELLÍN,HARINA DE TRIGO,2022-01-01,011105,BASE_lowR2,1534.1853069775914
MEDELLÍN,HARINA DE TRIGO,2022-02-01,011105,BASE_lowR2,1543.3539952632536
MEDELLÍN,HARINA DE TRIGO,2022-03-01,011105,BASE_lowR2,1560.560985607579
MEDELLÍN,HARINA DE TRIGO,2022-04-01,011105,BASE_lowR2,1577.2655820732375
MEDELLÍN,HARINA DE TRIGO,2022-05-01,011105,BASE_lowR2,1617.8338877755511
MEDELLÍN,HARINA DE TRIGO,2022-06-01,011105,BASE_lowR2,1638.934430679541
MEDELLÍN,HARINA DE TRIGO,2022-07-01,011105,BASE_lowR2,1668.0732756421933
MEDELLÍN,HARINA DE TRIGO,2022-08-01,011105,BASE_lowR2,1764.6584988158131
MEDELLÍN,HARINA DE TRIGO,2022-09-01,011105,BASE_lowR2,1807.3619785024596
MEDELLÍN,HARINA DE TRIGO,2022-10-01,011105,BASE_lowR2,1834.8680433594461
MEDELLÍN,HARINA DE TRIGO,2022-11-01,011105,BASE_lowR2,1903.696004736746
MEDELLÍN,HARINA DE TRIGO,2022-12-01,011105,BASE_lowR2,1950.293036983057
MEDELLÍN,HARINA DE TRIGO,2023-01-01,011105,BASE_lowR2,2024.8985279650208
MEDELLÍN,HARINA DE TRIGO,2023-02-01,011105,BASE_lowR2,2055.5445545636726
MEDELLÍN,HARINA DE TRIGO,2023-03-01,011105,BASE_lowR2,2091.5913153579886
MEDELLÍN,HARINA DE TRIGO,2023-04-01,011105,BASE_lowR2,2097.2432464929857
MEDELLÍN,HARINA DE TRIGO,2023-05-01,011105,BASE_lowR2,2132.4108179996356
MEDELLÍN,HARINA DE TRIGO,2023-06-01,011105,BASE_lowR2,2136.8067644379666
MEDELLÍN,HARINA DE TRIGO,2023-07-01,011105,BASE_lowR2,2152.757770085626
MEDELLÍN,HARINA DE TRIGO,2023-08-01,011105,BASE_lowR2,2156.2745272362904
MEDELLÍN,HARINA DE TRIGO,2023-09-01,011105,BASE_lowR2,2144.5938695572963
MEDELLÍN,HARINA DE TRIGO,2023-10-01,011105,BASE_lowR2,2146.9802404809616
MEDELLÍN,HARINA DE TRIGO,2023-11-01,011105,BASE_lowR2,2129.7732501366368
MEDELLÍN,HARINA DE TRIGO,2023-12-01,011105,BASE_lowR2,2077.2730898159953
MEDELLÍN,HARINA DE TRIGO,2024-01-01,011105,BASE_lowR2,2047.380654035343
MEDELLÍN,HARINA DE TRIGO,2024-02-01,011105,BASE_lowR2,1991.2381380943702
MEDELLÍN,HARINA DE TRIGO,2024-03-01,011105,BASE_lowR2,1921.656585899071
MEDELLÍN,HARINA DE TRIGO,2024-04-01,011105,BASE_lowR2,1863.002100564766
MEDELLÍN,HARINA DE TRIGO,2024-05-01,011105,BASE_lowR2,1810.5019402441246
MEDELLÍN,HARINA DE TRIGO,2024-06-01,011105,BASE_lowR2,1790.029389688468
MEDELLÍN,HARINA DE TRIGO,2024-07-01,011105,BASE_lowR2,1841.0223683731099
MEDELLÍN,HARINA DE TRIGO,2024-08-01,011105,BASE_lowR2,1804.2220167607943
MEDELLÍN,HARINA DE TRIGO,2024-09-01,011105,BASE_lowR2,1773.4503916924757
MEDELLÍN,HARINA DE TRIGO,2024-10-01,011105,BASE_lowR2,1796.4349116414649
MEDELLÍN,HARINA DE TRIGO,2024-11-01,011105,BASE_lowR2,1745.4419329568227
MEDELLÍN,HARINA DE TRIGO,2024-12-01,011105,BASE_lowR2,1712.5351339041717
MEDELLÍN,HARINA PRECOCIDA,2019-01-01,011106,BASE,1383.2953270176718
MEDELLÍN,HARINA PRECOCIDA,2019-02-01,011106,BASE,1376.3405993805793
MEDELLÍN,HARINA PRECOCIDA,2019-03-01,011106,BASE,1374.11508653671
MEDELLÍN,HARINA PRECOCIDA,2019-04-01,011106,BASE,1375.3669375113864
MEDELLÍN,HARINA PRECOCIDA,2019-05-01,011106,BASE,1381.208908726544
MEDELLÍN,HARINA PRECOCIDA,2019-06-01,011106,BASE,1387.1899744944435
MEDELLÍN,HARINA PRECOCIDA,2019-07-01,011106,BASE,1391.223716523957
MEDELLÍN,HARINA PRECOCIDA,2019-08-01,011106,BASE,1384.5471779923485
MEDELLÍN,HARINA PRECOCIDA,2019-09-01,011106,BASE,1404.5767935871745
MEDELLÍN,HARINA PRECOCIDA,2019-10-01,011106,BASE,1464.5265458189106
MEDELLÍN,HARINA PRECOCIDA,2019-11-01,011106,BASE,1447.557010384405
MEDELLÍN,HARINA PRECOCIDA,2019-12-01,011106,BASE,1464.3874512661687
MEDELLÍN,HARINA PRECOCIDA,2020-01-01,011106,BASE,1479.1314738568046
MEDELLÍN,HARINA PRECOCIDA,2020-02-01,011106,BASE,1488.3117143377665
MEDELLÍN,HARINA PRECOCIDA,2020-03-01,011106,BASE,1504.3075879030791
MEDELLÍN,HARINA PRECOCIDA,2020-04-01,011106,BASE,1506.811289852432
MEDELLÍN,HARINA PRECOCIDA,2020-05-01,011106,BASE,1499.8565622153399
MEDELLÍN,HARINA PRECOCIDA,2020-06-01,011106,BASE,1518.2170431772636
MEDELLÍN,HARINA PRECOCIDA,2020-07-01,011106,BASE,1526.2845272362908
MEDELLÍN,HARINA PRECOCIDA,2020-08-01,011106,BASE,1538.2466587720896
MEDELLÍN,HARINA PRECOCIDA,2020-09-01,011106,BASE,1537.4120914556386
MEDELLÍN,HARINA PRECOCIDA,2020-10-01,011106,BASE,1533.378349426125
MEDELLÍN,HARINA PRECOCIDA,2020-11-01,011106,BASE,1525.310865367098
MEDELLÍN,HARINA PRECOCIDA,2020-12-01,011106,BASE,1523.7808252869374
MEDELLÍN,HARINA PRECOCIDA,2021-01-01,011106,BASE,1519.3297995991984
MEDELLÍN,HARINA PRECOCIDA,2021-02-01,011106,BASE,1519.0516104937146
MEDELLÍN,HARINA PRECOCIDA,2021-03-01,011106,BASE,1514.1833011477502
MEDELLÍN,HARINA PRECOCIDA,2021-04-01,011106,BASE,1517.1042867553288
MEDELLÍN,HARINA PRECOCIDA,2021-05-01,011106,BASE,1526.98
MEDELLÍN,HARINA PRECOCIDA,2021-06-01,011106,BASE,1557.5808016032065
MEDELLÍN,HARINA PRECOCIDA,2021-07-01,011106,BASE,1584.1478611768991
MEDELLÍN,HARINA PRECOCIDA,2021-08-01,011106,BASE,1596.1099927126982
MEDELLÍN,HARINA PRECOCIDA,2021-09-01,011106,BASE,1621.0079176534887
MEDELLÍN,HARINA PRECOCIDA,2021-10-01,011106,BASE,1619.6169721260706
MEDELLÍN,HARINA PRECOCIDA,2021-11-01,011106,BASE,1631.1618200036437
MEDELLÍN,HARINA PRECOCIDA,2021-12-01,011106,BASE,1660.3716760794316
MEDELLÍN,HARINA PRECOCIDA,2022-01-01,011106,BASE,1685.1305064674807
MEDELLÍN,HARINA PRECOCIDA,2022-02-01,011106,BASE,1689.8597212607033
MEDELLÍN,HARINA PRECOCIDA,2022-03-01,011106,BASE,1710.1675259610129
MEDELLÍN,HARINA PRECOCIDA,2022-04-01,011106,BASE,1783.6094498087082
MEDELLÍN,HARINA PRECOCIDA,2022-05-01,011106,BASE,1815.740291492075
MEDELLÍN,HARINA PRECOCIDA,2022-06-01,011106,BASE,1892.6595791583165
MEDELLÍN,HARINA PRECOCIDA,2022-07-01,011106,BASE,1946.2109819639277
MEDELLÍN,HARINA PRECOCIDA,2022-08-01,011106,BASE,1971.665285115686
MEDELLÍN,HARINA PRECOCIDA,2022-09-01,011106,BASE,2018.6792439424303
MEDELLÍN,HARINA PRECOCIDA,2022-10-01,011106,BASE,2064.58044634724
MEDELLÍN,HARINA PRECOCIDA,2022-11-01,011106,BASE,2080.854509018036
MEDELLÍN,HARINA PRECOCIDA,2022-12-01,011106,BASE,2118.410038258335
MEDELLÍN,HARINA PRECOCIDA,2023-01-01,011106,BASE,2143.5861523046096
MEDELLÍN,HARINA PRECOCIDA,2023-02-01,011106,BASE,2191.017394789579
MEDELLÍN,HARINA PRECOCIDA,2023-03-01,011106,BASE,2231.493909637457
MEDELLÍN,HARINA PRECOCIDA,2023-04-01,011106,BASE,2252.775376206959
MEDELLÍN,HARINA PRECOCIDA,2023-05-01,011106,BASE,2251.801714337766
MEDELLÍN,HARINA PRECOCIDA,2023-06-01,011106,BASE,2234.1367061395517
MEDELLÍN,HARINA PRECOCIDA,2023-07-01,011106,BASE,2178.7770741482964
MEDELLÍN,HARINA PRECOCIDA,2023-08-01,011106,BASE,2123.6956312625252
MEDELLÍN,HARINA PRECOCIDA,2023-09-01,011106,BASE,2064.7195408999814
MEDELLÍN,HARINA PRECOCIDA,2023-10-01,011106,BASE,2045.8026817270907
MEDELLÍN,HARINA PRECOCIDA,2023-11-01,011106,BASE,2007.1343960648571
MEDELLÍN,HARINA PRECOCIDA,2023-12-01,011106,BASE,1977.924539989069
MEDELLÍN,HARINA PRECOCIDA,2024-01-01,011106,BASE,1927.850501002004
MEDELLÍN,HARINA PRECOCIDA,2024-02-01,011106,BASE,1861.224210238659
MEDELLÍN,HARINA PRECOCIDA,2024-03-01,011106,BASE,1847.8711331754419
MEDELLÍN,HARINA PRECOCIDA,2024-04-01,011106,BASE,1825.89419384223
MEDELLÍN,HARINA PRECOCIDA,2024-05-01,011106,BASE,1794.0415412643467
MEDELLÍN,HARINA PRECOCIDA,2024-06-01,011106,BASE,1768.4481435598468
MEDELLÍN,HARINA PRECOCIDA,2024-07-01,011106,BASE,1762.049794133722
MEDELLÍN,HARINA PRECOCIDA,2024-08-01,011106,BASE,1750.2267571506652
MEDELLÍN,HARINA PRECOCIDA,2024-09-01,011106,BASE,1737.8473419566403
MEDELLÍN,HARINA PRECOCIDA,2024-10-01,011106,BASE,1721.9905629440698
MEDELLÍN,HARINA PRECOCIDA,2024-11-01,011106,BASE,1721.8514683913284
MEDELLÍN,HARINA PRECOCIDA,2024-12-01,011106,BASE,1726.9979668427763
MEDELLÍN,HUEVOS,2019-01-01,011405,BASE,3393.3879922089623
MEDELLÍN,HUEVOS,2019-02-01,011405,BASE,3416.882249831119
MEDELLÍN,HUEVOS,2019-03-01,011405,BASE,3478.85261051565
MEDELLÍN,HUEVOS,2019-04-01,011405,BASE,3471.361687795542
MEDELLÍN,HUEVOS,2019-05-01,011405,BASE,3525.1601327854087
MEDELLÍN,HUEVOS,2019-06-01,011405,BASE,3560.5717674622833
MEDELLÍN,HUEVOS,2019-07-01,011405,BASE,3562.614746385949
MEDELLÍN,HUEVOS,2019-08-01,011405,BASE,3585.7685075208287
MEDELLÍN,HUEVOS,2019-09-01,011405,BASE,3586.789996982662
MEDELLÍN,HUEVOS,2019-10-01,011405,BASE,3563.295739360505
MEDELLÍN,HUEVOS,2019-11-01,011405,BASE,3551.378362305787
MEDELLÍN,HUEVOS,2019-12-01,011405,BASE,3558.8692850258954
MEDELLÍN,HUEVOS,2020-01-01,011405,BASE,3584.066025084441
MEDELLÍN,HUEVOS,2020-02-01,011405,BASE,3572.489144517001
MEDELLÍN,HUEVOS,2020-03-01,011405,BASE,3627.649575455979
MEDELLÍN,HUEVOS,2020-04-01,011405,BASE,3875.8715146813784
MEDELLÍN,HUEVOS,2020-05-01,011405,BASE,3838.416901080838
MEDELLÍN,HUEVOS,2020-06-01,011405,BASE,3703.9207886061704
MEDELLÍN,HUEVOS,2020-07-01,011405,BASE,3664.0826995946863
MEDELLÍN,HUEVOS,2020-08-01,011405,BASE,3682.129013420401
MEDELLÍN,HUEVOS,2020-09-01,011405,BASE,3597.685884575546
MEDELLÍN,HUEVOS,2020-10-01,011405,BASE,3614.7107089394285
MEDELLÍN,HUEVOS,2020-11-01,011405,BASE,3647.398371718082
MEDELLÍN,HUEVOS,2020-12-01,011405,BASE,3718.9026340463865
MEDELLÍN,HUEVOS,2021-01-01,011405,BASE,3752.6117862868723
MEDELLÍN,HUEVOS,2021-02-01,011405,BASE,3756.3572476469267
MEDELLÍN,HUEVOS,2021-03-01,011405,BASE,3755.6762546723708
MEDELLÍN,HUEVOS,2021-04-01,011405,BASE,3769.977107138032
MEDELLÍN,HUEVOS,2021-05-01,011405,BASE,3870.0830743976585
MEDELLÍN,HUEVOS,2021-06-01,011405,BASE,4207.5150932898
MEDELLÍN,HUEVOS,2021-07-01,011405,BASE,4352.226100382797
MEDELLÍN,HUEVOS,2021-08-01,011405,BASE,4307.621060549426
MEDELLÍN,HUEVOS,2021-09-01,011405,BASE,4234.414315784734
MEDELLÍN,HUEVOS,2021-10-01,011405,BASE,4092.7677770772357
MEDELLÍN,HUEVOS,2021-11-01,011405,BASE,4162.229060481874
MEDELLÍN,HUEVOS,2021-12-01,011405,BASE,4250.4176506867825
MEDELLÍN,HUEVOS,2022-01-01,011405,BASE,4332.817800607972
MEDELLÍN,HUEVOS,2022-02-01,011405,BASE,4454.034550078812
MEDELLÍN,HUEVOS,2022-03-01,011405,BASE,4756.7359272686335
MEDELLÍN,HUEVOS,2022-04-01,011405,BASE,4906.554381670795
MEDELLÍN,HUEVOS,2022-05-01,011405,BASE,4965.800770457105
MEDELLÍN,HUEVOS,2022-06-01,011405,BASE,5050.243899301959
MEDELLÍN,HUEVOS,2022-07-01,011405,BASE,5032.8785784508
MEDELLÍN,HUEVOS,2022-08-01,011405,BASE,5103.020854829994
MEDELLÍN,HUEVOS,2022-09-01,011405,BASE,5278.0360492907
MEDELLÍN,HUEVOS,2022-10-01,011405,BASE,5401.976770659762
MEDELLÍN,HUEVOS,2022-11-01,011405,BASE,5505.147206304887
MEDELLÍN,HUEVOS,2022-12-01,011405,BASE,5577.672958095024
MEDELLÍN,HUEVOS,2023-01-01,011405,BASE,5608.998634924566
MEDELLÍN,HUEVOS,2023-02-01,011405,BASE,5645.431759063275
MEDELLÍN,HUEVOS,2023-03-01,011405,BASE,5743.494747399235
MEDELLÍN,HUEVOS,2023-04-01,011405,BASE,5815.6800027020945
MEDELLÍN,HUEVOS,2023-05-01,011405,BASE,5829.980855167755
MEDELLÍN,HUEVOS,2023-06-01,011405,BASE,5795.250213465436
MEDELLÍN,HUEVOS,2023-07-01,011405,BASE,5801.719646723711
MEDELLÍN,HUEVOS,2023-08-01,011405,BASE,5781.970850461608
MEDELLÍN,HUEVOS,2023-09-01,011405,BASE,5862.668517946409
MEDELLÍN,HUEVOS,2023-10-01,011405,BASE,5912.721501576222
MEDELLÍN,HUEVOS,2023-11-01,011405,BASE,5928.043843503716
MEDELLÍN,HUEVOS,2023-12-01,011405,BASE,5932.129801351048
MEDELLÍN,HUEVOS,2024-01-01,011405,BASE,5703.316161900474
MEDELLÍN,HUEVOS,2024-02-01,011405,BASE,5634.876367957668
MEDELLÍN,HUEVOS,2024-03-01,011405,BASE,5659.392115041658
MEDELLÍN,HUEVOS,2024-04-01,011405,BASE,5639.302822292277
MEDELLÍN,HUEVOS,2024-05-01,011405,BASE,5635.216864444946
MEDELLÍN,HUEVOS,2024-06-01,011405,BASE,5624.661473339339
MEDELLÍN,HUEVOS,2024-07-01,011405,BASE,5583.801894866022
MEDELLÍN,HUEVOS,2024-08-01,011405,BASE,5577.332461607747
MEDELLÍN,HUEVOS,2024-09-01,011405,BASE,5505.828199279442
MEDELLÍN,HUEVOS,2024-10-01,011405,BASE,5408.446203918037
MEDELLÍN,HUEVOS,2024-11-01,011405,BASE,5453.051243751408
MEDELLÍN,HUEVOS,2024-12-01,011405,BASE,5449.646278878632
MEDELLÍN,LECHE EN POLVO ENTERA,2019-01-01,011401,BASE_lowR2,10087.2334553058
MEDELLÍN,LECHE EN POLVO ENTERA,2019-02-01,011401,BASE_lowR2,10105.372336644014
MEDELLÍN,LECHE EN POLVO ENTERA,2019-03-01,011401,BASE_lowR2,10135.603805541032
MEDELLÍN,LECHE EN POLVO ENTERA,2019-04-01,011401,BASE_lowR2,10208.159330893881
MEDELLÍN,LECHE EN POLVO ENTERA,2019-05-01,011401,BASE_lowR2,10229.321359121797
MEDELLÍN,LECHE EN POLVO ENTERA,2019-06-01,011401,BASE_lowR2,10183.974155776266
MEDELLÍN,LECHE EN POLVO ENTERA,2019-07-01,011401,BASE_lowR2,10247.46024046001
MEDELLÍN,LECHE EN POLVO ENTERA,2019-08-01,011401,BASE_lowR2,10316.992618923156
MEDELLÍN,LECHE EN POLVO ENTERA,2019-09-01,011401,BASE_lowR2,10421.795044432825
MEDELLÍN,LECHE EN POLVO ENTERA,2019-10-01,011401,BASE_lowR2,10541.713204391008
MEDELLÍN,LECHE EN POLVO ENTERA,2019-11-01,011401,BASE_lowR2,10542.720920020909
MEDELLÍN,LECHE EN POLVO ENTERA,2019-12-01,011401,BASE_lowR2,10519.543460533192
MEDELLÍN,LECHE EN POLVO ENTERA,2020-01-01,011401,BASE_lowR2,10587.060407736539
MEDELLÍN,LECHE EN POLVO ENTERA,2020-02-01,011401,BASE_lowR2,10733.179174072136
MEDELLÍN,LECHE EN POLVO ENTERA,2020-03-01,011401,BASE_lowR2,10902.47539989545
MEDELLÍN,LECHE EN POLVO ENTERA,2020-04-01,011401,BASE_lowR2,10997.200669106114
MEDELLÍN,LECHE EN POLVO ENTERA,2020-05-01,011401,BASE_lowR2,11045.571019341347
MEDELLÍN,LECHE EN POLVO ENTERA,2020-06-01,011401,BASE_lowR2,11079.83335075797
MEDELLÍN,LECHE EN POLVO ENTERA,2020-07-01,011401,BASE_lowR2,11111.072535284893
MEDELLÍN,LECHE EN POLVO ENTERA,2020-08-01,011401,BASE_lowR2,11158.435169890225
MEDELLÍN,LECHE EN POLVO ENTERA,2020-09-01,011401,BASE_lowR2,11193.705216936747
MEDELLÍN,LECHE EN POLVO ENTERA,2020-10-01,011401,BASE_lowR2,11241.067851542079
MEDELLÍN,LECHE EN POLVO ENTERA,2020-11-01,011401,BASE_lowR2,11217.890392054363
MEDELLÍN,LECHE EN POLVO ENTERA,2020-12-01,011401,BASE_lowR2,11246.106429691581
MEDELLÍN,LECHE EN POLVO ENTERA,2021-01-01,011401,BASE_lowR2,11345.87027705175
MEDELLÍN,LECHE EN POLVO ENTERA,2021-02-01,011401,BASE_lowR2,11336.800836382643
MEDELLÍN,LECHE EN POLVO ENTERA,2021-03-01,011401,BASE_lowR2,11390.209764767378
MEDELLÍN,LECHE EN POLVO ENTERA,2021-04-01,011401,BASE_lowR2,11543.382540512283
MEDELLÍN,LECHE EN POLVO ENTERA,2021-05-01,011401,BASE_lowR2,11578.652587558807
MEDELLÍN,LECHE EN POLVO ENTERA,2021-06-01,011401,BASE_lowR2,11592.760606377416
MEDELLÍN,LECHE EN POLVO ENTERA,2021-07-01,011401,BASE_lowR2,11607.876340825926
MEDELLÍN,LECHE EN POLVO ENTERA,2021-08-01,011401,BASE_lowR2,11693.532169367483
MEDELLÍN,LECHE EN POLVO ENTERA,2021-09-01,011401,BASE_lowR2,11875.928698379506
MEDELLÍN,LECHE EN POLVO ENTERA,2021-10-01,011401,BASE_lowR2,12284.053528489283
MEDELLÍN,LECHE EN POLVO ENTERA,2021-11-01,011401,BASE_lowR2,12504.74325143753
MEDELLÍN,LECHE EN POLVO ENTERA,2021-12-01,011401,BASE_lowR2,12906.821787767904
MEDELLÍN,LECHE EN POLVO ENTERA,2022-01-01,011401,BASE_lowR2,13539.66720334553
MEDELLÍN,LECHE EN POLVO ENTERA,2022-02-01,011401,BASE_lowR2,13938.722592786196
MEDELLÍN,LECHE EN POLVO ENTERA,2022-03-01,011401,BASE_lowR2,14514.128217459485
MEDELLÍN,LECHE EN POLVO ENTERA,2022-04-01,011401,BASE_lowR2,15298.130977522214
MEDELLÍN,LECHE EN POLVO ENTERA,2022-05-01,011401,BASE_lowR2,15570.214197595398
MEDELLÍN,LECHE EN POLVO ENTERA,2022-06-01,011401,BASE_lowR2,15957.176999477259
MEDELLÍN,LECHE EN POLVO ENTERA,2022-07-01,011401,BASE_lowR2,16085.156884474645
MEDELLÍN,LECHE EN POLVO ENTERA,2022-08-01,011401,BASE_lowR2,16096.241756403551
MEDELLÍN,LECHE EN POLVO ENTERA,2022-09-01,011401,BASE_lowR2,16233.291082070045
MEDELLÍN,LECHE EN POLVO ENTERA,2022-10-01,011401,BASE_lowR2,16360.26325143753
MEDELLÍN,LECHE EN POLVO ENTERA,2022-11-01,011401,BASE_lowR2,16762.341787767902
MEDELLÍN,LECHE EN POLVO ENTERA,2022-12-01,011401,BASE_lowR2,17278.29219027705
MEDELLÍN,LECHE EN POLVO ENTERA,2023-01-01,011401,BASE_lowR2,17800.2888865656
MEDELLÍN,LECHE EN POLVO ENTERA,2023-02-01,011401,BASE_lowR2,18431.118870883427
MEDELLÍN,LECHE EN POLVO ENTERA,2023-03-01,011401,BASE_lowR2,18783.819341348666
MEDELLÍN,LECHE EN POLVO ENTERA,2023-04-01,011401,BASE_lowR2,18939.00754835337
MEDELLÍN,LECHE EN POLVO ENTERA,2023-05-01,011401,BASE_lowR2,18983.347036069
MEDELLÍN,LECHE EN POLVO ENTERA,2023-06-01,011401,BASE_lowR2,19057.91799268165
MEDELLÍN,LECHE EN POLVO ENTERA,2023-07-01,011401,BASE_lowR2,19039.779111343436
MEDELLÍN,LECHE EN POLVO ENTERA,2023-08-01,011401,BASE_lowR2,18815.05852587559
MEDELLÍN,LECHE EN POLVO ENTERA,2023-09-01,011401,BASE_lowR2,18802.96593831678
MEDELLÍN,LECHE EN POLVO ENTERA,2023-10-01,011401,BASE_lowR2,18900.714354417145
MEDELLÍN,LECHE EN POLVO ENTERA,2023-11-01,011401,BASE_lowR2,18872.498316779922
MEDELLÍN,LECHE EN POLVO ENTERA,2023-12-01,011401,BASE_lowR2,18886.606335598535
MEDELLÍN,LECHE EN POLVO ENTERA,2024-01-01,011401,BASE_lowR2,18914.82237323575
MEDELLÍN,LECHE EN POLVO ENTERA,2024-02-01,011401,BASE_lowR2,18991.408761108207
MEDELLÍN,LECHE EN POLVO ENTERA,2024-03-01,011401,BASE_lowR2,18931.953538944064
MEDELLÍN,LECHE EN POLVO ENTERA,2024-04-01,011401,BASE_lowR2,18912.806941975952
MEDELLÍN,LECHE EN POLVO ENTERA,2024-05-01,011401,BASE_lowR2,18976.293026659696
MEDELLÍN,LECHE EN POLVO ENTERA,2024-06-01,011401,BASE_lowR2,18946.061557762674
MEDELLÍN,LECHE EN POLVO ENTERA,2024-07-01,011401,BASE_lowR2,18952.107851542078
MEDELLÍN,LECHE EN POLVO ENTERA,2024-08-01,011401,BASE_lowR2,18888.621766858334
MEDELLÍN,LECHE EN POLVO ENTERA,2024-09-01,011401,BASE_lowR2,18998.46277051751
MEDELLÍN,LECHE EN POLVO ENTERA,2024-10-01,011401,BASE_lowR2,18972.26216414009
MEDELLÍN,LECHE EN POLVO ENTERA,2024-11-01,011401,BASE_lowR2,18958.15414532148
MEDELLÍN,LECHE EN POLVO ENTERA,2024-12-01,011401,BASE_lowR2,19155.666408782014
MEDELLÍN,LECHE EN POLVO LACTANTE,2019-01-01,011401,BASE_lowR2,39290.17878985885
MEDELLÍN,LECHE EN POLVO LACTANTE,2019-02-01,011401,BASE_lowR2,39360.83046001045
MEDELLÍN,LECHE EN POLVO LACTANTE,2019-03-01,011401,BASE_lowR2,39478.58324359643
MEDELLÍN,LECHE EN POLVO LACTANTE,2019-04-01,011401,BASE_lowR2,39761.189924202816
MEDELLÍN,LECHE EN POLVO LACTANTE,2019-05-01,011401,BASE_lowR2,39843.616872713006
MEDELLÍN,LECHE EN POLVO LACTANTE,2019-06-01,011401,BASE_lowR2,39666.98769733403
MEDELLÍN,LECHE EN POLVO LACTANTE,2019-07-01,011401,BASE_lowR2,39914.26854286461
MEDELLÍN,LECHE EN POLVO LACTANTE,2019-08-01,011401,BASE_lowR2,40185.099945112386
MEDELLÍN,LECHE EN POLVO LACTANTE,2019-09-01,011401,BASE_lowR2,40593.309594877144
MEDELLÍN,LECHE EN POLVO LACTANTE,2019-10-01,011401,BASE_lowR2,41060.395636434914
MEDELLÍN,LECHE EN POLVO LACTANTE,2019-11-01,011401,BASE_lowR2,41064.320729221115
MEDELLÍN,LECHE EN POLVO LACTANTE,2019-12-01,011401,BASE_lowR2,40974.04359513852
MEDELLÍN,LECHE EN POLVO LACTANTE,2020-01-01,011401,BASE_lowR2,41237.0248118139
MEDELLÍN,LECHE EN POLVO LACTANTE,2020-02-01,011401,BASE_lowR2,41806.16326581285
MEDELLÍN,LECHE EN POLVO LACTANTE,2020-03-01,011401,BASE_lowR2,42465.578853894396
MEDELLÍN,LECHE EN POLVO LACTANTE,2020-04-01,011401,BASE_lowR2,42834.53757579717
MEDELLÍN,LECHE EN POLVO LACTANTE,2020-05-01,011401,BASE_lowR2,43022.94202953475
MEDELLÍN,LECHE EN POLVO LACTANTE,2020-06-01,011401,BASE_lowR2,43156.395184265544
MEDELLÍN,LECHE EN POLVO LACTANTE,2020-07-01,011401,BASE_lowR2,43278.07306063774
MEDELLÍN,LECHE EN POLVO LACTANTE,2020-08-01,011401,BASE_lowR2,43462.55242158912
MEDELLÍN,LECHE EN POLVO LACTANTE,2020-09-01,011401,BASE_lowR2,43599.93066910611
MEDELLÍN,LECHE EN POLVO LACTANTE,2020-10-01,011401,BASE_lowR2,43784.410030057494
MEDELLÍN,LECHE EN POLVO LACTANTE,2020-11-01,011401,BASE_lowR2,43694.1328959749
MEDELLÍN,LECHE EN POLVO LACTANTE,2020-12-01,011401,BASE_lowR2,43804.03549398849
MEDELLÍN,LECHE EN POLVO LACTANTE,2021-01-01,011401,BASE_lowR2,44192.61967982226
MEDELLÍN,LECHE EN POLVO LACTANTE,2021-02-01,011401,BASE_lowR2,44157.29384474646
MEDELLÍN,LECHE EN POLVO LACTANTE,2021-03-01,011401,BASE_lowR2,44365.32376241504
MEDELLÍN,LECHE EN POLVO LACTANTE,2021-04-01,011401,BASE_lowR2,44961.937865917396
MEDELLÍN,LECHE EN POLVO LACTANTE,2021-05-01,011401,BASE_lowR2,45099.31611343439
MEDELLÍN,LECHE EN POLVO LACTANTE,2021-06-01,011401,BASE_lowR2,45154.26741244119
MEDELLÍN,LECHE EN POLVO LACTANTE,2021-07-01,011401,BASE_lowR2,45213.143804234176
MEDELLÍN,LECHE EN POLVO LACTANTE,2021-08-01,011401,BASE_lowR2,45546.77669106115
MEDELLÍN,LECHE EN POLVO LACTANTE,2021-09-01,011401,BASE_lowR2,46257.21848536329
MEDELLÍN,LECHE EN POLVO LACTANTE,2021-10-01,011401,BASE_lowR2,47846.88106377418
MEDELLÍN,LECHE EN POLVO LACTANTE,2021-11-01,011401,BASE_lowR2,48706.4763839519
MEDELLÍN,LECHE EN POLVO LACTANTE,2021-12-01,011401,BASE_lowR2,50272.58840564558
MEDELLÍN,LECHE EN POLVO LACTANTE,2022-01-01,011401,BASE_lowR2,52737.54667537898
MEDELLÍN,LECHE EN POLVO LACTANTE,2022-02-01,011401,BASE_lowR2,54291.88341871405
MEDELLÍN,LECHE EN POLVO LACTANTE,2022-03-01,011401,BASE_lowR2,56533.11139963407
MEDELLÍN,LECHE EN POLVO LACTANTE,2022-04-01,011401,BASE_lowR2,59586.83358729743
MEDELLÍN,LECHE EN POLVO LACTANTE,2022-05-01,011401,BASE_lowR2,60646.60863957134
MEDELLÍN,LECHE EN POLVO LACTANTE,2022-06-01,011401,BASE_lowR2,62153.84426947202
MEDELLÍN,LECHE EN POLVO LACTANTE,2022-07-01,011401,BASE_lowR2,62652.33105331939
MEDELLÍN,LECHE EN POLVO LACTANTE,2022-08-01,011401,BASE_lowR2,62695.50707396758
MEDELLÍN,LECHE EN POLVO LACTANTE,2022-09-01,011401,BASE_lowR2,63229.31969289074
MEDELLÍN,LECHE EN POLVO LACTANTE,2022-10-01,011401,BASE_lowR2,63723.88138395189
MEDELLÍN,LECHE EN POLVO LACTANTE,2022-11-01,011401,BASE_lowR2,65289.993405645575
MEDELLÍN,LECHE EN POLVO LACTANTE,2022-12-01,011401,BASE_lowR2,67299.64091217982
MEDELLÍN,LECHE EN POLVO LACTANTE,2023-01-01,011401,BASE_lowR2,69332.83897543124
MEDELLÍN,LECHE EN POLVO LACTANTE,2023-02-01,011401,BASE_lowR2,71789.94705959226
MEDELLÍN,LECHE EN POLVO LACTANTE,2023-03-01,011401,BASE_lowR2,73163.72953476214
MEDELLÍN,LECHE EN POLVO LACTANTE,2023-04-01,011401,BASE_lowR2,73768.19382383689
MEDELLÍN,LECHE EN POLVO LACTANTE,2023-05-01,011401,BASE_lowR2,73940.89790642969
MEDELLÍN,LECHE EN POLVO LACTANTE,2023-06-01,011401,BASE_lowR2,74231.35477260847
MEDELLÍN,LECHE EN POLVO LACTANTE,2023-07-01,011401,BASE_lowR2,74160.70310245687
MEDELLÍN,LECHE EN POLVO LACTANTE,2023-08-01,011401,BASE_lowR2,73285.40741113434
MEDELLÍN,LECHE EN POLVO LACTANTE,2023-09-01,011401,BASE_lowR2,73238.30629769994
MEDELLÍN,LECHE EN POLVO LACTANTE,2023-10-01,011401,BASE_lowR2,73619.04029796131
MEDELLÍN,LECHE EN POLVO LACTANTE,2023-11-01,011401,BASE_lowR2,73509.1376999477
MEDELLÍN,LECHE EN POLVO LACTANTE,2023-12-01,011401,BASE_lowR2,73564.08899895451
MEDELLÍN,LECHE EN POLVO LACTANTE,2024-01-01,011401,BASE_lowR2,73673.9915969681
MEDELLÍN,LECHE EN POLVO LACTANTE,2024-02-01,011401,BASE_lowR2,73972.29864871928
MEDELLÍN,LECHE EN POLVO LACTANTE,2024-03-01,011401,BASE_lowR2,73740.7181743335
MEDELLÍN,LECHE EN POLVO LACTANTE,2024-04-01,011401,BASE_lowR2,73666.1414113957
MEDELLÍN,LECHE EN POLVO LACTANTE,2024-05-01,011401,BASE_lowR2,73913.42225692628
MEDELLÍN,LECHE EN POLVO LACTANTE,2024-06-01,011401,BASE_lowR2,73795.66947334028
MEDELLÍN,LECHE EN POLVO LACTANTE,2024-07-01,011401,BASE_lowR2,73819.22003005749
MEDELLÍN,LECHE EN POLVO LACTANTE,2024-08-01,011401,BASE_lowR2,73571.93918452691
MEDELLÍN,LECHE EN POLVO LACTANTE,2024-09-01,011401,BASE_lowR2,73999.77429822268
MEDELLÍN,LECHE EN POLVO LACTANTE,2024-10-01,011401,BASE_lowR2,73897.72188578149
MEDELLÍN,LECHE EN POLVO LACTANTE,2024-11-01,011401,BASE_lowR2,73842.77058677468
MEDELLÍN,LECHE EN POLVO LACTANTE,2024-12-01,011401,BASE_lowR2,74612.08877286983
MEDELLÍN,LECHE LARGA VIDA,2019-01-01,011401,D_city,1499.043978856767
MEDELLÍN,LECHE LARGA VIDA,2019-02-01,011401,D_city,1501.3004665616288
MEDELLÍN,LECHE LARGA VIDA,2019-03-01,011401,D_city,1505.0598152236948
MEDELLÍN,LECHE LARGA VIDA,2019-04-01,011401,D_city,1514.0748191365133
MEDELLÍN,LECHE LARGA VIDA,2019-05-01,011401,D_city,1516.7022279593275
MEDELLÍN,LECHE LARGA VIDA,2019-06-01,011401,D_city,1511.0709802802726
MEDELLÍN,LECHE LARGA VIDA,2019-07-01,011401,D_city,1518.9535885172484
MEDELLÍN,LECHE LARGA VIDA,2019-08-01,011401,D_city,1527.5778073437377
MEDELLÍN,LECHE LARGA VIDA,2019-09-01,011401,D_city,1540.5587865210898
MEDELLÍN,LECHE LARGA VIDA,2019-10-01,011401,D_city,1555.3859918884045
MEDELLÍN,LECHE LARGA VIDA,2019-11-01,011401,D_city,1555.5104735253788
MEDELLÍN,LECHE LARGA VIDA,2019-12-01,011401,D_city,1552.6469054482307
MEDELLÍN,LECHE LARGA VIDA,2020-01-01,011401,D_city,1560.9857512454055
MEDELLÍN,LECHE LARGA VIDA,2020-02-01,011401,D_city,1579.0029689361816
MEDELLÍN,LECHE LARGA VIDA,2020-03-01,011401,D_city,1599.8282584156618
MEDELLÍN,LECHE LARGA VIDA,2020-04-01,011401,D_city,1611.4575058091473
MEDELLÍN,LECHE LARGA VIDA,2020-05-01,011401,D_city,1617.3895503079837
MEDELLÍN,LECHE LARGA VIDA,2020-06-01,011401,D_city,1621.5888564749362
MEDELLÍN,LECHE LARGA VIDA,2020-07-01,011401,D_city,1625.4157937284565
MEDELLÍN,LECHE LARGA VIDA,2020-08-01,011401,D_city,1631.214586516468
MEDELLÍN,LECHE LARGA VIDA,2020-09-01,011401,D_city,1635.5302336710574
MEDELLÍN,LECHE LARGA VIDA,2020-10-01,011401,D_city,1641.3220518201556
MEDELLÍN,LECHE LARGA VIDA,2020-11-01,011401,D_city,1638.4882551629464
MEDELLÍN,LECHE LARGA VIDA,2020-12-01,011401,D_city,1641.9379686652007
MEDELLÍN,LECHE LARGA VIDA,2021-01-01,011401,D_city,1654.1239033367963
MEDELLÍN,LECHE LARGA VIDA,2021-02-01,011401,D_city,1653.0168139744342
MEDELLÍN,LECHE LARGA VIDA,2021-03-01,011401,D_city,1659.5342692761826
MEDELLÍN,LECHE LARGA VIDA,2021-04-01,011401,D_city,1678.1983523015672
MEDELLÍN,LECHE LARGA VIDA,2021-05-01,011401,D_city,1682.490276546922
MEDELLÍN,LECHE LARGA VIDA,2021-06-01,011401,D_city,1684.2064501184846
MEDELLÍN,LECHE LARGA VIDA,2021-07-01,011401,D_city,1686.0448303214982
MEDELLÍN,LECHE LARGA VIDA,2021-08-01,011401,D_city,1696.4549758361486
MEDELLÍN,LECHE LARGA VIDA,2021-09-01,011401,D_city,1718.5812616651071
MEDELLÍN,LECHE LARGA VIDA,2021-10-01,011401,D_city,1767.8916871861582
MEDELLÍN,LECHE LARGA VIDA,2021-11-01,011401,D_city,1794.4443860849572
MEDELLÍN,LECHE LARGA VIDA,2021-12-01,011401,D_city,1842.6264910123828
MEDELLÍN,LECHE LARGA VIDA,2022-01-01,011401,D_city,1917.971591491373
MEDELLÍN,LECHE LARGA VIDA,2022-02-01,011401,D_city,1965.186570355209
MEDELLÍN,LECHE LARGA VIDA,2022-03-01,011401,D_city,2032.8820953126767
MEDELLÍN,LECHE LARGA VIDA,2022-04-01,011401,D_city,2124.4214987415767
MEDELLÍN,LECHE LARGA VIDA,2022-05-01,011401,D_city,2156.009559828923
MEDELLÍN,LECHE LARGA VIDA,2022-06-01,011401,D_city,2200.780688779801
MEDELLÍN,LECHE LARGA VIDA,2022-07-01,011401,D_city,2215.548747657529
MEDELLÍN,LECHE LARGA VIDA,2022-08-01,011401,D_city,2216.826968882994
MEDELLÍN,LECHE LARGA VIDA,2022-09-01,011401,D_city,2232.618630939271
MEDELLÍN,LECHE LARGA VIDA,2022-10-01,011401,D_city,2247.229783688335
MEDELLÍN,LECHE LARGA VIDA,2022-11-01,011401,D_city,2293.3775214159486
MEDELLÍN,LECHE LARGA VIDA,2022-12-01,011401,D_city,2352.3318898697485
MEDELLÍN,LECHE LARGA VIDA,2023-01-01,011401,D_city,2411.6862210465424
MEDELLÍN,LECHE LARGA VIDA,2023-02-01,011401,D_city,2483.039226195834
MEDELLÍN,LECHE LARGA VIDA,2023-03-01,011401,D_city,2522.75926615641
MEDELLÍN,LECHE LARGA VIDA,2023-04-01,011401,D_city,2540.197525281454
MEDELLÍN,LECHE LARGA VIDA,2023-05-01,011401,D_city,2545.1756061567794
MEDELLÍN,LECHE LARGA VIDA,2023-06-01,011401,D_city,2553.5435683834344
MEDELLÍN,LECHE LARGA VIDA,2023-07-01,011401,D_city,2551.508609407226
MEDELLÍN,LECHE LARGA VIDA,2023-08-01,011401,D_city,2526.2714442941947
MEDELLÍN,LECHE LARGA VIDA,2023-09-01,011401,D_city,2524.9120041504075
MEDELLÍN,LECHE LARGA VIDA,2023-10-01,011401,D_city,2535.896746870119
MEDELLÍN,LECHE LARGA VIDA,2023-11-01,011401,D_city,2532.7268447289284
MEDELLÍN,LECHE LARGA VIDA,2023-12-01,011401,D_city,2534.3118921553537
MEDELLÍN,LECHE LARGA VIDA,2024-01-01,011401,D_city,2537.481409040473
MEDELLÍN,LECHE LARGA VIDA,2024-02-01,011401,D_city,2546.0805083207238
MEDELLÍN,LECHE LARGA VIDA,2024-03-01,011401,D_city,2539.4053830620537
MEDELLÍN,LECHE LARGA VIDA,2024-04-01,011401,D_city,2537.2550405125244
MEDELLÍN,LECHE LARGA VIDA,2024-05-01,011401,D_city,2544.3837654509402
MEDELLÍN,LECHE LARGA VIDA,2024-06-01,011401,D_city,2540.9896194779067
MEDELLÍN,LECHE LARGA VIDA,2024-07-01,011401,D_city,2541.668519153994
MEDELLÍN,LECHE LARGA VIDA,2024-08-01,011401,D_city,2534.5383117665183
MEDELLÍN,LECHE LARGA VIDA,2024-09-01,011401,D_city,2546.8722464250036
MEDELLÍN,LECHE LARGA VIDA,2024-10-01,011401,D_city,2543.9312635368615
MEDELLÍN,LECHE LARGA VIDA,2024-11-01,011401,D_city,2542.3473835762725
MEDELLÍN,LECHE LARGA VIDA,2024-12-01,011401,D_city,2564.5043183129565
MEDELLÍN,LECHE PASTEURIZADA,2019-01-01,011401,D_city,1094.272938586513
MEDELLÍN,LECHE PASTEURIZADA,2019-02-01,011401,D_city,1096.2848579521265
MEDELLÍN,LECHE PASTEURIZADA,2019-03-01,011401,D_city,1099.6382369120877
MEDELLÍN,LECHE PASTEURIZADA,2019-04-01,011401,D_city,1107.6872609427667
MEDELLÍN,LECHE PASTEURIZADA,2019-05-01,011401,D_city,1110.035135189024
MEDELLÍN,LECHE PASTEURIZADA,2019-06-01,011401,D_city,1105.0041098387662
MEDELLÍN,LECHE PASTEURIZADA,2019-07-01,011401,D_city,1112.047685589581
MEDELLÍN,LECHE PASTEURIZADA,2019-08-01,011401,D_city,1119.7632014806316
MEDELLÍN,LECHE PASTEURIZADA,2019-09-01,011401,D_city,1131.394587387227
MEDELLÍN,LECHE PASTEURIZADA,2019-10-01,011401,D_city,1144.7067957681895
MEDELLÍN,LECHE PASTEURIZADA,2019-11-01,011401,D_city,1144.8186775184856
MEDELLÍN,LECHE PASTEURIZADA,2019-12-01,011401,D_city,1142.245458020382
MEDELLÍN,LECHE PASTEURIZADA,2020-01-01,011401,D_city,1149.7417117876428
MEDELLÍN,LECHE PASTEURIZADA,2020-02-01,011401,D_city,1165.9686120398208
MEDELLÍN,LECHE PASTEURIZADA,2020-03-01,011401,D_city,1184.7756301690397
MEDELLÍN,LECHE PASTEURIZADA,2020-04-01,011401,D_city,1195.301470732422
MEDELLÍN,LECHE PASTEURIZADA,2020-05-01,011401,D_city,1200.677153900247
MEDELLÍN,LECHE PASTEURIZADA,2020-06-01,011401,D_city,1204.4852492390235
MEDELLÍN,LECHE PASTEURIZADA,2020-07-01,011401,D_city,1207.9575664958782
MEDELLÍN,LECHE PASTEURIZADA,2020-08-01,011401,D_city,1213.2224651646297
MEDELLÍN,LECHE PASTEURIZADA,2020-09-01,011401,D_city,1217.1434602767058
MEDELLÍN,LECHE PASTEURIZADA,2020-10-01,011401,D_city,1222.4092325391216
MEDELLÍN,LECHE PASTEURIZADA,2020-11-01,011401,D_city,1219.832302926813
MEDELLÍN,LECHE PASTEURIZADA,2020-12-01,011401,D_city,1222.9694504143094
MEDELLÍN,LECHE PASTEURIZADA,2021-01-01,011401,D_city,1234.0629209696433
MEDELLÍN,LECHE PASTEURIZADA,2021-02-01,011401,D_city,1233.0543329041238
MEDELLÍN,LECHE PASTEURIZADA,2021-03-01,011401,D_city,1238.9940561239712
MEDELLÍN,LECHE PASTEURIZADA,2021-04-01,011401,D_city,1256.032190831462
MEDELLÍN,LECHE PASTEURIZADA,2021-05-01,011401,D_city,1259.9561666401082
MEDELLÍN,LECHE PASTEURIZADA,2021-06-01,011401,D_city,1261.5258321127696
MEDELLÍN,LECHE PASTEURIZADA,2021-07-01,011401,D_city,1263.207664114274
MEDELLÍN,LECHE PASTEURIZADA,2021-08-01,011401,D_city,1272.7389719282553
MEDELLÍN,LECHE PASTEURIZADA,2021-09-01,011401,D_city,1293.0402574735035
MEDELLÍN,LECHE PASTEURIZADA,2021-10-01,011401,D_city,1338.4909797583216
MEDELLÍN,LECHE PASTEURIZADA,2021-11-01,011401,D_city,1363.0822300267919
MEDELLÍN,LECHE PASTEURIZADA,2021-12-01,011401,D_city,1407.910391630657
MEDELLÍN,LECHE PASTEURIZADA,2022-01-01,011401,D_city,1478.5301446582744
MEDELLÍN,LECHE PASTEURIZADA,2022-02-01,011401,D_city,1523.0993953639568
MEDELLÍN,LECHE PASTEURIZADA,2022-03-01,011401,D_city,1587.4148812850246
MEDELLÍN,LECHE PASTEURIZADA,2022-04-01,011401,D_city,1675.1378718363578
MEDELLÍN,LECHE PASTEURIZADA,2022-05-01,011401,D_city,1705.6054423806231
MEDELLÍN,LECHE PASTEURIZADA,2022-06-01,011401,D_city,1748.957632986112
MEDELLÍN,LECHE PASTEURIZADA,2022-07-01,011401,D_city,1763.3006874129255
MEDELLÍN,LECHE PASTEURIZADA,2022-08-01,011401,D_city,1764.5431200174926
MEDELLÍN,LECHE PASTEURIZADA,2022-09-01,011401,D_city,1779.9056870584534
MEDELLÍN,LECHE PASTEURIZADA,2022-10-01,011401,D_city,1794.1412516464768
MEDELLÍN,LECHE PASTEURIZADA,2022-11-01,011401,D_city,1839.2368083527886
MEDELLÍN,LECHE PASTEURIZADA,2022-12-01,011401,D_city,1897.1392820297206
MEDELLÍN,LECHE PASTEURIZADA,2023-01-01,011401,D_city,1955.7597987637846
MEDELLÍN,LECHE PASTEURIZADA,2023-02-01,011401,D_city,2026.6537548381948
MEDELLÍN,LECHE PASTEURIZADA,2023-03-01,011401,D_city,2066.3148117212436
MEDELLÍN,LECHE PASTEURIZADA,2023-04-01,011401,D_city,2083.7709903144123
MEDELLÍN,LECHE PASTEURIZADA,2023-05-01,011401,D_city,2088.7590606389927
MEDELLÍN,LECHE PASTEURIZADA,2023-06-01,011401,D_city,2097.148677299342
MEDELLÍN,LECHE PASTEURIZADA,2023-07-01,011401,D_city,2095.107891823905
MEDELLÍN,LECHE PASTEURIZADA,2023-08-01,011401,D_city,2069.8284585053334
MEDELLÍN,LECHE PASTEURIZADA,2023-09-01,011401,D_city,2068.468321628306
MEDELLÍN,LECHE PASTEURIZADA,2023-10-01,011401,D_city,2079.463322255675
MEDELLÍN,LECHE PASTEURIZADA,2023-11-01,011401,D_city,2076.28937634651
MEDELLÍN,LECHE PASTEURIZADA,2023-12-01,011401,D_city,2077.8763360005373
MEDELLÍN,LECHE PASTEURIZADA,2024-01-01,011401,D_city,2081.0503350925114
MEDELLÍN,LECHE PASTEURIZADA,2024-02-01,011401,D_city,2089.6660106228073
MEDELLÍN,LECHE PASTEURIZADA,2024-03-01,011401,D_city,2082.9774578168663
MEDELLÍN,LECHE PASTEURIZADA,2024-04-01,011401,D_city,2080.8236173462474
MEDELLÍN,LECHE PASTEURIZADA,2024-05-01,011401,D_city,2087.96548649283
MEDELLÍN,LECHE PASTEURIZADA,2024-06-01,011401,D_city,2084.564529444248
MEDELLÍN,LECHE PASTEURIZADA,2024-07-01,011401,D_city,2085.2447111181805
MEDELLÍN,LECHE PASTEURIZADA,2024-08-01,011401,D_city,2078.1030466945135
MEDELLÍN,LECHE PASTEURIZADA,2024-09-01,011401,D_city,2090.4595989456243
MEDELLÍN,LECHE PASTEURIZADA,2024-10-01,011401,D_city,2087.512018524055
MEDELLÍN,LECHE PASTEURIZADA,2024-11-01,011401,D_city,2085.924897661523
MEDELLÍN,LECHE PASTEURIZADA,2024-12-01,011401,D_city,2108.14699277939
MEDELLÍN,LECHUGA,2019-01-01,011716,BASE_lowR2,1235.9294970943226
MEDELLÍN,LECHUGA,2019-02-01,011716,BASE_lowR2,1236.8959164059008
MEDELLÍN,LECHUGA,2019-03-01,011716,BASE_lowR2,1245.1104805543139
MEDELLÍN,LECHUGA,2019-04-01,011716,BASE_lowR2,1257.3115243629861
MEDELLÍN,LECHUGA,2019-05-01,011716,BASE_lowR2,1205.124881537774
MEDELLÍN,LECHUGA,2019-06-01,011716,BASE_lowR2,1278.451946803755
MEDELLÍN,LECHUGA,2019-07-01,011716,BASE_lowR2,1272.4118261063925
MEDELLÍN,LECHUGA,2019-08-01,011716,BASE_lowR2,1270.720592311131
MEDELLÍN,LECHUGA,2019-09-01,011716,BASE_lowR2,1312.276622708985
MEDELLÍN,LECHUGA,2019-10-01,011716,BASE_lowR2,1380.7715914170765
MEDELLÍN,LECHUGA,2019-11-01,011716,BASE_lowR2,1444.9176732230667
MEDELLÍN,LECHUGA,2019-12-01,011716,BASE_lowR2,1402.1536186857397
MEDELLÍN,LECHUGA,2020-01-01,011716,BASE_lowR2,1386.932514528386
MEDELLÍN,LECHUGA,2020-02-01,011716,BASE_lowR2,1471.0109946356727
MEDELLÍN,LECHUGA,2020-03-01,011716,BASE_lowR2,1756.8295060348682
MEDELLÍN,LECHUGA,2020-04-01,011716,BASE_lowR2,1636.3894993294593
MEDELLÍN,LECHUGA,2020-05-01,011716,BASE_lowR2,1517.1575167635228
MEDELLÍN,LECHUGA,2020-06-01,011716,BASE_lowR2,1390.5565869468037
MEDELLÍN,LECHUGA,2020-07-01,011716,BASE_lowR2,1424.381262852034
MEDELLÍN,LECHUGA,2020-08-01,011716,BASE_lowR2,1502.6612270898524
MEDELLÍN,LECHUGA,2020-09-01,011716,BASE_lowR2,1612.8330286097453
MEDELLÍN,LECHUGA,2020-10-01,011716,BASE_lowR2,1605.2224765310684
MEDELLÍN,LECHUGA,2020-11-01,011716,BASE_lowR2,1504.352460885114
MEDELLÍN,LECHUGA,2020-12-01,011716,BASE_lowR2,1572.847429593205
MEDELLÍN,LECHUGA,2021-01-01,011716,BASE_lowR2,1592.4174206526598
MEDELLÍN,LECHUGA,2021-02-01,011716,BASE_lowR2,1574.1762561466248
MEDELLÍN,LECHUGA,2021-03-01,011716,BASE_lowR2,1546.0292936969156
MEDELLÍN,LECHUGA,2021-04-01,011716,BASE_lowR2,1581.6660058113546
MEDELLÍN,LECHUGA,2021-05-01,011716,BASE_lowR2,1682.8984286991508
MEDELLÍN,LECHUGA,2021-06-01,011716,BASE_lowR2,1748.614941886455
MEDELLÍN,LECHUGA,2021-07-01,011716,BASE_lowR2,1795.6070809119356
MEDELLÍN,LECHUGA,2021-08-01,011716,BASE_lowR2,1828.3445350916404
MEDELLÍN,LECHUGA,2021-09-01,011716,BASE_lowR2,1787.030109521681
MEDELLÍN,LECHUGA,2021-10-01,011716,BASE_lowR2,1784.1308515869468
MEDELLÍN,LECHUGA,2021-11-01,011716,BASE_lowR2,1771.68820295038
MEDELLÍN,LECHUGA,2021-12-01,011716,BASE_lowR2,1811.190592311131
MEDELLÍN,LECHUGA,2022-01-01,011716,BASE_lowR2,1867.7261220384444
MEDELLÍN,LECHUGA,2022-02-01,011716,BASE_lowR2,1881.2559924005363
MEDELLÍN,LECHUGA,2022-03-01,011716,BASE_lowR2,1999.1591484130531
MEDELLÍN,LECHUGA,2022-04-01,011716,BASE_lowR2,2034.675058113545
MEDELLÍN,LECHUGA,2022-05-01,011716,BASE_lowR2,2090.485773357175
MEDELLÍN,LECHUGA,2022-06-01,011716,BASE_lowR2,2164.5376531068396
MEDELLÍN,LECHUGA,2022-07-01,011716,BASE_lowR2,2284.3736477425123
MEDELLÍN,LECHUGA,2022-08-01,011716,BASE_lowR2,2325.3256660706306
MEDELLÍN,LECHUGA,2022-09-01,011716,BASE_lowR2,2348.8821367903442
MEDELLÍN,LECHUGA,2022-10-01,011716,BASE_lowR2,2255.381068395172
MEDELLÍN,LECHUGA,2022-11-01,011716,BASE_lowR2,2278.454329459097
MEDELLÍN,LECHUGA,2022-12-01,011716,BASE_lowR2,2315.540670540903
MEDELLÍN,LECHUGA,2023-01-01,011716,BASE_lowR2,2370.8681761287435
MEDELLÍN,LECHUGA,2023-02-01,011716,BASE_lowR2,2318.802335717479
MEDELLÍN,LECHUGA,2023-03-01,011716,BASE_lowR2,2325.9296781403664
MEDELLÍN,LECHUGA,2023-04-01,011716,BASE_lowR2,2375.458667858739
MEDELLÍN,LECHUGA,2023-05-01,011716,BASE_lowR2,2254.1730442556996
MEDELLÍN,LECHUGA,2023-06-01,011716,BASE_lowR2,2185.919680375503
MEDELLÍN,LECHUGA,2023-07-01,011716,BASE_lowR2,2180.6043741618237
MEDELLÍN,LECHUGA,2023-08-01,011716,BASE_lowR2,2195.100663835494
MEDELLÍN,LECHUGA,2023-09-01,011716,BASE_lowR2,2176.8594993294587
MEDELLÍN,LECHUGA,2023-10-01,011716,BASE_lowR2,2152.699016540009
MEDELLÍN,LECHUGA,2023-11-01,011716,BASE_lowR2,2190.6309745194458
MEDELLÍN,LECHUGA,2023-12-01,011716,BASE_lowR2,2199.3287483236477
MEDELLÍN,LECHUGA,2024-01-01,011716,BASE_lowR2,2252.7234152883325
MEDELLÍN,LECHUGA,2024-02-01,011716,BASE_lowR2,2381.8611957979433
MEDELLÍN,LECHUGA,2024-03-01,011716,BASE_lowR2,2534.1930397854267
MEDELLÍN,LECHUGA,2024-04-01,011716,BASE_lowR2,2600.9967746982566
MEDELLÍN,LECHUGA,2024-05-01,011716,BASE_lowR2,2556.90389360751
MEDELLÍN,LECHUGA,2024-06-01,011716,BASE_lowR2,2432.235802413947
MEDELLÍN,LECHUGA,2024-07-01,011716,BASE_lowR2,2465.698071077336
MEDELLÍN,LECHUGA,2024-08-01,011716,BASE_lowR2,2340.546770227984
MEDELLÍN,LECHUGA,2024-09-01,011716,BASE_lowR2,2284.3736477425123
MEDELLÍN,LECHUGA,2024-10-01,011716,BASE_lowR2,2267.7029146177915
MEDELLÍN,LECHUGA,2024-11-01,011716,BASE_lowR2,2268.6693339293697
MEDELLÍN,LECHUGA,2024-12-01,011716,BASE_lowR2,2367.7273133661156
MEDELLÍN,LENTEJAS,2019-01-01,011702,BASE,2564.979450438641
MEDELLÍN,LENTEJAS,2019-02-01,011702,BASE,2531.3716234748413
MEDELLÍN,LENTEJAS,2019-03-01,011702,BASE,2478.2010315619646
MEDELLÍN,LENTEJAS,2019-04-01,011702,BASE,2461.3971180800645
MEDELLÍN,LENTEJAS,2019-05-01,011702,BASE,2476.6962034889584
MEDELLÍN,LENTEJAS,2019-06-01,011702,BASE,2480.709078350307
MEDELLÍN,LENTEJAS,2019-07-01,011702,BASE,2422.7731975395786
MEDELLÍN,LENTEJAS,2019-08-01,011702,BASE,2426.786072400928
MEDELLÍN,LENTEJAS,2019-09-01,011702,BASE,2380.3872068165774
MEDELLÍN,LENTEJAS,2019-10-01,011702,BASE,2360.8244418675004
MEDELLÍN,LENTEJAS,2019-11-01,011702,BASE,2379.3839881012404
MEDELLÍN,LENTEJAS,2019-12-01,011702,BASE,2385.6541050720984
MEDELLÍN,LENTEJAS,2020-01-01,011702,BASE,2397.441924977312
MEDELLÍN,LENTEJAS,2020-02-01,011702,BASE,2390.6701986487847
MEDELLÍN,LENTEJAS,2020-03-01,011702,BASE,2378.380769385903
MEDELLÍN,LENTEJAS,2020-04-01,011702,BASE,2578.27209841686
MEDELLÍN,LENTEJAS,2020-05-01,011702,BASE,2771.6425057981246
MEDELLÍN,LENTEJAS,2020-06-01,011702,BASE,2863.687822930322
MEDELLÍN,LENTEJAS,2020-07-01,011702,BASE,2879.739322375718
MEDELLÍN,LENTEJAS,2020-08-01,011702,BASE,2881.9965644852273
MEDELLÍN,LENTEJAS,2020-09-01,011702,BASE,2797.7261923968945
MEDELLÍN,LENTEJAS,2020-10-01,011702,BASE,2716.716281133407
MEDELLÍN,LENTEJAS,2020-11-01,011702,BASE,2692.6390319653124
MEDELLÍN,LENTEJAS,2020-12-01,011702,BASE,2631.693495008571
MEDELLÍN,LENTEJAS,2021-01-01,011702,BASE,2597.082449329434
MEDELLÍN,LENTEJAS,2021-02-01,011702,BASE,2581.7833639205405
MEDELLÍN,LENTEJAS,2021-03-01,011702,BASE,2556.4520913582737
MEDELLÍN,LENTEJAS,2021-04-01,011702,BASE,2578.27209841686
MEDELLÍN,LENTEJAS,2021-05-01,011702,BASE,2616.896018957346
MEDELLÍN,LENTEJAS,2021-06-01,011702,BASE,2738.5362881919937
MEDELLÍN,LENTEJAS,2021-07-01,011702,BASE,2819.044590097812
MEDELLÍN,LENTEJAS,2021-08-01,011702,BASE,2880.7425410910555
MEDELLÍN,LENTEJAS,2021-09-01,011702,BASE,2985.5788968438037
MEDELLÍN,LENTEJAS,2021-10-01,011702,BASE,3121.5150327720075
MEDELLÍN,LENTEJAS,2021-11-01,011702,BASE,3251.181051729354
MEDELLÍN,LENTEJAS,2021-12-01,011702,BASE,3346.2360250075626
MEDELLÍN,LENTEJAS,2022-01-01,011702,BASE,3468.1270989210448
MEDELLÍN,LENTEJAS,2022-02-01,011702,BASE,3530.075854593123
MEDELLÍN,LENTEJAS,2022-03-01,011702,BASE,3723.195457295553
MEDELLÍN,LENTEJAS,2022-04-01,011702,BASE,3798.938470303519
MEDELLÍN,LENTEJAS,2022-05-01,011702,BASE,3957.6978320056473
MEDELLÍN,LENTEJAS,2022-06-01,011702,BASE,4119.466849853787
MEDELLÍN,LENTEJAS,2022-07-01,011702,BASE,4493.667430674599
MEDELLÍN,LENTEJAS,2022-08-01,011702,BASE,4750.993031158617
MEDELLÍN,LENTEJAS,2022-09-01,011702,BASE,4815.951442976707
MEDELLÍN,LENTEJAS,2022-10-01,011702,BASE,4887.681581123324
MEDELLÍN,LENTEJAS,2022-11-01,011702,BASE,4954.14482101442
MEDELLÍN,LENTEJAS,2022-12-01,011702,BASE,4936.588493496018
MEDELLÍN,LENTEJAS,2023-01-01,011702,BASE,4872.38249571443
MEDELLÍN,LENTEJAS,2023-02-01,011702,BASE,4753.751882625794
MEDELLÍN,LENTEJAS,2023-03-01,011702,BASE,4645.4042613693655
MEDELLÍN,LENTEJAS,2023-04-01,011702,BASE,4474.104665725522
MEDELLÍN,LENTEJAS,2023-05-01,011702,BASE,4316.8501320964
MEDELLÍN,LENTEJAS,2023-06-01,011702,BASE,4288.760008066955
MEDELLÍN,LENTEJAS,2023-07-01,011702,BASE,4291.268054855299
MEDELLÍN,LENTEJAS,2023-08-01,011702,BASE,4176.650316628013
MEDELLÍN,LENTEJAS,2023-09-01,011702,BASE,3985.787956035091
MEDELLÍN,LENTEJAS,2023-10-01,011702,BASE,3932.36655944338
MEDELLÍN,LENTEJAS,2023-11-01,011702,BASE,3903.774826056267
MEDELLÍN,LENTEJAS,2023-12-01,011702,BASE,3826.5269849752945
MEDELLÍN,LENTEJAS,2024-01-01,011702,BASE,3807.7166340627205
MEDELLÍN,LENTEJAS,2024-02-01,011702,BASE,3725.2018947262277
MEDELLÍN,LENTEJAS,2024-03-01,011702,BASE,3688.082802258748
MEDELLÍN,LENTEJAS,2024-04-01,011702,BASE,3751.787190682666
MEDELLÍN,LENTEJAS,2024-05-01,011702,BASE,3948.9196682464453
MEDELLÍN,LENTEJAS,2024-06-01,011702,BASE,4128.245013612987
MEDELLÍN,LENTEJAS,2024-07-01,011702,BASE,4359.236122819401
MEDELLÍN,LENTEJAS,2024-08-01,011702,BASE,4435.982354542704
MEDELLÍN,LENTEJAS,2024-09-01,011702,BASE,4296.5349531108195
MEDELLÍN,LENTEJAS,2024-10-01,011702,BASE,4157.338356357769
MEDELLÍN,LENTEJAS,2024-11-01,011702,BASE,4146.804559846728
MEDELLÍN,LENTEJAS,2024-12-01,011702,BASE,4137.524786729858
MEDELLÍN,LIMONES,2019-01-01,011609,D_city,1990.5369661856528
MEDELLÍN,LIMONES,2019-02-01,011609,D_city,2110.79622032306
MEDELLÍN,LIMONES,2019-03-01,011609,D_city,2303.8429664594596
MEDELLÍN,LIMONES,2019-04-01,011609,D_city,2284.328815472341
MEDELLÍN,LIMONES,2019-05-01,011609,D_city,2152.0367097318876
MEDELLÍN,LIMONES,2019-06-01,011609,D_city,2191.2989704979495
MEDELLÍN,LIMONES,2019-07-01,011609,D_city,2298.8805542757964
MEDELLÍN,LIMONES,2019-08-01,011609,D_city,2470.8725394264497
MEDELLÍN,LIMONES,2019-09-01,011609,D_city,2611.882714351176
MEDELLÍN,LIMONES,2019-10-01,011609,D_city,2591.4523577764185
MEDELLÍN,LIMONES,2019-11-01,011609,D_city,2453.8864061512595
MEDELLÍN,LIMONES,2019-12-01,011609,D_city,2280.2182626572453
MEDELLÍN,LIMONES,2020-01-01,011609,D_city,2295.457520980452
MEDELLÍN,LIMONES,2020-02-01,011609,D_city,2412.8969269073423
MEDELLÍN,LIMONES,2020-03-01,011609,D_city,2684.8516097715024
MEDELLÍN,LIMONES,2020-04-01,011609,D_city,2811.572408047214
MEDELLÍN,LIMONES,2020-05-01,011609,D_city,2610.8700501799008
MEDELLÍN,LIMONES,2020-06-01,011609,D_city,2387.346520818792
MEDELLÍN,LIMONES,2020-07-01,011609,D_city,2331.54269139367
MEDELLÍN,LIMONES,2020-08-01,011609,D_city,2520.5690938965768
MEDELLÍN,LIMONES,2020-09-01,011609,D_city,2586.7221753148674
MEDELLÍN,LIMONES,2020-10-01,011609,D_city,2656.2294042055705
MEDELLÍN,LIMONES,2020-11-01,011609,D_city,2658.2508937599487
MEDELLÍN,LIMONES,2020-12-01,011609,D_city,2543.9385970322983
MEDELLÍN,LIMONES,2021-01-01,011609,D_city,2530.732635809864
MEDELLÍN,LIMONES,2021-02-01,011609,D_city,2574.5545150343446
MEDELLÍN,LIMONES,2021-03-01,011609,D_city,2678.2882903120912
MEDELLÍN,LIMONES,2021-04-01,011609,D_city,2742.8362086110083
MEDELLÍN,LIMONES,2021-05-01,011609,D_city,2785.943724466097
MEDELLÍN,LIMONES,2021-06-01,011609,D_city,2684.8516097715024
MEDELLÍN,LIMONES,2021-07-01,011609,D_city,2817.766364850721
MEDELLÍN,LIMONES,2021-08-01,011609,D_city,3025.676316507339
MEDELLÍN,LIMONES,2021-09-01,011609,D_city,3039.2924224351523
MEDELLÍN,LIMONES,2021-10-01,011609,D_city,3153.9379631995776
MEDELLÍN,LIMONES,2021-11-01,011609,D_city,3016.539821781057
MEDELLÍN,LIMONES,2021-12-01,011609,D_city,2938.673378671355
MEDELLÍN,LIMONES,2022-01-01,011609,D_city,3111.4139546023525
MEDELLÍN,LIMONES,2022-02-01,011609,D_city,3303.3565686795296
MEDELLÍN,LIMONES,2022-03-01,011609,D_city,3486.895670016394
MEDELLÍN,LIMONES,2022-04-01,011609,D_city,3490.329882808211
MEDELLÍN,LIMONES,2022-05-01,011609,D_city,3380.9063952028077
MEDELLÍN,LIMONES,2022-06-01,011609,D_city,3405.018824573841
MEDELLÍN,LIMONES,2022-07-01,011609,D_city,3490.329882808211
MEDELLÍN,LIMONES,2022-08-01,011609,D_city,3716.6815231151254
MEDELLÍN,LIMONES,2022-09-01,011609,D_city,4034.0505516926255
MEDELLÍN,LIMONES,2022-10-01,011609,D_city,4039.8448631032325
MEDELLÍN,LIMONES,2022-11-01,011609,D_city,3778.179494414013
MEDELLÍN,LIMONES,2022-12-01,011609,D_city,3640.1002177169444
MEDELLÍN,LIMONES,2023-01-01,011609,D_city,3792.929205563784
MEDELLÍN,LIMONES,2023-02-01,011609,D_city,4167.574573646873
MEDELLÍN,LIMONES,2023-03-01,011609,D_city,4496.1288293245825
MEDELLÍN,LIMONES,2023-04-01,011609,D_city,4302.871764953774
MEDELLÍN,LIMONES,2023-05-01,011609,D_city,4011.991670194968
MEDELLÍN,LIMONES,2023-06-01,011609,D_city,3923.3000977387037
MEDELLÍN,LIMONES,2023-07-01,011609,D_city,4294.719178948654
MEDELLÍN,LIMONES,2023-08-01,011609,D_city,4699.7260230339225
MEDELLÍN,LIMONES,2023-09-01,011609,D_city,4864.3728553760575
MEDELLÍN,LIMONES,2023-10-01,011609,D_city,4929.777282991757
MEDELLÍN,LIMONES,2023-11-01,011609,D_city,4529.838933864573
MEDELLÍN,LIMONES,2023-12-01,011609,D_city,4257.4515355033
MEDELLÍN,LIMONES,2024-01-01,011609,D_city,4471.624031241752
MEDELLÍN,LIMONES,2024-02-01,011609,D_city,4751.936465414862
MEDELLÍN,LIMONES,2024-03-01,011609,D_city,5190.465570142693
MEDELLÍN,LIMONES,2024-04-01,011609,D_city,5414.0489414686635
MEDELLÍN,LIMONES,2024-05-01,011609,D_city,5060.147335880337
MEDELLÍN,LIMONES,2024-06-01,011609,D_city,4574.637443996064
MEDELLÍN,LIMONES,2024-07-01,011609,D_city,4462.391161047972
MEDELLÍN,LIMONES,2024-08-01,011609,D_city,4895.11691342226
MEDELLÍN,LIMONES,2024-09-01,011609,D_city,5369.445246032617
MEDELLÍN,LIMONES,2024-10-01,011609,D_city,5273.706954485084
MEDELLÍN,LIMONES,2024-11-01,011609,D_city,5022.914047391849
MEDELLÍN,LIMONES,2024-12-01,011609,D_city,4690.859812250993
MEDELLÍN,MANTECA VEGETAL,2019-01-01,011505,BASE,2945.1115387131954
MEDELLÍN,MANTECA VEGETAL,2019-02-01,011505,BASE,2984.7793086150486
MEDELLÍN,MANTECA VEGETAL,2019-03-01,011505,BASE,2941.8793500545253
MEDELLÍN,MANTECA VEGETAL,2019-04-01,011505,BASE,3005.3477818974916
MEDELLÍN,MANTECA VEGETAL,2019-05-01,011505,BASE,3016.513524536532
MEDELLÍN,MANTECA VEGETAL,2019-06-01,011505,BASE,2989.186838604144
MEDELLÍN,MANTECA VEGETAL,2019-07-01,011505,BASE,2956.8649520174476
MEDELLÍN,MANTECA VEGETAL,2019-08-01,011505,BASE,2991.243685932388
MEDELLÍN,MANTECA VEGETAL,2019-09-01,011505,BASE,3011.812159214831
MEDELLÍN,MANTECA VEGETAL,2019-10-01,011505,BASE,2998.8834045801523
MEDELLÍN,MANTECA VEGETAL,2019-11-01,011505,BASE,2999.7649105779715
MEDELLÍN,MANTECA VEGETAL,2019-12-01,011505,BASE,2974.2012366412214
MEDELLÍN,MANTECA VEGETAL,2020-01-01,011505,BASE,2988.0114972737183
MEDELLÍN,MANTECA VEGETAL,2020-02-01,011505,BASE,3021.2148898582327
MEDELLÍN,MANTECA VEGETAL,2020-03-01,011505,BASE,3057.9443064340235
MEDELLÍN,MANTECA VEGETAL,2020-04-01,011505,BASE,3077.0436030534347
MEDELLÍN,MANTECA VEGETAL,2020-05-01,011505,BASE,3084.9771570338057
MEDELLÍN,MANTECA VEGETAL,2020-06-01,011505,BASE,3098.493582333697
MEDELLÍN,MANTECA VEGETAL,2020-07-01,011505,BASE,3106.7209716466737
MEDELLÍN,MANTECA VEGETAL,2020-08-01,011505,BASE,3121.41273827699
MEDELLÍN,MANTECA VEGETAL,2020-09-01,011505,BASE,3132.5784809160305
MEDELLÍN,MANTECA VEGETAL,2020-10-01,011505,BASE,3138.749022900763
MEDELLÍN,MANTECA VEGETAL,2020-11-01,011505,BASE,3132.8723162486367
MEDELLÍN,MANTECA VEGETAL,2020-12-01,011505,BASE,3137.867516902944
MEDELLÍN,MANTECA VEGETAL,2021-01-01,011505,BASE,3165.4880381679386
MEDELLÍN,MANTECA VEGETAL,2021-02-01,011505,BASE,3179.2982988004355
MEDELLÍN,MANTECA VEGETAL,2021-03-01,011505,BASE,3183.7058287895306
MEDELLÍN,MANTECA VEGETAL,2021-04-01,011505,BASE,3226.0181166848415
MEDELLÍN,MANTECA VEGETAL,2021-05-01,011505,BASE,3239.240706652126
MEDELLÍN,MANTECA VEGETAL,2021-06-01,011505,BASE,3301.533797164667
MEDELLÍN,MANTECA VEGETAL,2021-07-01,011505,BASE,3320.6330937840785
MEDELLÍN,MANTECA VEGETAL,2021-08-01,011505,BASE,3348.547450381679
MEDELLÍN,MANTECA VEGETAL,2021-09-01,011505,BASE,3376.755642311886
MEDELLÍN,MANTECA VEGETAL,2021-10-01,011505,BASE,3404.3761635768806
MEDELLÍN,MANTECA VEGETAL,2021-11-01,011505,BASE,3418.1864242093784
MEDELLÍN,MANTECA VEGETAL,2021-12-01,011505,BASE,3472.8397960741545
MEDELLÍN,MANTECA VEGETAL,2022-01-01,011505,BASE,3496.9342933478733
MEDELLÍN,MANTECA VEGETAL,2022-02-01,011505,BASE,3546.0047938931298
MEDELLÍN,MANTECA VEGETAL,2022-03-01,011505,BASE,3573.625315158124
MEDELLÍN,MANTECA VEGETAL,2022-04-01,011505,BASE,3608.591719738277
MEDELLÍN,MANTECA VEGETAL,2022-05-01,011505,BASE,3667.0649509269356
MEDELLÍN,MANTECA VEGETAL,2022-06-01,011505,BASE,3703.5005321701196
MEDELLÍN,MANTECA VEGETAL,2022-07-01,011505,BASE,3760.5045866957466
MEDELLÍN,MANTECA VEGETAL,2022-08-01,011505,BASE,3841.309303162486
MEDELLÍN,MANTECA VEGETAL,2022-09-01,011505,BASE,3831.906572519084
MEDELLÍN,MANTECA VEGETAL,2022-10-01,011505,BASE,3853.356551799345
MEDELLÍN,MANTECA VEGETAL,2022-11-01,011505,BASE,4041.117329334787
MEDELLÍN,MANTECA VEGETAL,2022-12-01,011505,BASE,4103.99809051254
MEDELLÍN,MANTECA VEGETAL,2023-01-01,011505,BASE,4170.40487568157
MEDELLÍN,MANTECA VEGETAL,2023-02-01,011505,BASE,4144.547366412214
MEDELLÍN,MANTECA VEGETAL,2023-03-01,011505,BASE,4221.53222355507
MEDELLÍN,MANTECA VEGETAL,2023-04-01,011505,BASE,4200.963750272627
MEDELLÍN,MANTECA VEGETAL,2023-05-01,011505,BASE,4178.926100327153
MEDELLÍN,MANTECA VEGETAL,2023-06-01,011505,BASE,4187.741160305343
MEDELLÍN,MANTECA VEGETAL,2023-07-01,011505,BASE,4178.044594329334
MEDELLÍN,MANTECA VEGETAL,2023-08-01,011505,BASE,4151.011743729552
MEDELLÍN,MANTECA VEGETAL,2023-09-01,011505,BASE,4146.6042137404575
MEDELLÍN,MANTECA VEGETAL,2023-10-01,011505,BASE,4136.319977099236
MEDELLÍN,MANTECA VEGETAL,2023-11-01,011505,BASE,4148.954896401308
MEDELLÍN,MANTECA VEGETAL,2023-12-01,011505,BASE,4234.167142857143
MEDELLÍN,MANTECA VEGETAL,2024-01-01,011505,BASE,4285.882161395856
MEDELLÍN,MANTECA VEGETAL,2024-02-01,011505,BASE,4208.603468920392
MEDELLÍN,MANTECA VEGETAL,2024-03-01,011505,BASE,4168.054193020719
MEDELLÍN,MANTECA VEGETAL,2024-04-01,011505,BASE,4123.097387131951
MEDELLÍN,MANTECA VEGETAL,2024-05-01,011505,BASE,4164.234333696837
MEDELLÍN,MANTECA VEGETAL,2024-06-01,011505,BASE,4232.404130861504
MEDELLÍN,MANTECA VEGETAL,2024-07-01,011505,BASE,4232.991801526717
MEDELLÍN,MANTECA VEGETAL,2024-08-01,011505,BASE,4184.802806979279
MEDELLÍN,MANTECA VEGETAL,2024-09-01,011505,BASE,4168.054193020719
MEDELLÍN,MANTECA VEGETAL,2024-10-01,011505,BASE,4185.684312977099
MEDELLÍN,MANTECA VEGETAL,2024-11-01,011505,BASE,4134.5569651035985
MEDELLÍN,MANTECA VEGETAL,2024-12-01,011505,BASE,4065.505661941112
MEDELLÍN,MANZANAS,2019-01-01,011609,D_city,4015.8910024280012
MEDELLÍN,MANZANAS,2019-02-01,011609,D_city,4142.210600554074
MEDELLÍN,MANZANAS,2019-03-01,011609,D_city,4338.084425742304
MEDELLÍN,MANZANAS,2019-04-01,011609,D_city,4318.645863578346
MEDELLÍN,MANZANAS,2019-05-01,011609,D_city,4184.742990452655
MEDELLÍN,MANZANAS,2019-06-01,011609,D_city,4224.879101621446
MEDELLÍN,MANZANAS,2019-07-01,011609,D_city,4333.1486286557965
MEDELLÍN,MANZANAS,2019-08-01,011609,D_city,4501.38904584876
MEDELLÍN,MANZANAS,2019-09-01,011609,D_city,4635.238289606256
MEDELLÍN,MANZANAS,2019-10-01,011609,D_city,4616.060575290275
MEDELLÍN,MANZANAS,2019-11-01,011609,D_city,4485.024815717651
MEDELLÍN,MANZANAS,2019-12-01,011609,D_city,4314.541251191417
MEDELLÍN,MANZANAS,2020-01-01,011609,D_city,4329.741022571518
MEDELLÍN,MANZANAS,2020-02-01,011609,D_city,4445.314428356999
MEDELLÍN,MANZANAS,2020-03-01,011609,D_city,4703.16181957135
MEDELLÍN,MANZANAS,2020-04-01,011609,D_city,4819.082486912766
MEDELLÍN,MANZANAS,2020-05-01,011609,D_city,4634.289386305611
MEDELLÍN,MANZANAS,2020-06-01,011609,D_city,4420.400075293788
MEDELLÍN,MANZANAS,2020-07-01,011609,D_city,4365.543887451679
MEDELLÍN,MANZANAS,2020-08-01,011609,D_city,4548.963575651769
MEDELLÍN,MANZANAS,2020-09-01,011609,D_city,4611.610249954034
MEDELLÍN,MANZANAS,2020-10-01,011609,D_city,4676.623818102599
MEDELLÍN,MANZANAS,2020-11-01,011609,D_city,4678.502523760361
MEDELLÍN,MANZANAS,2020-12-01,011609,D_city,4571.182069311939
MEDELLÍN,MANZANAS,2021-01-01,011609,D_city,4558.638433870427
MEDELLÍN,MANZANAS,2021-02-01,011609,D_city,4600.144795693184
MEDELLÍN,MANZANAS,2021-03-01,011609,D_city,4697.088273182956
MEDELLÍN,MANZANAS,2021-04-01,011609,D_city,4756.517973919701
MEDELLÍN,MANZANAS,2021-05-01,011609,D_city,4795.84028309915
MEDELLÍN,MANZANAS,2021-06-01,011609,D_city,4703.16181957135
MEDELLÍN,MANZANAS,2021-07-01,011609,D_city,4824.684653250859
MEDELLÍN,MANZANAS,2021-08-01,011609,D_city,5009.4728650828865
MEDELLÍN,MANZANAS,2021-09-01,011609,D_city,5021.362276202245
MEDELLÍN,MANZANAS,2021-10-01,011609,D_city,5120.489131661334
MEDELLÍN,MANZANAS,2021-11-01,011609,D_city,5001.480829413088
MEDELLÍN,MANZANAS,2021-12-01,011609,D_city,4932.898852458534
MEDELLÍN,MANZANAS,2022-01-01,011609,D_city,5083.92292616988
MEDELLÍN,MANZANAS,2022-02-01,011609,D_city,5247.163518259673
MEDELLÍN,MANZANAS,2022-03-01,011609,D_city,5399.1186398636055
MEDELLÍN,MANZANAS,2022-04-01,011609,D_city,5401.925421153309
MEDELLÍN,MANZANAS,2022-05-01,011609,D_city,5311.84243899792
MEDELLÍN,MANZANAS,2022-06-01,011609,D_city,5331.8098734611895
MEDELLÍN,MANZANAS,2022-07-01,011609,D_city,5401.925421153309
MEDELLÍN,MANZANAS,2022-08-01,011609,D_city,5584.135263708977
MEDELLÍN,MANZANAS,2022-09-01,011609,D_city,5831.010090388154
MEDELLÍN,MANZANAS,2022-10-01,011609,D_city,5835.430428691647
MEDELLÍN,MANZANAS,2022-11-01,011609,D_city,5632.72830085281
MEDELLÍN,MANZANAS,2022-12-01,011609,D_city,5523.090253787355
MEDELLÍN,MANZANAS,2023-01-01,011609,D_city,5644.327246698435
MEDELLÍN,MANZANAS,2023-02-01,011609,D_city,5932.123455898301
MEDELLÍN,MANZANAS,2023-03-01,011609,D_city,6174.605140755327
MEDELLÍN,MANZANAS,2023-04-01,011609,D_city,6033.0315086939045
MEDELLÍN,MANZANAS,2023-05-01,011609,D_city,5814.154422550247
MEDELLÍN,MANZANAS,2023-06-01,011609,D_city,5745.937494647401
MEDELLÍN,MANZANAS,2023-07-01,011609,D_city,6026.9938953328965
MEDELLÍN,MANZANAS,2023-08-01,011609,D_city,6320.679978346642
MEDELLÍN,MANZANAS,2023-09-01,011609,D_city,6436.637251905882
MEDELLÍN,MANZANAS,2023-10-01,011609,D_city,6482.184940232756
MEDELLÍN,MANZANAS,2023-11-01,011609,D_city,6199.003607107185
MEDELLÍN,MANZANAS,2023-12-01,011609,D_city,5999.32520219096
MEDELLÍN,MANZANAS,2024-01-01,011609,D_city,6156.814985348034
MEDELLÍN,MANZANAS,2024-02-01,011609,D_city,6357.655385125271
MEDELLÍN,MANZANAS,2024-03-01,011609,D_city,6660.956085109674
MEDELLÍN,MANZANAS,2024-04-01,011609,D_city,6810.932156826582
MEDELLÍN,MANZANAS,2024-05-01,011609,D_city,6572.131784335021
MEDELLÍN,MANZANAS,2024-06-01,011609,D_city,6231.295319002494
MEDELLÍN,MANZANAS,2024-07-01,011609,D_city,6150.100113477507
MEDELLÍN,MANZANAS,2024-08-01,011609,D_city,6458.08320822213
MEDELLÍN,MANZANAS,2024-09-01,011609,D_city,6781.249643928721
MEDELLÍN,MANZANAS,2024-10-01,011609,D_city,6717.142818484028
MEDELLÍN,MANZANAS,2024-11-01,011609,D_city,6546.555987419668
MEDELLÍN,MANZANAS,2024-12-01,011609,D_city,6314.381709487991
MEDELLÍN,MARACUYA,2019-01-01,011609,D_city,2163.4593565935897
MEDELLÍN,MARACUYA,2019-02-01,011609,D_city,2312.795001408173
MEDELLÍN,MARACUYA,2019-03-01,011609,D_city,2554.9570426231917
MEDELLÍN,MARACUYA,2019-04-01,011609,D_city,2530.3466764066357
MEDELLÍN,MARACUYA,2019-05-01,011609,D_city,2364.2808504207073
MEDELLÍN,MARACUYA,2019-06-01,011609,D_city,2413.423624022887
MEDELLÍN,MARACUYA,2019-07-01,011609,D_city,2548.6959375180772
MEDELLÍN,MARACUYA,2019-08-01,011609,D_city,2766.762725948267
MEDELLÍN,MARACUYA,2019-09-01,011609,D_city,2947.1234434550297
MEDELLÍN,MARACUYA,2019-10-01,011609,D_city,2920.906757233637
MEDELLÍN,MARACUYA,2019-11-01,011609,D_city,2745.1304708232956
MEDELLÍN,MARACUYA,2019-12-01,011609,D_city,2525.166319295936
MEDELLÍN,MARACUYA,2020-01-01,011609,D_city,2544.3781615433077
MEDELLÍN,MARACUYA,2020-02-01,011609,D_city,2693.014586626779
MEDELLÍN,MARACUYA,2020-03-01,011609,D_city,3040.988370273081
MEDELLÍN,MARACUYA,2020-04-01,011609,D_city,3204.8307910632784
MEDELLÍN,MARACUYA,2020-05-01,011609,D_city,2945.8233024597625
MEDELLÍN,MARACUYA,2020-06-01,011609,D_city,2660.590212349226
MEDELLÍN,MARACUYA,2020-07-01,011609,D_city,2589.9400152475896
MEDELLÍN,MARACUYA,2020-08-01,011609,D_city,2830.1698548789786
MEDELLÍN,MARACUYA,2020-09-01,011609,D_city,2914.840935525398
MEDELLÍN,MARACUYA,2020-10-01,011609,D_city,3004.1271868991143
MEDELLÍN,MARACUYA,2020-11-01,011609,D_city,3006.7287776258845
MEDELLÍN,MARACUYA,2020-12-01,011609,D_city,2860.0465170817574
MEDELLÍN,MARACUYA,2021-01-01,011609,D_city,2843.1587286651024
MEDELLÍN,MARACUYA,2021-02-01,011609,D_city,2899.2445819284235
MEDELLÍN,MARACUYA,2021-03-01,011609,D_city,3032.5309729650953
MEDELLÍN,MARACUYA,2021-04-01,011609,D_city,3115.829649869265
MEDELLÍN,MARACUYA,2021-05-01,011609,D_city,3171.6107325831103
MEDELLÍN,MARACUYA,2021-06-01,011609,D_city,3040.988370273081
MEDELLÍN,MARACUYA,2021-07-01,011609,D_city,3212.865716880732
MEDELLÍN,MARACUYA,2021-08-01,011609,D_city,3483.955486710129
MEDELLÍN,MARACUYA,2021-09-01,011609,D_city,3501.801020550744
MEDELLÍN,MARACUYA,2021-10-01,011609,D_city,3652.4908437539775
MEDELLÍN,MARACUYA,2021-11-01,011609,D_city,3471.987221324823
MEDELLÍN,MARACUYA,2021-12-01,011609,D_city,3370.1909045404545
MEDELLÍN,MARACUYA,2022-01-01,011609,D_city,3596.507770075789
MEDELLÍN,MARACUYA,2022-02-01,011609,D_city,3850.019354739331
MEDELLÍN,MARACUYA,2022-03-01,011609,D_city,4094.3412717949445
MEDELLÍN,MARACUYA,2022-04-01,011609,D_city,4098.930014680078
MEDELLÍN,MARACUYA,2022-05-01,011609,D_city,3953.028982556636
MEDELLÍN,MARACUYA,2022-06-01,011609,D_city,3985.1243835635164
MEDELLÍN,MARACUYA,2022-07-01,011609,D_city,4098.930014680078
MEDELLÍN,MARACUYA,2022-08-01,011609,D_city,4402.725856243249
MEDELLÍN,MARACUYA,2022-09-01,011609,D_city,4832.966755242415
MEDELLÍN,MARACUYA,2022-10-01,011609,D_city,4840.866430629364
MEDELLÍN,MARACUYA,2022-11-01,011609,D_city,4485.7131861968755
MEDELLÍN,MARACUYA,2022-12-01,011609,D_city,4299.649269167782
MEDELLÍN,MARACUYA,2023-01-01,011609,D_city,4505.644738280006
MEDELLÍN,MARACUYA,2023-02-01,011609,D_city,5015.400159453723
MEDELLÍN,MARACUYA,2023-03-01,011609,D_city,5467.697176875246
MEDELLÍN,MARACUYA,2023-04-01,011609,D_city,5201.080044000214
MEDELLÍN,MARACUYA,2023-05-01,011609,D_city,4802.907104765553
MEDELLÍN,MARACUYA,2023-06-01,011609,D_city,4682.278057264931
MEDELLÍN,MARACUYA,2023-07-01,011609,D_city,5189.86849222754
MEDELLÍN,MARACUYA,2023-08-01,011609,D_city,5750.293027034916
MEDELLÍN,MARACUYA,2023-09-01,011609,D_city,5980.066538711191
MEDELLÍN,MARACUYA,2023-10-01,011609,D_city,6071.64199042945
MEDELLÍN,MARACUYA,2023-11-01,011609,D_city,5514.36759453888
MEDELLÍN,MARACUYA,2023-12-01,011609,D_city,5138.654932988794
MEDELLÍN,MARACUYA,2024-01-01,011609,D_city,5433.801419498978
MEDELLÍN,MARACUYA,2024-02-01,011609,D_city,5823.037193462014
MEDELLÍN,MARACUYA,2024-03-01,011609,D_city,6438.2898673427235
MEDELLÍN,MARACUYA,2024-04-01,011609,D_city,6754.78551772635
MEDELLÍN,MARACUYA,2024-05-01,011609,D_city,6254.676811983772
MEDELLÍN,MARACUYA,2024-06-01,011609,D_city,5576.463593763066
MEDELLÍN,MARACUYA,2024-07-01,011609,D_city,5421.036875158487
MEDELLÍN,MARACUYA,2024-08-01,011609,D_city,6023.091564772334
MEDELLÍN,MARACUYA,2024-09-01,011609,D_city,6691.499919479257
MEDELLÍN,MARACUYA,2024-10-01,011609,D_city,6555.907688108738
MEDELLÍN,MARACUYA,2024-11-01,011609,D_city,6202.3355417335015
MEDELLÍN,MARACUYA,2024-12-01,011609,D_city,5737.9508737758415
MEDELLÍN,MORAS,2019-01-01,011608,BASE,2547.847123495403
MEDELLÍN,MORAS,2019-02-01,011608,BASE,2442.442185574827
MEDELLÍN,MORAS,2019-03-01,011608,BASE,2527.6466685622213
MEDELLÍN,MORAS,2019-04-01,011608,BASE,2780.9292958013457
MEDELLÍN,MORAS,2019-05-01,011608,BASE,2861.9900957255236
MEDELLÍN,MORAS,2019-06-01,011608,BASE,2764.3545635484784
MEDELLÍN,MORAS,2019-07-01,011608,BASE,2722.399772533409
MEDELLÍN,MORAS,2019-08-01,011608,BASE,2652.4751208416264
MEDELLÍN,MORAS,2019-09-01,011608,BASE,2612.5921713581647
MEDELLÍN,MORAS,2019-10-01,011608,BASE,2623.469339399109
MEDELLÍN,MORAS,2019-11-01,011608,BASE,2831.4304331343
MEDELLÍN,MORAS,2019-12-01,011608,BASE,3201.2541465263957
MEDELLÍN,MORAS,2020-01-01,011608,BASE,2878.3058477869395
MEDELLÍN,MORAS,2020-02-01,011608,BASE,2737.679603829021
MEDELLÍN,MORAS,2020-03-01,011608,BASE,2905.7577480807504
MEDELLÍN,MORAS,2020-04-01,011608,BASE,2906.5346886551033
MEDELLÍN,MORAS,2020-05-01,011608,BASE,3266.2581745806083
MEDELLÍN,MORAS,2020-06-01,011608,BASE,3004.4292010235995
MEDELLÍN,MORAS,2020-07-01,011608,BASE,2803.7195526490377
MEDELLÍN,MORAS,2020-08-01,011608,BASE,2737.4206236375694
MEDELLÍN,MORAS,2020-09-01,011608,BASE,2725.248554639371
MEDELLÍN,MORAS,2020-10-01,011608,BASE,2681.739882475594
MEDELLÍN,MORAS,2020-11-01,011608,BASE,2784.5550184816602
MEDELLÍN,MORAS,2020-12-01,011608,BASE,2641.0799924177804
MEDELLÍN,MORAS,2021-01-01,011608,BASE,2679.9270211354374
MEDELLÍN,MORAS,2021-02-01,011608,BASE,2706.860961046346
MEDELLÍN,MORAS,2021-03-01,011608,BASE,2714.371386598427
MEDELLÍN,MORAS,2021-04-01,011608,BASE,2706.3430006634444
MEDELLÍN,MORAS,2021-05-01,011608,BASE,2941.2380343095438
MEDELLÍN,MORAS,2021-06-01,011608,BASE,2738.9745047862766
MEDELLÍN,MORAS,2021-07-01,011608,BASE,2779.8933750355413
MEDELLÍN,MORAS,2021-08-01,011608,BASE,3044.312150507061
MEDELLÍN,MORAS,2021-09-01,011608,BASE,2939.6841531608375
MEDELLÍN,MORAS,2021-10-01,011608,BASE,2987.0775281963797
MEDELLÍN,MORAS,2021-11-01,011608,BASE,3003.393280257795
MEDELLÍN,MORAS,2021-12-01,011608,BASE,2968.1719742204527
MEDELLÍN,MORAS,2022-01-01,011608,BASE,2987.3365083878302
MEDELLÍN,MORAS,2022-02-01,011608,BASE,3105.6904558809592
MEDELLÍN,MORAS,2022-03-01,011608,BASE,3286.45862951379
MEDELLÍN,MORAS,2022-04-01,011608,BASE,3331.521182826272
MEDELLÍN,MORAS,2022-05-01,011608,BASE,3451.946971851009
MEDELLÍN,MORAS,2022-06-01,011608,BASE,3535.597573689698
MEDELLÍN,MORAS,2022-07-01,011608,BASE,3484.8374561652918
MEDELLÍN,MORAS,2022-08-01,011608,BASE,3583.249928916691
MEDELLÍN,MORAS,2022-09-01,011608,BASE,3446.767368021988
MEDELLÍN,MORAS,2022-10-01,011608,BASE,3316.2413515306607
MEDELLÍN,MORAS,2022-11-01,011608,BASE,3280.5020851104155
MEDELLÍN,MORAS,2022-12-01,011608,BASE,3335.664865889489
MEDELLÍN,MORAS,2023-01-01,011608,BASE,3385.38906264809
MEDELLÍN,MORAS,2023-02-01,011608,BASE,3561.4955928348027
MEDELLÍN,MORAS,2023-03-01,011608,BASE,3707.819401004644
MEDELLÍN,MORAS,2023-04-01,011608,BASE,3714.811866173822
MEDELLÍN,MORAS,2023-05-01,011608,BASE,3754.435835465832
MEDELLÍN,MORAS,2023-06-01,011608,BASE,3773.3413894417586
MEDELLÍN,MORAS,2023-07-01,011608,BASE,3614.586532082267
MEDELLÍN,MORAS,2023-08-01,011608,BASE,3659.9080655862
MEDELLÍN,MORAS,2023-09-01,011608,BASE,3707.301440621742
MEDELLÍN,MORAS,2023-10-01,011608,BASE,3824.360487157615
MEDELLÍN,MORAS,2023-11-01,011608,BASE,3966.2816320727893
MEDELLÍN,MORAS,2023-12-01,011608,BASE,4052.5220358259876
MEDELLÍN,MORAS,2024-01-01,011608,BASE,3927.6935835465833
MEDELLÍN,MORAS,2024-02-01,011608,BASE,3903.0904653587336
MEDELLÍN,MORAS,2024-03-01,011608,BASE,4380.908918585916
MEDELLÍN,MORAS,2024-04-01,011608,BASE,4970.865794711402
MEDELLÍN,MORAS,2024-05-01,011608,BASE,5373.838972609231
MEDELLÍN,MORAS,2024-06-01,011608,BASE,4916.738934698133
MEDELLÍN,MORAS,2024-07-01,011608,BASE,4785.953938015354
MEDELLÍN,MORAS,2024-08-01,011608,BASE,4283.532366600322
MEDELLÍN,MORAS,2024-09-01,011608,BASE,3836.5325561558143
MEDELLÍN,MORAS,2024-10-01,011608,BASE,3863.7254762581742
MEDELLÍN,MORAS,2024-11-01,011608,BASE,3910.0829305279112
MEDELLÍN,MORAS,2024-12-01,011608,BASE,4173.465785233627
MEDELLÍN,NARANJAS,2019-01-01,011605,BASE,849.0075725900115
MEDELLÍN,NARANJAS,2019-02-01,011605,BASE,826.1546109175378
MEDELLÍN,NARANJAS,2019-03-01,011605,BASE,844.9982810685249
MEDELLÍN,NARANJAS,2019-04-01,011605,BASE,859.110987224158
MEDELLÍN,NARANJAS,2019-05-01,011605,BASE,853.0168641114981
MEDELLÍN,NARANJAS,2019-06-01,011605,BASE,914.599581881533
MEDELLÍN,NARANJAS,2019-07-01,011605,BASE,915.0005110336817
MEDELLÍN,NARANJAS,2019-08-01,011605,BASE,911.6327061556328
MEDELLÍN,NARANJAS,2019-09-01,011605,BASE,928.3915447154471
MEDELLÍN,NARANJAS,2019-10-01,011605,BASE,934.405481997677
MEDELLÍN,NARANJAS,2019-11-01,011605,BASE,881.1620905923344
MEDELLÍN,NARANJAS,2019-12-01,011605,BASE,859.993031358885
MEDELLÍN,NARANJAS,2020-01-01,011605,BASE,891.6664343786294
MEDELLÍN,NARANJAS,2020-02-01,011605,BASE,912.6751219512194
MEDELLÍN,NARANJAS,2020-03-01,011605,BASE,1053.1606968641113
MEDELLÍN,NARANJAS,2020-04-01,011605,BASE,1147.539419279907
MEDELLÍN,NARANJAS,2020-05-01,011605,BASE,1057.8114750290358
MEDELLÍN,NARANJAS,2020-06-01,011605,BASE,943.8674099883854
MEDELLÍN,NARANJAS,2020-07-01,011605,BASE,925.7454123112659
MEDELLÍN,NARANJAS,2020-08-01,011605,BASE,936.8912427409988
MEDELLÍN,NARANJAS,2020-09-01,011605,BASE,950.041718931475
MEDELLÍN,NARANJAS,2020-10-01,011605,BASE,953.3293379790939
MEDELLÍN,NARANJAS,2020-11-01,011605,BASE,935.9290127758419
MEDELLÍN,NARANJAS,2020-12-01,011605,BASE,932.4008362369336
MEDELLÍN,NARANJAS,2021-01-01,011605,BASE,994.705226480836
MEDELLÍN,NARANJAS,2021-02-01,011605,BASE,1022.0485946573751
MEDELLÍN,NARANJAS,2021-03-01,011605,BASE,979.5501045296165
MEDELLÍN,NARANJAS,2021-04-01,011605,BASE,960.4658768873402
MEDELLÍN,NARANJAS,2021-05-01,011605,BASE,982.6773519163761
MEDELLÍN,NARANJAS,2021-06-01,011605,BASE,1058.4529616724737
MEDELLÍN,NARANJAS,2021-07-01,011605,BASE,1120.9979094076655
MEDELLÍN,NARANJAS,2021-08-01,011605,BASE,1097.1827177700347
MEDELLÍN,NARANJAS,2021-09-01,011605,BASE,1062.3018815331009
MEDELLÍN,NARANJAS,2021-10-01,011605,BASE,1064.7074564459929
MEDELLÍN,NARANJAS,2021-11-01,011605,BASE,1073.688269454123
MEDELLÍN,NARANJAS,2021-12-01,011605,BASE,1075.0514285714282
MEDELLÍN,NARANJAS,2022-01-01,011605,BASE,1181.057096399535
MEDELLÍN,NARANJAS,2022-02-01,011605,BASE,1271.9878281068522
MEDELLÍN,NARANJAS,2022-03-01,011605,BASE,1317.2928222996513
MEDELLÍN,NARANJAS,2022-04-01,011605,BASE,1405.4972357723577
MEDELLÍN,NARANJAS,2022-05-01,011605,BASE,1451.9248315911727
MEDELLÍN,NARANJAS,2022-06-01,011605,BASE,1498.9137282229963
MEDELLÍN,NARANJAS,2022-07-01,011605,BASE,1558.2512427409986
MEDELLÍN,NARANJAS,2022-08-01,011605,BASE,1536.2001393728224
MEDELLÍN,NARANJAS,2022-09-01,011605,BASE,1529.3843437862947
MEDELLÍN,NARANJAS,2022-10-01,011605,BASE,1474.9381649245063
MEDELLÍN,NARANJAS,2022-11-01,011605,BASE,1356.423507549361
MEDELLÍN,NARANJAS,2022-12-01,011605,BASE,1356.1829500580718
MEDELLÍN,NARANJAS,2023-01-01,011605,BASE,1545.5818815331008
MEDELLÍN,NARANJAS,2023-02-01,011605,BASE,1656.3986991869915
MEDELLÍN,NARANJAS,2023-03-01,011605,BASE,1652.6299651567942
MEDELLÍN,NARANJAS,2023-04-01,011605,BASE,1641.8048780487802
MEDELLÍN,NARANJAS,2023-05-01,011605,BASE,1671.3934494773516
MEDELLÍN,NARANJAS,2023-06-01,011605,BASE,1846.9202322880371
MEDELLÍN,NARANJAS,2023-07-01,011605,BASE,1963.4302439024389
MEDELLÍN,NARANJAS,2023-08-01,011605,BASE,1920.2902671312424
MEDELLÍN,NARANJAS,2023-09-01,011605,BASE,1649.8234610917536
MEDELLÍN,NARANJAS,2023-10-01,011605,BASE,1408.1433681765388
MEDELLÍN,NARANJAS,2023-11-01,011605,BASE,1388.5780255516838
MEDELLÍN,NARANJAS,2023-12-01,011605,BASE,1391.7052729384434
MEDELLÍN,NARANJAS,2024-01-01,011605,BASE,1519.2809291521485
MEDELLÍN,NARANJAS,2024-02-01,011605,BASE,1603.3156794425083
MEDELLÍN,NARANJAS,2024-03-01,011605,BASE,1815.96850174216
MEDELLÍN,NARANJAS,2024-04-01,011605,BASE,2106.642137049942
MEDELLÍN,NARANJAS,2024-05-01,011605,BASE,1855.339744483159
MEDELLÍN,NARANJAS,2024-06-01,011605,BASE,1849.6465505226479
MEDELLÍN,NARANJAS,2024-07-01,011605,BASE,1798.2474332171892
MEDELLÍN,NARANJAS,2024-08-01,011605,BASE,1762.1638095238093
MEDELLÍN,NARANJAS,2024-09-01,011605,BASE,1848.2833914053424
MEDELLÍN,NARANJAS,2024-10-01,011605,BASE,1791.1910801393726
MEDELLÍN,NARANJAS,2024-11-01,011605,BASE,1847.4013472706154
MEDELLÍN,NARANJAS,2024-12-01,011605,BASE,1830.2415795586526
MEDELLÍN,PAN CORRIENTE,2019-01-01,011108,D_city,3371.8277207696765
MEDELLÍN,PAN CORRIENTE,2019-02-01,011108,D_city,3376.6112857588682
MEDELLÍN,PAN CORRIENTE,2019-03-01,011108,D_city,3378.0056128185647
MEDELLÍN,PAN CORRIENTE,2019-04-01,011108,D_city,3394.3097386328436
MEDELLÍN,PAN CORRIENTE,2019-05-01,011108,D_city,3403.432368280778
MEDELLÍN,PAN CORRIENTE,2019-06-01,011108,D_city,3409.768620330483
MEDELLÍN,PAN CORRIENTE,2019-07-01,011108,D_city,3413.131456371769
MEDELLÍN,PAN CORRIENTE,2019-08-01,011108,D_city,3436.607727284561
MEDELLÍN,PAN CORRIENTE,2019-09-01,011108,D_city,3449.58065080452
MEDELLÍN,PAN CORRIENTE,2019-10-01,011108,D_city,3443.8845741102778
MEDELLÍN,PAN CORRIENTE,2019-11-01,011108,D_city,3469.9549059721057
MEDELLÍN,PAN CORRIENTE,2019-12-01,011108,D_city,3474.0589391278877
MEDELLÍN,PAN CORRIENTE,2020-01-01,011108,D_city,3481.086664150762
MEDELLÍN,PAN CORRIENTE,2020-02-01,011108,D_city,3482.6470534525224
MEDELLÍN,PAN CORRIENTE,2020-03-01,011108,D_city,3477.9644387953635
MEDELLÍN,PAN CORRIENTE,2020-04-01,011108,D_city,3490.44178671337
MEDELLÍN,PAN CORRIENTE,2020-05-01,011108,D_city,3520.3402636438695
MEDELLÍN,PAN CORRIENTE,2020-06-01,011108,D_city,3543.7097185384237
MEDELLÍN,PAN CORRIENTE,2020-07-01,011108,D_city,3551.9890228980557
MEDELLÍN,PAN CORRIENTE,2020-08-01,011108,D_city,3563.1354403651976
MEDELLÍN,PAN CORRIENTE,2020-09-01,011108,D_city,3574.2578839780235
MEDELLÍN,PAN CORRIENTE,2020-10-01,011108,D_city,3568.124317405721
MEDELLÍN,PAN CORRIENTE,2020-11-01,011108,D_city,3576.7475746048935
MEDELLÍN,PAN CORRIENTE,2020-12-01,011108,D_city,3562.7514812540885
MEDELLÍN,PAN CORRIENTE,2021-01-01,011108,D_city,3562.5594910064483
MEDELLÍN,PAN CORRIENTE,2021-02-01,011108,D_city,3581.340792371507
MEDELLÍN,PAN CORRIENTE,2021-03-01,011108,D_city,3623.6373960456026
MEDELLÍN,PAN CORRIENTE,2021-04-01,011108,D_city,3669.172240557783
MEDELLÍN,PAN CORRIENTE,2021-05-01,011108,D_city,3675.564906356768
MEDELLÍN,PAN CORRIENTE,2021-06-01,011108,D_city,3682.512937838668
MEDELLÍN,PAN CORRIENTE,2021-07-01,011108,D_city,3687.9523841617374
MEDELLÍN,PAN CORRIENTE,2021-08-01,011108,D_city,3718.982831396907
MEDELLÍN,PAN CORRIENTE,2021-09-01,011108,D_city,3760.3897372031583
MEDELLÍN,PAN CORRIENTE,2021-10-01,011108,D_city,3772.769093927139
MEDELLÍN,PAN CORRIENTE,2021-11-01,011108,D_city,3836.0761220848085
MEDELLÍN,PAN CORRIENTE,2021-12-01,011108,D_city,3901.918119095604
MEDELLÍN,PAN CORRIENTE,2022-01-01,011108,D_city,3969.6769292320114
MEDELLÍN,PAN CORRIENTE,2022-02-01,011108,D_city,3988.357671159102
MEDELLÍN,PAN CORRIENTE,2022-03-01,011108,D_city,4026.7748520759346
MEDELLÍN,PAN CORRIENTE,2022-04-01,011108,D_city,4152.302375836449
MEDELLÍN,PAN CORRIENTE,2022-05-01,011108,D_city,4200.826202419473
MEDELLÍN,PAN CORRIENTE,2022-06-01,011108,D_city,4259.500623484008
MEDELLÍN,PAN CORRIENTE,2022-07-01,011108,D_city,4372.71166065535
MEDELLÍN,PAN CORRIENTE,2022-08-01,011108,D_city,4416.572742536133
MEDELLÍN,PAN CORRIENTE,2022-09-01,011108,D_city,4472.622302589766
MEDELLÍN,PAN CORRIENTE,2022-10-01,011108,D_city,4499.158614162696
MEDELLÍN,PAN CORRIENTE,2022-11-01,011108,D_city,4506.510686505368
MEDELLÍN,PAN CORRIENTE,2022-12-01,011108,D_city,4563.899740422103
MEDELLÍN,PAN CORRIENTE,2023-01-01,011108,D_city,4662.3953655972655
MEDELLÍN,PAN CORRIENTE,2023-02-01,011108,D_city,4723.529400526007
MEDELLÍN,PAN CORRIENTE,2023-03-01,011108,D_city,4751.610294427275
MEDELLÍN,PAN CORRIENTE,2023-04-01,011108,D_city,4761.993284975048
MEDELLÍN,PAN CORRIENTE,2023-05-01,011108,D_city,4758.534022709121
MEDELLÍN,PAN CORRIENTE,2023-06-01,011108,D_city,4799.931603249238
MEDELLÍN,PAN CORRIENTE,2023-07-01,011108,D_city,4739.003853364657
MEDELLÍN,PAN CORRIENTE,2023-08-01,011108,D_city,4732.218335477981
MEDELLÍN,PAN CORRIENTE,2023-09-01,011108,D_city,4732.6919611978265
MEDELLÍN,PAN CORRIENTE,2023-10-01,011108,D_city,4724.7939297690555
MEDELLÍN,PAN CORRIENTE,2023-11-01,011108,D_city,4672.755328557852
MEDELLÍN,PAN CORRIENTE,2023-12-01,011108,D_city,4628.334793482996
MEDELLÍN,PAN CORRIENTE,2024-01-01,011108,D_city,4607.622352679277
MEDELLÍN,PAN CORRIENTE,2024-02-01,011108,D_city,4610.677046881168
MEDELLÍN,PAN CORRIENTE,2024-03-01,011108,D_city,4587.652068125604
MEDELLÍN,PAN CORRIENTE,2024-04-01,011108,D_city,4592.005531618999
MEDELLÍN,PAN CORRIENTE,2024-05-01,011108,D_city,4578.2905439216775
MEDELLÍN,PAN CORRIENTE,2024-06-01,011108,D_city,4599.899007225598
MEDELLÍN,PAN CORRIENTE,2024-07-01,011108,D_city,4590.393469440187
MEDELLÍN,PAN CORRIENTE,2024-08-01,011108,D_city,4587.3294761175675
MEDELLÍN,PAN CORRIENTE,2024-09-01,011108,D_city,4579.905540331755
MEDELLÍN,PAN CORRIENTE,2024-10-01,011108,D_city,4574.089714945487
MEDELLÍN,PAN CORRIENTE,2024-11-01,011108,D_city,4585.877618603513
MEDELLÍN,PAN CORRIENTE,2024-12-01,011108,D_city,4603.279069457329
MEDELLÍN,PAN FRANCÉS,2019-01-01,011108,D_city,5728.205204326932
MEDELLÍN,PAN FRANCÉS,2019-02-01,011108,D_city,5754.12433676529
MEDELLÍN,PAN FRANCÉS,2019-03-01,011108,D_city,5761.694434141823
MEDELLÍN,PAN FRANCÉS,2019-04-01,011108,D_city,5850.72066659004
MEDELLÍN,PAN FRANCÉS,2019-05-01,011108,D_city,5900.942792155002
MEDELLÍN,PAN FRANCÉS,2019-06-01,011108,D_city,5935.998793026578
MEDELLÍN,PAN FRANCÉS,2019-07-01,011108,D_city,5954.661950322191
MEDELLÍN,PAN FRANCÉS,2019-08-01,011108,D_city,6086.074044018072
MEDELLÍN,PAN FRANCÉS,2019-09-01,011108,D_city,6159.538547059147
MEDELLÍN,PAN FRANCÉS,2019-10-01,011108,D_city,6127.207706779626
MEDELLÍN,PAN FRANCÉS,2019-11-01,011108,D_city,6276.140437814125
MEDELLÍN,PAN FRANCÉS,2019-12-01,011108,D_city,6299.80962759457
MEDELLÍN,PAN FRANCÉS,2020-01-01,011108,D_city,6340.482708288252
MEDELLÍN,PAN FRANCÉS,2020-02-01,011108,D_city,6349.537862166729
MEDELLÍN,PAN FRANCÉS,2020-03-01,011108,D_city,6322.390608124719
MEDELLÍN,PAN FRANCÉS,2020-04-01,011108,D_city,6394.9046484854825
MEDELLÍN,PAN FRANCÉS,2020-05-01,011108,D_city,6570.982009636418
MEDELLÍN,PAN FRANCÉS,2020-06-01,011108,D_city,6710.902983432731
MEDELLÍN,PAN FRANCÉS,2020-07-01,011108,D_city,6760.960270781156
MEDELLÍN,PAN FRANCÉS,2020-08-01,011108,D_city,6828.756058965133
MEDELLÍN,PAN FRANCÉS,2020-09-01,011108,D_city,6896.869415196263
MEDELLÍN,PAN FRANCÉS,2020-10-01,011108,D_city,6859.250372708776
MEDELLÍN,PAN FRANCÉS,2020-11-01,011108,D_city,6912.1797489236105
MEDELLÍN,PAN FRANCÉS,2020-12-01,011108,D_city,6826.4129855558485
MEDELLÍN,PAN FRANCÉS,2021-01-01,011108,D_city,6825.241590456499
MEDELLÍN,PAN FRANCÉS,2021-02-01,011108,D_city,6940.48686235043
MEDELLÍN,PAN FRANCÉS,2021-03-01,011108,D_city,7204.901111145413
MEDELLÍN,PAN FRANCÉS,2021-04-01,011108,D_city,7497.194783265614
MEDELLÍN,PAN FRANCÉS,2021-05-01,011108,D_city,7538.870368415845
MEDELLÍN,PAN FRANCÉS,2021-06-01,011108,D_city,7584.346463485566
MEDELLÍN,PAN FRANCÉS,2021-07-01,011108,D_city,7620.079659975984
MEDELLÍN,PAN FRANCÉS,2021-08-01,011108,D_city,7826.138473711305
MEDELLÍN,PAN FRANCÉS,2021-09-01,011108,D_city,8107.012443493892
MEDELLÍN,PAN FRANCÉS,2021-10-01,011108,D_city,8192.308639299083
MEDELLÍN,PAN FRANCÉS,2021-11-01,011108,D_city,8638.149942179309
MEDELLÍN,PAN FRANCÉS,2021-12-01,011108,D_city,9119.210753525016
MEDELLÍN,PAN FRANCÉS,2022-01-01,011108,D_city,9633.140168439562
MEDELLÍN,PAN FRANCÉS,2022-02-01,011108,D_city,9778.244470410325
MEDELLÍN,PAN FRANCÉS,2022-03-01,011108,D_city,10081.352600653147
MEDELLÍN,PAN FRANCÉS,2022-04-01,011108,D_city,11116.639182564388
MEDELLÍN,PAN FRANCÉS,2022-05-01,011108,D_city,11535.641008028317
MEDELLÍN,PAN FRANCÉS,2022-06-01,011108,D_city,12056.607918520205
MEDELLÍN,PAN FRANCÉS,2022-07-01,011108,D_city,13107.008476698567
MEDELLÍN,PAN FRANCÉS,2022-08-01,011108,D_city,13530.286535891382
MEDELLÍN,PAN FRANCÉS,2022-09-01,011108,D_city,14084.714329360293
MEDELLÍN,PAN FRANCÉS,2022-10-01,011108,D_city,14352.557774242812
MEDELLÍN,PAN FRANCÉS,2022-11-01,011108,D_city,14427.379117226812
MEDELLÍN,PAN FRANCÉS,2022-12-01,011108,D_city,15020.64320084692
MEDELLÍN,PAN FRANCÉS,2023-01-01,011108,D_city,16077.49974672186
MEDELLÍN,PAN FRANCÉS,2023-02-01,011108,D_city,16758.492944501868
MEDELLÍN,PAN FRANCÉS,2023-03-01,011108,D_city,17077.82279702059
MEDELLÍN,PAN FRANCÉS,2023-04-01,011108,D_city,17196.94511106549
MEDELLÍN,PAN FRANCÉS,2023-05-01,011108,D_city,17157.194468369154
MEDELLÍN,PAN FRANCÉS,2023-06-01,011108,D_city,17637.051824144513
MEDELLÍN,PAN FRANCÉS,2023-07-01,011108,D_city,16933.95356415363
MEDELLÍN,PAN FRANCÉS,2023-08-01,011108,D_city,16856.86007322742
MEDELLÍN,PAN FRANCÉS,2023-09-01,011108,D_city,16862.233327952057
MEDELLÍN,PAN FRANCÉS,2023-10-01,011108,D_city,16772.784087590175
MEDELLÍN,PAN FRANCÉS,2023-11-01,011108,D_city,16191.541548412166
MEDELLÍN,PAN FRANCÉS,2023-12-01,011108,D_city,15706.447635345841
MEDELLÍN,PAN FRANCÉS,2024-01-01,011108,D_city,15483.705188663771
MEDELLÍN,PAN FRANCÉS,2024-02-01,011108,D_city,15516.418384842716
MEDELLÍN,PAN FRANCÉS,2024-03-01,011108,D_city,15271.005074061046
MEDELLÍN,PAN FRANCÉS,2024-04-01,011108,D_city,15317.20113051456
MEDELLÍN,PAN FRANCÉS,2024-05-01,011108,D_city,15171.990709419522
MEDELLÍN,PAN FRANCÉS,2024-06-01,011108,D_city,15401.205764880524
MEDELLÍN,PAN FRANCÉS,2024-07-01,011108,D_city,15300.083839604564
MEDELLÍN,PAN FRANCÉS,2024-08-01,011108,D_city,15267.585750780678
MEDELLÍN,PAN FRANCÉS,2024-09-01,011108,D_city,15189.040571439327
MEDELLÍN,PAN FRANCÉS,2024-10-01,011108,D_city,15127.703157520176
MEDELLÍN,PAN FRANCÉS,2024-11-01,011108,D_city,15252.203245986977
MEDELLÍN,PAN FRANCÉS,2024-12-01,011108,D_city,15437.273794467985
MEDELLÍN,PAN INTEGRAL,2019-01-01,011108,D_city,3617.584310128842
MEDELLÍN,PAN INTEGRAL,2019-02-01,011108,D_city,3622.0047605173377
MEDELLÍN,PAN INTEGRAL,2019-03-01,011108,D_city,3623.293082488081
MEDELLÍN,PAN INTEGRAL,2019-04-01,011108,D_city,3638.35221058944
MEDELLÍN,PAN INTEGRAL,2019-05-01,011108,D_city,3646.7738517593975
MEDELLÍN,PAN INTEGRAL,2019-06-01,011108,D_city,3652.6213808425905
MEDELLÍN,PAN INTEGRAL,2019-07-01,011108,D_city,3655.724225281131
MEDELLÍN,PAN INTEGRAL,2019-08-01,011108,D_city,3677.373693585619
MEDELLÍN,PAN INTEGRAL,2019-09-01,011108,D_city,3689.3283315770386
MEDELLÍN,PAN INTEGRAL,2019-10-01,011108,D_city,3684.080126560107
MEDELLÍN,PAN INTEGRAL,2019-11-01,011108,D_city,3708.0907829313596
MEDELLÍN,PAN INTEGRAL,2019-12-01,011108,D_city,3711.868296565646
MEDELLÍN,PAN INTEGRAL,2020-01-01,011108,D_city,3718.335455439916
MEDELLÍN,PAN INTEGRAL,2020-02-01,011108,D_city,3719.771134751698
MEDELLÍN,PAN INTEGRAL,2020-03-01,011108,D_city,3715.462497845186
MEDELLÍN,PAN INTEGRAL,2020-04-01,011108,D_city,3726.9415604432024
MEDELLÍN,PAN INTEGRAL,2020-05-01,011108,D_city,3754.424832541258
MEDELLÍN,PAN INTEGRAL,2020-06-01,011108,D_city,3775.883969341112
MEDELLÍN,PAN INTEGRAL,2020-07-01,011108,D_city,3783.4817774988132
MEDELLÍN,PAN INTEGRAL,2020-08-01,011108,D_city,3793.7068224677137
MEDELLÍN,PAN INTEGRAL,2020-09-01,011108,D_city,3803.905457129392
MEDELLÍN,PAN INTEGRAL,2020-10-01,011108,D_city,3798.281877791001
MEDELLÍN,PAN INTEGRAL,2020-11-01,011108,D_city,3806.18775586798
MEDELLÍN,PAN INTEGRAL,2020-12-01,011108,D_city,3793.354675550941
MEDELLÍN,PAN INTEGRAL,2021-01-01,011108,D_city,3793.1785903136984
MEDELLÍN,PAN INTEGRAL,2021-02-01,011108,D_city,3810.397779699373
MEDELLÍN,PAN INTEGRAL,2021-03-01,011108,D_city,3849.130712578198
MEDELLÍN,PAN INTEGRAL,2021-04-01,011108,D_city,3890.759086651309
MEDELLÍN,PAN INTEGRAL,2021-05-01,011108,D_city,3896.5975703409235
MEDELLÍN,PAN INTEGRAL,2021-06-01,011108,D_city,3902.941679037578
MEDELLÍN,PAN INTEGRAL,2021-07-01,011108,D_city,3907.907170928697
MEDELLÍN,PAN INTEGRAL,2021-08-01,011108,D_city,3936.214487367767
MEDELLÍN,PAN INTEGRAL,2021-09-01,011108,D_city,3973.936753767807
MEDELLÍN,PAN INTEGRAL,2021-10-01,011108,D_city,3985.2033164363816
MEDELLÍN,PAN INTEGRAL,2021-11-01,011108,D_city,4042.7399292003297
MEDELLÍN,PAN INTEGRAL,2021-12-01,011108,D_city,4102.441020267878
MEDELLÍN,PAN INTEGRAL,2022-01-01,011108,D_city,4163.734553224649
MEDELLÍN,PAN INTEGRAL,2022-02-01,011108,D_city,4180.607262530239
MEDELLÍN,PAN INTEGRAL,2022-03-01,011108,D_city,4215.271851497676
MEDELLÍN,PAN INTEGRAL,2022-04-01,011108,D_city,4328.221048574319
MEDELLÍN,PAN INTEGRAL,2022-05-01,011108,D_city,4371.755134908341
MEDELLÍN,PAN INTEGRAL,2022-06-01,011108,D_city,4424.303087473533
MEDELLÍN,PAN INTEGRAL,2022-07-01,011108,D_city,4525.411313960981
MEDELLÍN,PAN INTEGRAL,2022-08-01,011108,D_city,4564.485500028721
MEDELLÍN,PAN INTEGRAL,2022-09-01,011108,D_city,4614.339796957491
MEDELLÍN,PAN INTEGRAL,2022-10-01,011108,D_city,4637.912747103514
MEDELLÍN,PAN INTEGRAL,2022-11-01,011108,D_city,4644.440386016382
MEDELLÍN,PAN INTEGRAL,2022-12-01,011108,D_city,4695.343539167863
MEDELLÍN,PAN INTEGRAL,2023-01-01,011108,D_city,4782.501628371712
MEDELLÍN,PAN INTEGRAL,2023-02-01,011108,D_city,4836.470142523328
MEDELLÍN,PAN INTEGRAL,2023-03-01,011108,D_city,4861.2271697523265
MEDELLÍN,PAN INTEGRAL,2023-04-01,011108,D_city,4870.376010722591
MEDELLÍN,PAN INTEGRAL,2023-05-01,011108,D_city,4867.328232890041
MEDELLÍN,PAN INTEGRAL,2023-06-01,011108,D_city,4903.781427964895
MEDELLÍN,PAN INTEGRAL,2023-07-01,011108,D_city,4850.115437778691
MEDELLÍN,PAN INTEGRAL,2023-08-01,011108,D_city,4844.132763438132
MEDELLÍN,PAN INTEGRAL,2023-09-01,011108,D_city,4844.55038966482
MEDELLÍN,PAN INTEGRAL,2023-10-01,011108,D_city,4837.585430302758
MEDELLÍN,PAN INTEGRAL,2023-11-01,011108,D_city,4791.654168478952
MEDELLÍN,PAN INTEGRAL,2023-12-01,011108,D_city,4752.390805330369
MEDELLÍN,PAN INTEGRAL,2024-01-01,011108,D_city,4734.065222685132
MEDELLÍN,PAN INTEGRAL,2024-02-01,011108,D_city,4736.768616944091
MEDELLÍN,PAN INTEGRAL,2024-03-01,011108,D_city,4716.385457639015
MEDELLÍN,PAN INTEGRAL,2024-04-01,011108,D_city,4720.240502256929
MEDELLÍN,PAN INTEGRAL,2024-05-01,011108,D_city,4708.093996372165
MEDELLÍN,PAN INTEGRAL,2024-06-01,011108,D_city,4727.22897902314
MEDELLÍN,PAN INTEGRAL,2024-07-01,011108,D_city,4718.813060769044
MEDELLÍN,PAN INTEGRAL,2024-08-01,011108,D_city,4716.099778338801
MEDELLÍN,PAN INTEGRAL,2024-09-01,011108,D_city,4709.524559263657
MEDELLÍN,PAN INTEGRAL,2024-10-01,011108,D_city,4704.372576823452
MEDELLÍN,PAN INTEGRAL,2024-11-01,011108,D_city,4714.8140156794
MEDELLÍN,PAN INTEGRAL,2024-12-01,011108,D_city,4730.221003649055
MEDELLÍN,PANELA,2019-01-01,011802,BASE,1742.4643213844251
MEDELLÍN,PANELA,2019-02-01,011802,BASE,1733.5813065512978
MEDELLÍN,PANELA,2019-03-01,011802,BASE,1710.0674437577256
MEDELLÍN,PANELA,2019-04-01,011802,BASE,1717.5570444993816
MEDELLÍN,PANELA,2019-05-01,011802,BASE,1711.809211372064
MEDELLÍN,PANELA,2019-06-01,011802,BASE,1703.4487268232383
MEDELLÍN,PANELA,2019-07-01,011802,BASE,1686.2052274412854
MEDELLÍN,PANELA,2019-08-01,011802,BASE,1687.2502880098887
MEDELLÍN,PANELA,2019-09-01,011802,BASE,1676.7996823238561
MEDELLÍN,PANELA,2019-10-01,011802,BASE,1664.7814857849194
MEDELLÍN,PANELA,2019-11-01,011802,BASE,1671.5743794808402
MEDELLÍN,PANELA,2019-12-01,011802,BASE,1673.4903238566128
MEDELLÍN,PANELA,2020-01-01,011802,BASE,1687.4244647713224
MEDELLÍN,PANELA,2020-02-01,011802,BASE,1682.3733386897402
MEDELLÍN,PANELA,2020-03-01,011802,BASE,1674.8837379480838
MEDELLÍN,PANELA,2020-04-01,011802,BASE,1824.3273992583431
MEDELLÍN,PANELA,2020-05-01,011802,BASE,1883.5474981458588
MEDELLÍN,PANELA,2020-06-01,011802,BASE,1904.971239802225
MEDELLÍN,PANELA,2020-07-01,011802,BASE,1889.2953312731765
MEDELLÍN,PANELA,2020-08-01,011802,BASE,1909.848189122373
MEDELLÍN,PANELA,2020-09-01,011802,BASE,1942.9417737948083
MEDELLÍN,PANELA,2020-10-01,011802,BASE,1987.5310247218788
MEDELLÍN,PANELA,2020-11-01,011802,BASE,2019.5795488257104
MEDELLÍN,PANELA,2020-12-01,011802,BASE,2036.8230482076635
MEDELLÍN,PANELA,2021-01-01,011802,BASE,2075.141935723115
MEDELLÍN,PANELA,2021-02-01,011802,BASE,2099.1783288009883
MEDELLÍN,PANELA,2021-03-01,011802,BASE,2108.061343634116
MEDELLÍN,PANELA,2021-04-01,011802,BASE,2112.067409147095
MEDELLÍN,PANELA,2021-05-01,011802,BASE,2134.536211372064
MEDELLÍN,PANELA,2021-06-01,011802,BASE,2183.479881334981
MEDELLÍN,PANELA,2021-07-01,011802,BASE,2226.1531878862793
MEDELLÍN,PANELA,2021-08-01,011802,BASE,2278.5803930778734
MEDELLÍN,PANELA,2021-09-01,011802,BASE,2284.850756489493
MEDELLÍN,PANELA,2021-10-01,011802,BASE,2300.5266650185413
MEDELLÍN,PANELA,2021-11-01,011802,BASE,2298.9590741656366
MEDELLÍN,PANELA,2021-12-01,011802,BASE,2297.2173065512975
MEDELLÍN,PANELA,2022-01-01,011802,BASE,2310.4547404202717
MEDELLÍN,PANELA,2022-02-01,011802,BASE,2310.6289171817057
MEDELLÍN,PANELA,2022-03-01,011802,BASE,2317.770164400494
MEDELLÍN,PANELA,2022-04-01,011802,BASE,2321.950406674907
MEDELLÍN,PANELA,2022-05-01,011802,BASE,2324.9114116192823
MEDELLÍN,PANELA,2022-06-01,011802,BASE,2340.935673671199
MEDELLÍN,PANELA,2022-07-01,011802,BASE,2344.7675624227436
MEDELLÍN,PANELA,2022-08-01,011802,BASE,2345.464269468479
MEDELLÍN,PANELA,2022-09-01,011802,BASE,2358.5275265760192
MEDELLÍN,PANELA,2022-10-01,011802,BASE,2368.4556019777497
MEDELLÍN,PANELA,2022-11-01,011802,BASE,2389.0084598269464
MEDELLÍN,PANELA,2022-12-01,011802,BASE,2403.8134845488253
MEDELLÍN,PANELA,2023-01-01,011802,BASE,2418.44433250927
MEDELLÍN,PANELA,2023-02-01,011802,BASE,2465.994588380717
MEDELLÍN,PANELA,2023-03-01,011802,BASE,2504.836006180469
MEDELLÍN,PANELA,2023-04-01,011802,BASE,2530.2658133498144
MEDELLÍN,PANELA,2023-05-01,011802,BASE,2536.5361767614336
MEDELLÍN,PANELA,2023-06-01,011802,BASE,2550.296140914709
MEDELLÍN,PANELA,2023-07-01,011802,BASE,2540.019711990111
MEDELLÍN,PANELA,2023-08-01,011802,BASE,2552.3862620519158
MEDELLÍN,PANELA,2023-09-01,011802,BASE,2518.4217935723113
MEDELLÍN,PANELA,2023-10-01,011802,BASE,2518.0734400494434
MEDELLÍN,PANELA,2023-11-01,011802,BASE,2501.352470951792
MEDELLÍN,PANELA,2023-12-01,011802,BASE,2513.196490729295
MEDELLÍN,PANELA,2024-01-01,011802,BASE,2502.745885043263
MEDELLÍN,PANELA,2024-02-01,011802,BASE,2555.521443757725
MEDELLÍN,PANELA,2024-03-01,011802,BASE,2557.437388133498
MEDELLÍN,PANELA,2024-04-01,011802,BASE,2599.0656341161925
MEDELLÍN,PANELA,2024-05-01,011802,BASE,2583.7380791100118
MEDELLÍN,PANELA,2024-06-01,011802,BASE,2606.9035883807164
MEDELLÍN,PANELA,2024-07-01,011802,BASE,2602.5491693448694
MEDELLÍN,PANELA,2024-08-01,011802,BASE,2634.0751631644
MEDELLÍN,PANELA,2024-09-01,011802,BASE,2655.8472583436337
MEDELLÍN,PANELA,2024-10-01,011802,BASE,2699.7398022249686
MEDELLÍN,PANELA,2024-11-01,011802,BASE,2811.2129295426453
MEDELLÍN,PANELA,2024-12-01,011802,BASE,2985.2155142150796
MEDELLÍN,PAPA,2019-01-01,011705,D_city,1033.6538915324752
MEDELLÍN,PAPA,2019-02-01,011705,D_city,1095.4256454843605
MEDELLÍN,PAPA,2019-03-01,011705,D_city,1136.703734441537
MEDELLÍN,PAPA,2019-04-01,011705,D_city,1230.8868380785811
MEDELLÍN,PAPA,2019-05-01,011705,D_city,1187.4494408865676
MEDELLÍN,PAPA,2019-06-01,011705,D_city,1203.5478236783345
MEDELLÍN,PAPA,2019-07-01,011705,D_city,1211.0925427932336
MEDELLÍN,PAPA,2019-08-01,011705,D_city,1134.9775532106573
MEDELLÍN,PAPA,2019-09-01,011705,D_city,1163.0241791441426
MEDELLÍN,PAPA,2019-10-01,011705,D_city,1250.804658759786
MEDELLÍN,PAPA,2019-11-01,011705,D_city,1240.1791577482563
MEDELLÍN,PAPA,2019-12-01,011705,D_city,1082.3639334954096
MEDELLÍN,PAPA,2020-01-01,011705,D_city,1000.5940187531791
MEDELLÍN,PAPA,2020-02-01,011705,D_city,1019.2317558744992
MEDELLÍN,PAPA,2020-03-01,011705,D_city,1252.3376827736417
MEDELLÍN,PAPA,2020-04-01,011705,D_city,1199.9804765776466
MEDELLÍN,PAPA,2020-05-01,011705,D_city,1184.0889571015603
MEDELLÍN,PAPA,2020-06-01,011705,D_city,1169.9412159827345
MEDELLÍN,PAPA,2020-07-01,011705,D_city,1069.717290827045
MEDELLÍN,PAPA,2020-08-01,011705,D_city,1018.4253246089077
MEDELLÍN,PAPA,2020-09-01,011705,D_city,938.3038266090559
MEDELLÍN,PAPA,2020-10-01,011705,D_city,866.3139459445324
MEDELLÍN,PAPA,2020-11-01,011705,D_city,825.6947293464972
MEDELLÍN,PAPA,2020-12-01,011705,D_city,785.1097978735586
MEDELLÍN,PAPA,2021-01-01,011705,D_city,872.6973259110546
MEDELLÍN,PAPA,2021-02-01,011705,D_city,954.0518617498427
MEDELLÍN,PAPA,2021-03-01,011705,D_city,1254.4841273865159
MEDELLÍN,PAPA,2021-04-01,011705,D_city,1443.3664814594167
MEDELLÍN,PAPA,2021-05-01,011705,D_city,2043.5771159519181
MEDELLÍN,PAPA,2021-06-01,011705,D_city,1436.2481327319204
MEDELLÍN,PAPA,2021-07-01,011705,D_city,1242.3242024044546
MEDELLÍN,PAPA,2021-08-01,011705,D_city,1185.7182029701646
MEDELLÍN,PAPA,2021-09-01,011705,D_city,1177.7770479975807
MEDELLÍN,PAPA,2021-10-01,011705,D_city,1192.6441674645612
MEDELLÍN,PAPA,2021-11-01,011705,D_city,1258.7777537354327
MEDELLÍN,PAPA,2021-12-01,011705,D_city,1536.42618475013
MEDELLÍN,PAPA,2022-01-01,011705,D_city,1985.4413773989918
MEDELLÍN,PAPA,2022-02-01,011705,D_city,2351.8557236206275
MEDELLÍN,PAPA,2022-03-01,011705,D_city,2649.219987896855
MEDELLÍN,PAPA,2022-04-01,011705,D_city,2634.0707934902853
MEDELLÍN,PAPA,2022-05-01,011705,D_city,2169.508358267514
MEDELLÍN,PAPA,2022-06-01,011705,D_city,1721.1578228233677
MEDELLÍN,PAPA,2022-07-01,011705,D_city,1582.2688276541678
MEDELLÍN,PAPA,2022-08-01,011705,D_city,1471.450017866891
MEDELLÍN,PAPA,2022-09-01,011705,D_city,1422.1216057458976
MEDELLÍN,PAPA,2022-10-01,011705,D_city,1546.8935703783561
MEDELLÍN,PAPA,2022-11-01,011705,D_city,1884.425666697183
MEDELLÍN,PAPA,2022-12-01,011705,D_city,2303.38240454988
MEDELLÍN,PAPA,2023-01-01,011705,D_city,2581.577447099483
MEDELLÍN,PAPA,2023-02-01,011705,D_city,2565.596665634049
MEDELLÍN,PAPA,2023-03-01,011705,D_city,2429.017624735858
MEDELLÍN,PAPA,2023-04-01,011705,D_city,2153.395128426611
MEDELLÍN,PAPA,2023-05-01,011705,D_city,1898.2942797518224
MEDELLÍN,PAPA,2023-06-01,011705,D_city,1716.355675591967
MEDELLÍN,PAPA,2023-07-01,011705,D_city,1545.4423618688695
MEDELLÍN,PAPA,2023-08-01,011705,D_city,1623.3122394103211
MEDELLÍN,PAPA,2023-09-01,011705,D_city,1673.5939039595658
MEDELLÍN,PAPA,2023-10-01,011705,D_city,2062.5929946472106
MEDELLÍN,PAPA,2023-11-01,011705,D_city,2138.0314714621136
MEDELLÍN,PAPA,2023-12-01,011705,D_city,2011.171837789041
MEDELLÍN,PAPA,2024-01-01,011705,D_city,2014.0204203833753
MEDELLÍN,PAPA,2024-02-01,011705,D_city,1980.9092150089962
MEDELLÍN,PAPA,2024-03-01,011705,D_city,2053.9287437921544
MEDELLÍN,PAPA,2024-04-01,011705,D_city,2308.0669762344396
MEDELLÍN,PAPA,2024-05-01,011705,D_city,2712.56518764631
MEDELLÍN,PAPA,2024-06-01,011705,D_city,2785.2812574113123
MEDELLÍN,PAPA,2024-07-01,011705,D_city,3078.8020392343856
MEDELLÍN,PAPA,2024-08-01,011705,D_city,2810.7351296472534
MEDELLÍN,PAPA,2024-09-01,011705,D_city,2720.961335193478
MEDELLÍN,PAPA,2024-10-01,011705,D_city,2373.503954626795
MEDELLÍN,PAPA,2024-11-01,011705,D_city,2252.2133443663292
MEDELLÍN,PAPA,2024-12-01,011705,D_city,2096.5337233176724
MEDELLÍN,PAPA CRIOLLA,2019-01-01,011705,BASE_lowR2,2035.6504610693835
MEDELLÍN,PAPA CRIOLLA,2019-02-01,011705,BASE_lowR2,2148.9378671822715
MEDELLÍN,PAPA CRIOLLA,2019-03-01,011705,BASE_lowR2,2224.401000223098
MEDELLÍN,PAPA CRIOLLA,2019-04-01,011705,BASE_lowR2,2395.908120770432
MEDELLÍN,PAPA CRIOLLA,2019-05-01,011705,BASE_lowR2,2316.9221387670113
MEDELLÍN,PAPA CRIOLLA,2019-06-01,011705,BASE_lowR2,2346.2174090875287
MEDELLÍN,PAPA CRIOLLA,2019-07-01,011705,BASE_lowR2,2359.9379787313155
MEDELLÍN,PAPA CRIOLLA,2019-08-01,011705,BASE_lowR2,2221.248977467093
MEDELLÍN,PAPA CRIOLLA,2019-09-01,011705,BASE_lowR2,2272.422993976352
MEDELLÍN,PAPA CRIOLLA,2019-10-01,011705,BASE_lowR2,2432.063675912843
MEDELLÍN,PAPA CRIOLLA,2019-11-01,011705,BASE_lowR2,2412.780713170224
MEDELLÍN,PAPA CRIOLLA,2019-12-01,011705,BASE_lowR2,2125.0195768572917
MEDELLÍN,PAPA CRIOLLA,2020-01-01,011705,BASE_lowR2,1974.8349631888154
MEDELLÍN,PAPA CRIOLLA,2020-02-01,011705,BASE_lowR2,2009.1363872982822
MEDELLÍN,PAPA CRIOLLA,2020-03-01,011705,BASE_lowR2,2434.844872462259
MEDELLÍN,PAPA CRIOLLA,2020-04-01,011705,BASE_lowR2,2339.727950472224
MEDELLÍN,PAPA CRIOLLA,2020-05-01,011705,BASE_lowR2,2310.8035063582956
MEDELLÍN,PAPA CRIOLLA,2020-06-01,011705,BASE_lowR2,2285.0310850003716
MEDELLÍN,PAPA CRIOLLA,2020-07-01,011705,BASE_lowR2,2101.84293894549
MEDELLÍN,PAPA CRIOLLA,2020-08-01,011705,BASE_lowR2,2007.653082471927
MEDELLÍN,PAPA CRIOLLA,2020-09-01,011705,BASE_lowR2,1859.878839146278
MEDELLÍN,PAPA CRIOLLA,2020-10-01,011705,BASE_lowR2,1726.381404774299
MEDELLÍN,PAPA CRIOLLA,2020-11-01,011705,BASE_lowR2,1650.7328586301778
MEDELLÍN,PAPA CRIOLLA,2020-12-01,011705,BASE_lowR2,1574.8988993827618
MEDELLÍN,PAPA CRIOLLA,2021-01-01,011705,BASE_lowR2,1738.2478433851416
MEDELLÍN,PAPA CRIOLLA,2021-02-01,011705,BASE_lowR2,1888.988696363501
MEDELLÍN,PAPA CRIOLLA,2021-03-01,011705,BASE_lowR2,2438.738547631442
MEDELLÍN,PAPA CRIOLLA,2021-04-01,011705,BASE_lowR2,2779.7132445898715
MEDELLÍN,PAPA CRIOLLA,2021-05-01,011705,BASE_lowR2,3845.0969361195803
MEDELLÍN,PAPA CRIOLLA,2021-06-01,011705,BASE_lowR2,2766.9197404625565
MEDELLÍN,PAPA CRIOLLA,2021-07-01,011705,BASE_lowR2,2416.674388339407
MEDELLÍN,PAPA CRIOLLA,2021-08-01,011705,BASE_lowR2,2313.7701160110064
MEDELLÍN,PAPA CRIOLLA,2021-09-01,011705,BASE_lowR2,2299.307893954042
MEDELLÍN,PAPA CRIOLLA,2021-10-01,011705,BASE_lowR2,2326.378207035026
MEDELLÍN,PAPA CRIOLLA,2021-11-01,011705,BASE_lowR2,2446.5258979698074
MEDELLÍN,PAPA CRIOLLA,2021-12-01,011705,BASE_lowR2,2946.585037554845
MEDELLÍN,PAPA CRIOLLA,2022-01-01,011705,BASE_lowR2,3742.934316204358
MEDELLÍN,PAPA CRIOLLA,2022-02-01,011705,BASE_lowR2,4383.722001189857
MEDELLÍN,PAPA CRIOLLA,2022-03-01,011705,BASE_lowR2,4898.799602141741
MEDELLÍN,PAPA CRIOLLA,2022-04-01,011705,BASE_lowR2,4872.65635457723
MEDELLÍN,PAPA CRIOLLA,2022-05-01,011705,BASE_lowR2,4065.7385290399347
MEDELLÍN,PAPA CRIOLLA,2022-06-01,011705,BASE_lowR2,3275.8787090057267
MEDELLÍN,PAPA CRIOLLA,2022-07-01,011705,BASE_lowR2,3028.537629210977
MEDELLÍN,PAPA CRIOLLA,2022-08-01,011705,BASE_lowR2,2830.145608685952
MEDELLÍN,PAPA CRIOLLA,2022-09-01,011705,BASE_lowR2,2741.5181453112223
MEDELLÍN,PAPA CRIOLLA,2022-10-01,011705,BASE_lowR2,2965.311760987581
MEDELLÍN,PAPA CRIOLLA,2022-11-01,011705,BASE_lowR2,3564.9377370417196
MEDELLÍN,PAPA CRIOLLA,2022-12-01,011705,BASE_lowR2,4299.359039190897
MEDELLÍN,PAPA CRIOLLA,2023-01-01,011705,BASE_lowR2,4781.989347066261
MEDELLÍN,PAPA CRIOLLA,2023-02-01,011705,BASE_lowR2,4754.362794675392
MEDELLÍN,PAPA CRIOLLA,2023-03-01,011705,BASE_lowR2,4517.775674871718
MEDELLÍN,PAPA CRIOLLA,2023-04-01,011705,BASE_lowR2,4037.555737339183
MEDELLÍN,PAPA CRIOLLA,2023-05-01,011705,BASE_lowR2,3589.412266676582
MEDELLÍN,PAPA CRIOLLA,2023-06-01,011705,BASE_lowR2,3267.349706254183
MEDELLÍN,PAPA CRIOLLA,2023-07-01,011705,BASE_lowR2,2962.715977541459
MEDELLÍN,PAPA CRIOLLA,2023-08-01,011705,BASE_lowR2,3101.77580501227
MEDELLÍN,PAPA CRIOLLA,2023-09-01,011705,BASE_lowR2,3191.330333903473
MEDELLÍN,PAPA CRIOLLA,2023-10-01,011705,BASE_lowR2,3878.4712947125754
MEDELLÍN,PAPA CRIOLLA,2023-11-01,011705,BASE_lowR2,4010.6708373614933
MEDELLÍN,PAPA CRIOLLA,2023-12-01,011705,BASE_lowR2,3788.1751134081956
MEDELLÍN,PAPA CRIOLLA,2024-01-01,011705,BASE_lowR2,3793.1812671971443
MEDELLÍN,PAPA CRIOLLA,2024-02-01,011705,BASE_lowR2,3734.961552762698
MEDELLÍN,PAPA CRIOLLA,2024-03-01,011705,BASE_lowR2,3863.2674202424337
MEDELLÍN,PAPA CRIOLLA,2024-04-01,011705,BASE_lowR2,4307.517215735852
MEDELLÍN,PAPA CRIOLLA,2024-05-01,011705,BASE_lowR2,5008.007919982152
MEDELLÍN,PAPA CRIOLLA,2024-06-01,011705,BASE_lowR2,5133.161764705883
MEDELLÍN,PAPA CRIOLLA,2024-07-01,011705,BASE_lowR2,5636.187513943631
MEDELLÍN,PAPA CRIOLLA,2024-08-01,011705,BASE_lowR2,5176.919257083364
MEDELLÍN,PAPA CRIOLLA,2024-09-01,011705,BASE_lowR2,5022.470142039117
MEDELLÍN,PAPA CRIOLLA,2024-10-01,011705,BASE_lowR2,4421.360861158623
MEDELLÍN,PAPA CRIOLLA,2024-11-01,011705,BASE_lowR2,4210.175336506284
MEDELLÍN,PAPA CRIOLLA,2024-12-01,011705,BASE_lowR2,3937.988900870082
MEDELLÍN,PASTA PARA SECO,2019-01-01,011102,D_city,3047.491126484727
MEDELLÍN,PASTA PARA SECO,2019-02-01,011102,D_city,3067.3309616248416
MEDELLÍN,PASTA PARA SECO,2019-03-01,011102,D_city,3062.0608256693504
MEDELLÍN,PASTA PARA SECO,2019-04-01,011102,D_city,3064.2308659314085
MEDELLÍN,PASTA PARA SECO,2019-05-01,011102,D_city,3069.8110704906244
MEDELLÍN,PASTA PARA SECO,2019-06-01,011102,D_city,3052.7609027703056
MEDELLÍN,PASTA PARA SECO,2019-07-01,011102,D_city,3046.5611795046734
MEDELLÍN,PASTA PARA SECO,2019-08-01,011102,D_city,3071.361153105611
MEDELLÍN,PASTA PARA SECO,2019-09-01,011102,D_city,3083.1421467345235
MEDELLÍN,PASTA PARA SECO,2019-10-01,011102,D_city,3088.4128001343142
MEDELLÍN,PASTA PARA SECO,2019-11-01,011102,D_city,3099.574608796849
MEDELLÍN,PASTA PARA SECO,2019-12-01,011102,D_city,3098.9544931941778
MEDELLÍN,PASTA PARA SECO,2020-01-01,011102,D_city,3103.9154677466313
MEDELLÍN,PASTA PARA SECO,2020-02-01,011102,D_city,3133.6836936953587
MEDELLÍN,PASTA PARA SECO,2020-03-01,011102,D_city,3124.070592789421
MEDELLÍN,PASTA PARA SECO,2020-04-01,011102,D_city,3175.5521059723196
MEDELLÍN,PASTA PARA SECO,2020-05-01,011102,D_city,3186.0979936651315
MEDELLÍN,PASTA PARA SECO,2020-06-01,011102,D_city,3198.50556031023
MEDELLÍN,PASTA PARA SECO,2020-07-01,011102,D_city,3238.214393342279
MEDELLÍN,PASTA PARA SECO,2020-08-01,011102,D_city,3300.27337785175
MEDELLÍN,PASTA PARA SECO,2020-09-01,011102,D_city,3328.515768103083
MEDELLÍN,PASTA PARA SECO,2020-10-01,011102,D_city,3347.139003736967
MEDELLÍN,PASTA PARA SECO,2020-11-01,011102,D_city,3346.2078066408694
MEDELLÍN,PASTA PARA SECO,2020-12-01,011102,D_city,3354.2783046631153
MEDELLÍN,PASTA PARA SECO,2021-01-01,011102,D_city,3362.0386611906406
MEDELLÍN,PASTA PARA SECO,2021-02-01,011102,D_city,3373.21402514666
MEDELLÍN,PASTA PARA SECO,2021-03-01,011102,D_city,3376.939264386749
MEDELLÍN,PASTA PARA SECO,2021-04-01,011102,D_city,3378.8019060814972
MEDELLÍN,PASTA PARA SECO,2021-05-01,011102,D_city,3359.244903256295
MEDELLÍN,PASTA PARA SECO,2021-06-01,011102,D_city,3385.9421687435965
MEDELLÍN,PASTA PARA SECO,2021-07-01,011102,D_city,3389.046698060839
MEDELLÍN,PASTA PARA SECO,2021-08-01,011102,D_city,3386.2526198414394
MEDELLÍN,PASTA PARA SECO,2021-09-01,011102,D_city,3416.98929043181
MEDELLÍN,PASTA PARA SECO,2021-10-01,011102,D_city,3411.4005092889183
MEDELLÍN,PASTA PARA SECO,2021-11-01,011102,D_city,3483.7542389884857
MEDELLÍN,PASTA PARA SECO,2021-12-01,011102,D_city,3523.822028778451
MEDELLÍN,PASTA PARA SECO,2022-01-01,011102,D_city,3589.3733007540864
MEDELLÍN,PASTA PARA SECO,2022-02-01,011102,D_city,3754.4140472266445
MEDELLÍN,PASTA PARA SECO,2022-03-01,011102,D_city,3950.670786236005
MEDELLÍN,PASTA PARA SECO,2022-04-01,011102,D_city,4014.1500986651295
MEDELLÍN,PASTA PARA SECO,2022-05-01,011102,D_city,4062.3915552247604
MEDELLÍN,PASTA PARA SECO,2022-06-01,011102,D_city,4090.40649535776
MEDELLÍN,PASTA PARA SECO,2022-07-01,011102,D_city,4086.6710108208595
MEDELLÍN,PASTA PARA SECO,2022-08-01,011102,D_city,4109.395962928453
MEDELLÍN,PASTA PARA SECO,2022-09-01,011102,D_city,4097.2550105367745
MEDELLÍN,PASTA PARA SECO,2022-10-01,011102,D_city,4205.296287771823
MEDELLÍN,PASTA PARA SECO,2022-11-01,011102,D_city,4356.37141642298
MEDELLÍN,PASTA PARA SECO,2022-12-01,011102,D_city,4390.334806825699
MEDELLÍN,PASTA PARA SECO,2023-01-01,011102,D_city,4431.1581702744825
MEDELLÍN,PASTA PARA SECO,2023-02-01,011102,D_city,4456.402795645825
MEDELLÍN,PASTA PARA SECO,2023-03-01,011102,D_city,4461.701310781914
MEDELLÍN,PASTA PARA SECO,2023-04-01,011102,D_city,4445.8060361428625
MEDELLÍN,PASTA PARA SECO,2023-05-01,011102,D_city,4435.209638362194
MEDELLÍN,PASTA PARA SECO,2023-06-01,011102,D_city,4415.576095536651
MEDELLÍN,PASTA PARA SECO,2023-07-01,011102,D_city,4410.589997805748
MEDELLÍN,PASTA PARA SECO,2023-08-01,011102,D_city,4449.857695639287
MEDELLÍN,PASTA PARA SECO,2023-09-01,011102,D_city,4458.896203301076
MEDELLÍN,PASTA PARA SECO,2023-10-01,011102,D_city,4447.052694973124
MEDELLÍN,PASTA PARA SECO,2023-11-01,011102,D_city,4409.343485982955
MEDELLÍN,PASTA PARA SECO,2023-12-01,011102,D_city,4491.00060668006
MEDELLÍN,PASTA PARA SECO,2024-01-01,011102,D_city,4454.22108033685
MEDELLÍN,PASTA PARA SECO,2024-02-01,011102,D_city,4472.298611302926
MEDELLÍN,PASTA PARA SECO,2024-03-01,011102,D_city,4464.5064435206095
MEDELLÍN,PASTA PARA SECO,2024-04-01,011102,D_city,4413.394667852011
MEDELLÍN,PASTA PARA SECO,2024-05-01,011102,D_city,4408.408605427709
MEDELLÍN,PASTA PARA SECO,2024-06-01,011102,D_city,4383.167905642295
MEDELLÍN,PASTA PARA SECO,2024-07-01,011102,D_city,4377.559143507454
MEDELLÍN,PASTA PARA SECO,2024-08-01,011102,D_city,4360.733475119809
MEDELLÍN,PASTA PARA SECO,2024-09-01,011102,D_city,4398.12510684775
MEDELLÍN,PASTA PARA SECO,2024-10-01,011102,D_city,4375.066393363968
MEDELLÍN,PASTA PARA SECO,2024-11-01,011102,D_city,4423.990318262752
MEDELLÍN,PASTA PARA SECO,2024-12-01,011102,D_city,4373.508434852777
MEDELLÍN,PASTA PARA SOPA,2019-01-01,011102,D_city,3153.9233831809706
MEDELLÍN,PASTA PARA SOPA,2019-02-01,011102,D_city,3173.508666488954
MEDELLÍN,PASTA PARA SOPA,2019-03-01,011102,D_city,3168.3067180936678
MEDELLÍN,PASTA PARA SOPA,2019-04-01,011102,D_city,3170.448731166189
MEDELLÍN,PASTA PARA SOPA,2019-05-01,011102,D_city,3175.9565442033936
MEDELLÍN,PASTA PARA SOPA,2019-06-01,011102,D_city,3159.126116948115
MEDELLÍN,PASTA PARA SOPA,2019-07-01,011102,D_city,3153.005224121031
MEDELLÍN,PASTA PARA SOPA,2019-08-01,011102,D_city,3177.4864359573303
MEDELLÍN,PASTA PARA SOPA,2019-09-01,011102,D_city,3189.1128148360704
MEDELLÍN,PASTA PARA SOPA,2019-10-01,011102,D_city,3194.313633646787
MEDELLÍN,PASTA PARA SOPA,2019-11-01,011102,D_city,3205.3262047531293
MEDELLÍN,PASTA PARA SOPA,2019-12-01,011102,D_city,3204.714428247338
MEDELLÍN,PASTA PARA SOPA,2020-01-01,011102,D_city,3209.6085317717716
MEDELLÍN,PASTA PARA SOPA,2020-02-01,011102,D_city,3238.9679631947442
MEDELLÍN,PASTA PARA SOPA,2020-03-01,011102,D_city,3229.4882833982097
MEDELLÍN,PASTA PARA SOPA,2020-04-01,011102,D_city,3280.2397357612826
MEDELLÍN,PASTA PARA SOPA,2020-05-01,011102,D_city,3290.6313818159897
MEDELLÍN,PASTA PARA SOPA,2020-06-01,011102,D_city,3302.8554530391366
MEDELLÍN,PASTA PARA SOPA,2020-07-01,011102,D_city,3341.9624154939443
MEDELLÍN,PASTA PARA SOPA,2020-08-01,011102,D_city,3403.0367040115225
MEDELLÍN,PASTA PARA SOPA,2020-09-01,011102,D_city,3430.813421965037
MEDELLÍN,PASTA PARA SOPA,2020-10-01,011102,D_city,3449.1236534259674
MEDELLÍN,PASTA PARA SOPA,2020-11-01,011102,D_city,3448.2082186515177
MEDELLÍN,PASTA PARA SOPA,2020-12-01,011102,D_city,3456.141718827169
MEDELLÍN,PASTA PARA SOPA,2021-01-01,011102,D_city,3463.7695141140152
MEDELLÍN,PASTA PARA SOPA,2021-02-01,011102,D_city,3474.7525598007724
MEDELLÍN,PASTA PARA SOPA,2021-03-01,011102,D_city,3478.4133186906215
MEDELLÍN,PASTA PARA SOPA,2021-04-01,011102,D_city,3480.2436501529314
MEDELLÍN,PASTA PARA SOPA,2021-05-01,011102,D_city,3461.023572132509
MEDELLÍN,PASTA PARA SOPA,2021-06-01,011102,D_city,3487.2596247996894
MEDELLÍN,PASTA PARA SOPA,2021-07-01,011102,D_city,3490.309902310389
MEDELLÍN,PASTA PARA SOPA,2021-08-01,011102,D_city,3487.5646565363845
MEDELLÍN,PASTA PARA SOPA,2021-09-01,011102,D_city,3517.7584264917023
MEDELLÍN,PASTA PARA SOPA,2021-10-01,011102,D_city,3512.269292376186
MEDELLÍN,PASTA PARA SOPA,2021-11-01,011102,D_city,3583.3012292543353
MEDELLÍN,PASTA PARA SOPA,2021-12-01,011102,D_city,3622.607763221208
MEDELLÍN,PASTA PARA SOPA,2022-01-01,011102,D_city,3686.869403291863
MEDELLÍN,PASTA PARA SOPA,2022-02-01,011102,D_city,3848.4264728017174
MEDELLÍN,PASTA PARA SOPA,2022-03-01,011102,D_city,4040.116894218432
MEDELLÍN,PASTA PARA SOPA,2022-04-01,011102,D_city,4102.024450631659
MEDELLÍN,PASTA PARA SOPA,2022-05-01,011102,D_city,4149.0412957962235
MEDELLÍN,PASTA PARA SOPA,2022-06-01,011102,D_city,4176.333269701307
MEDELLÍN,PASTA PARA SOPA,2022-07-01,011102,D_city,4172.694682861667
MEDELLÍN,PASTA PARA SOPA,2022-08-01,011102,D_city,4194.82779393862
MEDELLÍN,PASTA PARA SOPA,2022-09-01,011102,D_city,4183.003738914993
MEDELLÍN,PASTA PARA SOPA,2022-10-01,011102,D_city,4288.168896228152
MEDELLÍN,PASTA PARA SOPA,2022-11-01,011102,D_city,4435.0147436246825
MEDELLÍN,PASTA PARA SOPA,2022-12-01,011102,D_city,4467.994810402722
MEDELLÍN,PASTA PARA SOPA,2023-01-01,011102,D_city,4507.620716723287
MEDELLÍN,PASTA PARA SOPA,2023-02-01,011102,D_city,4532.116438631642
MEDELLÍN,PASTA PARA SOPA,2023-03-01,011102,D_city,4537.256957132712
MEDELLÍN,PASTA PARA SOPA,2023-04-01,011102,D_city,4521.834820529018
MEDELLÍN,PASTA PARA SOPA,2023-05-01,011102,D_city,4511.552426059725
MEDELLÍN,PASTA PARA SOPA,2023-06-01,011102,D_city,4492.4976954762105
MEDELLÍN,PASTA PARA SOPA,2023-07-01,011102,D_city,4487.657971894033
MEDELLÍN,PASTA PARA SOPA,2023-08-01,011102,D_city,4525.76611902128
MEDELLÍN,PASTA PARA SOPA,2023-09-01,011102,D_city,4534.535530266264
MEDELLÍN,PASTA PARA SOPA,2023-10-01,011102,D_city,4523.044462918189
MEDELLÍN,PASTA PARA SOPA,2023-11-01,011102,D_city,4486.448013924167
MEDELLÍN,PASTA PARA SOPA,2023-12-01,011102,D_city,4565.677515933589
MEDELLÍN,PASTA PARA SOPA,2024-01-01,011102,D_city,4529.999698278643
MEDELLÍN,PASTA PARA SOPA,2024-02-01,011102,D_city,4547.537414203998
MEDELLÍN,PASTA PARA SOPA,2024-03-01,011102,D_city,4539.978329796976
MEDELLÍN,PASTA PARA SOPA,2024-04-01,011102,D_city,4490.380337723397
MEDELLÍN,PASTA PARA SOPA,2024-05-01,011102,D_city,4485.540538335841
MEDELLÍN,PASTA PARA SOPA,2024-06-01,011102,D_city,4461.036388637216
MEDELLÍN,PASTA PARA SOPA,2024-07-01,011102,D_city,4455.590415863099
MEDELLÍN,PASTA PARA SOPA,2024-08-01,011102,D_city,4439.251170091045
MEDELLÍN,PASTA PARA SOPA,2024-09-01,011102,D_city,4475.557904202851
MEDELLÍN,PASTA PARA SOPA,2024-10-01,011102,D_city,4453.169912582129
MEDELLÍN,PASTA PARA SOPA,2024-11-01,011102,D_city,4500.664336546789
MEDELLÍN,PASTA PARA SOPA,2024-12-01,011102,D_city,4451.657075847142
MEDELLÍN,PESCADO DE MAR,2019-01-01,011303,D_city,11162.748974455695
MEDELLÍN,PESCADO DE MAR,2019-02-01,011303,D_city,11275.986667723875
MEDELLÍN,PESCADO DE MAR,2019-03-01,011303,D_city,11323.90779516156
MEDELLÍN,PESCADO DE MAR,2019-04-01,011303,D_city,11400.67793849004
MEDELLÍN,PESCADO DE MAR,2019-05-01,011303,D_city,11415.474715110056
MEDELLÍN,PESCADO DE MAR,2019-06-01,011303,D_city,11428.330720301108
MEDELLÍN,PESCADO DE MAR,2019-07-01,011303,D_city,11421.903966685208
MEDELLÍN,PESCADO DE MAR,2019-08-01,011303,D_city,11427.045569254073
MEDELLÍN,PESCADO DE MAR,2019-09-01,011303,D_city,11415.474715110056
MEDELLÍN,PESCADO DE MAR,2019-10-01,011303,D_city,11447.596026789211
MEDELLÍN,PESCADO DE MAR,2019-11-01,011303,D_city,11460.427135744172
MEDELLÍN,PESCADO DE MAR,2019-12-01,011303,D_city,11455.295883089138
MEDELLÍN,PESCADO DE MAR,2020-01-01,011303,D_city,11451.446401814785
MEDELLÍN,PESCADO DE MAR,2020-02-01,011303,D_city,11473.88913276618
MEDELLÍN,PESCADO DE MAR,2020-03-01,011303,D_city,11614.905614250623
MEDELLÍN,PESCADO DE MAR,2020-04-01,011303,D_city,11950.867013141047
MEDELLÍN,PESCADO DE MAR,2020-05-01,011303,D_city,12050.88400404453
MEDELLÍN,PESCADO DE MAR,2020-06-01,011303,D_city,12063.268448693916
MEDELLÍN,PESCADO DE MAR,2020-07-01,011303,D_city,12061.41134180449
MEDELLÍN,PESCADO DE MAR,2020-08-01,011303,D_city,12133.69289870137
MEDELLÍN,PESCADO DE MAR,2020-09-01,011303,D_city,12138.008006626935
MEDELLÍN,PESCADO DE MAR,2020-10-01,011303,D_city,12170.64523772473
MEDELLÍN,PESCADO DE MAR,2020-11-01,011303,D_city,12174.951297372269
MEDELLÍN,PESCADO DE MAR,2020-12-01,011303,D_city,12215.499721065746
MEDELLÍN,PESCADO DE MAR,2021-01-01,011303,D_city,12257.179905967158
MEDELLÍN,PESCADO DE MAR,2021-02-01,011303,D_city,12273.090600933587
MEDELLÍN,PESCADO DE MAR,2021-03-01,011303,D_city,12298.762451765533
MEDELLÍN,PESCADO DE MAR,2021-04-01,011303,D_city,12340.85750760091
MEDELLÍN,PESCADO DE MAR,2021-05-01,011303,D_city,12360.346229046434
MEDELLÍN,PESCADO DE MAR,2021-06-01,011303,D_city,12377.98957302484
MEDELLÍN,PESCADO DE MAR,2021-07-01,011303,D_city,12457.473487566262
MEDELLÍN,PESCADO DE MAR,2021-08-01,011303,D_city,12514.29259158599
MEDELLÍN,PESCADO DE MAR,2021-09-01,011303,D_city,12619.001208902651
MEDELLÍN,PESCADO DE MAR,2021-10-01,011303,D_city,12643.586650912937
MEDELLÍN,PESCADO DE MAR,2021-11-01,011303,D_city,12694.451624004769
MEDELLÍN,PESCADO DE MAR,2021-12-01,011303,D_city,12778.518783427606
MEDELLÍN,PESCADO DE MAR,2022-01-01,011303,D_city,12821.89317588296
MEDELLÍN,PESCADO DE MAR,2022-02-01,011303,D_city,12927.8234029911
MEDELLÍN,PESCADO DE MAR,2022-03-01,011303,D_city,13077.117652653176
MEDELLÍN,PESCADO DE MAR,2022-04-01,011303,D_city,13178.714202189482
MEDELLÍN,PESCADO DE MAR,2022-05-01,011303,D_city,13232.79457160919
MEDELLÍN,PESCADO DE MAR,2022-06-01,011303,D_city,13382.031783536548
MEDELLÍN,PESCADO DE MAR,2022-07-01,011303,D_city,13439.567320630193
MEDELLÍN,PESCADO DE MAR,2022-08-01,011303,D_city,13598.630412558687
MEDELLÍN,PESCADO DE MAR,2022-09-01,011303,D_city,13967.864404572967
MEDELLÍN,PESCADO DE MAR,2022-10-01,011303,D_city,13990.787272227222
MEDELLÍN,PESCADO DE MAR,2022-11-01,011303,D_city,14175.461104685532
MEDELLÍN,PESCADO DE MAR,2022-12-01,011303,D_city,14363.976206035883
MEDELLÍN,PESCADO DE MAR,2023-01-01,011303,D_city,14466.333833906836
MEDELLÍN,PESCADO DE MAR,2023-02-01,011303,D_city,14576.343060136374
MEDELLÍN,PESCADO DE MAR,2023-03-01,011303,D_city,14658.204598815619
MEDELLÍN,PESCADO DE MAR,2023-04-01,011303,D_city,14756.993170231297
MEDELLÍN,PESCADO DE MAR,2023-05-01,011303,D_city,14662.532825462838
MEDELLÍN,PESCADO DE MAR,2023-06-01,011303,D_city,14637.091842269996
MEDELLÍN,PESCADO DE MAR,2023-07-01,011303,D_city,14561.128537640006
MEDELLÍN,PESCADO DE MAR,2023-08-01,011303,D_city,14496.889172731839
MEDELLÍN,PESCADO DE MAR,2023-09-01,011303,D_city,14495.253407285729
MEDELLÍN,PESCADO DE MAR,2023-10-01,011303,D_city,14460.872833532023
MEDELLÍN,PESCADO DE MAR,2023-11-01,011303,D_city,14366.170941021597
MEDELLÍN,PESCADO DE MAR,2023-12-01,011303,D_city,14321.682320346505
MEDELLÍN,PESCADO DE MAR,2024-01-01,011303,D_city,14294.172517451378
MEDELLÍN,PESCADO DE MAR,2024-02-01,011303,D_city,14278.751048596636
MEDELLÍN,PESCADO DE MAR,2024-03-01,011303,D_city,14291.970154015446
MEDELLÍN,PESCADO DE MAR,2024-04-01,011303,D_city,14332.67602900293
MEDELLÍN,PESCADO DE MAR,2024-05-01,011303,D_city,14111.681749532674
MEDELLÍN,PESCADO DE MAR,2024-06-01,011303,D_city,14288.115453995662
MEDELLÍN,PESCADO DE MAR,2024-07-01,011303,D_city,14532.843830753998
MEDELLÍN,PESCADO DE MAR,2024-08-01,011303,D_city,14505.611103628895
MEDELLÍN,PESCADO DE MAR,2024-09-01,011303,D_city,14524.677714906908
MEDELLÍN,PESCADO DE MAR,2024-10-01,011303,D_city,14573.626985575745
MEDELLÍN,PESCADO DE MAR,2024-11-01,011303,D_city,14642.507373385484
MEDELLÍN,PESCADO DE MAR,2024-12-01,011303,D_city,14634.383557819607
MEDELLÍN,PESCADO DE RÍO,2019-01-01,011303,BASE_lowR2,10098.865874613888
MEDELLÍN,PESCADO DE RÍO,2019-02-01,011303,BASE_lowR2,10272.657058688937
MEDELLÍN,PESCADO DE RÍO,2019-03-01,011303,BASE_lowR2,10346.568251916258
MEDELLÍN,PESCADO DE RÍO,2019-04-01,011303,BASE_lowR2,10465.425441025054
MEDELLÍN,PESCADO DE RÍO,2019-05-01,011303,BASE_lowR2,10488.397838920033
MEDELLÍN,PESCADO DE RÍO,2019-06-01,011303,BASE_lowR2,10508.373837089579
MEDELLÍN,PESCADO DE RÍO,2019-07-01,011303,BASE_lowR2,10498.385838004806
MEDELLÍN,PESCADO DE RÍO,2019-08-01,011303,BASE_lowR2,10506.376237272623
MEDELLÍN,PESCADO DE RÍO,2019-09-01,011303,BASE_lowR2,10488.397838920033
MEDELLÍN,PESCADO DE RÍO,2019-10-01,011303,BASE_lowR2,10538.337834343896
MEDELLÍN,PESCADO DE RÍO,2019-11-01,011303,BASE_lowR2,10558.313832513442
MEDELLÍN,PESCADO DE RÍO,2019-12-01,011303,BASE_lowR2,10550.323433245625
MEDELLÍN,PESCADO DE RÍO,2020-01-01,011303,BASE_lowR2,10544.330633794762
MEDELLÍN,PESCADO DE RÍO,2020-02-01,011303,BASE_lowR2,10579.288630591465
MEDELLÍN,PESCADO DE RÍO,2020-03-01,011303,BASE_lowR2,10800.023410364947
MEDELLÍN,PESCADO DE RÍO,2020-04-01,011303,BASE_lowR2,11333.38256149182
MEDELLÍN,PESCADO DE RÍO,2020-05-01,011303,BASE_lowR2,11494.189346756666
MEDELLÍN,PESCADO DE RÍO,2020-06-01,011303,BASE_lowR2,11514.16534492621
MEDELLÍN,PESCADO DE RÍO,2020-07-01,011303,BASE_lowR2,11511.168945200778
MEDELLÍN,PESCADO DE RÍO,2020-08-01,011303,BASE_lowR2,11628.028534492621
MEDELLÍN,PESCADO DE RÍO,2020-09-01,011303,BASE_lowR2,11635.020133851962
MEDELLÍN,PESCADO DE RÍO,2020-10-01,011303,BASE_lowR2,11687.956529001258
MEDELLÍN,PESCADO DE RÍO,2020-11-01,011303,BASE_lowR2,11694.9481283606
MEDELLÍN,PESCADO DE RÍO,2020-12-01,011303,BASE_lowR2,11760.8689223201
MEDELLÍN,PESCADO DE RÍO,2021-01-01,011303,BASE_lowR2,11828.78731609656
MEDELLÍN,PESCADO DE RÍO,2021-02-01,011303,BASE_lowR2,11854.756113716965
MEDELLÍN,PESCADO DE RÍO,2021-03-01,011303,BASE_lowR2,11896.705709873013
MEDELLÍN,PESCADO DE RÍO,2021-04-01,011303,BASE_lowR2,11965.622903557945
MEDELLÍN,PESCADO DE RÍO,2021-05-01,011303,BASE_lowR2,11997.584500629218
MEDELLÍN,PESCADO DE RÍO,2021-06-01,011303,BASE_lowR2,12026.54969797506
MEDELLÍN,PESCADO DE RÍO,2021-07-01,011303,BASE_lowR2,12157.392485985585
MEDELLÍN,PESCADO DE RÍO,2021-08-01,011303,BASE_lowR2,12251.27967738245
MEDELLÍN,PESCADO DE RÍO,2021-09-01,011303,BASE_lowR2,12425.0708614575
MEDELLÍN,PESCADO DE RÍO,2021-10-01,011303,BASE_lowR2,12466.021657705069
MEDELLÍN,PESCADO DE RÍO,2021-11-01,011303,BASE_lowR2,12550.91964992564
MEDELLÍN,PESCADO DE RÍO,2021-12-01,011303,BASE_lowR2,12691.750437020935
MEDELLÍN,PESCADO DE RÍO,2022-01-01,011303,BASE_lowR2,12764.66283033978
MEDELLÍN,PESCADO DE RÍO,2022-02-01,011303,BASE_lowR2,12943.448013957215
MEDELLÍN,PESCADO DE RÍO,2022-03-01,011303,BASE_lowR2,13197.143190710447
MEDELLÍN,PESCADO DE RÍO,2022-04-01,011303,BASE_lowR2,13370.934374785496
MEDELLÍN,PESCADO DE RÍO,2022-05-01,011303,BASE_lowR2,13463.822766273883
MEDELLÍN,PESCADO DE RÍO,2022-06-01,011303,BASE_lowR2,13721.513142661024
MEDELLÍN,PESCADO DE RÍO,2022-07-01,011303,BASE_lowR2,13821.393133508753
MEDELLÍN,PESCADO DE RÍO,2022-08-01,011303,BASE_lowR2,14099.05950806544
MEDELLÍN,PESCADO DE RÍO,2022-09-01,011303,BASE_lowR2,14752.274648209588
MEDELLÍN,PESCADO DE RÍO,2022-10-01,011303,BASE_lowR2,14793.225444457157
MEDELLÍN,PESCADO DE RÍO,2022-11-01,011303,BASE_lowR2,15124.827014071618
MEDELLÍN,PESCADO DE RÍO,2022-12-01,011303,BASE_lowR2,15466.416582770851
MEDELLÍN,PESCADO DE RÍO,2023-01-01,011303,BASE_lowR2,15653.192165656104
MEDELLÍN,PESCADO DE RÍO,2023-02-01,011303,BASE_lowR2,15854.949747168517
MEDELLÍN,PESCADO DE RÍO,2023-03-01,011303,BASE_lowR2,16005.768533348588
MEDELLÍN,PESCADO DE RÍO,2023-04-01,011303,BASE_lowR2,16188.548916599933
MEDELLÍN,PESCADO DE RÍO,2023-05-01,011303,BASE_lowR2,16013.758932616409
MEDELLÍN,PESCADO DE RÍO,2023-06-01,011303,BASE_lowR2,15966.815336917976
MEDELLÍN,PESCADO DE RÍO,2023-07-01,011303,BASE_lowR2,15826.983349731154
MEDELLÍN,PESCADO DE RÍO,2023-08-01,011303,BASE_lowR2,15709.124960530833
MEDELLÍN,PESCADO DE RÍO,2023-09-01,011303,BASE_lowR2,15706.1285608054
MEDELLÍN,PESCADO DE RÍO,2023-10-01,011303,BASE_lowR2,15643.204166571333
MEDELLÍN,PESCADO DE RÍO,2023-11-01,011303,BASE_lowR2,15470.411782404759
MEDELLÍN,PESCADO DE RÍO,2023-12-01,011303,BASE_lowR2,15389.508989818101
MEDELLÍN,PESCADO DE RÍO,2024-01-01,011303,BASE_lowR2,15339.568994394236
MEDELLÍN,PESCADO DE RÍO,2024-02-01,011303,BASE_lowR2,15311.602596956873
MEDELLÍN,PESCADO DE RÍO,2024-03-01,011303,BASE_lowR2,15335.573794760325
MEDELLÍN,PESCADO DE RÍO,2024-04-01,011303,BASE_lowR2,15409.484987987646
MEDELLÍN,PESCADO DE RÍO,2024-05-01,011303,BASE_lowR2,15009.96502459673
MEDELLÍN,PESCADO DE RÍO,2024-06-01,011303,BASE_lowR2,15328.582195400986
MEDELLÍN,PESCADO DE RÍO,2024-07-01,011303,BASE_lowR2,15775.045754490335
MEDELLÍN,PESCADO DE RÍO,2024-08-01,011303,BASE_lowR2,15725.105759066468
MEDELLÍN,PESCADO DE RÍO,2024-09-01,011303,BASE_lowR2,15760.063755863173
MEDELLÍN,PESCADO DE RÍO,2024-10-01,011303,BASE_lowR2,15849.955747626129
MEDELLÍN,PESCADO DE RÍO,2024-11-01,011303,BASE_lowR2,15976.803336002748
MEDELLÍN,PESCADO DE RÍO,2024-12-01,011303,BASE_lowR2,15961.821337375588
MEDELLÍN,PESCADO ENLATADO,2019-01-01,011303,BASE_lowR2,11864.456305914655
MEDELLÍN,PESCADO ENLATADO,2019-02-01,011303,BASE_lowR2,12068.63150097243
MEDELLÍN,PESCADO ENLATADO,2019-03-01,011303,BASE_lowR2,12155.464629905047
MEDELLÍN,PESCADO ENLATADO,2019-04-01,011303,BASE_lowR2,12295.101688593984
MEDELLÍN,PESCADO ENLATADO,2019-05-01,011303,BASE_lowR2,12322.09036380277
MEDELLÍN,PESCADO ENLATADO,2019-06-01,011303,BASE_lowR2,12345.558777027802
MEDELLÍN,PESCADO ENLATADO,2019-07-01,011303,BASE_lowR2,12333.824570415287
MEDELLÍN,PESCADO ENLATADO,2019-08-01,011303,BASE_lowR2,12343.211935705298
MEDELLÍN,PESCADO ENLATADO,2019-09-01,011303,BASE_lowR2,12322.09036380277
MEDELLÍN,PESCADO ENLATADO,2019-10-01,011303,BASE_lowR2,12380.761396865348
MEDELLÍN,PESCADO ENLATADO,2019-11-01,011303,BASE_lowR2,12404.229810090379
MEDELLÍN,PESCADO ENLATADO,2019-12-01,011303,BASE_lowR2,12394.842444800368
MEDELLÍN,PESCADO ENLATADO,2020-01-01,011303,BASE_lowR2,12387.801920832859
MEDELLÍN,PESCADO ENLATADO,2020-02-01,011303,BASE_lowR2,12428.871643976663
MEDELLÍN,PESCADO ENLATADO,2020-03-01,011303,BASE_lowR2,12688.19761011326
MEDELLÍN,PESCADO ENLATADO,2020-04-01,011303,BASE_lowR2,13314.804243221599
MEDELLÍN,PESCADO ENLATADO,2020-05-01,011303,BASE_lowR2,13503.724969683104
MEDELLÍN,PESCADO ENLATADO,2020-06-01,011303,BASE_lowR2,13527.193382908135
MEDELLÍN,PESCADO ENLATADO,2020-07-01,011303,BASE_lowR2,13523.67312092438
MEDELLÍN,PESCADO ENLATADO,2020-08-01,011303,BASE_lowR2,13660.963338290814
MEDELLÍN,PESCADO ENLATADO,2020-09-01,011303,BASE_lowR2,13669.177282919574
MEDELLÍN,PESCADO ENLATADO,2020-10-01,011303,BASE_lowR2,13731.368577965908
MEDELLÍN,PESCADO ENLATADO,2020-11-01,011303,BASE_lowR2,13739.58252259467
MEDELLÍN,PESCADO ENLATADO,2020-12-01,011303,BASE_lowR2,13817.028286237273
MEDELLÍN,PESCADO ENLATADO,2021-01-01,011303,BASE_lowR2,13896.820891202382
MEDELLÍN,PESCADO ENLATADO,2021-02-01,011303,BASE_lowR2,13927.32982839492
MEDELLÍN,PESCADO ENLATADO,2021-03-01,011303,BASE_lowR2,13976.613496167487
MEDELLÍN,PESCADO ENLATADO,2021-04-01,011303,BASE_lowR2,14057.579521793847
MEDELLÍN,PESCADO ENLATADO,2021-05-01,011303,BASE_lowR2,14095.128982953896
MEDELLÍN,PESCADO ENLATADO,2021-06-01,011303,BASE_lowR2,14129.158182130192
MEDELLÍN,PESCADO ENLATADO,2021-07-01,011303,BASE_lowR2,14282.876288754147
MEDELLÍN,PESCADO ENLATADO,2021-08-01,011303,BASE_lowR2,14393.177830911796
MEDELLÍN,PESCADO ENLATADO,2021-09-01,011303,BASE_lowR2,14597.35302596957
MEDELLÍN,PESCADO ENLATADO,2021-10-01,011303,BASE_lowR2,14645.463273080884
MEDELLÍN,PESCADO ENLATADO,2021-11-01,011303,BASE_lowR2,14745.20402928727
MEDELLÍN,PESCADO ENLATADO,2021-12-01,011303,BASE_lowR2,14910.656342523738
MEDELLÍN,PESCADO ENLATADO,2022-01-01,011303,BASE_lowR2,14996.316050795105
MEDELLÍN,PESCADO ENLATADO,2022-02-01,011303,BASE_lowR2,15206.358349159138
MEDELLÍN,PESCADO ENLATADO,2022-03-01,011303,BASE_lowR2,15504.407197117036
MEDELLÍN,PESCADO ENLATADO,2022-04-01,011303,BASE_lowR2,15708.58239217481
MEDELLÍN,PESCADO ENLATADO,2022-05-01,011303,BASE_lowR2,15817.710513671207
MEDELLÍN,PESCADO ENLATADO,2022-06-01,011303,BASE_lowR2,16120.453044274112
MEDELLÍN,PESCADO ENLATADO,2022-07-01,011303,BASE_lowR2,16237.79511039927
MEDELLÍN,PESCADO ENLATADO,2022-08-01,011303,BASE_lowR2,16564.006054227208
MEDELLÍN,PESCADO ENLATADO,2022-09-01,011303,BASE_lowR2,17331.423166685734
MEDELLÍN,PESCADO ENLATADO,2022-10-01,011303,BASE_lowR2,17379.533413797053
MEDELLÍN,PESCADO ENLATADO,2022-11-01,011303,BASE_lowR2,17769.109073332573
MEDELLÍN,PESCADO ENLATADO,2022-12-01,011303,BASE_lowR2,18170.41893948061
MEDELLÍN,PESCADO ENLATADO,2023-01-01,011303,BASE_lowR2,18389.848603134655
MEDELLÍN,PESCADO ENLATADO,2023-02-01,011303,BASE_lowR2,18626.879576707473
MEDELLÍN,PESCADO ENLATADO,2023-03-01,011303,BASE_lowR2,18804.06609655646
MEDELLÍN,PESCADO ENLATADO,2023-04-01,011303,BASE_lowR2,19018.8020775655
MEDELLÍN,PESCADO ENLATADO,2023-05-01,011303,BASE_lowR2,18813.453461846475
MEDELLÍN,PESCADO ENLATADO,2023-06-01,011303,BASE_lowR2,18758.30269076765
MEDELLÍN,PESCADO ENLATADO,2023-07-01,011303,BASE_lowR2,18594.02379819243
MEDELLÍN,PESCADO ENLATADO,2023-08-01,011303,BASE_lowR2,18455.560160164743
MEDELLÍN,PESCADO ENLATADO,2023-09-01,011303,BASE_lowR2,18452.03989818099
MEDELLÍN,PESCADO ENLATADO,2023-10-01,011303,BASE_lowR2,18378.11439652214
MEDELLÍN,PESCADO ENLATADO,2023-11-01,011303,BASE_lowR2,18175.112622125616
MEDELLÍN,PESCADO ENLATADO,2023-12-01,011303,BASE_lowR2,18080.065548564242
MEDELLÍN,PESCADO ENLATADO,2024-01-01,011303,BASE_lowR2,18021.394515501663
MEDELLÍN,PESCADO ENLATADO,2024-02-01,011303,BASE_lowR2,17988.53873698662
MEDELLÍN,PESCADO ENLATADO,2024-03-01,011303,BASE_lowR2,18016.700832856655
MEDELLÍN,PESCADO ENLATADO,2024-04-01,011303,BASE_lowR2,18103.53396178927
MEDELLÍN,PESCADO ENLATADO,2024-05-01,011303,BASE_lowR2,17634.16569728864
MEDELLÍN,PESCADO ENLATADO,2024-06-01,011303,BASE_lowR2,18008.486888227893
MEDELLÍN,PESCADO ENLATADO,2024-07-01,011303,BASE_lowR2,18533.005923807348
MEDELLÍN,PESCADO ENLATADO,2024-08-01,011303,BASE_lowR2,18474.334890744765
MEDELLÍN,PESCADO ENLATADO,2024-09-01,011303,BASE_lowR2,18515.40461388857
MEDELLÍN,PESCADO ENLATADO,2024-10-01,011303,BASE_lowR2,18621.012473401213
MEDELLÍN,PESCADO ENLATADO,2024-11-01,011303,BASE_lowR2,18770.036897380167
MEDELLÍN,PESCADO ENLATADO,2024-12-01,011303,BASE_lowR2,18752.43558746139
MEDELLÍN,PIÑAS,2019-01-01,011609,BASE_lowR2,1194.6277513586958
MEDELLÍN,PIÑAS,2019-02-01,011609,BASE_lowR2,1274.9252486413045
MEDELLÍN,PIÑAS,2019-03-01,011609,BASE_lowR2,1404.8590951086958
MEDELLÍN,PIÑAS,2019-04-01,011609,BASE_lowR2,1391.6690163043481
MEDELLÍN,PIÑAS,2019-05-01,011609,BASE_lowR2,1302.5781331521741
MEDELLÍN,PIÑAS,2019-06-01,011609,BASE_lowR2,1328.9582907608697
MEDELLÍN,PIÑAS,2019-07-01,011609,BASE_lowR2,1401.5037241847829
MEDELLÍN,PIÑAS,2019-08-01,011609,BASE_lowR2,1518.2474918478263
MEDELLÍN,PIÑAS,2019-09-01,011609,BASE_lowR2,1614.6276290760873
MEDELLÍN,PIÑAS,2019-10-01,011609,BASE_lowR2,1600.6276331521742
MEDELLÍN,PIÑAS,2019-11-01,011609,BASE_lowR2,1506.6772472826087
MEDELLÍN,PIÑAS,2019-12-01,011609,BASE_lowR2,1388.892157608696
MEDELLÍN,PIÑAS,2020-01-01,011609,BASE_lowR2,1399.1896752717394
MEDELLÍN,PIÑAS,2020-02-01,011609,BASE_lowR2,1478.7929578804349
MEDELLÍN,PIÑAS,2020-03-01,011609,BASE_lowR2,1664.7267880434786
MEDELLÍN,PIÑAS,2020-04-01,011609,BASE_lowR2,1752.08213451087
MEDELLÍN,PIÑAS,2020-05-01,011609,BASE_lowR2,1613.933414402174
MEDELLÍN,PIÑAS,2020-06-01,011609,BASE_lowR2,1461.437591032609
MEDELLÍN,PIÑAS,2020-07-01,011609,BASE_lowR2,1423.602891304348
MEDELLÍN,PIÑAS,2020-08-01,011609,BASE_lowR2,1552.1483084239135
MEDELLÍN,PIÑAS,2020-09-01,011609,BASE_lowR2,1597.3879646739133
MEDELLÍN,PIÑAS,2020-10-01,011609,BASE_lowR2,1645.057372282609
MEDELLÍN,PIÑAS,2020-11-01,011609,BASE_lowR2,1646.445801630435
MEDELLÍN,PIÑAS,2020-12-01,011609,BASE_lowR2,1568.1152459239133
MEDELLÍN,PIÑAS,2021-01-01,011609,BASE_lowR2,1559.0904551630435
MEDELLÍN,PIÑAS,2021-02-01,011609,BASE_lowR2,1589.057388586957
MEDELLÍN,PIÑAS,2021-03-01,011609,BASE_lowR2,1660.2143926630438
MEDELLÍN,PIÑAS,2021-04-01,011609,BASE_lowR2,1704.6441317934787
MEDELLÍN,PIÑAS,2021-05-01,011609,BASE_lowR2,1734.379660326087
MEDELLÍN,PIÑAS,2021-06-01,011609,BASE_lowR2,1664.7267880434786
MEDELLÍN,PIÑAS,2021-07-01,011609,BASE_lowR2,1756.3631250000005
MEDELLÍN,PIÑAS,2021-08-01,011609,BASE_lowR2,1900.644074728261
MEDELLÍN,PIÑAS,2021-09-01,011609,BASE_lowR2,1910.1316752717396
MEDELLÍN,PIÑAS,2021-10-01,011609,BASE_lowR2,1990.1977676630436
MEDELLÍN,PIÑAS,2021-11-01,011609,BASE_lowR2,1894.2804402173915
MEDELLÍN,PIÑAS,2021-12-01,011609,BASE_lowR2,1840.1316956521741
MEDELLÍN,PIÑAS,2022-01-01,011609,BASE_lowR2,1960.462239130435
MEDELLÍN,PIÑAS,2022-02-01,011609,BASE_lowR2,2095.024183423913
MEDELLÍN,PIÑAS,2022-03-01,011609,BASE_lowR2,2224.4952201086962
MEDELLÍN,PIÑAS,2022-04-01,011609,BASE_lowR2,2226.9249714673915
MEDELLÍN,PIÑAS,2022-05-01,011609,BASE_lowR2,2149.635737771739
MEDELLÍN,PIÑAS,2022-06-01,011609,BASE_lowR2,2166.643997282609
MEDELLÍN,PIÑAS,2022-07-01,011609,BASE_lowR2,2226.9249714673915
MEDELLÍN,PIÑAS,2022-08-01,011609,BASE_lowR2,2387.6356684782613
MEDELLÍN,PIÑAS,2022-09-01,011609,BASE_lowR2,2614.7595692934788
MEDELLÍN,PIÑAS,2022-10-01,011609,BASE_lowR2,2618.924857336957
MEDELLÍN,PIÑAS,2022-11-01,011609,BASE_lowR2,2431.4868953804353
MEDELLÍN,PIÑAS,2022-12-01,011609,BASE_lowR2,2333.139816576087
MEDELLÍN,PIÑAS,2023-01-01,011609,BASE_lowR2,2442.015817934783
MEDELLÍN,PIÑAS,2023-02-01,011609,BASE_lowR2,2710.9083016304353
MEDELLÍN,PIÑAS,2023-03-01,011609,BASE_lowR2,2948.908232336957
MEDELLÍN,PIÑAS,2023-04-01,011609,BASE_lowR2,2808.676868206522
MEDELLÍN,PIÑAS,2023-05-01,011609,BASE_lowR2,2598.908334239131
MEDELLÍN,PIÑAS,2023-06-01,011609,BASE_lowR2,2535.2719891304355
MEDELLÍN,PIÑAS,2023-07-01,011609,BASE_lowR2,2802.7760434782613
MEDELLÍN,PIÑAS,2023-08-01,011609,BASE_lowR2,3097.354470108696
MEDELLÍN,PIÑAS,2023-09-01,011609,BASE_lowR2,3217.916418478261
MEDELLÍN,PIÑAS,2023-10-01,011609,BASE_lowR2,3265.9329334239133
MEDELLÍN,PIÑAS,2023-11-01,011609,BASE_lowR2,2973.437150815218
MEDELLÍN,PIÑAS,2023-12-01,011609,BASE_lowR2,2775.8173736413046
MEDELLÍN,PIÑAS,2024-01-01,011609,BASE_lowR2,2931.0900557065224
MEDELLÍN,PIÑAS,2024-02-01,011609,BASE_lowR2,3135.5362771739133
MEDELLÍN,PIÑAS,2024-03-01,011609,BASE_lowR2,3457.998993206522
MEDELLÍN,PIÑAS,2024-04-01,011609,BASE_lowR2,3623.569192934783
MEDELLÍN,PIÑAS,2024-05-01,011609,BASE_lowR2,3361.8502608695658
MEDELLÍN,PIÑAS,2024-06-01,011609,BASE_lowR2,3006.065240489131
MEDELLÍN,PIÑAS,2024-07-01,011609,BASE_lowR2,2924.379313858696
MEDELLÍN,PIÑAS,2024-08-01,011609,BASE_lowR2,3240.4783953804354
MEDELLÍN,PIÑAS,2024-09-01,011609,BASE_lowR2,3590.478293478261
MEDELLÍN,PIÑAS,2024-10-01,011609,BASE_lowR2,3519.552694293479
MEDELLÍN,PIÑAS,2024-11-01,011609,BASE_lowR2,3334.4287812500006
MEDELLÍN,PIÑAS,2024-12-01,011609,BASE_lowR2,3090.8751331521744
MEDELLÍN,PLÁTANO,2019-01-01,011704,D_city,938.5796762175122
MEDELLÍN,PLÁTANO,2019-02-01,011704,D_city,898.6823535785085
MEDELLÍN,PLÁTANO,2019-03-01,011704,D_city,960.7117730053368
MEDELLÍN,PLÁTANO,2019-04-01,011704,D_city,1081.0984687203136
MEDELLÍN,PLÁTANO,2019-05-01,011704,D_city,1128.2408263908612
MEDELLÍN,PLÁTANO,2019-06-01,011704,D_city,1213.6925519424956
MEDELLÍN,PLÁTANO,2019-07-01,011704,D_city,1174.0929719129967
MEDELLÍN,PLÁTANO,2019-08-01,011704,D_city,1118.0183783293912
MEDELLÍN,PLÁTANO,2019-09-01,011704,D_city,1152.3578640012925
MEDELLÍN,PLÁTANO,2019-10-01,011704,D_city,1268.9731683860196
MEDELLÍN,PLÁTANO,2019-11-01,011704,D_city,1307.977265609151
MEDELLÍN,PLÁTANO,2019-12-01,011704,D_city,1183.0252080253506
MEDELLÍN,PLÁTANO,2020-01-01,011704,D_city,1143.0286395839862
MEDELLÍN,PLÁTANO,2020-02-01,011704,D_city,1087.5495282070813
MEDELLÍN,PLÁTANO,2020-03-01,011704,D_city,1093.8020935508837
MEDELLÍN,PLÁTANO,2020-04-01,011704,D_city,1189.3770203663912
MEDELLÍN,PLÁTANO,2020-05-01,011704,D_city,1188.98003209521
MEDELLÍN,PLÁTANO,2020-06-01,011704,D_city,1135.3866153196313
MEDELLÍN,PLÁTANO,2020-07-01,011704,D_city,1123.3777200330812
MEDELLÍN,PLÁTANO,2020-08-01,011704,D_city,1105.7117418115201
MEDELLÍN,PLÁTANO,2020-09-01,011704,D_city,1075.7391269889097
MEDELLÍN,PLÁTANO,2020-10-01,011704,D_city,1094.695317171034
MEDELLÍN,PLÁTANO,2020-11-01,011704,D_city,1105.7117418115201
MEDELLÍN,PLÁTANO,2020-12-01,011704,D_city,1110.8725893857613
MEDELLÍN,PLÁTANO,2021-01-01,011704,D_city,1103.5283062983672
MEDELLÍN,PLÁTANO,2021-02-01,011704,D_city,1071.0745147382845
MEDELLÍN,PLÁTANO,2021-03-01,011704,D_city,950.4893247218198
MEDELLÍN,PLÁTANO,2021-04-01,011704,D_city,996.0437300677552
MEDELLÍN,PLÁTANO,2021-05-01,011704,D_city,1160.1983823867029
MEDELLÍN,PLÁTANO,2021-06-01,011704,D_city,997.9294244005647
MEDELLÍN,PLÁTANO,2021-07-01,011704,D_city,935.4037699462751
MEDELLÍN,PLÁTANO,2021-08-01,011704,D_city,965.3763853240141
MEDELLÍN,PLÁTANO,2021-09-01,011704,D_city,988.8979410127441
MEDELLÍN,PLÁTANO,2021-10-01,011704,D_city,1032.665898867538
MEDELLÍN,PLÁTANO,2021-11-01,011704,D_city,1055.294230721166
MEDELLÍN,PLÁTANO,2021-12-01,011704,D_city,1113.0560248969687
MEDELLÍN,PLÁTANO,2022-01-01,011704,D_city,1201.2866684935677
MEDELLÍN,PLÁTANO,2022-02-01,011704,D_city,1321.8718549126966
MEDELLÍN,PLÁTANO,2022-03-01,011704,D_city,1532.7718688268737
MEDELLÍN,PLÁTANO,2022-04-01,011704,D_city,1662.6862754166386
MEDELLÍN,PLÁTANO,2022-05-01,011704,D_city,1654.7465103483087
MEDELLÍN,PLÁTANO,2022-06-01,011704,D_city,1615.444673184154
MEDELLÍN,PLÁTANO,2022-07-01,011704,D_city,1656.135969235636
MEDELLÍN,PLÁTANO,2022-08-01,011704,D_city,1652.6623220170245
MEDELLÍN,PLÁTANO,2022-09-01,011704,D_city,1646.3105099575948
MEDELLÍN,PLÁTANO,2022-10-01,011704,D_city,1695.8347945221153
MEDELLÍN,PLÁTANO,2022-11-01,011704,D_city,1820.1913639360773
MEDELLÍN,PLÁTANO,2022-12-01,011704,D_city,2046.772404920859
MEDELLÍN,PLÁTANO,2023-01-01,011704,D_city,2209.2398421938965
MEDELLÍN,PLÁTANO,2023-02-01,011704,D_city,2314.044736727601
MEDELLÍN,PLÁTANO,2023-03-01,011704,D_city,2349.2774426049928
MEDELLÍN,PLÁTANO,2023-04-01,011704,D_city,2423.6134894215097
MEDELLÍN,PLÁTANO,2023-05-01,011704,D_city,2405.947513036636
MEDELLÍN,PLÁTANO,2023-06-01,011704,D_city,2284.5683602057898
MEDELLÍN,PLÁTANO,2023-07-01,011704,D_city,2186.7107596652713
MEDELLÍN,PLÁTANO,2023-08-01,011704,D_city,1947.8230852269817
MEDELLÍN,PLÁTANO,2023-09-01,011704,D_city,1772.8505152240296
MEDELLÍN,PLÁTANO,2023-10-01,011704,D_city,1784.0654332779309
MEDELLÍN,PLÁTANO,2023-11-01,011704,D_city,2006.3788512236301
MEDELLÍN,PLÁTANO,2023-12-01,011704,D_city,1950.8997441241618
MEDELLÍN,PLÁTANO,2024-01-01,011704,D_city,1833.9867055629575
MEDELLÍN,PLÁTANO,2024-02-01,011704,D_city,1672.7102288081267
MEDELLÍN,PLÁTANO,2024-03-01,011704,D_city,1729.3803017916516
MEDELLÍN,PLÁTANO,2024-04-01,011704,D_city,1809.9689165344341
MEDELLÍN,PLÁTANO,2024-05-01,011704,D_city,1948.319320533023
MEDELLÍN,PLÁTANO,2024-06-01,011704,D_city,1871.9983302615456
MEDELLÍN,PLÁTANO,2024-07-01,011704,D_city,1750.222184962273
MEDELLÍN,PLÁTANO,2024-08-01,011704,D_city,1694.6438297653538
MEDELLÍN,PLÁTANO,2024-09-01,011704,D_city,1693.4528650084799
MEDELLÍN,PLÁTANO,2024-10-01,011704,D_city,1843.1174352651542
MEDELLÍN,PLÁTANO,2024-11-01,011704,D_city,1973.031838752452
MEDELLÍN,PLÁTANO,2024-12-01,011704,D_city,2052.230993250053
MEDELLÍN,POLLO DESPRESADO POR LIBRA,2019-01-01,011203,D_city,4843.479758724969
MEDELLÍN,POLLO DESPRESADO POR LIBRA,2019-02-01,011203,D_city,4853.701028885276
MEDELLÍN,POLLO DESPRESADO POR LIBRA,2019-03-01,011203,D_city,4856.876033828371
MEDELLÍN,POLLO DESPRESADO POR LIBRA,2019-04-01,011203,D_city,4868.874553671626
MEDELLÍN,POLLO DESPRESADO POR LIBRA,2019-05-01,011203,D_city,4884.445492024549
MEDELLÍN,POLLO DESPRESADO POR LIBRA,2019-06-01,011203,D_city,4894.3456304003585
MEDELLÍN,POLLO DESPRESADO POR LIBRA,2019-07-01,011203,D_city,4880.614373470917
MEDELLÍN,POLLO DESPRESADO POR LIBRA,2019-08-01,011203,D_city,4878.3591895579075
MEDELLÍN,POLLO DESPRESADO POR LIBRA,2019-09-01,011203,D_city,4869.5527184758685
MEDELLÍN,POLLO DESPRESADO POR LIBRA,2019-10-01,011203,D_city,4887.372886395648
MEDELLÍN,POLLO DESPRESADO POR LIBRA,2019-11-01,011203,D_city,4888.273225475147
MEDELLÍN,POLLO DESPRESADO POR LIBRA,2019-12-01,011203,D_city,4910.721238753067
MEDELLÍN,POLLO DESPRESADO POR LIBRA,2020-01-01,011203,D_city,4913.183461997538
MEDELLÍN,POLLO DESPRESADO POR LIBRA,2020-02-01,011203,D_city,4922.57190740083
MEDELLÍN,POLLO DESPRESADO POR LIBRA,2020-03-01,011203,D_city,4936.616841154579
MEDELLÍN,POLLO DESPRESADO POR LIBRA,2020-04-01,011203,D_city,4949.285453098388
MEDELLÍN,POLLO DESPRESADO POR LIBRA,2020-05-01,011203,D_city,4955.938480853613
MEDELLÍN,POLLO DESPRESADO POR LIBRA,2020-06-01,011203,D_city,4960.368243949686
MEDELLÍN,POLLO DESPRESADO POR LIBRA,2020-07-01,011203,D_city,4973.410133078249
MEDELLÍN,POLLO DESPRESADO POR LIBRA,2020-08-01,011203,D_city,4978.042866738253
MEDELLÍN,POLLO DESPRESADO POR LIBRA,2020-09-01,011203,D_city,4997.842619115124
MEDELLÍN,POLLO DESPRESADO POR LIBRA,2020-10-01,011203,D_city,4990.592993428466
MEDELLÍN,POLLO DESPRESADO POR LIBRA,2020-11-01,011203,D_city,5005.080407325632
MEDELLÍN,POLLO DESPRESADO POR LIBRA,2020-12-01,011203,D_city,5009.680134707504
MEDELLÍN,POLLO DESPRESADO POR LIBRA,2021-01-01,011203,D_city,5017.772850982224
MEDELLÍN,POLLO DESPRESADO POR LIBRA,2021-02-01,011203,D_city,5033.696552918409
MEDELLÍN,POLLO DESPRESADO POR LIBRA,2021-03-01,011203,D_city,5089.310193012042
MEDELLÍN,POLLO DESPRESADO POR LIBRA,2021-04-01,011203,D_city,5127.856892099527
MEDELLÍN,POLLO DESPRESADO POR LIBRA,2021-05-01,011203,D_city,5172.84144770117
MEDELLÍN,POLLO DESPRESADO POR LIBRA,2021-06-01,011203,D_city,5239.503031977449
MEDELLÍN,POLLO DESPRESADO POR LIBRA,2021-07-01,011203,D_city,5277.02212491548
MEDELLÍN,POLLO DESPRESADO POR LIBRA,2021-08-01,011203,D_city,5328.354802018072
MEDELLÍN,POLLO DESPRESADO POR LIBRA,2021-09-01,011203,D_city,5346.088315662261
MEDELLÍN,POLLO DESPRESADO POR LIBRA,2021-10-01,011203,D_city,5365.782289372532
MEDELLÍN,POLLO DESPRESADO POR LIBRA,2021-11-01,011203,D_city,5383.17501581726
MEDELLÍN,POLLO DESPRESADO POR LIBRA,2021-12-01,011203,D_city,5398.492764683358
MEDELLÍN,POLLO DESPRESADO POR LIBRA,2022-01-01,011203,D_city,5417.771733968351
MEDELLÍN,POLLO DESPRESADO POR LIBRA,2022-02-01,011203,D_city,5485.042481959635
MEDELLÍN,POLLO DESPRESADO POR LIBRA,2022-03-01,011203,D_city,5531.85796056525
MEDELLÍN,POLLO DESPRESADO POR LIBRA,2022-04-01,011203,D_city,5562.10834379234
MEDELLÍN,POLLO DESPRESADO POR LIBRA,2022-05-01,011203,D_city,5590.820465334342
MEDELLÍN,POLLO DESPRESADO POR LIBRA,2022-06-01,011203,D_city,5644.6907162853795
MEDELLÍN,POLLO DESPRESADO POR LIBRA,2022-07-01,011203,D_city,5688.511453706277
MEDELLÍN,POLLO DESPRESADO POR LIBRA,2022-08-01,011203,D_city,5720.469143998058
MEDELLÍN,POLLO DESPRESADO POR LIBRA,2022-09-01,011203,D_city,5773.164819175745
MEDELLÍN,POLLO DESPRESADO POR LIBRA,2022-10-01,011203,D_city,5777.45400579978
MEDELLÍN,POLLO DESPRESADO POR LIBRA,2022-11-01,011203,D_city,5778.572333723719
MEDELLÍN,POLLO DESPRESADO POR LIBRA,2022-12-01,011203,D_city,5788.8123239828
MEDELLÍN,POLLO DESPRESADO POR LIBRA,2023-01-01,011203,D_city,5811.824246628278
MEDELLÍN,POLLO DESPRESADO POR LIBRA,2023-02-01,011203,D_city,5863.229098654439
MEDELLÍN,POLLO DESPRESADO POR LIBRA,2023-03-01,011203,D_city,5858.643665533158
MEDELLÍN,POLLO DESPRESADO POR LIBRA,2023-04-01,011203,D_city,5921.569370172882
MEDELLÍN,POLLO DESPRESADO POR LIBRA,2023-05-01,011203,D_city,5945.085863303436
MEDELLÍN,POLLO DESPRESADO POR LIBRA,2023-06-01,011203,D_city,5930.807604113094
MEDELLÍN,POLLO DESPRESADO POR LIBRA,2023-07-01,011203,D_city,5961.665129898298
MEDELLÍN,POLLO DESPRESADO POR LIBRA,2023-08-01,011203,D_city,5965.981614083225
MEDELLÍN,POLLO DESPRESADO POR LIBRA,2023-09-01,011203,D_city,5984.466676687854
MEDELLÍN,POLLO DESPRESADO POR LIBRA,2023-10-01,011203,D_city,5967.599388122657
MEDELLÍN,POLLO DESPRESADO POR LIBRA,2023-11-01,011203,D_city,5993.23798224069
MEDELLÍN,POLLO DESPRESADO POR LIBRA,2023-12-01,011203,D_city,5998.422351897045
MEDELLÍN,POLLO DESPRESADO POR LIBRA,2024-01-01,011203,D_city,6023.201746858937
MEDELLÍN,POLLO DESPRESADO POR LIBRA,2024-02-01,011203,D_city,6013.232529206687
MEDELLÍN,POLLO DESPRESADO POR LIBRA,2024-03-01,011203,D_city,6008.2409253951755
MEDELLÍN,POLLO DESPRESADO POR LIBRA,2024-04-01,011203,D_city,6015.1922387025415
MEDELLÍN,POLLO DESPRESADO POR LIBRA,2024-05-01,011203,D_city,6008.775963724997
MEDELLÍN,POLLO DESPRESADO POR LIBRA,2024-06-01,011203,D_city,5995.9201837805285
MEDELLÍN,POLLO DESPRESADO POR LIBRA,2024-07-01,011203,D_city,6007.705833339194
MEDELLÍN,POLLO DESPRESADO POR LIBRA,2024-08-01,011203,D_city,6009.489264617645
MEDELLÍN,POLLO DESPRESADO POR LIBRA,2024-09-01,011203,D_city,6009.31094834423
MEDELLÍN,POLLO DESPRESADO POR LIBRA,2024-10-01,011203,D_city,6017.507331320274
MEDELLÍN,POLLO DESPRESADO POR LIBRA,2024-11-01,011203,D_city,6005.029566621419
MEDELLÍN,POLLO DESPRESADO POR LIBRA,2024-12-01,011203,D_city,6010.202470061688
MEDELLÍN,POLLO ENTERO POR LIBRA,2019-01-01,011203,D_city,3321.8319025580486
MEDELLÍN,POLLO ENTERO POR LIBRA,2019-02-01,011203,D_city,3336.7633541821706
MEDELLÍN,POLLO ENTERO POR LIBRA,2019-03-01,011203,D_city,3341.408694352975
MEDELLÍN,POLLO ENTERO POR LIBRA,2019-04-01,011203,D_city,3358.9946235669872
MEDELLÍN,POLLO ENTERO POR LIBRA,2019-05-01,011203,D_city,3381.889509162774
MEDELLÍN,POLLO ENTERO POR LIBRA,2019-06-01,011203,D_city,3396.489144368225
MEDELLÍN,POLLO ENTERO POR LIBRA,2019-07-01,011203,D_city,3376.24874060169
MEDELLÍN,POLLO ENTERO POR LIBRA,2019-08-01,011203,D_city,3372.9306413401923
MEDELLÍN,POLLO ENTERO POR LIBRA,2019-09-01,011203,D_city,3359.9900534548765
MEDELLÍN,POLLO ENTERO POR LIBRA,2019-10-01,011203,D_city,3386.203037906749
MEDELLÍN,POLLO ENTERO POR LIBRA,2019-11-01,011203,D_city,3387.530277493167
MEDELLÍN,POLLO ENTERO POR LIBRA,2019-12-01,011203,D_city,3420.7112630225693
MEDELLÍN,POLLO ENTERO POR LIBRA,2020-01-01,011203,D_city,3424.3611709476145
MEDELLÍN,POLLO ENTERO POR LIBRA,2020-02-01,011203,D_city,3438.2971821485085
MEDELLÍN,POLLO ENTERO POR LIBRA,2020-03-01,011203,D_city,3459.201196354719
MEDELLÍN,POLLO ENTERO POR LIBRA,2020-04-01,011203,D_city,3478.1143493955983
MEDELLÍN,POLLO ENTERO POR LIBRA,2020-05-01,011203,D_city,3488.0686394559857
MEDELLÍN,POLLO ENTERO POR LIBRA,2020-06-01,011203,D_city,3494.7048324424827
MEDELLÍN,POLLO ENTERO POR LIBRA,2020-07-01,011203,D_city,3514.2815999546156
MEDELLÍN,POLLO ENTERO POR LIBRA,2020-08-01,011203,D_city,3521.249601304422
MEDELLÍN,POLLO ENTERO POR LIBRA,2020-09-01,011203,D_city,3551.112460411013
MEDELLÍN,POLLO ENTERO POR LIBRA,2020-10-01,011203,D_city,3540.162746122985
MEDELLÍN,POLLO ENTERO POR LIBRA,2020-11-01,011203,D_city,3562.0621738711793
MEDELLÍN,POLLO ENTERO POR LIBRA,2020-12-01,011203,D_city,3569.030172915961
MEDELLÍN,POLLO ENTERO POR LIBRA,2021-01-01,011203,D_city,3581.307122802708
MEDELLÍN,POLLO ENTERO POR LIBRA,2021-02-01,011203,D_city,3605.5292100966744
MEDELLÍN,POLLO ENTERO POR LIBRA,2021-03-01,011203,D_city,3690.804198175105
MEDELLÍN,POLLO ENTERO POR LIBRA,2021-04-01,011203,D_city,3750.5298419237242
MEDELLÍN,POLLO ENTERO POR LIBRA,2021-05-01,011203,D_city,3820.873348012724
MEDELLÍN,POLLO ENTERO POR LIBRA,2021-06-01,011203,D_city,3926.3885477839804
MEDELLÍN,POLLO ENTERO POR LIBRA,2021-07-01,011203,D_city,3986.4459101928137
MEDELLÍN,POLLO ENTERO POR LIBRA,2021-08-01,011203,D_city,4069.3980318006534
MEDELLÍN,POLLO ENTERO POR LIBRA,2021-09-01,011203,D_city,4098.265360351793
MEDELLÍN,POLLO ENTERO POR LIBRA,2021-10-01,011203,D_city,4130.450766767697
MEDELLÍN,POLLO ENTERO POR LIBRA,2021-11-01,011203,D_city,4158.9862765898615
MEDELLÍN,POLLO ENTERO POR LIBRA,2021-12-01,011203,D_city,4184.203699877697
MEDELLÍN,POLLO ENTERO POR LIBRA,2022-01-01,011203,D_city,4216.05728186486
MEDELLÍN,POLLO ENTERO POR LIBRA,2022-02-01,011203,D_city,4328.20838844171
MEDELLÍN,POLLO ENTERO POR LIBRA,2022-03-01,011203,D_city,4407.178651391677
MEDELLÍN,POLLO ENTERO POR LIBRA,2022-04-01,011203,D_city,4458.6088459615985
MEDELLÍN,POLLO ENTERO POR LIBRA,2022-05-01,011203,D_city,4507.71637300481
MEDELLÍN,POLLO ENTERO POR LIBRA,2022-06-01,011203,D_city,4600.622469478825
MEDELLÍN,POLLO ENTERO POR LIBRA,2022-07-01,011203,D_city,4676.938157124764
MEDELLÍN,POLLO ENTERO POR LIBRA,2022-08-01,011203,D_city,4733.013577688301
MEDELLÍN,POLLO ENTERO POR LIBRA,2022-09-01,011203,D_city,4826.251371177579
MEDELLÍN,POLLO ENTERO POR LIBRA,2022-10-01,011203,D_city,4833.882932378607
MEDELLÍN,POLLO ENTERO POR LIBRA,2022-11-01,011203,D_city,4835.873774382444
MEDELLÍN,POLLO ENTERO POR LIBRA,2022-12-01,011203,D_city,4854.123158482236
MEDELLÍN,POLLO ENTERO POR LIBRA,2023-01-01,011203,D_city,4895.267218290399
MEDELLÍN,POLLO ENTERO POR LIBRA,2023-02-01,011203,D_city,4987.841321963969
MEDELLÍN,POLLO ENTERO POR LIBRA,2023-03-01,011203,D_city,4979.546153113967
MEDELLÍN,POLLO ENTERO POR LIBRA,2023-04-01,011203,D_city,5094.019453562037
MEDELLÍN,POLLO ENTERO POR LIBRA,2023-05-01,011203,D_city,5137.154303958247
MEDELLÍN,POLLO ENTERO POR LIBRA,2023-06-01,011203,D_city,5110.941588242396
MEDELLÍN,POLLO ENTERO POR LIBRA,2023-07-01,011203,D_city,5167.680500406376
MEDELLÍN,POLLO ENTERO POR LIBRA,2023-08-01,011203,D_city,5175.643855273319
MEDELLÍN,POLLO ENTERO POR LIBRA,2023-09-01,011203,D_city,5209.819916504962
MEDELLÍN,POLLO ENTERO POR LIBRA,2023-10-01,011203,D_city,5178.630113270944
MEDELLÍN,POLLO ENTERO POR LIBRA,2023-11-01,011203,D_city,5226.078429139628
MEDELLÍN,POLLO ENTERO POR LIBRA,2023-12-01,011203,D_city,5235.700813583844
MEDELLÍN,POLLO ENTERO POR LIBRA,2024-01-01,011203,D_city,5281.82189163787
MEDELLÍN,POLLO ENTERO POR LIBRA,2024-02-01,011203,D_city,5263.240739082144
MEDELLÍN,POLLO ENTERO POR LIBRA,2024-03-01,011203,D_city,5253.950162201465
MEDELLÍN,POLLO ENTERO POR LIBRA,2024-04-01,011203,D_city,5266.890608460925
MEDELLÍN,POLLO ENTERO POR LIBRA,2024-05-01,011203,D_city,5254.945581172222
MEDELLÍN,POLLO ENTERO POR LIBRA,2024-06-01,011203,D_city,5231.055524595996
MEDELLÍN,POLLO ENTERO POR LIBRA,2024-07-01,011203,D_city,5252.954743226085
MEDELLÍN,POLLO ENTERO POR LIBRA,2024-08-01,011203,D_city,5256.272806459372
MEDELLÍN,POLLO ENTERO POR LIBRA,2024-09-01,011203,D_city,5255.941000138355
MEDELLÍN,POLLO ENTERO POR LIBRA,2024-10-01,011203,D_city,5271.204090374078
MEDELLÍN,POLLO ENTERO POR LIBRA,2024-11-01,011203,D_city,5247.977648279787
MEDELLÍN,POLLO ENTERO POR LIBRA,2024-12-01,011203,D_city,5257.600031738304
MEDELLÍN,QUESO CAMPESINO,2019-01-01,011402,BASE,9236.366930379747
MEDELLÍN,QUESO CAMPESINO,2019-02-01,011402,BASE,9276.063459915613
MEDELLÍN,QUESO CAMPESINO,2019-03-01,011402,BASE,9344.378417721518
MEDELLÍN,QUESO CAMPESINO,2019-04-01,011402,BASE,9496.702310126584
MEDELLÍN,QUESO CAMPESINO,2019-05-01,011402,BASE,9434.849578059073
MEDELLÍN,QUESO CAMPESINO,2019-06-01,011402,BASE,9462.54483122363
MEDELLÍN,QUESO CAMPESINO,2019-07-01,011402,BASE,9515.165812236288
MEDELLÍN,QUESO CAMPESINO,2019-08-01,011402,BASE,9527.167088607595
MEDELLÍN,QUESO CAMPESINO,2019-09-01,011402,BASE,9535.475664556963
MEDELLÍN,QUESO CAMPESINO,2019-10-01,011402,BASE,9555.785516877637
MEDELLÍN,QUESO CAMPESINO,2019-11-01,011402,BASE,9656.411603375527
MEDELLÍN,QUESO CAMPESINO,2019-12-01,011402,BASE,9715.494810126584
MEDELLÍN,QUESO CAMPESINO,2020-01-01,011402,BASE,9760.73039029536
MEDELLÍN,QUESO CAMPESINO,2020-02-01,011402,BASE,9803.19644514768
MEDELLÍN,QUESO CAMPESINO,2020-03-01,011402,BASE,9862.279651898734
MEDELLÍN,QUESO CAMPESINO,2020-04-01,011402,BASE,9988.754641350211
MEDELLÍN,QUESO CAMPESINO,2020-05-01,011402,BASE,10021.065770042194
MEDELLÍN,QUESO CAMPESINO,2020-06-01,011402,BASE,10041.37562236287
MEDELLÍN,QUESO CAMPESINO,2020-07-01,011402,BASE,10070.917225738396
MEDELLÍN,QUESO CAMPESINO,2020-08-01,011402,BASE,10076.456276371307
MEDELLÍN,QUESO CAMPESINO,2020-09-01,011402,BASE,10092.150253164556
MEDELLÍN,QUESO CAMPESINO,2020-10-01,011402,BASE,10021.065770042194
MEDELLÍN,QUESO CAMPESINO,2020-11-01,011402,BASE,10070.917225738396
MEDELLÍN,QUESO CAMPESINO,2020-12-01,011402,BASE,10079.225801687766
MEDELLÍN,QUESO CAMPESINO,2021-01-01,011402,BASE,10089.380727848102
MEDELLÍN,QUESO CAMPESINO,2021-02-01,011402,BASE,10123.538206751055
MEDELLÍN,QUESO CAMPESINO,2021-03-01,011402,BASE,10181.698238396626
MEDELLÍN,QUESO CAMPESINO,2021-04-01,011402,BASE,10303.557352320675
MEDELLÍN,QUESO CAMPESINO,2021-05-01,011402,BASE,10333.098955696205
MEDELLÍN,QUESO CAMPESINO,2021-06-01,011402,BASE,10361.717383966245
MEDELLÍN,QUESO CAMPESINO,2021-07-01,011402,BASE,10341.40753164557
MEDELLÍN,QUESO CAMPESINO,2021-08-01,011402,BASE,10458.650770042195
MEDELLÍN,QUESO CAMPESINO,2021-09-01,011402,BASE,10528.812078059073
MEDELLÍN,QUESO CAMPESINO,2021-10-01,011402,BASE,10744.835052742617
MEDELLÍN,QUESO CAMPESINO,2021-11-01,011402,BASE,10923.931023206751
MEDELLÍN,QUESO CAMPESINO,2021-12-01,011402,BASE,11151.955274261603
MEDELLÍN,QUESO CAMPESINO,2022-01-01,011402,BASE,11365.208723628692
MEDELLÍN,QUESO CAMPESINO,2022-02-01,011402,BASE,11808.332774261604
MEDELLÍN,QUESO CAMPESINO,2022-03-01,011402,BASE,12350.236561181435
MEDELLÍN,QUESO CAMPESINO,2022-04-01,011402,BASE,12630.881793248944
MEDELLÍN,QUESO CAMPESINO,2022-05-01,011402,BASE,12819.209514767934
MEDELLÍN,QUESO CAMPESINO,2022-06-01,011402,BASE,13405.425706751057
MEDELLÍN,QUESO CAMPESINO,2022-07-01,011402,BASE,13608.524229957806
MEDELLÍN,QUESO CAMPESINO,2022-08-01,011402,BASE,13634.373132911393
MEDELLÍN,QUESO CAMPESINO,2022-09-01,011402,BASE,13735.922394514768
MEDELLÍN,QUESO CAMPESINO,2022-10-01,011402,BASE,13823.624029535868
MEDELLÍN,QUESO CAMPESINO,2022-11-01,011402,BASE,14118.116888185656
MEDELLÍN,QUESO CAMPESINO,2022-12-01,011402,BASE,14396.915770042195
MEDELLÍN,QUESO CAMPESINO,2023-01-01,011402,BASE,14699.71720464135
MEDELLÍN,QUESO CAMPESINO,2023-02-01,011402,BASE,14964.668459915612
MEDELLÍN,QUESO CAMPESINO,2023-03-01,011402,BASE,15374.558206751055
MEDELLÍN,QUESO CAMPESINO,2023-04-01,011402,BASE,15336.70802742616
MEDELLÍN,QUESO CAMPESINO,2023-05-01,011402,BASE,15381.943607594938
MEDELLÍN,QUESO CAMPESINO,2023-06-01,011402,BASE,15374.558206751055
MEDELLÍN,QUESO CAMPESINO,2023-07-01,011402,BASE,15252.699092827004
MEDELLÍN,QUESO CAMPESINO,2023-08-01,011402,BASE,15295.165147679327
MEDELLÍN,QUESO CAMPESINO,2023-09-01,011402,BASE,15322.860400843882
MEDELLÍN,QUESO CAMPESINO,2023-10-01,011402,BASE,15329.322626582281
MEDELLÍN,QUESO CAMPESINO,2023-11-01,011402,BASE,15323.78357594937
MEDELLÍN,QUESO CAMPESINO,2023-12-01,011402,BASE,15164.997457805908
MEDELLÍN,QUESO CAMPESINO,2024-01-01,011402,BASE,15212.079388185655
MEDELLÍN,QUESO CAMPESINO,2024-02-01,011402,BASE,15205.617162447259
MEDELLÍN,QUESO CAMPESINO,2024-03-01,011402,BASE,15283.16387130802
MEDELLÍN,QUESO CAMPESINO,2024-04-01,011402,BASE,15196.385411392408
MEDELLÍN,QUESO CAMPESINO,2024-05-01,011402,BASE,15237.005116033757
MEDELLÍN,QUESO CAMPESINO,2024-06-01,011402,BASE,15314.551824894515
MEDELLÍN,QUESO CAMPESINO,2024-07-01,011402,BASE,15265.6235443038
MEDELLÍN,QUESO CAMPESINO,2024-08-01,011402,BASE,15285.933396624474
MEDELLÍN,QUESO CAMPESINO,2024-09-01,011402,BASE,15197.308586497891
MEDELLÍN,QUESO CAMPESINO,2024-10-01,011402,BASE,15276.70164556962
MEDELLÍN,QUESO CAMPESINO,2024-11-01,011402,BASE,15289.626097046415
MEDELLÍN,QUESO CAMPESINO,2024-12-01,011402,BASE,15300.704198312238
MEDELLÍN,REPOLLO,2019-01-01,011716,BASE_lowR2,1174.8842255252569
MEDELLÍN,REPOLLO,2019-02-01,011716,BASE_lowR2,1175.802911265087
MEDELLÍN,REPOLLO,2019-03-01,011716,BASE_lowR2,1183.6117400536432
MEDELLÍN,REPOLLO,2019-04-01,011716,BASE_lowR2,1195.2101475189984
MEDELLÍN,REPOLLO,2019-05-01,011716,BASE_lowR2,1145.6011175681717
MEDELLÍN,REPOLLO,2019-06-01,011716,BASE_lowR2,1215.3063980777827
MEDELLÍN,REPOLLO,2019-07-01,011716,BASE_lowR2,1209.5646122038443
MEDELLÍN,REPOLLO,2019-08-01,011716,BASE_lowR2,1207.9569121591417
MEDELLÍN,REPOLLO,2019-09-01,011716,BASE_lowR2,1247.460398971837
MEDELLÍN,REPOLLO,2019-10-01,011716,BASE_lowR2,1312.5722507822975
MEDELLÍN,REPOLLO,2019-11-01,011716,BASE_lowR2,1373.5500167635225
MEDELLÍN,REPOLLO,2019-12-01,011716,BASE_lowR2,1332.8981727760392
MEDELLÍN,REPOLLO,2020-01-01,011716,BASE_lowR2,1318.4288723737145
MEDELLÍN,REPOLLO,2020-02-01,011716,BASE_lowR2,1398.3545317389357
MEDELLÍN,REPOLLO,2020-03-01,011716,BASE_lowR2,1670.0558392936969
MEDELLÍN,REPOLLO,2020-04-01,011716,BASE_lowR2,1555.564628967367
MEDELLÍN,REPOLLO,2020-05-01,011716,BASE_lowR2,1442.2217758158247
MEDELLÍN,REPOLLO,2020-06-01,011716,BASE_lowR2,1321.8739438980776
MEDELLÍN,REPOLLO,2020-07-01,011716,BASE_lowR2,1354.027944792132
MEDELLÍN,REPOLLO,2020-08-01,011716,BASE_lowR2,1428.4414897183728
MEDELLÍN,REPOLLO,2020-09-01,011716,BASE_lowR2,1533.1716640590075
MEDELLÍN,REPOLLO,2020-10-01,011716,BASE_lowR2,1525.9370138578452
MEDELLÍN,REPOLLO,2020-11-01,011716,BASE_lowR2,1430.0491897630754
MEDELLÍN,REPOLLO,2020-12-01,011716,BASE_lowR2,1495.1610415735356
MEDELLÍN,REPOLLO,2021-01-01,011716,BASE_lowR2,1513.764427805096
MEDELLÍN,REPOLLO,2021-02-01,011716,BASE_lowR2,1496.4242344658023
MEDELLÍN,REPOLLO,2021-03-01,011716,BASE_lowR2,1469.66751229325
MEDELLÍN,REPOLLO,2021-04-01,011716,BASE_lowR2,1503.5440489494858
MEDELLÍN,REPOLLO,2021-05-01,011716,BASE_lowR2,1599.776380196692
MEDELLÍN,REPOLLO,2021-06-01,011716,BASE_lowR2,1662.2470105051407
MEDELLÍN,REPOLLO,2021-07-01,011716,BASE_lowR2,1706.9181046043807
MEDELLÍN,REPOLLO,2021-08-01,011716,BASE_lowR2,1738.0385840411263
MEDELLÍN,REPOLLO,2021-09-01,011716,BASE_lowR2,1698.7647686633884
MEDELLÍN,REPOLLO,2021-10-01,011716,BASE_lowR2,1696.008711443898
MEDELLÍN,REPOLLO,2021-11-01,011716,BASE_lowR2,1684.1806325435848
MEDELLÍN,REPOLLO,2021-12-01,011716,BASE_lowR2,1721.7319121591415
MEDELLÍN,REPOLLO,2022-01-01,011716,BASE_lowR2,1775.4750279392042
MEDELLÍN,REPOLLO,2022-02-01,011716,BASE_lowR2,1788.336628296826
MEDELLÍN,REPOLLO,2022-03-01,011716,BASE_lowR2,1900.4162885561018
MEDELLÍN,REPOLLO,2022-04-01,011716,BASE_lowR2,1934.177989494859
MEDELLÍN,REPOLLO,2022-05-01,011716,BASE_lowR2,1987.232090970049
MEDELLÍN,REPOLLO,2022-06-01,011716,BASE_lowR2,2057.6263857845324
MEDELLÍN,REPOLLO,2022-07-01,011716,BASE_lowR2,2171.5434175234686
MEDELLÍN,REPOLLO,2022-08-01,011716,BASE_lowR2,2210.4727257487707
MEDELLÍN,REPOLLO,2022-09-01,011716,BASE_lowR2,2232.8656906571296
MEDELLÍN,REPOLLO,2022-10-01,011716,BASE_lowR2,2143.9828453285645
MEDELLÍN,REPOLLO,2022-11-01,011716,BASE_lowR2,2165.9164673670093
MEDELLÍN,REPOLLO,2022-12-01,011716,BASE_lowR2,2201.1710326329903
MEDELLÍN,REPOLLO,2023-01-01,011716,BASE_lowR2,2253.765791238265
MEDELLÍN,REPOLLO,2023-02-01,011716,BASE_lowR2,2204.271597004917
MEDELLÍN,REPOLLO,2023-03-01,011716,BASE_lowR2,2211.046904336164
MEDELLÍN,REPOLLO,2023-04-01,011716,BASE_lowR2,2258.129548502458
MEDELLÍN,REPOLLO,2023-05-01,011716,BASE_lowR2,2142.834488153777
MEDELLÍN,REPOLLO,2023-06-01,011716,BASE_lowR2,2077.952307778274
MEDELLÍN,REPOLLO,2023-07-01,011716,BASE_lowR2,2072.8995362092087
MEDELLÍN,REPOLLO,2023-08-01,011716,BASE_lowR2,2086.6798223066603
MEDELLÍN,REPOLLO,2023-09-01,011716,BASE_lowR2,2069.3396289673665
MEDELLÍN,REPOLLO,2023-10-01,011716,BASE_lowR2,2046.3724854716133
MEDELLÍN,REPOLLO,2023-11-01,011716,BASE_lowR2,2082.430900759946
MEDELLÍN,REPOLLO,2023-12-01,011716,BASE_lowR2,2090.6990724184175
MEDELLÍN,REPOLLO,2024-01-01,011716,BASE_lowR2,2141.456459544032
MEDELLÍN,REPOLLO,2024-02-01,011716,BASE_lowR2,2264.2158415288327
MEDELLÍN,REPOLLO,2024-03-01,011716,BASE_lowR2,2409.023681269557
MEDELLÍN,REPOLLO,2024-04-01,011716,BASE_lowR2,2472.527833035315
MEDELLÍN,REPOLLO,2024-05-01,011716,BASE_lowR2,2430.6127961555653
MEDELLÍN,REPOLLO,2024-06-01,011716,BASE_lowR2,2312.1023357174786
MEDELLÍN,REPOLLO,2024-07-01,011716,BASE_lowR2,2343.911829459097
MEDELLÍN,REPOLLO,2024-08-01,011716,BASE_lowR2,2224.942026151095
MEDELLÍN,REPOLLO,2024-09-01,011716,BASE_lowR2,2171.5434175234686
MEDELLÍN,REPOLLO,2024-10-01,011716,BASE_lowR2,2155.696088511399
MEDELLÍN,REPOLLO,2024-11-01,011716,BASE_lowR2,2156.6147742512294
MEDELLÍN,REPOLLO,2024-12-01,011716,BASE_lowR2,2250.7800625838177
MEDELLÍN,SAL,2019-01-01,011902,BASE,614.1301175632348
MEDELLÍN,SAL,2019-02-01,011902,BASE,618.3873079206745
MEDELLÍN,SAL,2019-03-01,011902,BASE,614.7382876142976
MEDELLÍN,SAL,2019-04-01,011902,BASE,625.9894335589598
MEDELLÍN,SAL,2019-05-01,011902,BASE,642.9573779836124
MEDELLÍN,SAL,2019-06-01,011902,BASE,652.566464790405
MEDELLÍN,SAL,2019-07-01,011902,BASE,646.971300320627
MEDELLÍN,SAL,2019-08-01,011902,BASE,658.4657142857143
MEDELLÍN,SAL,2019-09-01,011902,BASE,657.6750932193327
MEDELLÍN,SAL,2019-10-01,011902,BASE,662.2971856074101
MEDELLÍN,SAL,2019-11-01,011902,BASE,667.4058140363377
MEDELLÍN,SAL,2019-12-01,011902,BASE,664.3649637810237
MEDELLÍN,SAL,2020-01-01,011902,BASE,672.8185274907968
MEDELLÍN,SAL,2020-02-01,011902,BASE,677.379802873768
MEDELLÍN,SAL,2020-03-01,011902,BASE,685.5292815580098
MEDELLÍN,SAL,2020-04-01,011902,BASE,698.1184016150102
MEDELLÍN,SAL,2020-05-01,011902,BASE,708.7613775086095
MEDELLÍN,SAL,2020-06-01,011902,BASE,720.8639615247595
MEDELLÍN,SAL,2020-07-01,011902,BASE,722.0803016268852
MEDELLÍN,SAL,2020-08-01,011902,BASE,728.0403681273008
MEDELLÍN,SAL,2020-09-01,011902,BASE,727.3105640660254
MEDELLÍN,SAL,2020-10-01,011902,BASE,722.2019356370978
MEDELLÍN,SAL,2020-11-01,011902,BASE,729.2567082294264
MEDELLÍN,SAL,2020-12-01,011902,BASE,736.919650872818
MEDELLÍN,SAL,2021-01-01,011902,BASE,741.7850112813205
MEDELLÍN,SAL,2021-02-01,011902,BASE,744.8258615366346
MEDELLÍN,SAL,2021-03-01,011902,BASE,743.9136064600403
MEDELLÍN,SAL,2021-04-01,011902,BASE,745.0083125519535
MEDELLÍN,SAL,2021-05-01,011902,BASE,749.1438688991807
MEDELLÍN,SAL,2021-06-01,011902,BASE,752.245536159601
MEDELLÍN,SAL,2021-07-01,011902,BASE,756.2594584966156
MEDELLÍN,SAL,2021-08-01,011902,BASE,782.8364897280608
MEDELLÍN,SAL,2021-09-01,011902,BASE,786.0597909986938
MEDELLÍN,SAL,2021-10-01,011902,BASE,792.3239425246408
MEDELLÍN,SAL,2021-11-01,011902,BASE,794.6349887186794
MEDELLÍN,SAL,2021-12-01,011902,BASE,807.4673767961051
MEDELLÍN,SAL,2022-01-01,011902,BASE,824.7394062462891
MEDELLÍN,SAL,2022-02-01,011902,BASE,838.7273174207339
MEDELLÍN,SAL,2022-03-01,011902,BASE,852.6544115900724
MEDELLÍN,SAL,2022-04-01,011902,BASE,854.6613727585798
MEDELLÍN,SAL,2022-05-01,011902,BASE,872.6632062700393
MEDELLÍN,SAL,2022-06-01,011902,BASE,902.0986367414798
MEDELLÍN,SAL,2022-07-01,011902,BASE,942.8460301626885
MEDELLÍN,SAL,2022-08-01,011902,BASE,957.9894644341529
MEDELLÍN,SAL,2022-09-01,011902,BASE,956.6514903218147
MEDELLÍN,SAL,2022-10-01,011902,BASE,973.6194347464672
MEDELLÍN,SAL,2022-11-01,011902,BASE,982.8636195226222
MEDELLÍN,SAL,2022-12-01,011902,BASE,1022.577123857024
MEDELLÍN,SAL,2023-01-01,011902,BASE,1063.750236313977
MEDELLÍN,SAL,2023-02-01,011902,BASE,1080.4140957130983
MEDELLÍN,SAL,2023-03-01,011902,BASE,1089.232561453509
MEDELLÍN,SAL,2023-04-01,011902,BASE,1100.3620733879586
MEDELLÍN,SAL,2023-05-01,011902,BASE,1120.7965871036695
MEDELLÍN,SAL,2023-06-01,011902,BASE,1158.2598622491391
MEDELLÍN,SAL,2023-07-01,011902,BASE,1158.016594228714
MEDELLÍN,SAL,2023-08-01,011902,BASE,1155.887999049994
MEDELLÍN,SAL,2023-09-01,011902,BASE,1155.1581949887188
MEDELLÍN,SAL,2023-10-01,011902,BASE,1151.1442726517041
MEDELLÍN,SAL,2023-11-01,011902,BASE,1153.2728678304238
MEDELLÍN,SAL,2023-12-01,011902,BASE,1196.8178434865217
MEDELLÍN,SAL,2024-01-01,011902,BASE,1213.907421921387
MEDELLÍN,SAL,2024-02-01,011902,BASE,1216.887455171595
MEDELLÍN,SAL,2024-03-01,011902,BASE,1219.3809523809523
MEDELLÍN,SAL,2024-04-01,011902,BASE,1223.2124237026483
MEDELLÍN,SAL,2024-05-01,011902,BASE,1228.8075881724262
MEDELLÍN,SAL,2024-06-01,011902,BASE,1230.6320983256146
MEDELLÍN,SAL,2024-07-01,011902,BASE,1234.646020662629
MEDELLÍN,SAL,2024-08-01,011902,BASE,1227.3479800498753
MEDELLÍN,SAL,2024-09-01,011902,BASE,1238.7815770098564
MEDELLÍN,SAL,2024-10-01,011902,BASE,1238.051772948581
MEDELLÍN,SAL,2024-11-01,011902,BASE,1286.583743023394
MEDELLÍN,SAL,2024-12-01,011902,BASE,1292.5438095238096
MEDELLÍN,TOMATE,2019-01-01,011713,BASE,1469.7884634231712
MEDELLÍN,TOMATE,2019-02-01,011713,BASE,1224.1806510325519
MEDELLÍN,TOMATE,2019-03-01,011713,BASE,1125.4585509275464
MEDELLÍN,TOMATE,2019-04-01,011713,BASE,1214.0689534476724
MEDELLÍN,TOMATE,2019-05-01,011713,BASE,1664.970836541827
MEDELLÍN,TOMATE,2019-06-01,011713,BASE,1716.4606650332516
MEDELLÍN,TOMATE,2019-07-01,011713,BASE,1480.9645502275114
MEDELLÍN,TOMATE,2019-08-01,011713,BASE,1290.438879943997
MEDELLÍN,TOMATE,2019-09-01,011713,BASE,1249.5929436471824
MEDELLÍN,TOMATE,2019-10-01,011713,BASE,1300.1514315715785
MEDELLÍN,TOMATE,2019-11-01,011713,BASE,1232.9618620931046
MEDELLÍN,TOMATE,2019-12-01,011713,BASE,1306.5377668883445
MEDELLÍN,TOMATE,2020-01-01,011713,BASE,1396.7447532376618
MEDELLÍN,TOMATE,2020-02-01,011713,BASE,1517.4198809940497
MEDELLÍN,TOMATE,2020-03-01,011713,BASE,1496.1320966048302
MEDELLÍN,TOMATE,2020-04-01,011713,BASE,1294.2972908645431
MEDELLÍN,TOMATE,2020-05-01,011713,BASE,1226.841624081204
MEDELLÍN,TOMATE,2020-06-01,011713,BASE,1205.0216450822538
MEDELLÍN,TOMATE,2020-07-01,011713,BASE,1085.4109065453274
MEDELLÍN,TOMATE,2020-08-01,011713,BASE,1217.2621211060552
MEDELLÍN,TOMATE,2020-09-01,011713,BASE,1389.294028701435
MEDELLÍN,TOMATE,2020-10-01,011713,BASE,1252.9191599579979
MEDELLÍN,TOMATE,2020-11-01,011713,BASE,1423.7536296814842
MEDELLÍN,TOMATE,2020-12-01,011713,BASE,1528.0637731886593
MEDELLÍN,TOMATE,2021-01-01,011713,BASE,1976.8368778438924
MEDELLÍN,TOMATE,2021-02-01,011713,BASE,1854.1660203010151
MEDELLÍN,TOMATE,2021-03-01,011713,BASE,1699.1643402170107
MEDELLÍN,TOMATE,2021-04-01,011713,BASE,1428.8094784739237
MEDELLÍN,TOMATE,2021-05-01,011713,BASE,1821.0369058452923
MEDELLÍN,TOMATE,2021-06-01,011713,BASE,1325.1645782289113
MEDELLÍN,TOMATE,2021-07-01,011713,BASE,1181.47203360168
MEDELLÍN,TOMATE,2021-08-01,011713,BASE,1332.4822541127057
MEDELLÍN,TOMATE,2021-09-01,011713,BASE,1263.0308575428774
MEDELLÍN,TOMATE,2021-10-01,011713,BASE,1385.3025691284565
MEDELLÍN,TOMATE,2021-11-01,011713,BASE,1466.5952957647883
MEDELLÍN,TOMATE,2021-12-01,011713,BASE,1588.2017640882043
MEDELLÍN,TOMATE,2022-01-01,011713,BASE,1840.4620091004551
MEDELLÍN,TOMATE,2022-02-01,011713,BASE,2008.3694084704234
MEDELLÍN,TOMATE,2022-03-01,011713,BASE,2016.7514735736788
MEDELLÍN,TOMATE,2022-04-01,011713,BASE,2259.1661183059155
MEDELLÍN,TOMATE,2022-05-01,011713,BASE,2462.0653132656635
MEDELLÍN,TOMATE,2022-06-01,011713,BASE,2216.058354917746
MEDELLÍN,TOMATE,2022-07-01,011713,BASE,1681.468869443472
MEDELLÍN,TOMATE,2022-08-01,011713,BASE,1761.5641582079104
MEDELLÍN,TOMATE,2022-09-01,011713,BASE,1710.3404270213512
MEDELLÍN,TOMATE,2022-10-01,011713,BASE,1710.2073783689184
MEDELLÍN,TOMATE,2022-11-01,011713,BASE,1710.3404270213512
MEDELLÍN,TOMATE,2022-12-01,011713,BASE,2258.766972348618
MEDELLÍN,TOMATE,2023-01-01,011713,BASE,2522.868547427371
MEDELLÍN,TOMATE,2023-02-01,011713,BASE,2217.388841442072
MEDELLÍN,TOMATE,2023-03-01,011713,BASE,1877.316485824291
MEDELLÍN,TOMATE,2023-04-01,011713,BASE,1523.9392649632482
MEDELLÍN,TOMATE,2023-05-01,011713,BASE,1513.5614700735036
MEDELLÍN,TOMATE,2023-06-01,011713,BASE,1586.7382289114457
MEDELLÍN,TOMATE,2023-07-01,011713,BASE,1649.537192859643
MEDELLÍN,TOMATE,2023-08-01,011713,BASE,2011.8286734336716
MEDELLÍN,TOMATE,2023-09-01,011713,BASE,2755.836737836892
MEDELLÍN,TOMATE,2023-10-01,011713,BASE,2958.203738186909
MEDELLÍN,TOMATE,2023-11-01,011713,BASE,2331.9437311865595
MEDELLÍN,TOMATE,2023-12-01,011713,BASE,2593.251284564228
MEDELLÍN,TOMATE,2024-01-01,011713,BASE,2393.4122086104303
MEDELLÍN,TOMATE,2024-02-01,011713,BASE,2482.0226111305565
MEDELLÍN,TOMATE,2024-03-01,011713,BASE,2420.8202310115503
MEDELLÍN,TOMATE,2024-04-01,011713,BASE,2398.7341547077353
MEDELLÍN,TOMATE,2024-05-01,011713,BASE,1974.70809940497
MEDELLÍN,TOMATE,2024-06-01,011713,BASE,1810.6591109555477
MEDELLÍN,TOMATE,2024-07-01,011713,BASE,1681.2027721386069
MEDELLÍN,TOMATE,2024-08-01,011713,BASE,1729.7655302765138
MEDELLÍN,TOMATE,2024-09-01,011713,BASE,1498.9261183059155
MEDELLÍN,TOMATE,2024-10-01,011713,BASE,1411.3801050052502
MEDELLÍN,TOMATE,2024-11-01,011713,BASE,1692.2458102905146
MEDELLÍN,TOMATE,2024-12-01,011713,BASE,1916.9649842492126
MEDELLÍN,TOMATE DE ÁRBOL,2019-01-01,011607,BASE,1075.7574692247977
MEDELLÍN,TOMATE DE ÁRBOL,2019-02-01,011607,BASE,1125.9288688033714
MEDELLÍN,TOMATE DE ÁRBOL,2019-03-01,011607,BASE,1194.8140856160585
MEDELLÍN,TOMATE DE ÁRBOL,2019-04-01,011607,BASE,1247.052041699013
MEDELLÍN,TOMATE DE ÁRBOL,2019-05-01,011607,BASE,1341.7692148164576
MEDELLÍN,TOMATE DE ÁRBOL,2019-06-01,011607,BASE,1502.9606221581457
MEDELLÍN,TOMATE DE ÁRBOL,2019-07-01,011607,BASE,1581.8341954086725
MEDELLÍN,TOMATE DE ÁRBOL,2019-08-01,011607,BASE,1348.6577364977263
MEDELLÍN,TOMATE DE ÁRBOL,2019-09-01,011607,BASE,1224.7791549295775
MEDELLÍN,TOMATE DE ÁRBOL,2019-10-01,011607,BASE,1212.953859376733
MEDELLÍN,TOMATE DE ÁRBOL,2019-11-01,011607,BASE,1213.527902850172
MEDELLÍN,TOMATE DE ÁRBOL,2019-12-01,011607,BASE,1177.2483553288232
MEDELLÍN,TOMATE DE ÁRBOL,2020-01-01,011607,BASE,1176.674311855384
MEDELLÍN,TOMATE DE ÁRBOL,2020-02-01,011607,BASE,1206.065337695464
MEDELLÍN,TOMATE DE ÁRBOL,2020-03-01,011607,BASE,1431.6644227570146
MEDELLÍN,TOMATE DE ÁRBOL,2020-04-01,011607,BASE,1540.8474914051237
MEDELLÍN,TOMATE DE ÁRBOL,2020-05-01,011607,BASE,1504.682752578463
MEDELLÍN,TOMATE DE ÁRBOL,2020-06-01,011607,BASE,1586.1969258068093
MEDELLÍN,TOMATE DE ÁRBOL,2020-07-01,011607,BASE,1519.9523089719419
MEDELLÍN,TOMATE DE ÁRBOL,2020-08-01,011607,BASE,1309.6227803038705
MEDELLÍN,TOMATE DE ÁRBOL,2020-09-01,011607,BASE,1145.4463469002992
MEDELLÍN,TOMATE DE ÁRBOL,2020-10-01,011607,BASE,1124.0919296883665
MEDELLÍN,TOMATE DE ÁRBOL,2020-11-01,011607,BASE,1160.4862859044028
MEDELLÍN,TOMATE DE ÁRBOL,2020-12-01,011607,BASE,1318.2334324054564
MEDELLÍN,TOMATE DE ÁRBOL,2021-01-01,011607,BASE,1341.4247887323945
MEDELLÍN,TOMATE DE ÁRBOL,2021-02-01,011607,BASE,1332.8141366308087
MEDELLÍN,TOMATE DE ÁRBOL,2021-03-01,011607,BASE,1406.8657447044473
MEDELLÍN,TOMATE DE ÁRBOL,2021-04-01,011607,BASE,1442.8008661417323
MEDELLÍN,TOMATE DE ÁRBOL,2021-05-01,011607,BASE,1550.1469956748365
MEDELLÍN,TOMATE DE ÁRBOL,2021-06-01,011607,BASE,1598.1370300543417
MEDELLÍN,TOMATE DE ÁRBOL,2021-07-01,011607,BASE,1686.424916269269
MEDELLÍN,TOMATE DE ÁRBOL,2021-08-01,011607,BASE,1722.2452290118663
MEDELLÍN,TOMATE DE ÁRBOL,2021-09-01,011607,BASE,1603.5330387046688
MEDELLÍN,TOMATE DE ÁRBOL,2021-10-01,011607,BASE,1706.2868204502608
MEDELLÍN,TOMATE DE ÁRBOL,2021-11-01,011607,BASE,1700.5463857158702
MEDELLÍN,TOMATE DE ÁRBOL,2021-12-01,011607,BASE,1658.1819773760674
MEDELLÍN,TOMATE DE ÁRBOL,2022-01-01,011607,BASE,1699.7427248530553
MEDELLÍN,TOMATE DE ÁRBOL,2022-02-01,011607,BASE,1653.0155861151156
MEDELLÍN,TOMATE DE ÁRBOL,2022-03-01,011607,BASE,1770.4648807807475
MEDELLÍN,TOMATE DE ÁRBOL,2022-04-01,011607,BASE,2024.8809482089387
MEDELLÍN,TOMATE DE ÁRBOL,2022-05-01,011607,BASE,2132.4566951314187
MEDELLÍN,TOMATE DE ÁRBOL,2022-06-01,011607,BASE,2137.967512476433
MEDELLÍN,TOMATE DE ÁRBOL,2022-07-01,011607,BASE,2089.059008539426
MEDELLÍN,TOMATE DE ÁRBOL,2022-08-01,011607,BASE,2202.030764112232
MEDELLÍN,TOMATE DE ÁRBOL,2022-09-01,011607,BASE,2287.218815570589
MEDELLÍN,TOMATE DE ÁRBOL,2022-10-01,011607,BASE,2180.7911555949872
MEDELLÍN,TOMATE DE ÁRBOL,2022-11-01,011607,BASE,1879.99237551292
MEDELLÍN,TOMATE DE ÁRBOL,2022-12-01,011607,BASE,1791.7044892979927
MEDELLÍN,TOMATE DE ÁRBOL,2023-01-01,011607,BASE,1873.6778973050903
MEDELLÍN,TOMATE DE ÁRBOL,2023-02-01,011607,BASE,2025.4549916823776
MEDELLÍN,TOMATE DE ÁRBOL,2023-03-01,011607,BASE,2147.6114428302094
MEDELLÍN,TOMATE DE ÁRBOL,2023-04-01,011607,BASE,2202.949233669735
MEDELLÍN,TOMATE DE ÁRBOL,2023-05-01,011607,BASE,2299.7329632915603
MEDELLÍN,TOMATE DE ÁRBOL,2023-06-01,011607,BASE,2802.0210025507376
MEDELLÍN,TOMATE DE ÁRBOL,2023-07-01,011607,BASE,2961.719896861484
MEDELLÍN,TOMATE DE ÁRBOL,2023-08-01,011607,BASE,2461.1539880226237
MEDELLÍN,TOMATE DE ÁRBOL,2023-09-01,011607,BASE,1954.9624531440613
MEDELLÍN,TOMATE DE ÁRBOL,2023-10-01,011607,BASE,1912.2536187201952
MEDELLÍN,TOMATE DE ÁRBOL,2023-11-01,011607,BASE,1650.2601774426084
MEDELLÍN,TOMATE DE ÁRBOL,2023-12-01,011607,BASE,1439.0121792170346
MEDELLÍN,TOMATE DE ÁRBOL,2024-01-01,011607,BASE,1420.987214151048
MEDELLÍN,TOMATE DE ÁRBOL,2024-02-01,011607,BASE,1596.5297083287126
MEDELLÍN,TOMATE DE ÁRBOL,2024-03-01,011607,BASE,1793.885854497061
MEDELLÍN,TOMATE DE ÁRBOL,2024-04-01,011607,BASE,2396.2870755240106
MEDELLÍN,TOMATE DE ÁRBOL,2024-05-01,011607,BASE,2600.7613607630033
MEDELLÍN,TOMATE DE ÁRBOL,2024-06-01,011607,BASE,2702.022629477653
MEDELLÍN,TOMATE DE ÁRBOL,2024-07-01,011607,BASE,2603.8611955195743
MEDELLÍN,TOMATE DE ÁRBOL,2024-08-01,011607,BASE,2095.7179128313187
MEDELLÍN,TOMATE DE ÁRBOL,2024-09-01,011607,BASE,1905.8243318176776
MEDELLÍN,TOMATE DE ÁRBOL,2024-10-01,011607,BASE,1939.9225141399577
MEDELLÍN,TOMATE DE ÁRBOL,2024-11-01,011607,BASE,1941.5298358655873
MEDELLÍN,TOMATE DE ÁRBOL,2024-12-01,011607,BASE,1921.7827403792835
MEDELLÍN,YUCA,2019-01-01,011706,BASE,1263.2504868536926
MEDELLÍN,YUCA,2019-02-01,011706,BASE,1210.2523411749908
MEDELLÍN,YUCA,2019-03-01,011706,BASE,1214.604845892565
MEDELLÍN,YUCA,2019-04-01,011706,BASE,1211.660504465971
MEDELLÍN,YUCA,2019-05-01,011706,BASE,1250.0649578563343
MEDELLÍN,YUCA,2019-06-01,011706,BASE,1260.562175116367
MEDELLÍN,YUCA,2019-07-01,011706,BASE,1255.6976110202543
MEDELLÍN,YUCA,2019-08-01,011706,BASE,1244.4323046924142
MEDELLÍN,YUCA,2019-09-01,011706,BASE,1250.9610617687758
MEDELLÍN,YUCA,2019-10-01,011706,BASE,1257.3618040005033
MEDELLÍN,YUCA,2019-11-01,011706,BASE,1258.3859227575797
MEDELLÍN,YUCA,2019-12-01,011706,BASE,1202.4434356522834
MEDELLÍN,YUCA,2020-01-01,011706,BASE,1139.204102402818
MEDELLÍN,YUCA,2020-02-01,011706,BASE,1145.2208001006416
MEDELLÍN,YUCA,2020-03-01,011706,BASE,1133.5714492388981
MEDELLÍN,YUCA,2020-04-01,011706,BASE,1108.7365693797963
MEDELLÍN,YUCA,2020-05-01,011706,BASE,1050.873859604982
MEDELLÍN,YUCA,2020-06-01,011706,BASE,983.79408101648
MEDELLÍN,YUCA,2020-07-01,011706,BASE,959.4712605359166
MEDELLÍN,YUCA,2020-08-01,011706,BASE,983.4100364825764
MEDELLÍN,YUCA,2020-09-01,011706,BASE,962.5436168071456
MEDELLÍN,YUCA,2020-10-01,011706,BASE,947.5658799849037
MEDELLÍN,YUCA,2020-11-01,011706,BASE,962.4156019625111
MEDELLÍN,YUCA,2020-12-01,011706,BASE,1000.4360108189711
MEDELLÍN,YUCA,2021-01-01,011706,BASE,995.6994615674929
MEDELLÍN,YUCA,2021-02-01,011706,BASE,1013.7495546609638
MEDELLÍN,YUCA,2021-03-01,011706,BASE,1004.6605006919111
MEDELLÍN,YUCA,2021-04-01,011706,BASE,1004.1484413133728
MEDELLÍN,YUCA,2021-05-01,011706,BASE,1151.4935274877344
MEDELLÍN,YUCA,2021-06-01,011706,BASE,1047.9295181783873
MEDELLÍN,YUCA,2021-07-01,011706,BASE,1033.2078110454147
MEDELLÍN,YUCA,2021-08-01,011706,BASE,1092.6066989558435
MEDELLÍN,YUCA,2021-09-01,011706,BASE,1129.4749742105926
MEDELLÍN,YUCA,2021-10-01,011706,BASE,1178.5046597056237
MEDELLÍN,YUCA,2021-11-01,011706,BASE,1235.9833249465344
MEDELLÍN,YUCA,2021-12-01,011706,BASE,1281.684624481067
MEDELLÍN,YUCA,2022-01-01,011706,BASE,1445.5436256132848
MEDELLÍN,YUCA,2022-02-01,011706,BASE,1585.4638507988427
MEDELLÍN,YUCA,2022-03-01,011706,BASE,1837.397065039628
MEDELLÍN,YUCA,2022-04-01,011706,BASE,2044.7811133475911
MEDELLÍN,YUCA,2022-05-01,011706,BASE,2334.734736444836
MEDELLÍN,YUCA,2022-06-01,011706,BASE,2214.5287973329982
MEDELLÍN,YUCA,2022-07-01,011706,BASE,2215.2968864008053
MEDELLÍN,YUCA,2022-08-01,011706,BASE,2274.311729777331
MEDELLÍN,YUCA,2022-09-01,011706,BASE,2294.6660900742236
MEDELLÍN,YUCA,2022-10-01,011706,BASE,2283.272768901749
MEDELLÍN,YUCA,2022-11-01,011706,BASE,2197.5028229966033
MEDELLÍN,YUCA,2022-12-01,011706,BASE,2140.4082022895964
MEDELLÍN,YUCA,2023-01-01,011706,BASE,2075.1206315259783
MEDELLÍN,YUCA,2023-02-01,011706,BASE,1929.5677531765002
MEDELLÍN,YUCA,2023-03-01,011706,BASE,1922.1428921876968
MEDELLÍN,YUCA,2023-04-01,011706,BASE,1911.1336155491258
MEDELLÍN,YUCA,2023-05-01,011706,BASE,1829.5881595169203
MEDELLÍN,YUCA,2023-06-01,011706,BASE,1831.8924267203422
MEDELLÍN,YUCA,2023-07-01,011706,BASE,1820.1150610139644
MEDELLÍN,YUCA,2023-08-01,011706,BASE,1734.857174487357
MEDELLÍN,YUCA,2023-09-01,011706,BASE,1606.9703446974463
MEDELLÍN,YUCA,2023-10-01,011706,BASE,1541.5547590891938
MEDELLÍN,YUCA,2023-11-01,011706,BASE,1551.6679318153226
MEDELLÍN,YUCA,2023-12-01,011706,BASE,1554.484258397283
MEDELLÍN,YUCA,2024-01-01,011706,BASE,1493.4211775066049
MEDELLÍN,YUCA,2024-02-01,011706,BASE,1431.2059630142157
MEDELLÍN,YUCA,2024-03-01,011706,BASE,1345.0519725751667
MEDELLÍN,YUCA,2024-04-01,011706,BASE,1321.2412114731412
MEDELLÍN,YUCA,2024-05-01,011706,BASE,1288.4694112466977
MEDELLÍN,YUCA,2024-06-01,011706,BASE,1316.248632532394
MEDELLÍN,YUCA,2024-07-01,011706,BASE,1379.7439954711285
MEDELLÍN,YUCA,2024-08-01,011706,BASE,1381.6642181406469
MEDELLÍN,YUCA,2024-09-01,011706,BASE,1428.7736809661594
MEDELLÍN,YUCA,2024-10-01,011706,BASE,1450.2801748647632
MEDELLÍN,YUCA,2024-11-01,011706,BASE,1481.6438118002266
MEDELLÍN,YUCA,2024-12-01,011706,BASE,1531.057541829161
MEDELLÍN,ZANAHORIA,2019-01-01,011715,BASE,1038.0806607503735
MEDELLÍN,ZANAHORIA,2019-02-01,011715,BASE,1034.254810649328
MEDELLÍN,ZANAHORIA,2019-03-01,011715,BASE,886.4919778578331
MEDELLÍN,ZANAHORIA,2019-04-01,011715,BASE,766.8703980318074
MEDELLÍN,ZANAHORIA,2019-05-01,011715,BASE,729.6321237149635
MEDELLÍN,ZANAHORIA,2019-06-01,011715,BASE,705.5717775239434
MEDELLÍN,ZANAHORIA,2019-07-01,011715,BASE,701.8309463140321
MEDELLÍN,ZANAHORIA,2019-08-01,011715,BASE,736.6036727879799
MEDELLÍN,ZANAHORIA,2019-09-01,011715,BASE,844.2375889640629
MEDELLÍN,ZANAHORIA,2019-10-01,011715,BASE,791.3558386784993
MEDELLÍN,ZANAHORIA,2019-11-01,011715,BASE,781.748703980318
MEDELLÍN,ZANAHORIA,2019-12-01,011715,BASE,956.547544152535
MEDELLÍN,ZANAHORIA,2020-01-01,011715,BASE,965.389508830507
MEDELLÍN,ZANAHORIA,2020-02-01,011715,BASE,897.7994903787013
MEDELLÍN,ZANAHORIA,2020-03-01,011715,BASE,995.9963096388719
MEDELLÍN,ZANAHORIA,2020-04-01,011715,BASE,968.2801511290747
MEDELLÍN,ZANAHORIA,2020-05-01,011715,BASE,997.7817063526932
MEDELLÍN,ZANAHORIA,2020-06-01,011715,BASE,985.0288726825412
MEDELLÍN,ZANAHORIA,2020-07-01,011715,BASE,857.0754415253493
MEDELLÍN,ZANAHORIA,2020-08-01,011715,BASE,877.5649942887269
MEDELLÍN,ZANAHORIA,2020-09-01,011715,BASE,839.3064932782709
MEDELLÍN,ZANAHORIA,2020-10-01,011715,BASE,829.3592830155523
MEDELLÍN,ZANAHORIA,2020-11-01,011715,BASE,849.8488357789297
MEDELLÍN,ZANAHORIA,2020-12-01,011715,BASE,974.231473508479
MEDELLÍN,ZANAHORIA,2021-01-01,011715,BASE,945.0699938493981
MEDELLÍN,ZANAHORIA,2021-02-01,011715,BASE,838.0312099112555
MEDELLÍN,ZANAHORIA,2021-03-01,011715,BASE,783.7891573675424
MEDELLÍN,ZANAHORIA,2021-04-01,011715,BASE,832.5900008786574
MEDELLÍN,ZANAHORIA,2021-05-01,011715,BASE,976.1018891134346
MEDELLÍN,ZANAHORIA,2021-06-01,011715,BASE,1039.1008874439856
MEDELLÍN,ZANAHORIA,2021-07-01,011715,BASE,1209.0536508215446
MEDELLÍN,ZANAHORIA,2021-08-01,011715,BASE,1334.201458571303
MEDELLÍN,ZANAHORIA,2021-09-01,011715,BASE,1306.485300061506
MEDELLÍN,ZANAHORIA,2021-10-01,011715,BASE,1259.4698532642121
MEDELLÍN,ZANAHORIA,2021-11-01,011715,BASE,1234.644337052983
MEDELLÍN,ZANAHORIA,2021-12-01,011715,BASE,1121.3991740620334
MEDELLÍN,ZANAHORIA,2022-01-01,011715,BASE,1077.9545206923822
MEDELLÍN,ZANAHORIA,2022-02-01,011715,BASE,1016.2308057288463
MEDELLÍN,ZANAHORIA,2022-03-01,011715,BASE,1004.4981987523065
MEDELLÍN,ZANAHORIA,2022-04-01,011715,BASE,1082.4605219225023
MEDELLÍN,ZANAHORIA,2022-05-01,011715,BASE,1394.989965732361
MEDELLÍN,ZANAHORIA,2022-06-01,011715,BASE,1487.3204815042614
MEDELLÍN,ZANAHORIA,2022-07-01,011715,BASE,1465.2155698093313
MEDELLÍN,ZANAHORIA,2022-08-01,011715,BASE,1622.3304806256042
MEDELLÍN,ZANAHORIA,2022-09-01,011715,BASE,1561.286916791143
MEDELLÍN,ZANAHORIA,2022-10-01,011715,BASE,1326.889833933749
MEDELLÍN,ZANAHORIA,2022-11-01,011715,BASE,1478.0534223706177
MEDELLÍN,ZANAHORIA,2022-12-01,011715,BASE,1583.6468851594764
MEDELLÍN,ZANAHORIA,2023-01-01,011715,BASE,1613.913610403304
MEDELLÍN,ZANAHORIA,2023-02-01,011715,BASE,1619.609876109305
MEDELLÍN,ZANAHORIA,2023-03-01,011715,BASE,1611.7031192338106
MEDELLÍN,ZANAHORIA,2023-04-01,011715,BASE,1558.056198928038
MEDELLÍN,ZANAHORIA,2023-05-01,011715,BASE,1420.495633072665
MEDELLÍN,ZANAHORIA,2023-06-01,011715,BASE,1294.8377119761005
MEDELLÍN,ZANAHORIA,2023-07-01,011715,BASE,1051.4286266584659
MEDELLÍN,ZANAHORIA,2023-08-01,011715,BASE,890.9979790879536
MEDELLÍN,ZANAHORIA,2023-09-01,011715,BASE,885.38673227308675
MEDELLÍN,ZANAHORIA,2023-10-01,011715,BASE,872.463860820666
MEDELLÍN,ZANAHORIA,2023-11-01,011715,BASE,928.5763289693348
MEDELLÍN,ZANAHORIA,2023-12-01,011715,BASE,1296.8781653633248
MEDELLÍN,ZANAHORIA,2024-01-01,011715,BASE,1657.868377119761
MEDELLÍN,ZANAHORIA,2024-02-01,011715,BASE,1830.711782795888
MEDELLÍN,ZANAHORIA,2024-03-01,011715,BASE,1961.5558562516474
MEDELLÍN,ZANAHORIA,2024-04-01,011715,BASE,1697.5721992795009
MEDELLÍN,ZANAHORIA,2024-05-01,011715,BASE,1280.6395571566645
MEDELLÍN,ZANAHORIA,2024-06-01,011715,BASE,1103.885282488358
MEDELLÍN,ZANAHORIA,2024-07-01,011715,BASE,1194.4304015464372
MEDELLÍN,ZANAHORIA,2024-08-01,011715,BASE,1295.6028819963094
MEDELLÍN,ZANAHORIA,2024-09-01,011715,BASE,1455.3533784377473
MEDELLÍN,ZANAHORIA,2024-10-01,011715,BASE,1490.5511993673665
MEDELLÍN,ZANAHORIA,2024-11-01,011715,BASE,1589.7682453211494
MEDELLÍN,ZANAHORIA,2024-12-01,011715,BASE,1649.6215446797294
