ciudad,articulo,fecha,subclase_ipc,method,precio_500g
BOGOTÁ D.C.,ACEITE DE GIRASOL,2019-01-01,011501,D_city,5054.816208694296
BOGOTÁ D.C.,ACEITE DE GIRASOL,2019-02-01,011501,D_city,5063.678106842193
BOGOTÁ D.C.,ACEITE DE GIRASOL,2019-03-01,011501,D_city,5065.00720789993
BOGOTÁ D.C.,ACEITE DE GIRASOL,2019-04-01,011501,D_city,5057.475001871594
BOGOTÁ D.C.,ACEITE DE GIRASOL,2019-05-01,011501,D_city,5057.031883000249
BOGOTÁ D.C.,ACEITE DE GIRASOL,2019-06-01,011501,D_city,5064.564179533271
BOGOTÁ D.C.,ACEITE DE GIRASOL,2019-07-01,011501,D_city,5068.994223940168
BOGOTÁ D.C.,ACEITE DE GIRASOL,2019-08-01,011501,D_city,5059.247424077327
BOGOTÁ D.C.,ACEITE DE GIRASOL,2019-09-01,011501,D_city,5086.266325883557
BOGOTÁ D.C.,ACEITE DE GIRASOL,2019-10-01,011501,D_city,5102.202662089978
BOGOTÁ D.C.,ACEITE DE GIRASOL,2019-11-01,011501,D_city,5143.339989934755
BOGOTÁ D.C.,ACEITE DE GIRASOL,2019-12-01,011501,D_city,5150.4128189518615
BOGOTÁ D.C.,ACEITE DE GIRASOL,2020-01-01,011501,D_city,5272.21128637576
BOGOTÁ D.C.,ACEITE DE GIRASOL,2020-02-01,011501,D_city,5345.280749619345
BOGOTÁ D.C.,ACEITE DE GIRASOL,2020-03-01,011501,D_city,5383.082053662946
BOGOTÁ D.C.,ACEITE DE GIRASOL,2020-04-01,011501,D_city,5454.62910542015
BOGOTÁ D.C.,ACEITE DE GIRASOL,2020-05-01,011501,D_city,5528.236322059454
BOGOTÁ D.C.,ACEITE DE GIRASOL,2020-06-01,011501,D_city,5577.233064542011
BOGOTÁ D.C.,ACEITE DE GIRASOL,2020-07-01,011501,D_city,5574.609740817928
BOGOTÁ D.C.,ACEITE DE GIRASOL,2020-08-01,011501,D_city,5576.7958556839485
BOGOTÁ D.C.,ACEITE DE GIRASOL,2020-09-01,011501,D_city,5576.358642121468
BOGOTÁ D.C.,ACEITE DE GIRASOL,2020-10-01,011501,D_city,5586.850470151332
BOGOTÁ D.C.,ACEITE DE GIRASOL,2020-11-01,011501,D_city,5611.757738314251
BOGOTÁ D.C.,ACEITE DE GIRASOL,2020-12-01,011501,D_city,5689.005089480043
BOGOTÁ D.C.,ACEITE DE GIRASOL,2021-01-01,011501,D_city,5800.041645062061
BOGOTÁ D.C.,ACEITE DE GIRASOL,2021-02-01,011501,D_city,5924.2308779128025
BOGOTÁ D.C.,ACEITE DE GIRASOL,2021-03-01,011501,D_city,6108.122447569099
BOGOTÁ D.C.,ACEITE DE GIRASOL,2021-04-01,011501,D_city,6418.372911680398
BOGOTÁ D.C.,ACEITE DE GIRASOL,2021-05-01,011501,D_city,6795.558504929162
BOGOTÁ D.C.,ACEITE DE GIRASOL,2021-06-01,011501,D_city,7156.372454530728
BOGOTÁ D.C.,ACEITE DE GIRASOL,2021-07-01,011501,D_city,7381.5054538733975
BOGOTÁ D.C.,ACEITE DE GIRASOL,2021-08-01,011501,D_city,7515.964524834898
BOGOTÁ D.C.,ACEITE DE GIRASOL,2021-09-01,011501,D_city,7654.699181825946
BOGOTÁ D.C.,ACEITE DE GIRASOL,2021-10-01,011501,D_city,7763.433229617791
BOGOTÁ D.C.,ACEITE DE GIRASOL,2021-11-01,011501,D_city,7909.477206268763
BOGOTÁ D.C.,ACEITE DE GIRASOL,2021-12-01,011501,D_city,8104.598826829398
BOGOTÁ D.C.,ACEITE DE GIRASOL,2022-01-01,011501,D_city,8239.84727797737
BOGOTÁ D.C.,ACEITE DE GIRASOL,2022-02-01,011501,D_city,8437.608425238386
BOGOTÁ D.C.,ACEITE DE GIRASOL,2022-03-01,011501,D_city,8526.764126352546
BOGOTÁ D.C.,ACEITE DE GIRASOL,2022-04-01,011501,D_city,8637.617553309463
BOGOTÁ D.C.,ACEITE DE GIRASOL,2022-05-01,011501,D_city,8751.1530730832
BOGOTÁ D.C.,ACEITE DE GIRASOL,2022-06-01,011501,D_city,8866.538086336814
BOGOTÁ D.C.,ACEITE DE GIRASOL,2022-07-01,011501,D_city,8966.56305647343
BOGOTÁ D.C.,ACEITE DE GIRASOL,2022-08-01,011501,D_city,9113.86226517063
BOGOTÁ D.C.,ACEITE DE GIRASOL,2022-09-01,011501,D_city,9146.14240130062
BOGOTÁ D.C.,ACEITE DE GIRASOL,2022-10-01,011501,D_city,9182.081623200691
BOGOTÁ D.C.,ACEITE DE GIRASOL,2022-11-01,011501,D_city,9255.125825131654
BOGOTÁ D.C.,ACEITE DE GIRASOL,2022-12-01,011501,D_city,9277.96137390116
BOGOTÁ D.C.,ACEITE DE GIRASOL,2023-01-01,011501,D_city,9345.19994457154
BOGOTÁ D.C.,ACEITE DE GIRASOL,2023-02-01,011501,D_city,9450.203894157557
BOGOTÁ D.C.,ACEITE DE GIRASOL,2023-03-01,011501,D_city,9506.30301942407
BOGOTÁ D.C.,ACEITE DE GIRASOL,2023-04-01,011501,D_city,9639.458501070949
BOGOTÁ D.C.,ACEITE DE GIRASOL,2023-05-01,011501,D_city,9575.348261091527
BOGOTÁ D.C.,ACEITE DE GIRASOL,2023-06-01,011501,D_city,9279.184489035188
BOGOTÁ D.C.,ACEITE DE GIRASOL,2023-07-01,011501,D_city,9172.69028397994
BOGOTÁ D.C.,ACEITE DE GIRASOL,2023-08-01,011501,D_city,9110.592516395385
BOGOTÁ D.C.,ACEITE DE GIRASOL,2023-09-01,011501,D_city,9000.552980452303
BOGOTÁ D.C.,ACEITE DE GIRASOL,2023-10-01,011501,D_city,8834.53027925961
BOGOTÁ D.C.,ACEITE DE GIRASOL,2023-11-01,011501,D_city,8689.474235805623
BOGOTÁ D.C.,ACEITE DE GIRASOL,2023-12-01,011501,D_city,8540.786212307798
BOGOTÁ D.C.,ACEITE DE GIRASOL,2024-01-01,011501,D_city,8439.67367189208
BOGOTÁ D.C.,ACEITE DE GIRASOL,2024-02-01,011501,D_city,8305.701322112718
BOGOTÁ D.C.,ACEITE DE GIRASOL,2024-03-01,011501,D_city,8192.17196980949
BOGOTÁ D.C.,ACEITE DE GIRASOL,2024-04-01,011501,D_city,8105.429511779879
BOGOTÁ D.C.,ACEITE DE GIRASOL,2024-05-01,011501,D_city,8059.724446022474
BOGOTÁ D.C.,ACEITE DE GIRASOL,2024-06-01,011501,D_city,8070.946249012263
BOGOTÁ D.C.,ACEITE DE GIRASOL,2024-07-01,011501,D_city,8037.2744016853685
BOGOTÁ D.C.,ACEITE DE GIRASOL,2024-08-01,011501,D_city,7937.391827886443
BOGOTÁ D.C.,ACEITE DE GIRASOL,2024-09-01,011501,D_city,7907.810234366591
BOGOTÁ D.C.,ACEITE DE GIRASOL,2024-10-01,011501,D_city,7928.227320727102
BOGOTÁ D.C.,ACEITE DE GIRASOL,2024-11-01,011501,D_city,7959.464000200308
BOGOTÁ D.C.,ACEITE DE GIRASOL,2024-12-01,011501,D_city,8038.93766282232
BOGOTÁ D.C.,ACEITE DE SOYA O DE MAÍZ,2019-01-01,011501,D_city,3436.294471635993
BOGOTÁ D.C.,ACEITE DE SOYA O DE MAÍZ,2019-02-01,011501,D_city,3443.897165160112
BOGOTÁ D.C.,ACEITE DE SOYA O DE MAÍZ,2019-03-01,011501,D_city,3445.037712078284
BOGOTÁ D.C.,ACEITE DE SOYA O DE MAÍZ,2019-04-01,011501,D_city,3438.575105653297
BOGOTÁ D.C.,ACEITE DE SOYA O DE MAÍZ,2019-05-01,011501,D_city,3438.19498961963
BOGOTÁ D.C.,ACEITE DE SOYA O DE MAÍZ,2019-06-01,011501,D_city,3444.657525633192
BOGOTÁ D.C.,ACEITE DE SOYA O DE MAÍZ,2019-07-01,011501,D_city,3448.459576274666
BOGOTÁ D.C.,ACEITE DE SOYA O DE MAÍZ,2019-08-01,011501,D_city,3440.095611232164
BOGOTÁ D.C.,ACEITE DE SOYA O DE MAÍZ,2019-09-01,011501,D_city,3463.2915216324686
BOGOTÁ D.C.,ACEITE DE SOYA O DE MAÍZ,2019-10-01,011501,D_city,3476.9881120036434
BOGOTÁ D.C.,ACEITE DE SOYA O DE MAÍZ,2019-11-01,011501,D_city,3512.395571330865
BOGOTÁ D.C.,ACEITE DE SOYA O DE MAÍZ,2019-12-01,011501,D_city,3518.49073836288
BOGOTÁ D.C.,ACEITE DE SOYA O DE MAÍZ,2020-01-01,011501,D_city,3623.795116411103
BOGOTÁ D.C.,ACEITE DE SOYA O DE MAÍZ,2020-02-01,011501,D_city,3687.27660641559
BOGOTÁ D.C.,ACEITE DE SOYA O DE MAÍZ,2020-03-01,011501,D_city,3720.2071672915217
BOGOTÁ D.C.,ACEITE DE SOYA O DE MAÍZ,2020-04-01,011501,D_city,3782.7008633956
BOGOTÁ D.C.,ACEITE DE SOYA O DE MAÍZ,2020-05-01,011501,D_city,3847.2182805446737
BOGOTÁ D.C.,ACEITE DE SOYA O DE MAÍZ,2020-06-01,011501,D_city,3890.2893706666678
BOGOTÁ D.C.,ACEITE DE SOYA O DE MAÍZ,2020-07-01,011501,D_city,3887.98079337808
BOGOTÁ D.C.,ACEITE DE SOYA O DE MAÍZ,2020-08-01,011501,D_city,3889.904598398945
BOGOTÁ D.C.,ACEITE DE SOYA O DE MAÍZ,2020-09-01,011501,D_city,3889.519829885341
BOGOTÁ D.C.,ACEITE DE SOYA O DE MAÍZ,2020-10-01,011501,D_city,3898.7553097459668
BOGOTÁ D.C.,ACEITE DE SOYA O DE MAÍZ,2020-11-01,011501,D_city,3920.698217486062
BOGOTÁ D.C.,ACEITE DE SOYA O DE MAÍZ,2020-12-01,011501,D_city,3988.9137324257385
BOGOTÁ D.C.,ACEITE DE SOYA O DE MAÍZ,2021-01-01,011501,D_city,4087.392570517656
BOGOTÁ D.C.,ACEITE DE SOYA O DE MAÍZ,2021-02-01,011501,D_city,4198.122258683988
BOGOTÁ D.C.,ACEITE DE SOYA O DE MAÍZ,2021-03-01,011501,D_city,4363.1998871019705
BOGOTÁ D.C.,ACEITE DE SOYA O DE MAÍZ,2021-04-01,011501,D_city,4644.654120707389
BOGOTÁ D.C.,ACEITE DE SOYA O DE MAÍZ,2021-05-01,011501,D_city,4991.64632185328
BOGOTÁ D.C.,ACEITE DE SOYA O DE MAÍZ,2021-06-01,011501,D_city,5328.333592555379
BOGOTÁ D.C.,ACEITE DE SOYA O DE MAÍZ,2021-07-01,011501,D_city,5540.6894541773445
BOGOTÁ D.C.,ACEITE DE SOYA O DE MAÍZ,2021-08-01,011501,D_city,5668.331703402314
BOGOTÁ D.C.,ACEITE DE SOYA O DE MAÍZ,2021-09-01,011501,D_city,5800.660581506742
BOGOTÁ D.C.,ACEITE DE SOYA O DE MAÍZ,2021-10-01,011501,D_city,5904.814283755511
BOGOTÁ D.C.,ACEITE DE SOYA O DE MAÍZ,2021-11-01,011501,D_city,6045.307397510604
BOGOTÁ D.C.,ACEITE DE SOYA O DE MAÍZ,2021-12-01,011501,D_city,6234.073235955325
BOGOTÁ D.C.,ACEITE DE SOYA O DE MAÍZ,2022-01-01,011501,D_city,6365.617606468467
BOGOTÁ D.C.,ACEITE DE SOYA O DE MAÍZ,2022-02-01,011501,D_city,6558.980134847322
BOGOTÁ D.C.,ACEITE DE SOYA O DE MAÍZ,2022-03-01,011501,D_city,6646.543152353024
BOGOTÁ D.C.,ACEITE DE SOYA O DE MAÍZ,2022-04-01,011501,D_city,6755.750705015894
BOGOTÁ D.C.,ACEITE DE SOYA O DE MAÍZ,2022-05-01,011501,D_city,6867.981352076353
BOGOTÁ D.C.,ACEITE DE SOYA O DE MAÍZ,2022-06-01,011501,D_city,6982.431300543468
BOGOTÁ D.C.,ACEITE DE SOYA O DE MAÍZ,2022-07-01,011501,D_city,7081.961760142393
BOGOTÁ D.C.,ACEITE DE SOYA O DE MAÍZ,2022-08-01,011501,D_city,7229.061848860794
BOGOTÁ D.C.,ACEITE DE SOYA O DE MAÍZ,2022-09-01,011501,D_city,7261.381900291559
BOGOTÁ D.C.,ACEITE DE SOYA O DE MAÍZ,2022-10-01,011501,D_city,7297.4006944430075
BOGOTÁ D.C.,ACEITE DE SOYA O DE MAÍZ,2022-11-01,011501,D_city,7370.720262234761
BOGOTÁ D.C.,ACEITE DE SOYA O DE MAÍZ,2022-12-01,011501,D_city,7393.673043163044
BOGOTÁ D.C.,ACEITE DE SOYA O DE MAÍZ,2023-01-01,011501,D_city,7461.34258185189
BOGOTÁ D.C.,ACEITE DE SOYA O DE MAÍZ,2023-02-01,011501,D_city,7567.274410134865
BOGOTÁ D.C.,ACEITE DE SOYA O DE MAÍZ,2023-03-01,011501,D_city,7623.9958527665785
BOGOTÁ D.C.,ACEITE DE SOYA O DE MAÍZ,2023-04-01,011501,D_city,7758.978746903245
BOGOTÁ D.C.,ACEITE DE SOYA O DE MAÍZ,2023-05-01,011501,D_city,7693.927332355954
BOGOTÁ D.C.,ACEITE DE SOYA O DE MAÍZ,2023-06-01,011501,D_city,7394.902854989097
BOGOTÁ D.C.,ACEITE DE SOYA O DE MAÍZ,2023-07-01,011501,D_city,7287.984995073391
BOGOTÁ D.C.,ACEITE DE SOYA O DE MAÍZ,2023-08-01,011501,D_city,7225.789725808765
BOGOTÁ D.C.,ACEITE DE SOYA O DE MAÍZ,2023-09-01,011501,D_city,7115.850005302085
BOGOTÁ D.C.,ACEITE DE SOYA O DE MAÍZ,2023-10-01,011501,D_city,6950.64358743115
BOGOTÁ D.C.,ACEITE DE SOYA O DE MAÍZ,2023-11-01,011501,D_city,6806.963804232416
BOGOTÁ D.C.,ACEITE DE SOYA O DE MAÍZ,2023-12-01,011501,D_city,6660.336629522936
BOGOTÁ D.C.,ACEITE DE SOYA O DE MAÍZ,2024-01-01,011501,D_city,6561.00575932673
BOGOTÁ D.C.,ACEITE DE SOYA O DE MAÍZ,2024-02-01,011501,D_city,6429.873509781614
BOGOTÁ D.C.,ACEITE DE SOYA O DE MAÍZ,2024-03-01,011501,D_city,6319.183012716827
BOGOTÁ D.C.,ACEITE DE SOYA O DE MAÍZ,2024-04-01,011501,D_city,6234.879428349593
BOGOTÁ D.C.,ACEITE DE SOYA O DE MAÍZ,2024-05-01,011501,D_city,6190.554145847504
BOGOTÁ D.C.,ACEITE DE SOYA O DE MAÍZ,2024-06-01,011501,D_city,6201.431097876114
BOGOTÁ D.C.,ACEITE DE SOYA O DE MAÍZ,2024-07-01,011501,D_city,6168.80589869951
BOGOTÁ D.C.,ACEITE DE SOYA O DE MAÍZ,2024-08-01,011501,D_city,6072.238792337359
BOGOTÁ D.C.,ACEITE DE SOYA O DE MAÍZ,2024-09-01,011501,D_city,6043.699926813969
BOGOTÁ D.C.,ACEITE DE SOYA O DE MAÍZ,2024-10-01,011501,D_city,6063.394345967962
BOGOTÁ D.C.,ACEITE DE SOYA O DE MAÍZ,2024-11-01,011501,D_city,6093.551083497665
BOGOTÁ D.C.,ACEITE DE SOYA O DE MAÍZ,2024-12-01,011501,D_city,6170.416620961695
BOGOTÁ D.C.,AGUACATE,2019-01-01,011609,D_city,2441.8196533968494
BOGOTÁ D.C.,AGUACATE,2019-02-01,011609,D_city,2465.4181791406636
BOGOTÁ D.C.,AGUACATE,2019-03-01,011609,D_city,2618.3115930962263
BOGOTÁ D.C.,AGUACATE,2019-04-01,011609,D_city,2658.975917664703
BOGOTÁ D.C.,AGUACATE,2019-05-01,011609,D_city,2608.094255771092
BOGOTÁ D.C.,AGUACATE,2019-06-01,011609,D_city,2588.0499791962106
BOGOTÁ D.C.,AGUACATE,2019-07-01,011609,D_city,2674.290357081057
BOGOTÁ D.C.,AGUACATE,2019-08-01,011609,D_city,2790.5688965405843
BOGOTÁ D.C.,AGUACATE,2019-09-01,011609,D_city,2887.7170252039477
BOGOTÁ D.C.,AGUACATE,2019-10-01,011609,D_city,2899.4027937135447
BOGOTÁ D.C.,AGUACATE,2019-11-01,011609,D_city,2770.0540882884025
BOGOTÁ D.C.,AGUACATE,2019-12-01,011609,D_city,2696.6596855611933
BOGOTÁ D.C.,AGUACATE,2020-01-01,011609,D_city,2688.078931796195
BOGOTÁ D.C.,AGUACATE,2020-02-01,011609,D_city,2760.7163383728175
BOGOTÁ D.C.,AGUACATE,2020-03-01,011609,D_city,2954.2277799825292
BOGOTÁ D.C.,AGUACATE,2020-04-01,011609,D_city,2974.774073567272
BOGOTÁ D.C.,AGUACATE,2020-05-01,011609,D_city,2928.7941005848634
BOGOTÁ D.C.,AGUACATE,2020-06-01,011609,D_city,2840.8696603275557
BOGOTÁ D.C.,AGUACATE,2020-07-01,011609,D_city,2762.468414676097
BOGOTÁ D.C.,AGUACATE,2020-08-01,011609,D_city,2756.1874657303547
BOGOTÁ D.C.,AGUACATE,2020-09-01,011609,D_city,2836.8396484854916
BOGOTÁ D.C.,AGUACATE,2020-10-01,011609,D_city,2870.285273796394
BOGOTÁ D.C.,AGUACATE,2020-11-01,011609,D_city,2863.9849155258953
BOGOTÁ D.C.,AGUACATE,2020-12-01,011609,D_city,2790.859322741794
BOGOTÁ D.C.,AGUACATE,2021-01-01,011609,D_city,2825.5974705978647
BOGOTÁ D.C.,AGUACATE,2021-02-01,011609,D_city,2832.806661240998
BOGOTÁ D.C.,AGUACATE,2021-03-01,011609,D_city,2905.805329642989
BOGOTÁ D.C.,AGUACATE,2021-04-01,011609,D_city,2996.086724957233
BOGOTÁ D.C.,AGUACATE,2021-05-01,011609,D_city,3220.7313341812105
BOGOTÁ D.C.,AGUACATE,2021-06-01,011609,D_city,3085.803692170142
BOGOTÁ D.C.,AGUACATE,2021-07-01,011609,D_city,3077.9423320911337
BOGOTÁ D.C.,AGUACATE,2021-08-01,011609,D_city,3216.5511926738295
BOGOTÁ D.C.,AGUACATE,2021-09-01,011609,D_city,3297.7634812211536
BOGOTÁ D.C.,AGUACATE,2021-10-01,011609,D_city,3357.403196241576
BOGOTÁ D.C.,AGUACATE,2021-11-01,011609,D_city,3331.8923130782055
BOGOTÁ D.C.,AGUACATE,2021-12-01,011609,D_city,3290.835729855875
BOGOTÁ D.C.,AGUACATE,2022-01-01,011609,D_city,3364.391160828916
BOGOTÁ D.C.,AGUACATE,2022-02-01,011609,D_city,3419.6344578920894
BOGOTÁ D.C.,AGUACATE,2022-03-01,011609,D_city,3492.536641565676
BOGOTÁ D.C.,AGUACATE,2022-04-01,011609,D_city,3565.296268225155
BOGOTÁ D.C.,AGUACATE,2022-05-01,011609,D_city,3578.3263555625035
BOGOTÁ D.C.,AGUACATE,2022-06-01,011609,D_city,3559.0279170565927
BOGOTÁ D.C.,AGUACATE,2022-07-01,011609,D_city,3557.8759640268713
BOGOTÁ D.C.,AGUACATE,2022-08-01,011609,D_city,3605.330023730641
BOGOTÁ D.C.,AGUACATE,2022-09-01,011609,D_city,3719.5724959495174
BOGOTÁ D.C.,AGUACATE,2022-10-01,011609,D_city,3795.4733387844904
BOGOTÁ D.C.,AGUACATE,2022-11-01,011609,D_city,3727.1986087169985
BOGOTÁ D.C.,AGUACATE,2022-12-01,011609,D_city,3627.7953247139726
BOGOTÁ D.C.,AGUACATE,2023-01-01,011609,D_city,3619.1731564551906
BOGOTÁ D.C.,AGUACATE,2023-02-01,011609,D_city,3779.364250355658
BOGOTÁ D.C.,AGUACATE,2023-03-01,011609,D_city,4059.4816944437785
BOGOTÁ D.C.,AGUACATE,2023-04-01,011609,D_city,3968.5856785972655
BOGOTÁ D.C.,AGUACATE,2023-05-01,011609,D_city,3812.2880082043425
BOGOTÁ D.C.,AGUACATE,2023-06-01,011609,D_city,3832.2671253982735
BOGOTÁ D.C.,AGUACATE,2023-07-01,011609,D_city,3913.3555347777806
BOGOTÁ D.C.,AGUACATE,2023-08-01,011609,D_city,4097.2818349892
BOGOTÁ D.C.,AGUACATE,2023-09-01,011609,D_city,4185.414418913906
BOGOTÁ D.C.,AGUACATE,2023-10-01,011609,D_city,4246.829420004992
BOGOTÁ D.C.,AGUACATE,2023-11-01,011609,D_city,4097.16287683007
BOGOTÁ D.C.,AGUACATE,2023-12-01,011609,D_city,3868.510685914602
BOGOTÁ D.C.,AGUACATE,2024-01-01,011609,D_city,3879.655329752592
BOGOTÁ D.C.,AGUACATE,2024-02-01,011609,D_city,4043.208496219684
BOGOTÁ D.C.,AGUACATE,2024-03-01,011609,D_city,4227.540750384314
BOGOTÁ D.C.,AGUACATE,2024-04-01,011609,D_city,4400.45595192769
BOGOTÁ D.C.,AGUACATE,2024-05-01,011609,D_city,4424.265149781737
BOGOTÁ D.C.,AGUACATE,2024-06-01,011609,D_city,4319.600184756731
BOGOTÁ D.C.,AGUACATE,2024-07-01,011609,D_city,4247.296458894347
BOGOTÁ D.C.,AGUACATE,2024-08-01,011609,D_city,4237.950605924893
BOGOTÁ D.C.,AGUACATE,2024-09-01,011609,D_city,4478.1622945556865
BOGOTÁ D.C.,AGUACATE,2024-10-01,011609,D_city,4500.170816018513
BOGOTÁ D.C.,AGUACATE,2024-11-01,011609,D_city,4466.795734959193
BOGOTÁ D.C.,AGUACATE,2024-12-01,011609,D_city,4336.018689493488
BOGOTÁ D.C.,AJO,2019-01-01,011716,BASE_lowR2,6756.9257357780925
BOGOTÁ D.C.,AJO,2019-02-01,011716,BASE_lowR2,6960.341889985896
BOGOTÁ D.C.,AJO,2019-03-01,011716,BASE_lowR2,6749.776925246827
BOGOTÁ D.C.,AJO,2019-04-01,011716,BASE_lowR2,7303.484795486602
BOGOTÁ D.C.,AJO,2019-05-01,011716,BASE_lowR2,7161.808368594266
BOGOTÁ D.C.,AJO,2019-06-01,011716,BASE_lowR2,7030.530211565587
BOGOTÁ D.C.,AJO,2019-07-01,011716,BASE_lowR2,7248.243986835921
BOGOTÁ D.C.,AJO,2019-08-01,011716,BASE_lowR2,7225.497771509169
BOGOTÁ D.C.,AJO,2019-09-01,011716,BASE_lowR2,7213.799717912554
BOGOTÁ D.C.,AJO,2019-10-01,011716,BASE_lowR2,7785.704560413729
BOGOTÁ D.C.,AJO,2019-11-01,011716,BASE_lowR2,7471.8067889045615
BOGOTÁ D.C.,AJO,2019-12-01,011716,BASE_lowR2,7142.961504466385
BOGOTÁ D.C.,AJO,2020-01-01,011716,BASE_lowR2,7566.0411095439595
BOGOTÁ D.C.,AJO,2020-02-01,011716,BASE_lowR2,7824.698072402445
BOGOTÁ D.C.,AJO,2020-03-01,011716,BASE_lowR2,8666.308039492244
BOGOTÁ D.C.,AJO,2020-04-01,011716,BASE_lowR2,8516.832910202163
BOGOTÁ D.C.,AJO,2020-05-01,011716,BASE_lowR2,8260.125622943113
BOGOTÁ D.C.,AJO,2020-06-01,011716,BASE_lowR2,8282.221946403386
BOGOTÁ D.C.,AJO,2020-07-01,011716,BASE_lowR2,7750.610399623885
BOGOTÁ D.C.,AJO,2020-08-01,011716,BASE_lowR2,7679.122294311237
BOGOTÁ D.C.,AJO,2020-09-01,011716,BASE_lowR2,8046.961090738129
BOGOTÁ D.C.,AJO,2020-10-01,011716,BASE_lowR2,8006.017903149977
BOGOTÁ D.C.,AJO,2020-11-01,011716,BASE_lowR2,7774.656398683592
BOGOTÁ D.C.,AJO,2020-12-01,011716,BASE_lowR2,8336.162971321111
BOGOTÁ D.C.,AJO,2021-01-01,011716,BASE_lowR2,8794.336737188529
BOGOTÁ D.C.,AJO,2021-02-01,011716,BASE_lowR2,8819.682519981196
BOGOTÁ D.C.,AJO,2021-03-01,011716,BASE_lowR2,9004.251810061121
BOGOTÁ D.C.,AJO,2021-04-01,011716,BASE_lowR2,9663.242162670429
BOGOTÁ D.C.,AJO,2021-05-01,011716,BASE_lowR2,9916.699990597086
BOGOTÁ D.C.,AJO,2021-06-01,011716,BASE_lowR2,9962.842313117068
BOGOTÁ D.C.,AJO,2021-07-01,011716,BASE_lowR2,10140.262792665728
BOGOTÁ D.C.,AJO,2021-08-01,011716,BASE_lowR2,9958.293070051715
BOGOTÁ D.C.,AJO,2021-09-01,011716,BASE_lowR2,10018.08312176775
BOGOTÁ D.C.,AJO,2021-10-01,011716,BASE_lowR2,9526.764870709922
BOGOTÁ D.C.,AJO,2021-11-01,011716,BASE_lowR2,9559.259464033852
BOGOTÁ D.C.,AJO,2021-12-01,011716,BASE_lowR2,9684.688594264224
BOGOTÁ D.C.,AJO,2022-01-01,011716,BASE_lowR2,10065.525228020688
BOGOTÁ D.C.,AJO,2022-02-01,011716,BASE_lowR2,10413.867268453223
BOGOTÁ D.C.,AJO,2022-03-01,011716,BASE_lowR2,10858.393305124591
BOGOTÁ D.C.,AJO,2022-04-01,011716,BASE_lowR2,11349.711556182418
BOGOTÁ D.C.,AJO,2022-05-01,011716,BASE_lowR2,11477.090362012224
BOGOTÁ D.C.,AJO,2022-06-01,011716,BASE_lowR2,11935.264127879645
BOGOTÁ D.C.,AJO,2022-07-01,011716,BASE_lowR2,12449.328594264223
BOGOTÁ D.C.,AJO,2022-08-01,011716,BASE_lowR2,12914.001278796428
BOGOTÁ D.C.,AJO,2022-09-01,011716,BASE_lowR2,13126.515919134934
BOGOTÁ D.C.,AJO,2022-10-01,011716,BASE_lowR2,12744.379501645511
BOGOTÁ D.C.,AJO,2022-11-01,011716,BASE_lowR2,12804.819445228022
BOGOTÁ D.C.,AJO,2022-12-01,011716,BASE_lowR2,12821.716633756465
BOGOTÁ D.C.,AJO,2023-01-01,011716,BASE_lowR2,12692.388152327223
BOGOTÁ D.C.,AJO,2023-02-01,011716,BASE_lowR2,12954.94446638458
BOGOTÁ D.C.,AJO,2023-03-01,011716,BASE_lowR2,13198.004024447582
BOGOTÁ D.C.,AJO,2023-04-01,011716,BASE_lowR2,13632.781683121771
BOGOTÁ D.C.,AJO,2023-05-01,011716,BASE_lowR2,13146.66256699577
BOGOTÁ D.C.,AJO,2023-06-01,011716,BASE_lowR2,12332.348058298074
BOGOTÁ D.C.,AJO,2023-07-01,011716,BASE_lowR2,12201.069901269395
BOGOTÁ D.C.,AJO,2023-08-01,011716,BASE_lowR2,12522.766375176307
BOGOTÁ D.C.,AJO,2023-09-01,011716,BASE_lowR2,12513.017997179126
BOGOTÁ D.C.,AJO,2023-10-01,011716,BASE_lowR2,12408.38540667607
BOGOTÁ D.C.,AJO,2023-11-01,011716,BASE_lowR2,12227.715467795018
BOGOTÁ D.C.,AJO,2023-12-01,011716,BASE_lowR2,12214.717630465444
BOGOTÁ D.C.,AJO,2024-01-01,011716,BASE_lowR2,12724.882745651154
BOGOTÁ D.C.,AJO,2024-02-01,011716,BASE_lowR2,12921.150089327692
BOGOTÁ D.C.,AJO,2024-03-01,011716,BASE_lowR2,13184.35629525153
BOGOTÁ D.C.,AJO,2024-04-01,011716,BASE_lowR2,13452.761636107194
BOGOTÁ D.C.,AJO,2024-05-01,011716,BASE_lowR2,14157.894311236485
BOGOTÁ D.C.,AJO,2024-06-01,011716,BASE_lowR2,14908.519417019279
BOGOTÁ D.C.,AJO,2024-07-01,011716,BASE_lowR2,15106.736436295252
BOGOTÁ D.C.,AJO,2024-08-01,011716,BASE_lowR2,14150.09560883874
BOGOTÁ D.C.,AJO,2024-09-01,011716,BASE_lowR2,13847.89589092619
BOGOTÁ D.C.,AJO,2024-10-01,011716,BASE_lowR2,13527.499200752234
BOGOTÁ D.C.,AJO,2024-11-01,011716,BASE_lowR2,13307.185858015986
BOGOTÁ D.C.,AJO,2024-12-01,011716,BASE_lowR2,13321.483479078515
BOGOTÁ D.C.,ARRACACHA,2019-01-01,011712,BASE,2350.7886899151745
BOGOTÁ D.C.,ARRACACHA,2019-02-01,011712,BASE,2381.3274269557023
BOGOTÁ D.C.,ARRACACHA,2019-03-01,011712,BASE,2253.6199811498586
BOGOTÁ D.C.,ARRACACHA,2019-04-01,011712,BASE,2294.1069431354067
BOGOTÁ D.C.,ARRACACHA,2019-05-01,011712,BASE,2328.3473452717562
BOGOTÁ D.C.,ARRACACHA,2019-06-01,011712,BASE,2306.6000628338047
BOGOTÁ D.C.,ARRACACHA,2019-07-01,011712,BASE,2442.4049010367576
BOGOTÁ D.C.,ARRACACHA,2019-08-01,011712,BASE,2491.6833176248824
BOGOTÁ D.C.,ARRACACHA,2019-09-01,011712,BASE,2739.4635249764374
BOGOTÁ D.C.,ARRACACHA,2019-10-01,011712,BASE,2754.732893496701
BOGOTÁ D.C.,ARRACACHA,2019-11-01,011712,BASE,2631.4211749921456
BOGOTÁ D.C.,ARRACACHA,2019-12-01,011712,BASE,2502.0942507068808
BOGOTÁ D.C.,ARRACACHA,2020-01-01,011712,BASE,2576.3589066918003
BOGOTÁ D.C.,ARRACACHA,2020-02-01,011712,BASE,2522.684762802388
BOGOTÁ D.C.,ARRACACHA,2020-03-01,011712,BASE,2637.667734841345
BOGOTÁ D.C.,ARRACACHA,2020-04-01,011712,BASE,2456.286145146089
BOGOTÁ D.C.,ARRACACHA,2020-05-01,011712,BASE,2503.7137291863023
BOGOTÁ D.C.,ARRACACHA,2020-06-01,011712,BASE,2571.5004712535347
BOGOTÁ D.C.,ARRACACHA,2020-07-01,011712,BASE,2618.696701225259
BOGOTÁ D.C.,ARRACACHA,2020-08-01,011712,BASE,2583.2995287464655
BOGOTÁ D.C.,ARRACACHA,2020-09-01,011712,BASE,2569.6496387056236
BOGOTÁ D.C.,ARRACACHA,2020-10-01,011712,BASE,2587.9266101162425
BOGOTÁ D.C.,ARRACACHA,2020-11-01,011712,BASE,2368.3715991203267
BOGOTÁ D.C.,ARRACACHA,2020-12-01,011712,BASE,2259.40383286208
BOGOTÁ D.C.,ARRACACHA,2021-01-01,011712,BASE,2270.046120012567
BOGOTÁ D.C.,ARRACACHA,2021-02-01,011712,BASE,2291.7934024505184
BOGOTÁ D.C.,ARRACACHA,2021-03-01,011712,BASE,2173.8028275212064
BOGOTÁ D.C.,ARRACACHA,2021-04-01,011712,BASE,2001.2126924285265
BOGOTÁ D.C.,ARRACACHA,2021-05-01,011712,BASE,2394.051900722589
BOGOTÁ D.C.,ARRACACHA,2021-06-01,011712,BASE,2288.785799560164
BOGOTÁ D.C.,ARRACACHA,2021-07-01,011712,BASE,2039.3861137291865
BOGOTÁ D.C.,ARRACACHA,2021-08-01,011712,BASE,1983.861137291863
BOGOTÁ D.C.,ARRACACHA,2021-09-01,011712,BASE,2039.848821866164
BOGOTÁ D.C.,ARRACACHA,2021-10-01,011712,BASE,2041.0055922086083
BOGOTÁ D.C.,ARRACACHA,2021-11-01,011712,BASE,2084.962865221489
BOGOTÁ D.C.,ARRACACHA,2021-12-01,011712,BASE,2050.491109016651
BOGOTÁ D.C.,ARRACACHA,2022-01-01,011712,BASE,2293.875589066918
BOGOTÁ D.C.,ARRACACHA,2022-02-01,011712,BASE,2362.125039271128
BOGOTÁ D.C.,ARRACACHA,2022-03-01,011712,BASE,2467.8538485705312
BOGOTÁ D.C.,ARRACACHA,2022-04-01,011712,BASE,2619.6221174992147
BOGOTÁ D.C.,ARRACACHA,2022-05-01,011712,BASE,2695.5062519635567
BOGOTÁ D.C.,ARRACACHA,2022-06-01,011712,BASE,2728.8212378259504
BOGOTÁ D.C.,ARRACACHA,2022-07-01,011712,BASE,2928.7111530003144
BOGOTÁ D.C.,ARRACACHA,2022-08-01,011712,BASE,3331.035878102419
BOGOTÁ D.C.,ARRACACHA,2022-09-01,011712,BASE,3887.4424128180963
BOGOTÁ D.C.,ARRACACHA,2022-10-01,011712,BASE,4270.796104304116
BOGOTÁ D.C.,ARRACACHA,2022-11-01,011712,BASE,4461.6632108074145
BOGOTÁ D.C.,ARRACACHA,2022-12-01,011712,BASE,4743.683820295319
BOGOTÁ D.C.,ARRACACHA,2023-01-01,011712,BASE,5028.943386742068
BOGOTÁ D.C.,ARRACACHA,2023-02-01,011712,BASE,4871.159912032674
BOGOTÁ D.C.,ARRACACHA,2023-03-01,011712,BASE,5100.66314797361
BOGOTÁ D.C.,ARRACACHA,2023-04-01,011712,BASE,5070.124410933082
BOGOTÁ D.C.,ARRACACHA,2023-05-01,011712,BASE,4989.150486961986
BOGOTÁ D.C.,ARRACACHA,2023-06-01,011712,BASE,4855.1964813069435
BOGOTÁ D.C.,ARRACACHA,2023-07-01,011712,BASE,4738.594030788565
BOGOTÁ D.C.,ARRACACHA,2023-08-01,011712,BASE,4833.91190700597
BOGOTÁ D.C.,ARRACACHA,2023-09-01,011712,BASE,4893.601256676092
BOGOTÁ D.C.,ARRACACHA,2023-10-01,011712,BASE,4832.986490732014
BOGOTÁ D.C.,ARRACACHA,2023-11-01,011712,BASE,4859.360854539742
BOGOTÁ D.C.,ARRACACHA,2023-12-01,011712,BASE,4745.997360980207
BOGOTÁ D.C.,ARRACACHA,2024-01-01,011712,BASE,4908.870625196356
BOGOTÁ D.C.,ARRACACHA,2024-02-01,011712,BASE,4685.613949104619
BOGOTÁ D.C.,ARRACACHA,2024-03-01,011712,BASE,4602.326484448634
BOGOTÁ D.C.,ARRACACHA,2024-04-01,011712,BASE,4900.310524662268
BOGOTÁ D.C.,ARRACACHA,2024-05-01,011712,BASE,4791.805466540999
BOGOTÁ D.C.,ARRACACHA,2024-06-01,011712,BASE,4498.217153628652
BOGOTÁ D.C.,ARRACACHA,2024-07-01,011712,BASE,4412.38479421929
BOGOTÁ D.C.,ARRACACHA,2024-08-01,011712,BASE,3993.4025761859884
BOGOTÁ D.C.,ARRACACHA,2024-09-01,011712,BASE,3647.2968897266733
BOGOTÁ D.C.,ARRACACHA,2024-10-01,011712,BASE,3123.9739868049014
BOGOTÁ D.C.,ARRACACHA,2024-11-01,011712,BASE,2767.9200754005656
BOGOTÁ D.C.,ARRACACHA,2024-12-01,011712,BASE,2523.378825007854
BOGOTÁ D.C.,ARROZ INTEGRAL,2019-01-01,011101,D_city,1998.022153466952
BOGOTÁ D.C.,ARROZ INTEGRAL,2019-02-01,011101,D_city,2013.3371474293924
BOGOTÁ D.C.,ARROZ INTEGRAL,2019-03-01,011101,D_city,2019.3913994247382
BOGOTÁ D.C.,ARROZ INTEGRAL,2019-04-01,011101,D_city,2019.5506614080707
BOGOTÁ D.C.,ARROZ INTEGRAL,2019-05-01,011101,D_city,2023.5312062258627
BOGOTÁ D.C.,ARROZ INTEGRAL,2019-06-01,011101,D_city,2043.087510276991
BOGOTÁ D.C.,ARROZ INTEGRAL,2019-07-01,011101,D_city,2092.0151951830503
BOGOTÁ D.C.,ARROZ INTEGRAL,2019-08-01,011101,D_city,2132.966520745225
BOGOTÁ D.C.,ARROZ INTEGRAL,2019-09-01,011101,D_city,2135.9514904011116
BOGOTÁ D.C.,ARROZ INTEGRAL,2019-10-01,011101,D_city,2134.8518843913444
BOGOTÁ D.C.,ARROZ INTEGRAL,2019-11-01,011101,D_city,2177.7904727434325
BOGOTÁ D.C.,ARROZ INTEGRAL,2019-12-01,011101,D_city,2276.0494320018647
BOGOTÁ D.C.,ARROZ INTEGRAL,2020-01-01,011101,D_city,2413.138048931532
BOGOTÁ D.C.,ARROZ INTEGRAL,2020-02-01,011101,D_city,2515.646214001724
BOGOTÁ D.C.,ARROZ INTEGRAL,2020-03-01,011101,D_city,2604.427821689637
BOGOTÁ D.C.,ARROZ INTEGRAL,2020-04-01,011101,D_city,2661.1194201657645
BOGOTÁ D.C.,ARROZ INTEGRAL,2020-05-01,011101,D_city,2671.827339408641
BOGOTÁ D.C.,ARROZ INTEGRAL,2020-06-01,011101,D_city,2667.2182839408697
BOGOTÁ D.C.,ARROZ INTEGRAL,2020-07-01,011101,D_city,2597.5446081476366
BOGOTÁ D.C.,ARROZ INTEGRAL,2020-08-01,011101,D_city,2495.1071752656785
BOGOTÁ D.C.,ARROZ INTEGRAL,2020-09-01,011101,D_city,2438.864101028509
BOGOTÁ D.C.,ARROZ INTEGRAL,2020-10-01,011101,D_city,2389.941980535365
BOGOTÁ D.C.,ARROZ INTEGRAL,2020-11-01,011101,D_city,2390.2475512070287
BOGOTÁ D.C.,ARROZ INTEGRAL,2020-12-01,011101,D_city,2368.9873753044194
BOGOTÁ D.C.,ARROZ INTEGRAL,2021-01-01,011101,D_city,2364.852255663603
BOGOTÁ D.C.,ARROZ INTEGRAL,2021-02-01,011101,D_city,2355.3500426387945
BOGOTÁ D.C.,ARROZ INTEGRAL,2021-03-01,011101,D_city,2326.9402424421414
BOGOTÁ D.C.,ARROZ INTEGRAL,2021-04-01,011101,D_city,2314.0124534520796
BOGOTÁ D.C.,ARROZ INTEGRAL,2021-05-01,011101,D_city,2333.243807526387
BOGOTÁ D.C.,ARROZ INTEGRAL,2021-06-01,011101,D_city,2320.016848349231
BOGOTÁ D.C.,ARROZ INTEGRAL,2021-07-01,011101,D_city,2280.37825454017
BOGOTÁ D.C.,ARROZ INTEGRAL,2021-08-01,011101,D_city,2220.832610302103
BOGOTÁ D.C.,ARROZ INTEGRAL,2021-09-01,011101,D_city,2183.4164777933947
BOGOTÁ D.C.,ARROZ INTEGRAL,2021-10-01,011101,D_city,2102.9021571347553
BOGOTÁ D.C.,ARROZ INTEGRAL,2021-11-01,011101,D_city,2073.0479911903526
BOGOTÁ D.C.,ARROZ INTEGRAL,2021-12-01,011101,D_city,2072.5732644344366
BOGOTÁ D.C.,ARROZ INTEGRAL,2022-01-01,011101,D_city,2097.854862441798
BOGOTÁ D.C.,ARROZ INTEGRAL,2022-02-01,011101,D_city,2141.1334706171756
BOGOTÁ D.C.,ARROZ INTEGRAL,2022-03-01,011101,D_city,2267.540473710797
BOGOTÁ D.C.,ARROZ INTEGRAL,2022-04-01,011101,D_city,2390.4003329334128
BOGOTÁ D.C.,ARROZ INTEGRAL,2022-05-01,011101,D_city,2527.256619852773
BOGOTÁ D.C.,ARROZ INTEGRAL,2022-06-01,011101,D_city,2612.502401507165
BOGOTÁ D.C.,ARROZ INTEGRAL,2022-07-01,011101,D_city,2631.02082087436
BOGOTÁ D.C.,ARROZ INTEGRAL,2022-08-01,011101,D_city,2658.291949692154
BOGOTÁ D.C.,ARROZ INTEGRAL,2022-09-01,011101,D_city,2689.650428309264
BOGOTÁ D.C.,ARROZ INTEGRAL,2022-10-01,011101,D_city,2735.411841412344
BOGOTÁ D.C.,ARROZ INTEGRAL,2022-11-01,011101,D_city,2802.307578636656
BOGOTÁ D.C.,ARROZ INTEGRAL,2022-12-01,011101,D_city,2906.7274421047955
BOGOTÁ D.C.,ARROZ INTEGRAL,2023-01-01,011101,D_city,2955.836138706367
BOGOTÁ D.C.,ARROZ INTEGRAL,2023-02-01,011101,D_city,2993.4755540108326
BOGOTÁ D.C.,ARROZ INTEGRAL,2023-03-01,011101,D_city,3001.4227674554068
BOGOTÁ D.C.,ARROZ INTEGRAL,2023-04-01,011101,D_city,3016.580349481291
BOGOTÁ D.C.,ARROZ INTEGRAL,2023-05-01,011101,D_city,3029.125284030203
BOGOTÁ D.C.,ARROZ INTEGRAL,2023-06-01,011101,D_city,3000.411592115095
BOGOTÁ D.C.,ARROZ INTEGRAL,2023-07-01,011101,D_city,2991.596362419883
BOGOTÁ D.C.,ARROZ INTEGRAL,2023-08-01,011101,D_city,2982.0513581873875
BOGOTÁ D.C.,ARROZ INTEGRAL,2023-09-01,011101,D_city,2980.8938767608156
BOGOTÁ D.C.,ARROZ INTEGRAL,2023-10-01,011101,D_city,2988.4155292032797
BOGOTÁ D.C.,ARROZ INTEGRAL,2023-11-01,011101,D_city,2987.692496240468
BOGOTÁ D.C.,ARROZ INTEGRAL,2023-12-01,011101,D_city,2974.960044773
BOGOTÁ D.C.,ARROZ INTEGRAL,2024-01-01,011101,D_city,2988.560130623331
BOGOTÁ D.C.,ARROZ INTEGRAL,2024-02-01,011101,D_city,3030.4223046508127
BOGOTÁ D.C.,ARROZ INTEGRAL,2024-03-01,011101,D_city,3011.674238813358
BOGOTÁ D.C.,ARROZ INTEGRAL,2024-04-01,011101,D_city,3010.375232900196
BOGOTÁ D.C.,ARROZ INTEGRAL,2024-05-01,011101,D_city,3011.096919898903
BOGOTÁ D.C.,ARROZ INTEGRAL,2024-06-01,011101,D_city,3026.0983702283766
BOGOTÁ D.C.,ARROZ INTEGRAL,2024-07-01,011101,D_city,3018.888427138611
BOGOTÁ D.C.,ARROZ INTEGRAL,2024-08-01,011101,D_city,2987.403270983828
BOGOTÁ D.C.,ARROZ INTEGRAL,2024-09-01,011101,D_city,2954.3861173951477
BOGOTÁ D.C.,ARROZ INTEGRAL,2024-10-01,011101,D_city,2967.430011137098
BOGOTÁ D.C.,ARROZ INTEGRAL,2024-11-01,011101,D_city,2965.691642697526
BOGOTÁ D.C.,ARROZ INTEGRAL,2024-12-01,011101,D_city,2962.648893582905
BOGOTÁ D.C.,ARROZ PARA SECO,2019-01-01,011101,D_city,1389.1623349501672
BOGOTÁ D.C.,ARROZ PARA SECO,2019-02-01,011101,D_city,1403.9571151178898
BOGOTÁ D.C.,ARROZ PARA SECO,2019-03-01,011101,D_city,1409.8177713030118
BOGOTÁ D.C.,ARROZ PARA SECO,2019-04-01,011101,D_city,1409.972032581032
BOGOTÁ D.C.,ARROZ PARA SECO,2019-05-01,011101,D_city,1413.8291215554736
BOGOTÁ D.C.,ARROZ PARA SECO,2019-06-01,011101,D_city,1432.8215323540003
BOGOTÁ D.C.,ARROZ PARA SECO,2019-07-01,011101,D_city,1480.6465993532638
BOGOTÁ D.C.,ARROZ PARA SECO,2019-08-01,011101,D_city,1521.0099531133196
BOGOTÁ D.C.,ARROZ PARA SECO,2019-09-01,011101,D_city,1523.9638906023465
BOGOTÁ D.C.,ARROZ PARA SECO,2019-10-01,011101,D_city,1522.8755300873993
BOGOTÁ D.C.,ARROZ PARA SECO,2019-11-01,011101,D_city,1565.5356284361296
BOGOTÁ D.C.,ARROZ PARA SECO,2019-12-01,011101,D_city,1664.381719065099
BOGOTÁ D.C.,ARROZ PARA SECO,2020-01-01,011101,D_city,1805.0659450605283
BOGOTÁ D.C.,ARROZ PARA SECO,2020-02-01,011101,D_city,1912.315006943654
BOGOTÁ D.C.,ARROZ PARA SECO,2020-03-01,011101,D_city,2006.58342305586
BOGOTÁ D.C.,ARROZ PARA SECO,2020-04-01,011101,D_city,2067.4359265342705
BOGOTÁ D.C.,ARROZ PARA SECO,2020-05-01,011101,D_city,2078.986579752817
BOGOTÁ D.C.,ARROZ PARA SECO,2020-06-01,011101,D_city,2074.012580233114
BOGOTÁ D.C.,ARROZ PARA SECO,2020-07-01,011101,D_city,1999.2296650090914
BOGOTÁ D.C.,ARROZ PARA SECO,2020-08-01,011101,D_city,1890.687961496993
BOGOTÁ D.C.,ARROZ PARA SECO,2020-09-01,011101,D_city,1831.8190167488642
BOGOTÁ D.C.,ARROZ PARA SECO,2020-10-01,011101,D_city,1781.0383642960896
BOGOTÁ D.C.,ARROZ PARA SECO,2020-11-01,011101,D_city,1781.3543038734965
BOGOTÁ D.C.,ARROZ PARA SECO,2020-12-01,011101,D_city,1759.4101033813135
BOGOTÁ D.C.,ARROZ PARA SECO,2021-01-01,011101,D_city,1755.150774262747
BOGOTÁ D.C.,ARROZ PARA SECO,2021-02-01,011101,D_city,1745.3740702998234
BOGOTÁ D.C.,ARROZ PARA SECO,2021-03-01,011101,D_city,1716.2348045548808
BOGOTÁ D.C.,ARROZ PARA SECO,2021-04-01,011101,D_city,1703.0205307807576
BOGOTÁ D.C.,ARROZ PARA SECO,2021-05-01,011101,D_city,1722.6883904751282
BOGOTÁ D.C.,ARROZ PARA SECO,2021-06-01,011101,D_city,1709.1544384216445
BOGOTÁ D.C.,ARROZ PARA SECO,2021-07-01,011101,D_city,1668.7750772880463
BOGOTÁ D.C.,ARROZ PARA SECO,2021-08-01,011101,D_city,1608.6268804898614
BOGOTÁ D.C.,ARROZ PARA SECO,2021-09-01,011101,D_city,1571.1494656129971
BOGOTÁ D.C.,ARROZ PARA SECO,2021-10-01,011101,D_city,1491.347640914624
BOGOTÁ D.C.,ARROZ PARA SECO,2021-11-01,011101,D_city,1462.0548251311166
BOGOTÁ D.C.,ARROZ PARA SECO,2021-12-01,011101,D_city,1461.5903371935303
BOGOTÁ D.C.,ARROZ PARA SECO,2022-01-01,011101,D_city,1486.383865357102
BOGOTÁ D.C.,ARROZ PARA SECO,2022-02-01,011101,D_city,1529.095796265717
BOGOTÁ D.C.,ARROZ PARA SECO,2022-03-01,011101,D_city,1655.7553406708273
BOGOTÁ D.C.,ARROZ PARA SECO,2022-04-01,011101,D_city,1781.512275797663
BOGOTÁ D.C.,ARROZ PARA SECO,2022-05-01,011101,D_city,1924.5707784507358
BOGOTÁ D.C.,ARROZ PARA SECO,2022-06-01,011101,D_city,2015.2195908393387
BOGOTÁ D.C.,ARROZ PARA SECO,2022-07-01,011101,D_city,2035.0650103085877
BOGOTÁ D.C.,ARROZ PARA SECO,2022-08-01,011101,D_city,2064.388929299333
BOGOTÁ D.C.,ARROZ PARA SECO,2022-09-01,011101,D_city,2098.2521546717967
BOGOTÁ D.C.,ARROZ PARA SECO,2022-10-01,011101,D_city,2147.9435130798174
BOGOTÁ D.C.,ARROZ PARA SECO,2022-11-01,011101,D_city,2221.164646739178
BOGOTÁ D.C.,ARROZ PARA SECO,2022-12-01,011101,D_city,2336.8141083680216
BOGOTÁ D.C.,ARROZ PARA SECO,2023-01-01,011101,D_city,2391.766671394359
BOGOTÁ D.C.,ARROZ PARA SECO,2023-02-01,011101,D_city,2434.1255149445833
BOGOTÁ D.C.,ARROZ PARA SECO,2023-03-01,011101,D_city,2443.0956909986635
BOGOTÁ D.C.,ARROZ PARA SECO,2023-04-01,011101,D_city,2460.229861773301
BOGOTÁ D.C.,ARROZ PARA SECO,2023-05-01,011101,D_city,2474.4359420495293
BOGOTÁ D.C.,ARROZ PARA SECO,2023-06-01,011101,D_city,2441.9538460749404
BOGOTÁ D.C.,ARROZ PARA SECO,2023-07-01,011101,D_city,2432.0057818049845
BOGOTÁ D.C.,ARROZ PARA SECO,2023-08-01,011101,D_city,2421.2469584501227
BOGOTÁ D.C.,ARROZ PARA SECO,2023-09-01,011101,D_city,2419.943188284865
BOGOTÁ D.C.,ARROZ PARA SECO,2023-10-01,011101,D_city,2428.4189688551637
BOGOTÁ D.C.,ARROZ PARA SECO,2023-11-01,011101,D_city,2427.6038591420725
BOGOTÁ D.C.,ARROZ PARA SECO,2023-12-01,011101,D_city,2413.2624871336825
BOGOTÁ D.C.,ARROZ PARA SECO,2024-01-01,011101,D_city,2428.581994134507
BOGOTÁ D.C.,ARROZ PARA SECO,2024-02-01,011101,D_city,2475.9060105313383
BOGOTÁ D.C.,ARROZ PARA SECO,2024-03-01,011101,D_city,2454.6803222967337
BOGOTÁ D.C.,ARROZ PARA SECO,2024-04-01,011101,D_city,2453.211539825878
BOGOTÁ D.C.,ARROZ PARA SECO,2024-05-01,011101,D_city,2454.0275190582124
BOGOTÁ D.C.,ARROZ PARA SECO,2024-06-01,011101,D_city,2471.0061274616687
BOGOTÁ D.C.,ARROZ PARA SECO,2024-07-01,011101,D_city,2462.841850178026
BOGOTÁ D.C.,ARROZ PARA SECO,2024-08-01,011101,D_city,2427.2778230436397
BOGOTÁ D.C.,ARROZ PARA SECO,2024-09-01,011101,D_city,2390.1389980110453
BOGOTÁ D.C.,ARROZ PARA SECO,2024-10-01,011101,D_city,2404.7921059402915
BOGOTÁ D.C.,ARROZ PARA SECO,2024-11-01,011101,D_city,2402.837832689021
BOGOTÁ D.C.,ARROZ PARA SECO,2024-12-01,011101,D_city,2399.41824319195
BOGOTÁ D.C.,ARROZ PARA SOPA,2019-01-01,011101,D_city,947.7509907657334
BOGOTÁ D.C.,ARROZ PARA SOPA,2019-02-01,011101,D_city,953.9558430007992
BOGOTÁ D.C.,ARROZ PARA SOPA,2019-03-01,011101,D_city,956.4068212378814
BOGOTÁ D.C.,ARROZ PARA SOPA,2019-04-01,011101,D_city,956.4712817621936
BOGOTÁ D.C.,ARROZ PARA SOPA,2019-05-01,011101,D_city,958.0821482723956
BOGOTÁ D.C.,ARROZ PARA SOPA,2019-06-01,011101,D_city,965.9896179741769
BOGOTÁ D.C.,ARROZ PARA SOPA,2019-07-01,011101,D_city,985.7253052904199
BOGOTÁ D.C.,ARROZ PARA SOPA,2019-08-01,011101,D_city,1002.1920275139807
BOGOTÁ D.C.,ARROZ PARA SOPA,2019-09-01,011101,D_city,1003.3904907123433
BOGOTÁ D.C.,ARROZ PARA SOPA,2019-10-01,011101,D_city,1002.9490280288516
BOGOTÁ D.C.,ARROZ PARA SOPA,2019-11-01,011101,D_city,1020.163362602079
BOGOTÁ D.C.,ARROZ PARA SOPA,2019-12-01,011101,D_city,1059.3722909466064
BOGOTÁ D.C.,ARROZ PARA SOPA,2020-01-01,011101,D_city,1113.6681899633777
BOGOTÁ D.C.,ARROZ PARA SOPA,2020-02-01,011101,D_city,1153.9744208625818
BOGOTÁ D.C.,ARROZ PARA SOPA,2020-03-01,011101,D_city,1188.6905039507733
BOGOTÁ D.C.,ARROZ PARA SOPA,2020-04-01,011101,D_city,1210.7682659517
BOGOTÁ D.C.,ARROZ PARA SOPA,2020-05-01,011101,D_city,1214.930599916975
BOGOTÁ D.C.,ARROZ PARA SOPA,2020-06-01,011101,D_city,1213.139286594911
BOGOTÁ D.C.,ARROZ PARA SOPA,2020-07-01,011101,D_city,1186.005201097088
BOGOTÁ D.C.,ARROZ PARA SOPA,2020-08-01,011101,D_city,1145.917904633619
BOGOTÁ D.C.,ARROZ PARA SOPA,2020-09-01,011101,D_city,1123.8066843717772
BOGOTÁ D.C.,ARROZ PARA SOPA,2020-10-01,011101,D_city,1104.5132693992166
BOGOTÁ D.C.,ARROZ PARA SOPA,2020-11-01,011101,D_city,1104.633954387658
BOGOTÁ D.C.,ARROZ PARA SOPA,2020-12-01,011101,D_city,1096.2318881520055
BOGOTÁ D.C.,ARROZ PARA SOPA,2021-01-01,011101,D_city,1094.5964092309316
BOGOTÁ D.C.,ARROZ PARA SOPA,2021-02-01,011101,D_city,1090.8366169520993
BOGOTÁ D.C.,ARROZ PARA SOPA,2021-03-01,011101,D_city,1079.5823580826934
BOGOTÁ D.C.,ARROZ PARA SOPA,2021-04-01,011101,D_city,1074.4545401638313
BOGOTÁ D.C.,ARROZ PARA SOPA,2021-05-01,011101,D_city,1082.0811689139593
BOGOTÁ D.C.,ARROZ PARA SOPA,2021-06-01,011101,D_city,1076.836704882648
BOGOTÁ D.C.,ARROZ PARA SOPA,2021-07-01,011101,D_city,1061.0939166275475
BOGOTÁ D.C.,ARROZ PARA SOPA,2021-08-01,011101,D_city,1037.369749917875
BOGOTÁ D.C.,ARROZ PARA SOPA,2021-09-01,011101,D_city,1022.4151858311701
BOGOTÁ D.C.,ARROZ PARA SOPA,2021-10-01,011101,D_city,990.107541686461
BOGOTÁ D.C.,ARROZ PARA SOPA,2021-11-01,011101,D_city,978.0826620127224
BOGOTÁ D.C.,ARROZ PARA SOPA,2021-12-01,011101,D_city,977.8912455942717
BOGOTÁ D.C.,ARROZ PARA SOPA,2022-01-01,011101,D_city,988.0763081884761
BOGOTÁ D.C.,ARROZ PARA SOPA,2022-02-01,011101,D_city,1005.4704740298064
BOGOTÁ D.C.,ARROZ PARA SOPA,2022-03-01,011101,D_city,1055.986785278645
BOGOTÁ D.C.,ARROZ PARA SOPA,2022-04-01,011101,D_city,1104.6942946150973
BOGOTÁ D.C.,ARROZ PARA SOPA,2022-05-01,011101,D_city,1158.524412215069
BOGOTÁ D.C.,ARROZ PARA SOPA,2022-06-01,011101,D_city,1191.8392719036776
BOGOTÁ D.C.,ARROZ PARA SOPA,2022-07-01,011101,D_city,1199.0553909597988
BOGOTÁ D.C.,ARROZ PARA SOPA,2022-08-01,011101,D_city,1209.6687783293892
BOGOTÁ D.C.,ARROZ PARA SOPA,2022-09-01,011101,D_city,1221.853338946228
BOGOTÁ D.C.,ARROZ PARA SOPA,2022-10-01,011101,D_city,1239.597303037976
BOGOTÁ D.C.,ARROZ PARA SOPA,2022-11-01,011101,D_city,1265.4587417340042
BOGOTÁ D.C.,ARROZ PARA SOPA,2022-12-01,011101,D_city,1305.6485294549136
BOGOTÁ D.C.,ARROZ PARA SOPA,2023-01-01,011101,D_city,1324.4768714402423
BOGOTÁ D.C.,ARROZ PARA SOPA,2023-02-01,011101,D_city,1338.8770751330758
BOGOTÁ D.C.,ARROZ PARA SOPA,2023-03-01,011101,D_city,1341.914168630987
BOGOTÁ D.C.,ARROZ PARA SOPA,2023-04-01,011101,D_city,1347.7035260287978
BOGOTÁ D.C.,ARROZ PARA SOPA,2023-05-01,011101,D_city,1352.4917978054643
BOGOTÁ D.C.,ARROZ PARA SOPA,2023-06-01,011101,D_city,1341.5278045761402
BOGOTÁ D.C.,ARROZ PARA SOPA,2023-07-01,011101,D_city,1338.1587552031112
BOGOTÁ D.C.,ARROZ PARA SOPA,2023-08-01,011101,D_city,1334.5091687152512
BOGOTÁ D.C.,ARROZ PARA SOPA,2023-09-01,011101,D_city,1334.0664837502602
BOGOTÁ D.C.,ARROZ PARA SOPA,2023-10-01,011101,D_city,1336.9427339490187
BOGOTÁ D.C.,ARROZ PARA SOPA,2023-11-01,011101,D_city,1336.6662947672887
BOGOTÁ D.C.,ARROZ PARA SOPA,2023-12-01,011101,D_city,1331.7966652082937
BOGOTÁ D.C.,ARROZ PARA SOPA,2024-01-01,011101,D_city,1336.9980186407367
BOGOTÁ D.C.,ARROZ PARA SOPA,2024-02-01,011101,D_city,1352.9866925121473
BOGOTÁ D.C.,ARROZ PARA SOPA,2024-03-01,011101,D_city,1345.8301272697934
BOGOTÁ D.C.,ARROZ PARA SOPA,2024-04-01,011101,D_city,1345.3340274815666
BOGOTÁ D.C.,ARROZ PARA SOPA,2024-05-01,011101,D_city,1345.6096488272588
BOGOTÁ D.C.,ARROZ PARA SOPA,2024-06-01,011101,D_city,1351.3367204755932
BOGOTÁ D.C.,ARROZ PARA SOPA,2024-07-01,011101,D_city,1348.5847124042755
BOGOTÁ D.C.,ARROZ PARA SOPA,2024-08-01,011101,D_city,1336.555711755581
BOGOTÁ D.C.,ARROZ PARA SOPA,2024-09-01,011101,D_city,1323.9215864400467
BOGOTÁ D.C.,ARROZ PARA SOPA,2024-10-01,011101,D_city,1328.915317101667
BOGOTÁ D.C.,ARROZ PARA SOPA,2024-11-01,011101,D_city,1328.249983905791
BOGOTÁ D.C.,ARROZ PARA SOPA,2024-12-01,011101,D_city,1327.0852829888315
BOGOTÁ D.C.,ARVEJA FRESCA,2019-01-01,011716,D_city,2725.44111752405
BOGOTÁ D.C.,ARVEJA FRESCA,2019-02-01,011716,D_city,2881.943641779815
BOGOTÁ D.C.,ARVEJA FRESCA,2019-03-01,011716,D_city,2720.0155798441033
BOGOTÁ D.C.,ARVEJA FRESCA,2019-04-01,011716,D_city,3155.2074324491323
BOGOTÁ D.C.,ARVEJA FRESCA,2019-05-01,011716,D_city,3040.976566136504
BOGOTÁ D.C.,ARVEJA FRESCA,2019-06-01,011716,D_city,2936.8940824961414
BOGOTÁ D.C.,ARVEJA FRESCA,2019-07-01,011716,D_city,3110.433036974081
BOGOTÁ D.C.,ARVEJA FRESCA,2019-08-01,011716,D_city,3092.0837372278365
BOGOTÁ D.C.,ARVEJA FRESCA,2019-09-01,011716,D_city,3082.666774608089
BOGOTÁ D.C.,ARVEJA FRESCA,2019-10-01,011716,D_city,3558.7663472867102
BOGOTÁ D.C.,ARVEJA FRESCA,2019-11-01,011716,D_city,3293.4853522412914
BOGOTÁ D.C.,ARVEJA FRESCA,2019-12-01,011716,D_city,3025.929598271121
BOGOTÁ D.C.,ARVEJA FRESCA,2020-01-01,011716,D_city,3372.112440254974
BOGOTÁ D.C.,ARVEJA FRESCA,2020-02-01,011716,D_city,3592.39244745114
BOGOTÁ D.C.,ARVEJA FRESCA,2020-03-01,011716,D_city,4354.132951361543
BOGOTÁ D.C.,ARVEJA FRESCA,2020-04-01,011716,D_city,4213.838446582398
BOGOTÁ D.C.,ARVEJA FRESCA,2020-05-01,011716,D_city,3977.9315470096885
BOGOTÁ D.C.,ARVEJA FRESCA,2020-06-01,011716,D_city,3997.98674932637
BOGOTÁ D.C.,ARVEJA FRESCA,2020-07-01,011716,D_city,3528.6296403452016
BOGOTÁ D.C.,ARVEJA FRESCA,2020-08-01,011716,D_city,3467.6118602741717
BOGOTÁ D.C.,ARVEJA FRESCA,2020-09-01,011716,D_city,3786.888526598413
BOGOTÁ D.C.,ARVEJA FRESCA,2020-10-01,011716,D_city,3750.699230937534
BOGOTÁ D.C.,ARVEJA FRESCA,2020-11-01,011716,D_city,3549.2659079139853
BOGOTÁ D.C.,ARVEJA FRESCA,2020-12-01,011716,D_city,4047.1435618725613
BOGOTÁ D.C.,ARVEJA FRESCA,2021-01-01,011716,D_city,4476.0092004012295
BOGOTÁ D.C.,ARVEJA FRESCA,2021-02-01,011716,D_city,4500.323937174281
BOGOTÁ D.C.,ARVEJA FRESCA,2021-03-01,011716,D_city,4679.24556070009
BOGOTÁ D.C.,ARVEJA FRESCA,2021-04-01,011716,D_city,5344.665340507105
BOGOTÁ D.C.,ARVEJA FRESCA,2021-05-01,011716,D_city,5611.609015546801
BOGOTÁ D.C.,ARVEJA FRESCA,2021-06-01,011716,D_city,5660.8622041223525
BOGOTÁ D.C.,ARVEJA FRESCA,2021-07-01,011716,D_city,5852.12212390867
BOGOTÁ D.C.,ARVEJA FRESCA,2021-08-01,011716,D_city,5655.997290986459
BOGOTÁ D.C.,ARVEJA FRESCA,2021-09-01,011716,D_city,5720.092573660538
BOGOTÁ D.C.,ARVEJA FRESCA,2021-10-01,011716,D_city,5203.455210270827
BOGOTÁ D.C.,ARVEJA FRESCA,2021-11-01,011716,D_city,5236.915880179451
BOGOTÁ D.C.,ARVEJA FRESCA,2021-12-01,011716,D_city,5367.016592964611
BOGOTÁ D.C.,ARVEJA FRESCA,2022-01-01,011716,D_city,5771.191627638955
BOGOTÁ D.C.,ARVEJA FRESCA,2022-02-01,011716,D_city,6152.900043556895
BOGOTÁ D.C.,ARVEJA FRESCA,2022-03-01,011716,D_city,6656.608673863972
BOGOTÁ D.C.,ARVEJA FRESCA,2022-04-01,011716,D_city,7234.897321845267
BOGOTÁ D.C.,ARVEJA FRESCA,2022-05-01,011716,D_city,7388.505097007992
BOGOTÁ D.C.,ARVEJA FRESCA,2022-06-01,011716,D_city,7953.507901829806
BOGOTÁ D.C.,ARVEJA FRESCA,2022-07-01,011716,D_city,8610.606920736709
BOGOTÁ D.C.,ARVEJA FRESCA,2022-08-01,011716,D_city,9225.561427916264
BOGOTÁ D.C.,ARVEJA FRESCA,2022-09-01,011716,D_city,9513.423816784005
BOGOTÁ D.C.,ARVEJA FRESCA,2022-10-01,011716,D_city,8998.777545251553
BOGOTÁ D.C.,ARVEJA FRESCA,2022-11-01,011716,D_city,9079.282136270165
BOGOTÁ D.C.,ARVEJA FRESCA,2022-12-01,011716,D_city,9101.84890668123
BOGOTÁ D.C.,ARVEJA FRESCA,2023-01-01,011716,D_city,8929.795275889684
BOGOTÁ D.C.,ARVEJA FRESCA,2023-02-01,011716,D_city,9280.698638411897
BOGOTÁ D.C.,ARVEJA FRESCA,2023-03-01,011716,D_city,9611.189718392767
BOGOTÁ D.C.,ARVEJA FRESCA,2023-04-01,011716,D_city,10215.861077276993
BOGOTÁ D.C.,ARVEJA FRESCA,2023-05-01,011716,D_city,9540.928603844286
BOGOTÁ D.C.,ARVEJA FRESCA,2023-06-01,011716,D_city,8458.929625265895
BOGOTÁ D.C.,ARVEJA FRESCA,2023-07-01,011716,D_city,8290.219652982149
BOGOTÁ D.C.,ARVEJA FRESCA,2023-08-01,011716,D_city,8706.471936523238
BOGOTÁ D.C.,ARVEJA FRESCA,2023-09-01,011716,D_city,8693.717854120694
BOGOTÁ D.C.,ARVEJA FRESCA,2023-10-01,011716,D_city,8557.376135595401
BOGOTÁ D.C.,ARVEJA FRESCA,2023-11-01,011716,D_city,8324.333873501337
BOGOTÁ D.C.,ARVEJA FRESCA,2023-12-01,011716,D_city,8307.684586215748
BOGOTÁ D.C.,ARVEJA FRESCA,2024-01-01,011716,D_city,8972.880033346086
BOGOTÁ D.C.,ARVEJA FRESCA,2024-02-01,011716,D_city,9235.17746121645
BOGOTÁ D.C.,ARVEJA FRESCA,2024-03-01,011716,D_city,9592.489132396071
BOGOTÁ D.C.,ARVEJA FRESCA,2024-04-01,011716,D_city,9963.398844751127
BOGOTÁ D.C.,ARVEJA FRESCA,2024-05-01,011716,D_city,10969.173643065154
BOGOTÁ D.C.,ARVEJA FRESCA,2024-06-01,011716,D_city,12089.500072403596
BOGOTÁ D.C.,ARVEJA FRESCA,2024-07-01,011716,D_city,12393.853266426779
BOGOTÁ D.C.,ARVEJA FRESCA,2024-08-01,011716,D_city,10957.802184948661
BOGOTÁ D.C.,ARVEJA FRESCA,2024-09-01,011716,D_city,10521.420050669321
BOGOTÁ D.C.,ARVEJA FRESCA,2024-10-01,011716,D_city,10067.852147338923
BOGOTÁ D.C.,ARVEJA FRESCA,2024-11-01,011716,D_city,9761.408842457215
BOGOTÁ D.C.,ARVEJA FRESCA,2024-12-01,011716,D_city,9781.16124922412
BOGOTÁ D.C.,ARVEJA SECA,2019-01-01,011716,BASE_lowR2,1257.2402388340386
BOGOTÁ D.C.,ARVEJA SECA,2019-02-01,011716,BASE_lowR2,1295.0892524682652
BOGOTÁ D.C.,ARVEJA SECA,2019-03-01,011716,BASE_lowR2,1255.9100818053598
BOGOTÁ D.C.,ARVEJA SECA,2019-04-01,011716,BASE_lowR2,1358.936789844852
BOGOTÁ D.C.,ARVEJA SECA,2019-05-01,011716,BASE_lowR2,1332.5754960037614
BOGOTÁ D.C.,ARVEJA SECA,2019-06-01,011716,BASE_lowR2,1308.1489760225672
BOGOTÁ D.C.,ARVEJA SECA,2019-07-01,011716,BASE_lowR2,1348.6583037141515
BOGOTÁ D.C.,ARVEJA SECA,2019-08-01,011716,BASE_lowR2,1344.4259858956277
BOGOTÁ D.C.,ARVEJA SECA,2019-09-01,011716,BASE_lowR2,1342.249365303244
BOGOTÁ D.C.,ARVEJA SECA,2019-10-01,011716,BASE_lowR2,1448.6619275975552
BOGOTÁ D.C.,ARVEJA SECA,2019-11-01,011716,BASE_lowR2,1390.2559417019277
BOGOTÁ D.C.,ARVEJA SECA,2019-12-01,011716,BASE_lowR2,1329.0687183826988
BOGOTÁ D.C.,ARVEJA SECA,2020-01-01,011716,BASE_lowR2,1407.7898298072403
BOGOTÁ D.C.,ARVEJA SECA,2020-02-01,011716,BASE_lowR2,1455.9173295721673
BOGOTÁ D.C.,ARVEJA SECA,2020-03-01,011716,BASE_lowR2,1612.5130888575459
BOGOTÁ D.C.,ARVEJA SECA,2020-04-01,011716,BASE_lowR2,1584.7007146215328
BOGOTÁ D.C.,ARVEJA SECA,2020-05-01,011716,BASE_lowR2,1536.935984955336
BOGOTÁ D.C.,ARVEJA SECA,2020-06-01,011716,BASE_lowR2,1541.0473794076163
BOGOTÁ D.C.,ARVEJA SECA,2020-07-01,011716,BASE_lowR2,1442.1320658204045
BOGOTÁ D.C.,ARVEJA SECA,2020-08-01,011716,BASE_lowR2,1428.8304955336152
BOGOTÁ D.C.,ARVEJA SECA,2020-09-01,011716,BASE_lowR2,1497.2731208274565
BOGOTÁ D.C.,ARVEJA SECA,2020-10-01,011716,BASE_lowR2,1489.6549487541138
BOGOTÁ D.C.,ARVEJA SECA,2020-11-01,011716,BASE_lowR2,1446.606230371415
BOGOTÁ D.C.,ARVEJA SECA,2020-12-01,011716,BASE_lowR2,1551.08401880583
BOGOTÁ D.C.,ARVEJA SECA,2021-01-01,011716,BASE_lowR2,1636.3349920075225
BOGOTÁ D.C.,ARVEJA SECA,2021-02-01,011716,BASE_lowR2,1641.0510032910204
BOGOTÁ D.C.,ARVEJA SECA,2021-03-01,011716,BASE_lowR2,1675.3932393041846
BOGOTÁ D.C.,ARVEJA SECA,2021-04-01,011716,BASE_lowR2,1798.0095326751295
BOGOTÁ D.C.,ARVEJA SECA,2021-05-01,011716,BASE_lowR2,1845.1696455101082
BOGOTÁ D.C.,ARVEJA SECA,2021-06-01,011716,BASE_lowR2,1853.7552045133993
BOGOTÁ D.C.,ARVEJA SECA,2021-07-01,011716,BASE_lowR2,1886.7672834978844
BOGOTÁ D.C.,ARVEJA SECA,2021-08-01,011716,BASE_lowR2,1852.9087409496942
BOGOTÁ D.C.,ARVEJA SECA,2021-09-01,011716,BASE_lowR2,1864.0336906440998
BOGOTÁ D.C.,ARVEJA SECA,2021-10-01,011716,BASE_lowR2,1772.615625763987
BOGOTÁ D.C.,ARVEJA SECA,2021-11-01,011716,BASE_lowR2,1778.6617940761637
BOGOTÁ D.C.,ARVEJA SECA,2021-12-01,011716,BASE_lowR2,1802.000003761166
BOGOTÁ D.C.,ARVEJA SECA,2022-01-01,011716,BASE_lowR2,1872.8610963798778
BOGOTÁ D.C.,ARVEJA SECA,2022-02-01,011716,BASE_lowR2,1937.676020686413
BOGOTÁ D.C.,ARVEJA SECA,2022-03-01,011716,BASE_lowR2,2020.3876031969912
BOGOTÁ D.C.,ARVEJA SECA,2022-04-01,011716,BASE_lowR2,2111.8056680771037
BOGOTÁ D.C.,ARVEJA SECA,2022-05-01,011716,BASE_lowR2,2135.506647860837
BOGOTÁ D.C.,ARVEJA SECA,2022-06-01,011716,BASE_lowR2,2220.75762106253
BOGOTÁ D.C.,ARVEJA SECA,2022-07-01,011716,BASE_lowR2,2316.408003761166
BOGOTÁ D.C.,ARVEJA SECA,2022-08-01,011716,BASE_lowR2,2402.868210625294
BOGOTÁ D.C.,ARVEJA SECA,2022-09-01,011716,BASE_lowR2,2442.41015138693
BOGOTÁ D.C.,ARVEJA SECA,2022-10-01,011716,BASE_lowR2,2371.307212035731
BOGOTÁ D.C.,ARVEJA SECA,2022-11-01,011716,BASE_lowR2,2382.55308509638
BOGOTÁ D.C.,ARVEJA SECA,2022-12-01,011716,BASE_lowR2,2385.697092618712
BOGOTÁ D.C.,ARVEJA SECA,2023-01-01,011716,BASE_lowR2,2361.6333427362483
BOGOTÁ D.C.,ARVEJA SECA,2023-02-01,011716,BASE_lowR2,2410.4863826986366
BOGOTÁ D.C.,ARVEJA SECA,2023-03-01,011716,BASE_lowR2,2455.7117216737192
BOGOTÁ D.C.,ARVEJA SECA,2023-04-01,011716,BASE_lowR2,2536.6094536906444
BOGOTÁ D.C.,ARVEJA SECA,2023-05-01,011716,BASE_lowR2,2446.1587757404795
BOGOTÁ D.C.,ARVEJA SECA,2023-06-01,011716,BASE_lowR2,2294.6417978373297
BOGOTÁ D.C.,ARVEJA SECA,2023-07-01,011716,BASE_lowR2,2270.215277856136
BOGOTÁ D.C.,ARVEJA SECA,2023-08-01,011716,BASE_lowR2,2330.0723441466857
BOGOTÁ D.C.,ARVEJA SECA,2023-09-01,011716,BASE_lowR2,2328.2584936530325
BOGOTÁ D.C.,ARVEJA SECA,2023-10-01,011716,BASE_lowR2,2308.789831687823
BOGOTÁ D.C.,ARVEJA SECA,2023-11-01,011716,BASE_lowR2,2275.1731358721204
BOGOTÁ D.C.,ARVEJA SECA,2023-12-01,011716,BASE_lowR2,2272.7546685472494
BOGOTÁ D.C.,ARVEJA SECA,2024-01-01,011716,BASE_lowR2,2367.6795110484254
BOGOTÁ D.C.,ARVEJA SECA,2024-02-01,011716,BASE_lowR2,2404.1983676539726
BOGOTÁ D.C.,ARVEJA SECA,2024-03-01,011716,BASE_lowR2,2453.1723309826048
BOGOTÁ D.C.,ARVEJA SECA,2024-04-01,011716,BASE_lowR2,2503.1136812411846
BOGOTÁ D.C.,ARVEJA SECA,2024-05-01,011716,BASE_lowR2,2634.315533615421
BOGOTÁ D.C.,ARVEJA SECA,2024-06-01,011716,BASE_lowR2,2773.9820216267044
BOGOTÁ D.C.,ARVEJA SECA,2024-07-01,011716,BASE_lowR2,2810.8636483309824
BOGOTÁ D.C.,ARVEJA SECA,2024-08-01,011716,BASE_lowR2,2632.864453220498
BOGOTÁ D.C.,ARVEJA SECA,2024-09-01,011716,BASE_lowR2,2576.6350879172546
BOGOTÁ D.C.,ARVEJA SECA,2024-10-01,011716,BASE_lowR2,2517.0198683591916
BOGOTÁ D.C.,ARVEJA SECA,2024-11-01,011716,BASE_lowR2,2476.026847202633
BOGOTÁ D.C.,ARVEJA SECA,2024-12-01,011716,BASE_lowR2,2478.6871612599907
BOGOTÁ D.C.,ARVEJA TARRO,2019-01-01,011703,D_city,4320.244775324119
BOGOTÁ D.C.,ARVEJA TARRO,2019-02-01,011703,D_city,4302.336786438084
BOGOTÁ D.C.,ARVEJA TARRO,2019-03-01,011703,D_city,4259.192235892907
BOGOTÁ D.C.,ARVEJA TARRO,2019-04-01,011703,D_city,4334.482489727551
BOGOTÁ D.C.,ARVEJA TARRO,2019-05-01,011703,D_city,4327.13364316197
BOGOTÁ D.C.,ARVEJA TARRO,2019-06-01,011703,D_city,4402.494401460145
BOGOTÁ D.C.,ARVEJA TARRO,2019-07-01,011703,D_city,4522.126128173872
BOGOTÁ D.C.,ARVEJA TARRO,2019-08-01,011703,D_city,4557.592004002936
BOGOTÁ D.C.,ARVEJA TARRO,2019-09-01,011703,D_city,4533.6392109474755
BOGOTÁ D.C.,ARVEJA TARRO,2019-10-01,011703,D_city,4525.349615361397
BOGOTÁ D.C.,ARVEJA TARRO,2019-11-01,011703,D_city,4496.34317032525
BOGOTÁ D.C.,ARVEJA TARRO,2019-12-01,011703,D_city,4478.8526082217
BOGOTÁ D.C.,ARVEJA TARRO,2020-01-01,011703,D_city,4507.391932848338
BOGOTÁ D.C.,ARVEJA TARRO,2020-02-01,011703,D_city,4471.949559116185
BOGOTÁ D.C.,ARVEJA TARRO,2020-03-01,011703,D_city,4392.840224949927
BOGOTÁ D.C.,ARVEJA TARRO,2020-04-01,011703,D_city,4461.366118104321
BOGOTÁ D.C.,ARVEJA TARRO,2020-05-01,011703,D_city,4538.705519997934
BOGOTÁ D.C.,ARVEJA TARRO,2020-06-01,011703,D_city,4553.445789961741
BOGOTÁ D.C.,ARVEJA TARRO,2020-07-01,011703,D_city,4566.345860991121
BOGOTÁ D.C.,ARVEJA TARRO,2020-08-01,011703,D_city,4530.415371839578
BOGOTÁ D.C.,ARVEJA TARRO,2020-09-01,011703,D_city,4524.889108806561
BOGOTÁ D.C.,ARVEJA TARRO,2020-10-01,011703,D_city,4566.8066180439555
BOGOTÁ D.C.,ARVEJA TARRO,2020-11-01,011703,D_city,4590.308898033564
BOGOTÁ D.C.,ARVEJA TARRO,2020-12-01,011703,D_city,4598.605535726844
BOGOTÁ D.C.,ARVEJA TARRO,2021-01-01,011703,D_city,4595.378959361352
BOGOTÁ D.C.,ARVEJA TARRO,2021-02-01,011703,D_city,4694.0806763015435
BOGOTÁ D.C.,ARVEJA TARRO,2021-03-01,011703,D_city,4694.0806763015435
BOGOTÁ D.C.,ARVEJA TARRO,2021-04-01,011703,D_city,4741.630958865131
BOGOTÁ D.C.,ARVEJA TARRO,2021-05-01,011703,D_city,4757.33342699911
BOGOTÁ D.C.,ARVEJA TARRO,2021-06-01,011703,D_city,4810.929763537108
BOGOTÁ D.C.,ARVEJA TARRO,2021-07-01,011703,D_city,4820.174121986641
BOGOTÁ D.C.,ARVEJA TARRO,2021-08-01,011703,D_city,4922.857105154294
BOGOTÁ D.C.,ARVEJA TARRO,2021-09-01,011703,D_city,4828.957241883752
BOGOTÁ D.C.,ARVEJA TARRO,2021-10-01,011703,D_city,4868.2617897946175
BOGOTÁ D.C.,ARVEJA TARRO,2021-11-01,011703,D_city,4901.569869261348
BOGOTÁ D.C.,ARVEJA TARRO,2021-12-01,011703,D_city,4919.154582192866
BOGOTÁ D.C.,ARVEJA TARRO,2022-01-01,011703,D_city,5084.07609248026
BOGOTÁ D.C.,ARVEJA TARRO,2022-02-01,011703,D_city,5206.58437585746
BOGOTÁ D.C.,ARVEJA TARRO,2022-03-01,011703,D_city,5277.197764596641
BOGOTÁ D.C.,ARVEJA TARRO,2022-04-01,011703,D_city,5398.114184894361
BOGOTÁ D.C.,ARVEJA TARRO,2022-05-01,011703,D_city,5438.610951336558
BOGOTÁ D.C.,ARVEJA TARRO,2022-06-01,011703,D_city,5667.962291052235
BOGOTÁ D.C.,ARVEJA TARRO,2022-07-01,011703,D_city,5746.872572114853
BOGOTÁ D.C.,ARVEJA TARRO,2022-08-01,011703,D_city,5780.510842096494
BOGOTÁ D.C.,ARVEJA TARRO,2022-09-01,011703,D_city,5888.512157789822
BOGOTÁ D.C.,ARVEJA TARRO,2022-10-01,011703,D_city,6020.986444503207
BOGOTÁ D.C.,ARVEJA TARRO,2022-11-01,011703,D_city,6360.680334526421
BOGOTÁ D.C.,ARVEJA TARRO,2022-12-01,011703,D_city,6669.4081638677735
BOGOTÁ D.C.,ARVEJA TARRO,2023-01-01,011703,D_city,6756.629204484697
BOGOTÁ D.C.,ARVEJA TARRO,2023-02-01,011703,D_city,7069.757158945927
BOGOTÁ D.C.,ARVEJA TARRO,2023-03-01,011703,D_city,7262.391906486434
BOGOTÁ D.C.,ARVEJA TARRO,2023-04-01,011703,D_city,7681.359410012398
BOGOTÁ D.C.,ARVEJA TARRO,2023-05-01,011703,D_city,7710.354065021486
BOGOTÁ D.C.,ARVEJA TARRO,2023-06-01,011703,D_city,7794.998515885538
BOGOTÁ D.C.,ARVEJA TARRO,2023-07-01,011703,D_city,7728.8950407014545
BOGOTÁ D.C.,ARVEJA TARRO,2023-08-01,011703,D_city,7775.972494747326
BOGOTÁ D.C.,ARVEJA TARRO,2023-09-01,011703,D_city,7882.553793361655
BOGOTÁ D.C.,ARVEJA TARRO,2023-10-01,011703,D_city,7921.591720269044
BOGOTÁ D.C.,ARVEJA TARRO,2023-11-01,011703,D_city,8253.872471292594
BOGOTÁ D.C.,ARVEJA TARRO,2023-12-01,011703,D_city,8413.385446819106
BOGOTÁ D.C.,ARVEJA TARRO,2024-01-01,011703,D_city,8702.781302436319
BOGOTÁ D.C.,ARVEJA TARRO,2024-02-01,011703,D_city,8522.856642536977
BOGOTÁ D.C.,ARVEJA TARRO,2024-03-01,011703,D_city,8425.33234115199
BOGOTÁ D.C.,ARVEJA TARRO,2024-04-01,011703,D_city,8606.091782132691
BOGOTÁ D.C.,ARVEJA TARRO,2024-05-01,011703,D_city,8489.862995668951
BOGOTÁ D.C.,ARVEJA TARRO,2024-06-01,011703,D_city,8381.372761442342
BOGOTÁ D.C.,ARVEJA TARRO,2024-07-01,011703,D_city,8462.135117765494
BOGOTÁ D.C.,ARVEJA TARRO,2024-08-01,011703,D_city,8644.85558377315
BOGOTÁ D.C.,ARVEJA TARRO,2024-09-01,011703,D_city,8728.160976134384
BOGOTÁ D.C.,ARVEJA TARRO,2024-10-01,011703,D_city,8460.701064382847
BOGOTÁ D.C.,ARVEJA TARRO,2024-11-01,011703,D_city,8477.910660954403
BOGOTÁ D.C.,ARVEJA TARRO,2024-12-01,011703,D_city,8356.054456551854
BOGOTÁ D.C.,AVENA HOJUELAS,2019-01-01,011103,D_city,5123.420296801444
BOGOTÁ D.C.,AVENA HOJUELAS,2019-02-01,011103,D_city,5024.413340138852
BOGOTÁ D.C.,AVENA HOJUELAS,2019-03-01,011103,D_city,4988.109530248694
BOGOTÁ D.C.,AVENA HOJUELAS,2019-04-01,011103,D_city,4978.039541362781
BOGOTÁ D.C.,AVENA HOJUELAS,2019-05-01,011103,D_city,4956.5716722186135
BOGOTÁ D.C.,AVENA HOJUELAS,2019-06-01,011103,D_city,4959.639715150331
BOGOTÁ D.C.,AVENA HOJUELAS,2019-07-01,011103,D_city,4954.81832416567
BOGOTÁ D.C.,AVENA HOJUELAS,2019-08-01,011103,D_city,4986.35853747055
BOGOTÁ D.C.,AVENA HOJUELAS,2019-09-01,011103,D_city,5005.612306272616
BOGOTÁ D.C.,AVENA HOJUELAS,2019-10-01,011103,D_city,4988.109530248694
BOGOTÁ D.C.,AVENA HOJUELAS,2019-11-01,011103,D_city,4982.418327240787
BOGOTÁ D.C.,AVENA HOJUELAS,2019-12-01,011103,D_city,4985.920768920455
BOGOTÁ D.C.,AVENA HOJUELAS,2020-01-01,011103,D_city,5009.985973082848
BOGOTÁ D.C.,AVENA HOJUELAS,2020-02-01,011103,D_city,4966.650875415468
BOGOTÁ D.C.,AVENA HOJUELAS,2020-03-01,011103,D_city,5010.423295259878
BOGOTÁ D.C.,AVENA HOJUELAS,2020-04-01,011103,D_city,5044.5095862569315
BOGOTÁ D.C.,AVENA HOJUELAS,2020-05-01,011103,D_city,5073.313750123133
BOGOTÁ D.C.,AVENA HOJUELAS,2020-06-01,011103,D_city,5114.278181344451
BOGOTÁ D.C.,AVENA HOJUELAS,2020-07-01,011103,D_city,5145.608209759926
BOGOTÁ D.C.,AVENA HOJUELAS,2020-08-01,011103,D_city,5188.187062137179
BOGOTÁ D.C.,AVENA HOJUELAS,2020-09-01,011103,D_city,5241.090204399955
BOGOTÁ D.C.,AVENA HOJUELAS,2020-10-01,011103,D_city,5274.42167151364
BOGOTÁ D.C.,AVENA HOJUELAS,2020-11-01,011103,D_city,5296.041588158334
BOGOTÁ D.C.,AVENA HOJUELAS,2020-12-01,011103,D_city,5295.177150958429
BOGOTÁ D.C.,AVENA HOJUELAS,2021-01-01,011103,D_city,5401.280698698186
BOGOTÁ D.C.,AVENA HOJUELAS,2021-02-01,011103,D_city,5407.73607554629
BOGOTÁ D.C.,AVENA HOJUELAS,2021-03-01,011103,D_city,5551.057965379381
BOGOTÁ D.C.,AVENA HOJUELAS,2021-04-01,011103,D_city,5577.148455065821
BOGOTÁ D.C.,AVENA HOJUELAS,2021-05-01,011103,D_city,5631.3853081259995
BOGOTÁ D.C.,AVENA HOJUELAS,2021-06-01,011103,D_city,5667.623767163702
BOGOTÁ D.C.,AVENA HOJUELAS,2021-07-01,011103,D_city,5672.735825155883
BOGOTÁ D.C.,AVENA HOJUELAS,2021-08-01,011103,D_city,5659.101498384434
BOGOTÁ D.C.,AVENA HOJUELAS,2021-09-01,011103,D_city,5693.599946681742
BOGOTÁ D.C.,AVENA HOJUELAS,2021-10-01,011103,D_city,5689.768977143483
BOGOTÁ D.C.,AVENA HOJUELAS,2021-11-01,011103,D_city,5705.940469696974
BOGOTÁ D.C.,AVENA HOJUELAS,2021-12-01,011103,D_city,5719.55103937046
BOGOTÁ D.C.,AVENA HOJUELAS,2022-01-01,011103,D_city,5822.684138678797
BOGOTÁ D.C.,AVENA HOJUELAS,2022-02-01,011103,D_city,5861.206232358306
BOGOTÁ D.C.,AVENA HOJUELAS,2022-03-01,011103,D_city,5912.345028370927
BOGOTÁ D.C.,AVENA HOJUELAS,2022-04-01,011103,D_city,5916.989353597946
BOGOTÁ D.C.,AVENA HOJUELAS,2022-05-01,011103,D_city,5916.567174138837
BOGOTÁ D.C.,AVENA HOJUELAS,2022-06-01,011103,D_city,5967.604737858443
BOGOTÁ D.C.,AVENA HOJUELAS,2022-07-01,011103,D_city,5988.667619586074
BOGOTÁ D.C.,AVENA HOJUELAS,2022-08-01,011103,D_city,5978.138144252414
BOGOTÁ D.C.,AVENA HOJUELAS,2022-09-01,011103,D_city,6115.55671665741
BOGOTÁ D.C.,AVENA HOJUELAS,2022-10-01,011103,D_city,6188.829933182736
BOGOTÁ D.C.,AVENA HOJUELAS,2022-11-01,011103,D_city,6246.481637990751
BOGOTÁ D.C.,AVENA HOJUELAS,2022-12-01,011103,D_city,6265.6737946060475
BOGOTÁ D.C.,AVENA HOJUELAS,2023-01-01,011103,D_city,6430.798783292502
BOGOTÁ D.C.,AVENA HOJUELAS,2023-02-01,011103,D_city,6620.599736404952
BOGOTÁ D.C.,AVENA HOJUELAS,2023-03-01,011103,D_city,6684.843956594953
BOGOTÁ D.C.,AVENA HOJUELAS,2023-04-01,011103,D_city,6736.638125067723
BOGOTÁ D.C.,AVENA HOJUELAS,2023-05-01,011103,D_city,6862.893298341883
BOGOTÁ D.C.,AVENA HOJUELAS,2023-06-01,011103,D_city,6884.1603835653905
BOGOTÁ D.C.,AVENA HOJUELAS,2023-07-01,011103,D_city,6949.510575759987
BOGOTÁ D.C.,AVENA HOJUELAS,2023-08-01,011103,D_city,7022.874294550296
BOGOTÁ D.C.,AVENA HOJUELAS,2023-09-01,011103,D_city,7066.408008862426
BOGOTÁ D.C.,AVENA HOJUELAS,2023-10-01,011103,D_city,7100.950392387703
BOGOTÁ D.C.,AVENA HOJUELAS,2023-11-01,011103,D_city,7090.794570895071
BOGOTÁ D.C.,AVENA HOJUELAS,2023-12-01,011103,D_city,7097.7008645525775
BOGOTÁ D.C.,AVENA HOJUELAS,2024-01-01,011103,D_city,7101.356561210817
BOGOTÁ D.C.,AVENA HOJUELAS,2024-02-01,011103,D_city,7052.174278971003
BOGOTÁ D.C.,AVENA HOJUELAS,2024-03-01,011103,D_city,7057.868500719377
BOGOTÁ D.C.,AVENA HOJUELAS,2024-04-01,011103,D_city,7025.316947954906
BOGOTÁ D.C.,AVENA HOJUELAS,2024-05-01,011103,D_city,6988.250655279311
BOGOTÁ D.C.,AVENA HOJUELAS,2024-06-01,011103,D_city,7019.209976862591
BOGOTÁ D.C.,AVENA HOJUELAS,2024-07-01,011103,D_city,6974.391025868335
BOGOTÁ D.C.,AVENA HOJUELAS,2024-08-01,011103,D_city,6898.875597107124
BOGOTÁ D.C.,AVENA HOJUELAS,2024-09-01,011103,D_city,6825.642239050367
BOGOTÁ D.C.,AVENA HOJUELAS,2024-10-01,011103,D_city,6807.205470533601
BOGOTÁ D.C.,AVENA HOJUELAS,2024-11-01,011103,D_city,6602.043232468827
BOGOTÁ D.C.,AVENA HOJUELAS,2024-12-01,011103,D_city,6632.140444155446
BOGOTÁ D.C.,AVENA MOLIDA,2019-01-01,011103,D_city,6319.371429054284
BOGOTÁ D.C.,AVENA MOLIDA,2019-02-01,011103,D_city,6242.947619463419
BOGOTÁ D.C.,AVENA MOLIDA,2019-03-01,011103,D_city,6214.782808284276
BOGOTÁ D.C.,AVENA MOLIDA,2019-04-01,011103,D_city,6206.956765982014
BOGOTÁ D.C.,AVENA MOLIDA,2019-05-01,011103,D_city,6190.252765770553
BOGOTÁ D.C.,AVENA MOLIDA,2019-06-01,011103,D_city,6192.641654400377
BOGOTÁ D.C.,AVENA MOLIDA,2019-07-01,011103,D_city,6188.887295910974
BOGOTÁ D.C.,AVENA MOLIDA,2019-08-01,011103,D_city,6213.422425590878
BOGOTÁ D.C.,AVENA MOLIDA,2019-09-01,011103,D_city,6228.3712136767
BOGOTÁ D.C.,AVENA MOLIDA,2019-10-01,011103,D_city,6214.782808284276
BOGOTÁ D.C.,AVENA MOLIDA,2019-11-01,011103,D_city,6210.360536486364
BOGOTÁ D.C.,AVENA MOLIDA,2019-12-01,011103,D_city,6213.082286002526
BOGOTÁ D.C.,AVENA MOLIDA,2020-01-01,011103,D_city,6231.7639463163905
BOGOTÁ D.C.,AVENA MOLIDA,2020-02-01,011103,D_city,6198.098708750281
BOGOTÁ D.C.,AVENA MOLIDA,2020-03-01,011103,D_city,6232.103123725722
BOGOTÁ D.C.,AVENA MOLIDA,2020-04-01,011103,D_city,6258.505514693883
BOGOTÁ D.C.,AVENA MOLIDA,2020-05-01,011103,D_city,6280.764184653786
BOGOTÁ D.C.,AVENA MOLIDA,2020-06-01,011103,D_city,6312.338040105958
BOGOTÁ D.C.,AVENA MOLIDA,2020-07-01,011103,D_city,6336.421843815292
BOGOTÁ D.C.,AVENA MOLIDA,2020-08-01,011103,D_city,6369.064460232844
BOGOTÁ D.C.,AVENA MOLIDA,2020-09-01,011103,D_city,6409.481923651955
BOGOTÁ D.C.,AVENA MOLIDA,2020-10-01,011103,D_city,6434.867971663743
BOGOTÁ D.C.,AVENA MOLIDA,2020-11-01,011103,D_city,6451.3019339564335
BOGOTÁ D.C.,AVENA MOLIDA,2020-12-01,011103,D_city,6450.6453340113585
BOGOTÁ D.C.,AVENA MOLIDA,2021-01-01,011103,D_city,6530.939578286883
BOGOTÁ D.C.,AVENA MOLIDA,2021-02-01,011103,D_city,6535.805453045452
BOGOTÁ D.C.,AVENA MOLIDA,2021-03-01,011103,D_city,6643.280652585466
BOGOTÁ D.C.,AVENA MOLIDA,2021-04-01,011103,D_city,6662.732621405595
BOGOTÁ D.C.,AVENA MOLIDA,2021-05-01,011103,D_city,6703.060050757664
BOGOTÁ D.C.,AVENA MOLIDA,2021-06-01,011103,D_city,6729.923441197347
BOGOTÁ D.C.,AVENA MOLIDA,2021-07-01,011103,D_city,6733.707773282488
BOGOTÁ D.C.,AVENA MOLIDA,2021-08-01,011103,D_city,6723.611755003783
BOGOTÁ D.C.,AVENA MOLIDA,2021-09-01,011103,D_city,6749.139680729252
BOGOTÁ D.C.,AVENA MOLIDA,2021-10-01,011103,D_city,6746.30774590592
BOGOTÁ D.C.,AVENA MOLIDA,2021-11-01,011103,D_city,6758.257186696038
BOGOTÁ D.C.,AVENA MOLIDA,2021-12-01,011103,D_city,6768.304432344106
BOGOTÁ D.C.,AVENA MOLIDA,2022-01-01,011103,D_city,6844.146402718804
BOGOTÁ D.C.,AVENA MOLIDA,2022-02-01,011103,D_city,6872.344802892592
BOGOTÁ D.C.,AVENA MOLIDA,2022-03-01,011103,D_city,6909.671151363248
BOGOTÁ D.C.,AVENA MOLIDA,2022-04-01,011103,D_city,6913.055024737505
BOGOTÁ D.C.,AVENA MOLIDA,2022-05-01,011103,D_city,6912.747464472414
BOGOTÁ D.C.,AVENA MOLIDA,2022-06-01,011103,D_city,6949.868998757646
BOGOTÁ D.C.,AVENA MOLIDA,2022-07-01,011103,D_city,6965.153957118506
BOGOTÁ D.C.,AVENA MOLIDA,2022-08-01,011103,D_city,6957.515438574289
BOGOTÁ D.C.,AVENA MOLIDA,2022-09-01,011103,D_city,7056.810611508342
BOGOTÁ D.C.,AVENA MOLIDA,2022-10-01,011103,D_city,7109.412406904455
BOGOTÁ D.C.,AVENA MOLIDA,2022-11-01,011103,D_city,7150.635106175387
BOGOTÁ D.C.,AVENA MOLIDA,2022-12-01,011103,D_city,7164.326261745379
BOGOTÁ D.C.,AVENA MOLIDA,2023-01-01,011103,D_city,7281.476843265033
BOGOTÁ D.C.,AVENA MOLIDA,2023-02-01,011103,D_city,7414.744203808618
BOGOTÁ D.C.,AVENA MOLIDA,2023-03-01,011103,D_city,7459.525895479038
BOGOTÁ D.C.,AVENA MOLIDA,2023-04-01,011103,D_city,7495.511373419164
BOGOTÁ D.C.,AVENA MOLIDA,2023-05-01,011103,D_city,7582.797165666993
BOGOTÁ D.C.,AVENA MOLIDA,2023-06-01,011103,D_city,7597.440338541956
BOGOTÁ D.C.,AVENA MOLIDA,2023-07-01,011103,D_city,7642.3301620292395
BOGOTÁ D.C.,AVENA MOLIDA,2023-08-01,011103,D_city,7692.535660805555
BOGOTÁ D.C.,AVENA MOLIDA,2023-09-01,011103,D_city,7722.234043957305
BOGOTÁ D.C.,AVENA MOLIDA,2023-10-01,011103,D_city,7745.749625352743
BOGOTÁ D.C.,AVENA MOLIDA,2023-11-01,011103,D_city,7738.840277107135
BOGOTÁ D.C.,AVENA MOLIDA,2023-12-01,011103,D_city,7743.539266831009
BOGOTÁ D.C.,AVENA MOLIDA,2024-01-01,011103,D_city,7746.025878321145
BOGOTÁ D.C.,AVENA MOLIDA,2024-02-01,011103,D_city,7712.531495375039
BOGOTÁ D.C.,AVENA MOLIDA,2024-03-01,011103,D_city,7716.413896196452
BOGOTÁ D.C.,AVENA MOLIDA,2024-04-01,011103,D_city,7694.2038530970585
BOGOTÁ D.C.,AVENA MOLIDA,2024-05-01,011103,D_city,7668.866156296918
BOGOTÁ D.C.,AVENA MOLIDA,2024-06-01,011103,D_city,7690.032732134402
BOGOTÁ D.C.,AVENA MOLIDA,2024-07-01,011103,D_city,7659.379031370631
BOGOTÁ D.C.,AVENA MOLIDA,2024-08-01,011103,D_city,7607.562338923109
BOGOTÁ D.C.,AVENA MOLIDA,2024-09-01,011103,D_city,7557.107201702843
BOGOTÁ D.C.,AVENA MOLIDA,2024-10-01,011103,D_city,7544.372875689987
BOGOTÁ D.C.,AVENA MOLIDA,2024-11-01,011103,D_city,7401.778907928043
BOGOTÁ D.C.,AVENA MOLIDA,2024-12-01,011103,D_city,7422.800713651714
BOGOTÁ D.C.,AZÚCAR NATURAL O MORENA,2019-01-01,011801,D_city,1492.4861734098163
BOGOTÁ D.C.,AZÚCAR NATURAL O MORENA,2019-02-01,011801,D_city,1486.3453347510374
BOGOTÁ D.C.,AZÚCAR NATURAL O MORENA,2019-03-01,011801,D_city,1476.9870882119335
BOGOTÁ D.C.,AZÚCAR NATURAL O MORENA,2019-04-01,011801,D_city,1510.0292139234136
BOGOTÁ D.C.,AZÚCAR NATURAL O MORENA,2019-05-01,011801,D_city,1570.6741012222437
BOGOTÁ D.C.,AZÚCAR NATURAL O MORENA,2019-06-01,011801,D_city,1607.4811337732262
BOGOTÁ D.C.,AZÚCAR NATURAL O MORENA,2019-07-01,011801,D_city,1602.3698560754024
BOGOTÁ D.C.,AZÚCAR NATURAL O MORENA,2019-08-01,011801,D_city,1616.388742079161
BOGOTÁ D.C.,AZÚCAR NATURAL O MORENA,2019-09-01,011801,D_city,1603.392132375054
BOGOTÁ D.C.,AZÚCAR NATURAL O MORENA,2019-10-01,011801,D_city,1572.281042035554
BOGOTÁ D.C.,AZÚCAR NATURAL O MORENA,2019-11-01,011801,D_city,1577.53993821167
BOGOTÁ D.C.,AZÚCAR NATURAL O MORENA,2019-12-01,011801,D_city,1570.9662742272117
BOGOTÁ D.C.,AZÚCAR NATURAL O MORENA,2020-01-01,011801,D_city,1569.0671342082267
BOGOTÁ D.C.,AZÚCAR NATURAL O MORENA,2020-02-01,011801,D_city,1566.1453087848217
BOGOTÁ D.C.,AZÚCAR NATURAL O MORENA,2020-03-01,011801,D_city,1560.8858039916756
BOGOTÁ D.C.,AZÚCAR NATURAL O MORENA,2020-04-01,011801,D_city,1590.3938435826276
BOGOTÁ D.C.,AZÚCAR NATURAL O MORENA,2020-05-01,011801,D_city,1589.8096111739653
BOGOTÁ D.C.,AZÚCAR NATURAL O MORENA,2020-06-01,011801,D_city,1593.0228471148725
BOGOTÁ D.C.,AZÚCAR NATURAL O MORENA,2020-07-01,011801,D_city,1596.2359797697154
BOGOTÁ D.C.,AZÚCAR NATURAL O MORENA,2020-08-01,011801,D_city,1587.0344604853274
BOGOTÁ D.C.,AZÚCAR NATURAL O MORENA,2020-09-01,011801,D_city,1586.7423348637597
BOGOTÁ D.C.,AZÚCAR NATURAL O MORENA,2020-10-01,011801,D_city,1580.6074985718494
BOGOTÁ D.C.,AZÚCAR NATURAL O MORENA,2020-11-01,011801,D_city,1583.3828285713973
BOGOTÁ D.C.,AZÚCAR NATURAL O MORENA,2020-12-01,011801,D_city,1589.955669596849
BOGOTÁ D.C.,AZÚCAR NATURAL O MORENA,2021-01-01,011801,D_city,1592.8767931780758
BOGOTÁ D.C.,AZÚCAR NATURAL O MORENA,2021-02-01,011801,D_city,1595.5057314065555
BOGOTÁ D.C.,AZÚCAR NATURAL O MORENA,2021-03-01,011801,D_city,1584.1131656810542
BOGOTÁ D.C.,AZÚCAR NATURAL O MORENA,2021-04-01,011801,D_city,1622.8134163056432
BOGOTÁ D.C.,AZÚCAR NATURAL O MORENA,2021-05-01,011801,D_city,1647.3402765352891
BOGOTÁ D.C.,AZÚCAR NATURAL O MORENA,2021-06-01,011801,D_city,1753.7030438741283
BOGOTÁ D.C.,AZÚCAR NATURAL O MORENA,2021-07-01,011801,D_city,1752.5363950531946
BOGOTÁ D.C.,AZÚCAR NATURAL O MORENA,2021-08-01,011801,D_city,1760.8484983368753
BOGOTÁ D.C.,AZÚCAR NATURAL O MORENA,2021-09-01,011801,D_city,1755.8904770834765
BOGOTÁ D.C.,AZÚCAR NATURAL O MORENA,2021-10-01,011801,D_city,1756.7654382046421
BOGOTÁ D.C.,AZÚCAR NATURAL O MORENA,2021-11-01,011801,D_city,1757.786217402278
BOGOTÁ D.C.,AZÚCAR NATURAL O MORENA,2021-12-01,011801,D_city,1767.701867412235
BOGOTÁ D.C.,AZÚCAR NATURAL O MORENA,2022-01-01,011801,D_city,1784.323177137226
BOGOTÁ D.C.,AZÚCAR NATURAL O MORENA,2022-02-01,011801,D_city,1779.2204070003106
BOGOTÁ D.C.,AZÚCAR NATURAL O MORENA,2022-03-01,011801,D_city,1792.3413463466427
BOGOTÁ D.C.,AZÚCAR NATURAL O MORENA,2022-04-01,011801,D_city,1810.708092641808
BOGOTÁ D.C.,AZÚCAR NATURAL O MORENA,2022-05-01,011801,D_city,1873.0747369974977
BOGOTÁ D.C.,AZÚCAR NATURAL O MORENA,2022-06-01,011801,D_city,1981.991878587017
BOGOTÁ D.C.,AZÚCAR NATURAL O MORENA,2022-07-01,011801,D_city,2094.449175698925
BOGOTÁ D.C.,AZÚCAR NATURAL O MORENA,2022-08-01,011801,D_city,2230.6369793202725
BOGOTÁ D.C.,AZÚCAR NATURAL O MORENA,2022-09-01,011801,D_city,2379.318558508361
BOGOTÁ D.C.,AZÚCAR NATURAL O MORENA,2022-10-01,011801,D_city,2442.723974009098
BOGOTÁ D.C.,AZÚCAR NATURAL O MORENA,2022-11-01,011801,D_city,2500.8829739255007
BOGOTÁ D.C.,AZÚCAR NATURAL O MORENA,2022-12-01,011801,D_city,2531.766614876665
BOGOTÁ D.C.,AZÚCAR NATURAL O MORENA,2023-01-01,011801,D_city,2544.379328851574
BOGOTÁ D.C.,AZÚCAR NATURAL O MORENA,2023-02-01,011801,D_city,2536.115939454325
BOGOTÁ D.C.,AZÚCAR NATURAL O MORENA,2023-03-01,011801,D_city,2512.0481801830083
BOGOTÁ D.C.,AZÚCAR NATURAL O MORENA,2023-04-01,011801,D_city,2516.3980462704535
BOGOTÁ D.C.,AZÚCAR NATURAL O MORENA,2023-05-01,011801,D_city,2537.4207136393243
BOGOTÁ D.C.,AZÚCAR NATURAL O MORENA,2023-06-01,011801,D_city,2511.468188972963
BOGOTÁ D.C.,AZÚCAR NATURAL O MORENA,2023-07-01,011801,D_city,2511.0331941646505
BOGOTÁ D.C.,AZÚCAR NATURAL O MORENA,2023-08-01,011801,D_city,2511.1781925675114
BOGOTÁ D.C.,AZÚCAR NATURAL O MORENA,2023-09-01,011801,D_city,2495.952630222375
BOGOTÁ D.C.,AZÚCAR NATURAL O MORENA,2023-10-01,011801,D_city,2489.4269366106737
BOGOTÁ D.C.,AZÚCAR NATURAL O MORENA,2023-11-01,011801,D_city,2531.186695940731
BOGOTÁ D.C.,AZÚCAR NATURAL O MORENA,2023-12-01,011801,D_city,2571.3411059707155
BOGOTÁ D.C.,AZÚCAR NATURAL O MORENA,2024-01-01,011801,D_city,2590.4725347123835
BOGOTÁ D.C.,AZÚCAR NATURAL O MORENA,2024-02-01,011801,D_city,2629.163332306752
BOGOTÁ D.C.,AZÚCAR NATURAL O MORENA,2024-03-01,011801,D_city,2608.152610350157
BOGOTÁ D.C.,AZÚCAR NATURAL O MORENA,2024-04-01,011801,D_city,2631.626482676133
BOGOTÁ D.C.,AZÚCAR NATURAL O MORENA,2024-05-01,011801,D_city,2629.7429004067867
BOGOTÁ D.C.,AZÚCAR NATURAL O MORENA,2024-06-01,011801,D_city,2634.6691471175764
BOGOTÁ D.C.,AZÚCAR NATURAL O MORENA,2024-07-01,011801,D_city,2624.526714170305
BOGOTÁ D.C.,AZÚCAR NATURAL O MORENA,2024-08-01,011801,D_city,2610.036440008708
BOGOTÁ D.C.,AZÚCAR NATURAL O MORENA,2024-09-01,011801,D_city,2596.1245706573923
BOGOTÁ D.C.,AZÚCAR NATURAL O MORENA,2024-10-01,011801,D_city,2597.5737790394196
BOGOTÁ D.C.,AZÚCAR NATURAL O MORENA,2024-11-01,011801,D_city,2577.138747402916
BOGOTÁ D.C.,AZÚCAR NATURAL O MORENA,2024-12-01,011801,D_city,2578.298250732389
BOGOTÁ D.C.,AZÚCAR REFINADA,2019-01-01,011801,D_city,1490.4860520209616
BOGOTÁ D.C.,AZÚCAR REFINADA,2019-02-01,011801,D_city,1484.3235522679392
BOGOTÁ D.C.,AZÚCAR REFINADA,2019-03-01,011801,D_city,1474.9325349224123
BOGOTÁ D.C.,AZÚCAR REFINADA,2019-04-01,011801,D_city,1508.0916540978417
BOGOTÁ D.C.,AZÚCAR REFINADA,2019-05-01,011801,D_city,1568.960436463744
BOGOTÁ D.C.,AZÚCAR REFINADA,2019-06-01,011801,D_city,1605.908984319712
BOGOTÁ D.C.,AZÚCAR REFINADA,2019-07-01,011801,D_city,1600.7778055923764
BOGOTÁ D.C.,AZÚCAR REFINADA,2019-08-01,011801,D_city,1614.8514651694773
BOGOTÁ D.C.,AZÚCAR REFINADA,2019-09-01,011801,D_city,1601.8040557914874
BOGOTÁ D.C.,AZÚCAR REFINADA,2019-10-01,011801,D_city,1570.5734680553844
BOGOTÁ D.C.,AZÚCAR REFINADA,2019-11-01,011801,D_city,1575.8523532454071
BOGOTÁ D.C.,AZÚCAR REFINADA,2019-12-01,011801,D_city,1569.2537162910571
BOGOTÁ D.C.,AZÚCAR REFINADA,2020-01-01,011801,D_city,1567.34738663247
BOGOTÁ D.C.,AZÚCAR REFINADA,2020-02-01,011801,D_city,1564.4145219652064
BOGOTÁ D.C.,AZÚCAR REFINADA,2020-03-01,011801,D_city,1559.1352130881157
BOGOTÁ D.C.,AZÚCAR REFINADA,2020-04-01,011801,D_city,1588.7554773978197
BOGOTÁ D.C.,AZÚCAR REFINADA,2020-05-01,011801,D_city,1588.1689968291626
BOGOTÁ D.C.,AZÚCAR REFINADA,2020-06-01,011801,D_city,1591.3946105030682
BOGOTÁ D.C.,AZÚCAR REFINADA,2020-07-01,011801,D_city,1594.6201522693736
BOGOTÁ D.C.,AZÚCAR REFINADA,2020-08-01,011801,D_city,1585.383181582902
BOGOTÁ D.C.,AZÚCAR REFINADA,2020-09-01,011801,D_city,1585.0899347423988
BOGOTÁ D.C.,AZÚCAR REFINADA,2020-10-01,011801,D_city,1578.9316130816408
BOGOTÁ D.C.,AZÚCAR REFINADA,2020-11-01,011801,D_city,1581.7175531608834
BOGOTÁ D.C.,AZÚCAR REFINADA,2020-12-01,011801,D_city,1588.3156171946082
BOGOTÁ D.C.,AZÚCAR REFINADA,2021-01-01,011801,D_city,1591.2479932608137
BOGOTÁ D.C.,AZÚCAR REFINADA,2021-02-01,011801,D_city,1593.887080901691
BOGOTÁ D.C.,AZÚCAR REFINADA,2021-03-01,011801,D_city,1582.4506863131305
BOGOTÁ D.C.,AZÚCAR REFINADA,2021-04-01,011801,D_city,1621.3014409447323
BOGOTÁ D.C.,AZÚCAR REFINADA,2021-05-01,011801,D_city,1645.9260351534083
BOGOTÁ D.C.,AZÚCAR REFINADA,2021-06-01,011801,D_city,1752.7330250401735
BOGOTÁ D.C.,AZÚCAR REFINADA,2021-07-01,011801,D_city,1751.561328486751
BOGOTÁ D.C.,AZÚCAR REFINADA,2021-08-01,011801,D_city,1759.9094786696721
BOGOTÁ D.C.,AZÚCAR REFINADA,2021-09-01,011801,D_city,1754.929932862698
BOGOTÁ D.C.,AZÚCAR REFINADA,2021-10-01,011801,D_city,1755.8086875201263
BOGOTÁ D.C.,AZÚCAR REFINADA,2021-11-01,011801,D_city,1756.8338951736303
BOGOTÁ D.C.,AZÚCAR REFINADA,2021-12-01,011801,D_city,1766.7927133978567
BOGOTÁ D.C.,AZÚCAR REFINADA,2022-01-01,011801,D_city,1783.4869959665539
BOGOTÁ D.C.,AZÚCAR REFINADA,2022-02-01,011801,D_city,1778.3617419173338
BOGOTÁ D.C.,AZÚCAR REFINADA,2022-03-01,011801,D_city,1791.5406395144303
BOGOTÁ D.C.,AZÚCAR REFINADA,2022-04-01,011801,D_city,1809.9893067245057
BOGOTÁ D.C.,AZÚCAR REFINADA,2022-05-01,011801,D_city,1872.6408913074986
BOGOTÁ D.C.,AZÚCAR REFINADA,2022-06-01,011801,D_city,1982.0798973989088
BOGOTÁ D.C.,AZÚCAR REFINADA,2022-07-01,011801,D_city,2095.1068442569094
BOGOTÁ D.C.,AZÚCAR REFINADA,2022-08-01,011801,D_city,2232.024066331893
BOGOTÁ D.C.,AZÚCAR REFINADA,2022-09-01,011801,D_city,2381.548550224499
BOGOTÁ D.C.,AZÚCAR REFINADA,2022-10-01,011801,D_city,2445.327477950368
BOGOTÁ D.C.,AZÚCAR REFINADA,2022-11-01,011801,D_city,2503.836200292925
BOGOTÁ D.C.,AZÚCAR REFINADA,2022-12-01,011801,D_city,2534.9082626972763
BOGOTÁ D.C.,AZÚCAR REFINADA,2023-01-01,011801,D_city,2547.5984606882353
BOGOTÁ D.C.,AZÚCAR REFINADA,2023-02-01,011801,D_city,2539.2842717923136
BOGOTÁ D.C.,AZÚCAR REFINADA,2023-03-01,011801,D_city,2515.069310513437
BOGOTÁ D.C.,AZÚCAR REFINADA,2023-04-01,011801,D_city,2519.445697455155
BOGOTÁ D.C.,AZÚCAR REFINADA,2023-05-01,011801,D_city,2540.5970583404915
BOGOTÁ D.C.,AZÚCAR REFINADA,2023-06-01,011801,D_city,2514.4857859293948
BOGOTÁ D.C.,AZÚCAR REFINADA,2023-07-01,011801,D_city,2514.0481415139725
BOGOTÁ D.C.,AZÚCAR REFINADA,2023-08-01,011801,D_city,2514.194023078876
BOGOTÁ D.C.,AZÚCAR REFINADA,2023-09-01,011801,D_city,2498.8759493820385
BOGOTÁ D.C.,AZÚCAR REFINADA,2023-10-01,011801,D_city,2492.310744857151
BOGOTÁ D.C.,AZÚCAR REFINADA,2023-11-01,011801,D_city,2534.3247885433534
BOGOTÁ D.C.,AZÚCAR REFINADA,2023-12-01,011801,D_city,2574.726901286945
BOGOTÁ D.C.,AZÚCAR REFINADA,2024-01-01,011801,D_city,2593.9774339866412
BOGOTÁ D.C.,AZÚCAR REFINADA,2024-02-01,011801,D_city,2632.911220607901
BOGOTÁ D.C.,AZÚCAR REFINADA,2024-03-01,011801,D_city,2611.7681955869957
BOGOTÁ D.C.,AZÚCAR REFINADA,2024-04-01,011801,D_city,2635.389935436503
BOGOTÁ D.C.,AZÚCAR REFINADA,2024-05-01,011801,D_city,2633.494449934536
BOGOTÁ D.C.,AZÚCAR REFINADA,2024-06-01,011801,D_city,2638.451841885211
BOGOTÁ D.C.,AZÚCAR REFINADA,2024-07-01,011801,D_city,2628.245334813324
BOGOTÁ D.C.,AZÚCAR REFINADA,2024-08-01,011801,D_city,2613.6638537399513
BOGOTÁ D.C.,AZÚCAR REFINADA,2024-09-01,011801,D_city,2599.6647901577417
BOGOTÁ D.C.,AZÚCAR REFINADA,2024-10-01,011801,D_city,2601.1230645568135
BOGOTÁ D.C.,AZÚCAR REFINADA,2024-11-01,011801,D_city,2580.5605626767683
BOGOTÁ D.C.,AZÚCAR REFINADA,2024-12-01,011801,D_city,2581.7272775389106
BOGOTÁ D.C.,BANANOS,2019-01-01,011606,BASE,894.2970297029702
BOGOTÁ D.C.,BANANOS,2019-02-01,011606,BASE,864.0855445544554
BOGOTÁ D.C.,BANANOS,2019-03-01,011606,BASE,935.4439603960395
BOGOTÁ D.C.,BANANOS,2019-04-01,011606,BASE,996.97900990099
BOGOTÁ D.C.,BANANOS,2019-05-01,011606,BASE,1002.4467326732672
BOGOTÁ D.C.,BANANOS,2019-06-01,011606,BASE,955.1833663366336
BOGOTÁ D.C.,BANANOS,2019-07-01,011606,BASE,986.7849504950495
BOGOTÁ D.C.,BANANOS,2019-08-01,011606,BASE,1011.7140594059405
BOGOTÁ D.C.,BANANOS,2019-09-01,011606,BASE,1029.3219801980197
BOGOTÁ D.C.,BANANOS,2019-10-01,011606,BASE,1086.5013861386137
BOGOTÁ D.C.,BANANOS,2019-11-01,011606,BASE,1118.65900990099
BOGOTÁ D.C.,BANANOS,2019-12-01,011606,BASE,1212.6297029702969
BOGOTÁ D.C.,BANANOS,2020-01-01,011606,BASE,1130.5211881188118
BOGOTÁ D.C.,BANANOS,2020-02-01,011606,BASE,1098.6415841584158
BOGOTÁ D.C.,BANANOS,2020-03-01,011606,BASE,1174.5409900990098
BOGOTÁ D.C.,BANANOS,2020-04-01,011606,BASE,1306.4150495049505
BOGOTÁ D.C.,BANANOS,2020-05-01,011606,BASE,1279.817821782178
BOGOTÁ D.C.,BANANOS,2020-06-01,011606,BASE,1239.0415841584156
BOGOTÁ D.C.,BANANOS,2020-07-01,011606,BASE,1260.449108910891
BOGOTÁ D.C.,BANANOS,2020-08-01,011606,BASE,1269.3457425742572
BOGOTÁ D.C.,BANANOS,2020-09-01,011606,BASE,1252.1085148514853
BOGOTÁ D.C.,BANANOS,2020-10-01,011606,BASE,1235.3346534653465
BOGOTÁ D.C.,BANANOS,2020-11-01,011606,BASE,1254.3326732673268
BOGOTÁ D.C.,BANANOS,2020-12-01,011606,BASE,1298.7231683168316
BOGOTÁ D.C.,BANANOS,2021-01-01,011606,BASE,1281.671287128713
BOGOTÁ D.C.,BANANOS,2021-02-01,011606,BASE,1280.0031683168318
BOGOTÁ D.C.,BANANOS,2021-03-01,011606,BASE,1216.9853465346532
BOGOTÁ D.C.,BANANOS,2021-04-01,011606,BASE,1301.410693069307
BOGOTÁ D.C.,BANANOS,2021-05-01,011606,BASE,1385.9287128712872
BOGOTÁ D.C.,BANANOS,2021-06-01,011606,BASE,1329.0273267326731
BOGOTÁ D.C.,BANANOS,2021-07-01,011606,BASE,1208.6447524752473
BOGOTÁ D.C.,BANANOS,2021-08-01,011606,BASE,1245.8067326732673
BOGOTÁ D.C.,BANANOS,2021-09-01,011606,BASE,1298.0744554455443
BOGOTÁ D.C.,BANANOS,2021-10-01,011606,BASE,1284.8221782178216
BOGOTÁ D.C.,BANANOS,2021-11-01,011606,BASE,1254.5180198019802
BOGOTÁ D.C.,BANANOS,2021-12-01,011606,BASE,1270.7358415841584
BOGOTÁ D.C.,BANANOS,2022-01-01,011606,BASE,1294.9235643564355
BOGOTÁ D.C.,BANANOS,2022-02-01,011606,BASE,1301.9667326732674
BOGOTÁ D.C.,BANANOS,2022-03-01,011606,BASE,1249.4209900990097
BOGOTÁ D.C.,BANANOS,2022-04-01,011606,BASE,1360.0728712871285
BOGOTÁ D.C.,BANANOS,2022-05-01,011606,BASE,1367.1160396039604
BOGOTÁ D.C.,BANANOS,2022-06-01,011606,BASE,1326.1544554455445
BOGOTÁ D.C.,BANANOS,2022-07-01,011606,BASE,1280.281188118812
BOGOTÁ D.C.,BANANOS,2022-08-01,011606,BASE,1436.4356435643565
BOGOTÁ D.C.,BANANOS,2022-09-01,011606,BASE,1417.4376237623762
BOGOTÁ D.C.,BANANOS,2022-10-01,011606,BASE,1536.7081188118811
BOGOTÁ D.C.,BANANOS,2022-11-01,011606,BASE,1476.7485148514852
BOGOTÁ D.C.,BANANOS,2022-12-01,011606,BASE,1497.1366336633664
BOGOTÁ D.C.,BANANOS,2023-01-01,011606,BASE,1491.6689108910891
BOGOTÁ D.C.,BANANOS,2023-02-01,011606,BASE,1561.9152475247524
BOGOTÁ D.C.,BANANOS,2023-03-01,011606,BASE,1589.809900990099
BOGOTÁ D.C.,BANANOS,2023-04-01,011606,BASE,1657.5540594059405
BOGOTÁ D.C.,BANANOS,2023-05-01,011606,BASE,1640.9655445544552
BOGOTÁ D.C.,BANANOS,2023-06-01,011606,BASE,1595.0922772277227
BOGOTÁ D.C.,BANANOS,2023-07-01,011606,BASE,1546.0681188118813
BOGOTÁ D.C.,BANANOS,2023-08-01,011606,BASE,1583.3227722772276
BOGOTÁ D.C.,BANANOS,2023-09-01,011606,BASE,1527.1627722772275
BOGOTÁ D.C.,BANANOS,2023-10-01,011606,BASE,1509.2768316831684
BOGOTÁ D.C.,BANANOS,2023-11-01,011606,BASE,1579.0598019801978
BOGOTÁ D.C.,BANANOS,2023-12-01,011606,BASE,1561.359207920792
BOGOTÁ D.C.,BANANOS,2024-01-01,011606,BASE,1553.2039603960395
BOGOTÁ D.C.,BANANOS,2024-02-01,011606,BASE,1582.210693069307
BOGOTÁ D.C.,BANANOS,2024-03-01,011606,BASE,1614.2756435643564
BOGOTÁ D.C.,BANANOS,2024-04-01,011606,BASE,1677.0154455445545
BOGOTÁ D.C.,BANANOS,2024-05-01,011606,BASE,1753.007524752475
BOGOTÁ D.C.,BANANOS,2024-06-01,011606,BASE,1737.3457425742574
BOGOTÁ D.C.,BANANOS,2024-07-01,011606,BASE,1717.2356435643565
BOGOTÁ D.C.,BANANOS,2024-08-01,011606,BASE,1789.3354455445544
BOGOTÁ D.C.,BANANOS,2024-09-01,011606,BASE,1776.7318811881187
BOGOTÁ D.C.,BANANOS,2024-10-01,011606,BASE,1755.6023762376237
BOGOTÁ D.C.,BANANOS,2024-11-01,011606,BASE,1844.2906930693066
BOGOTÁ D.C.,BANANOS,2024-12-01,011606,BASE,1933.4423762376236
BOGOTÁ D.C.,CAFÉ MOLIDO,2019-01-01,012101,BASE,8776.711410999289
BOGOTÁ D.C.,CAFÉ MOLIDO,2019-02-01,012101,BASE,8849.594557283724
BOGOTÁ D.C.,CAFÉ MOLIDO,2019-03-01,012101,BASE,8922.47770356816
BOGOTÁ D.C.,CAFÉ MOLIDO,2019-04-01,012101,BASE,8897.012507878415
BOGOTÁ D.C.,CAFÉ MOLIDO,2019-05-01,012101,BASE,8893.500067093626
BOGOTÁ D.C.,CAFÉ MOLIDO,2019-06-01,012101,BASE,8874.181642777268
BOGOTÁ D.C.,CAFÉ MOLIDO,2019-07-01,012101,BASE,8810.95770865101
BOGOTÁ D.C.,CAFÉ MOLIDO,2019-08-01,012101,BASE,8805.689047473821
BOGOTÁ D.C.,CAFÉ MOLIDO,2019-09-01,012101,BASE,8821.495031005386
BOGOTÁ D.C.,CAFÉ MOLIDO,2019-10-01,012101,BASE,8868.034871403883
BOGOTÁ D.C.,CAFÉ MOLIDO,2019-11-01,012101,BASE,8914.574711802376
BOGOTÁ D.C.,CAFÉ MOLIDO,2019-12-01,012101,BASE,8965.505103181862
BOGOTÁ D.C.,CAFÉ MOLIDO,2020-01-01,012101,BASE,8947.064789061704
BOGOTÁ D.C.,CAFÉ MOLIDO,2020-02-01,012101,BASE,8870.669201992476
BOGOTÁ D.C.,CAFÉ MOLIDO,2020-03-01,012101,BASE,8991.848409067805
BOGOTÁ D.C.,CAFÉ MOLIDO,2020-04-01,012101,BASE,9006.776282403169
BOGOTÁ D.C.,CAFÉ MOLIDO,2020-05-01,012101,BASE,8984.82352749822
BOGOTÁ D.C.,CAFÉ MOLIDO,2020-06-01,012101,BASE,8990.092188675408
BOGOTÁ D.C.,CAFÉ MOLIDO,2020-07-01,012101,BASE,9010.288723187961
BOGOTÁ D.C.,CAFÉ MOLIDO,2020-08-01,012101,BASE,9007.654392599368
BOGOTÁ D.C.,CAFÉ MOLIDO,2020-09-01,012101,BASE,8991.848409067805
BOGOTÁ D.C.,CAFÉ MOLIDO,2020-10-01,012101,BASE,8895.256287486021
BOGOTÁ D.C.,CAFÉ MOLIDO,2020-11-01,012101,BASE,8939.161797295923
BOGOTÁ D.C.,CAFÉ MOLIDO,2020-12-01,012101,BASE,8969.895654162854
BOGOTÁ D.C.,CAFÉ MOLIDO,2021-01-01,012101,BASE,8980.43297651723
BOGOTÁ D.C.,CAFÉ MOLIDO,2021-02-01,012101,BASE,8973.408094947647
BOGOTÁ D.C.,CAFÉ MOLIDO,2021-03-01,012101,BASE,9000.629511029783
BOGOTÁ D.C.,CAFÉ MOLIDO,2021-04-01,012101,BASE,9162.201787130221
BOGOTÁ D.C.,CAFÉ MOLIDO,2021-05-01,012101,BASE,9273.721782047372
BOGOTÁ D.C.,CAFÉ MOLIDO,2021-06-01,012101,BASE,9293.918316559926
BOGOTÁ D.C.,CAFÉ MOLIDO,2021-07-01,012101,BASE,9386.997997356917
BOGOTÁ D.C.,CAFÉ MOLIDO,2021-08-01,012101,BASE,9455.490592660362
BOGOTÁ D.C.,CAFÉ MOLIDO,2021-09-01,012101,BASE,9912.986004879534
BOGOTÁ D.C.,CAFÉ MOLIDO,2021-10-01,012101,BASE,10330.966458269797
BOGOTÁ D.C.,CAFÉ MOLIDO,2021-11-01,012101,BASE,10529.419362610552
BOGOTÁ D.C.,CAFÉ MOLIDO,2021-12-01,012101,BASE,10772.655886957406
BOGOTÁ D.C.,CAFÉ MOLIDO,2022-01-01,012101,BASE,11053.651149740774
BOGOTÁ D.C.,CAFÉ MOLIDO,2022-02-01,012101,BASE,11410.163889397172
BOGOTÁ D.C.,CAFÉ MOLIDO,2022-03-01,012101,BASE,11856.243869065771
BOGOTÁ D.C.,CAFÉ MOLIDO,2022-04-01,012101,BASE,12361.157231879637
BOGOTÁ D.C.,CAFÉ MOLIDO,2022-05-01,012101,BASE,12874.851696655483
BOGOTÁ D.C.,CAFÉ MOLIDO,2022-06-01,012101,BASE,13073.304600996236
BOGOTÁ D.C.,CAFÉ MOLIDO,2022-07-01,012101,BASE,13241.023648470058
BOGOTÁ D.C.,CAFÉ MOLIDO,2022-08-01,012101,BASE,13840.772912473312
BOGOTÁ D.C.,CAFÉ MOLIDO,2022-09-01,012101,BASE,14213.969745857476
BOGOTÁ D.C.,CAFÉ MOLIDO,2022-10-01,012101,BASE,15106.129705194671
BOGOTÁ D.C.,CAFÉ MOLIDO,2022-11-01,012101,BASE,16081.71013317068
BOGOTÁ D.C.,CAFÉ MOLIDO,2022-12-01,012101,BASE,16635.797666971634
BOGOTÁ D.C.,CAFÉ MOLIDO,2023-01-01,012101,BASE,16830.738130527596
BOGOTÁ D.C.,CAFÉ MOLIDO,2023-02-01,012101,BASE,16995.822847412826
BOGOTÁ D.C.,CAFÉ MOLIDO,2023-03-01,012101,BASE,17005.482059571004
BOGOTÁ D.C.,CAFÉ MOLIDO,2023-04-01,012101,BASE,17062.55922232388
BOGOTÁ D.C.,CAFÉ MOLIDO,2023-05-01,012101,BASE,17094.171189387005
BOGOTÁ D.C.,CAFÉ MOLIDO,2023-06-01,012101,BASE,16971.235761919284
BOGOTÁ D.C.,CAFÉ MOLIDO,2023-07-01,012101,BASE,17062.55922232388
BOGOTÁ D.C.,CAFÉ MOLIDO,2023-08-01,012101,BASE,17109.97717291857
BOGOTÁ D.C.,CAFÉ MOLIDO,2023-09-01,012101,BASE,17102.95229134899
BOGOTÁ D.C.,CAFÉ MOLIDO,2023-10-01,012101,BASE,17094.171189387005
BOGOTÁ D.C.,CAFÉ MOLIDO,2023-11-01,012101,BASE,17175.83543763342
BOGOTÁ D.C.,CAFÉ MOLIDO,2023-12-01,012101,BASE,17160.029454101856
BOGOTÁ D.C.,CAFÉ MOLIDO,2024-01-01,012101,BASE,17136.32047880451
BOGOTÁ D.C.,CAFÉ MOLIDO,2024-02-01,012101,BASE,17171.444886652433
BOGOTÁ D.C.,CAFÉ MOLIDO,2024-03-01,012101,BASE,17156.517013317065
BOGOTÁ D.C.,CAFÉ MOLIDO,2024-04-01,012101,BASE,17149.492131747484
BOGOTÁ D.C.,CAFÉ MOLIDO,2024-05-01,012101,BASE,17211.837955677544
BOGOTÁ D.C.,CAFÉ MOLIDO,2024-06-01,012101,BASE,17311.942518044118
BOGOTÁ D.C.,CAFÉ MOLIDO,2024-07-01,012101,BASE,17289.111652942967
BOGOTÁ D.C.,CAFÉ MOLIDO,2024-08-01,012101,BASE,17029.191034868352
BOGOTÁ D.C.,CAFÉ MOLIDO,2024-09-01,012101,BASE,17050.265679577104
BOGOTÁ D.C.,CAFÉ MOLIDO,2024-10-01,012101,BASE,17152.126462336077
BOGOTÁ D.C.,CAFÉ MOLIDO,2024-11-01,012101,BASE,17237.303151367283
BOGOTÁ D.C.,CAFÉ MOLIDO,2024-12-01,012101,BASE,17417.315741587878
BOGOTÁ D.C.,CAMARONES O VARIEDAD DISPONIBLE,2019-01-01,011303,D_city,35593.85227544466
BOGOTÁ D.C.,CAMARONES O VARIEDAD DISPONIBLE,2019-02-01,011303,D_city,35991.70040563961
BOGOTÁ D.C.,CAMARONES O VARIEDAD DISPONIBLE,2019-03-01,011303,D_city,35991.70040563961
BOGOTÁ D.C.,CAMARONES O VARIEDAD DISPONIBLE,2019-04-01,011303,D_city,35965.55019896471
BOGOTÁ D.C.,CAMARONES O VARIEDAD DISPONIBLE,2019-05-01,011303,D_city,36319.30945618566
BOGOTÁ D.C.,CAMARONES O VARIEDAD DISPONIBLE,2019-06-01,011303,D_city,36595.547338729
BOGOTÁ D.C.,CAMARONES O VARIEDAD DISPONIBLE,2019-07-01,011303,D_city,36063.658183989806
BOGOTÁ D.C.,CAMARONES O VARIEDAD DISPONIBLE,2019-08-01,011303,D_city,36602.136068851905
BOGOTÁ D.C.,CAMARONES O VARIEDAD DISPONIBLE,2019-09-01,011303,D_city,36720.82574156226
BOGOTÁ D.C.,CAMARONES O VARIEDAD DISPONIBLE,2019-10-01,011303,D_city,36641.67981369958
BOGOTÁ D.C.,CAMARONES O VARIEDAD DISPONIBLE,2019-11-01,011303,D_city,37117.723666798964
BOGOTÁ D.C.,CAMARONES O VARIEDAD DISPONIBLE,2019-12-01,011303,D_city,37177.42622559204
BOGOTÁ D.C.,CAMARONES O VARIEDAD DISPONIBLE,2020-01-01,011303,D_city,37111.0927515438
BOGOTÁ D.C.,CAMARONES O VARIEDAD DISPONIBLE,2020-02-01,011303,D_city,37144.25273273743
BOGOTÁ D.C.,CAMARONES O VARIEDAD DISPONIBLE,2020-03-01,011303,D_city,37603.23982486579
BOGOTÁ D.C.,CAMARONES O VARIEDAD DISPONIBLE,2020-04-01,011303,D_city,40238.87752135051
BOGOTÁ D.C.,CAMARONES O VARIEDAD DISPONIBLE,2020-05-01,011303,D_city,41179.51888078754
BOGOTÁ D.C.,CAMARONES O VARIEDAD DISPONIBLE,2020-06-01,011303,D_city,41402.28672023161
BOGOTÁ D.C.,CAMARONES O VARIEDAD DISPONIBLE,2020-07-01,011303,D_city,41207.33487185785
BOGOTÁ D.C.,CAMARONES O VARIEDAD DISPONIBLE,2020-08-01,011303,D_city,41730.470802469164
BOGOTÁ D.C.,CAMARONES O VARIEDAD DISPONIBLE,2020-09-01,011303,D_city,41723.47585481444
BOGOTÁ D.C.,CAMARONES O VARIEDAD DISPONIBLE,2020-10-01,011303,D_city,41716.48144215517
BOGOTÁ D.C.,CAMARONES O VARIEDAD DISPONIBLE,2020-11-01,011303,D_city,42193.319829988664
BOGOTÁ D.C.,CAMARONES O VARIEDAD DISPONIBLE,2020-12-01,011303,D_city,42545.51312104262
BOGOTÁ D.C.,CAMARONES O VARIEDAD DISPONIBLE,2021-01-01,011303,D_city,42679.696715485974
BOGOTÁ D.C.,CAMARONES O VARIEDAD DISPONIBLE,2021-02-01,011303,D_city,42764.543564199004
BOGOTÁ D.C.,CAMARONES O VARIEDAD DISPONIBLE,2021-03-01,011303,D_city,42715.04022601074
BOGOTÁ D.C.,CAMARONES O VARIEDAD DISPONIBLE,2021-04-01,011303,D_city,42559.62863144683
BOGOTÁ D.C.,CAMARONES O VARIEDAD DISPONIBLE,2021-05-01,011303,D_city,42566.68718775368
BOGOTÁ D.C.,CAMARONES O VARIEDAD DISPONIBLE,2021-06-01,011303,D_city,42566.68718775368
BOGOTÁ D.C.,CAMARONES O VARIEDAD DISPONIBLE,2021-07-01,011303,D_city,43781.54776483135
BOGOTÁ D.C.,CAMARONES O VARIEDAD DISPONIBLE,2021-08-01,011303,D_city,45578.40236577851
BOGOTÁ D.C.,CAMARONES O VARIEDAD DISPONIBLE,2021-09-01,011303,D_city,46441.425916951426
BOGOTÁ D.C.,CAMARONES O VARIEDAD DISPONIBLE,2021-10-01,011303,D_city,47423.00180181656
BOGOTÁ D.C.,CAMARONES O VARIEDAD DISPONIBLE,2021-11-01,011303,D_city,47772.11317725682
BOGOTÁ D.C.,CAMARONES O VARIEDAD DISPONIBLE,2021-12-01,011303,D_city,47950.83331049356
BOGOTÁ D.C.,CAMARONES O VARIEDAD DISPONIBLE,2022-01-01,011303,D_city,48309.186763029305
BOGOTÁ D.C.,CAMARONES O VARIEDAD DISPONIBLE,2022-02-01,011303,D_city,49823.0001336094
BOGOTÁ D.C.,CAMARONES O VARIEDAD DISPONIBLE,2022-03-01,011303,D_city,51913.14577362879
BOGOTÁ D.C.,CAMARONES O VARIEDAD DISPONIBLE,2022-04-01,011303,D_city,53070.431346278834
BOGOTÁ D.C.,CAMARONES O VARIEDAD DISPONIBLE,2022-05-01,011303,D_city,53571.0923218913
BOGOTÁ D.C.,CAMARONES O VARIEDAD DISPONIBLE,2022-06-01,011303,D_city,55746.74602820666
BOGOTÁ D.C.,CAMARONES O VARIEDAD DISPONIBLE,2022-07-01,011303,D_city,57079.15062054967
BOGOTÁ D.C.,CAMARONES O VARIEDAD DISPONIBLE,2022-08-01,011303,D_city,58295.46789460244
BOGOTÁ D.C.,CAMARONES O VARIEDAD DISPONIBLE,2022-09-01,011303,D_city,62636.079962334254
BOGOTÁ D.C.,CAMARONES O VARIEDAD DISPONIBLE,2022-10-01,011303,D_city,63734.931915524816
BOGOTÁ D.C.,CAMARONES O VARIEDAD DISPONIBLE,2022-11-01,011303,D_city,65133.602505603994
BOGOTÁ D.C.,CAMARONES O VARIEDAD DISPONIBLE,2022-12-01,011303,D_city,68945.63799733132
BOGOTÁ D.C.,CAMARONES O VARIEDAD DISPONIBLE,2023-01-01,011303,D_city,70439.47206737635
BOGOTÁ D.C.,CAMARONES O VARIEDAD DISPONIBLE,2023-02-01,011303,D_city,71535.87904375458
BOGOTÁ D.C.,CAMARONES O VARIEDAD DISPONIBLE,2023-03-01,011303,D_city,72658.02397873966
BOGOTÁ D.C.,CAMARONES O VARIEDAD DISPONIBLE,2023-04-01,011303,D_city,73751.84542729899
BOGOTÁ D.C.,CAMARONES O VARIEDAD DISPONIBLE,2023-05-01,011303,D_city,74524.6890778108
BOGOTÁ D.C.,CAMARONES O VARIEDAD DISPONIBLE,2023-06-01,011303,D_city,73289.9041584258
BOGOTÁ D.C.,CAMARONES O VARIEDAD DISPONIBLE,2023-07-01,011303,D_city,73588.65612844029
BOGOTÁ D.C.,CAMARONES O VARIEDAD DISPONIBLE,2023-08-01,011303,D_city,73018.79270211942
BOGOTÁ D.C.,CAMARONES O VARIEDAD DISPONIBLE,2023-09-01,011303,D_city,72676.04305137148
BOGOTÁ D.C.,CAMARONES O VARIEDAD DISPONIBLE,2023-10-01,011303,D_city,73154.29112945242
BOGOTÁ D.C.,CAMARONES O VARIEDAD DISPONIBLE,2023-11-01,011303,D_city,72307.05957747687
BOGOTÁ D.C.,CAMARONES O VARIEDAD DISPONIBLE,2023-12-01,011303,D_city,72585.96807442023
BOGOTÁ D.C.,CAMARONES O VARIEDAD DISPONIBLE,2024-01-01,011303,D_city,72721.09965143299
BOGOTÁ D.C.,CAMARONES O VARIEDAD DISPONIBLE,2024-02-01,011303,D_city,71885.13293590907
BOGOTÁ D.C.,CAMARONES O VARIEDAD DISPONIBLE,2024-03-01,011303,D_city,71026.82742650366
BOGOTÁ D.C.,CAMARONES O VARIEDAD DISPONIBLE,2024-04-01,011303,D_city,72865.3663819386
BOGOTÁ D.C.,CAMARONES O VARIEDAD DISPONIBLE,2024-05-01,011303,D_city,71705.93143194947
BOGOTÁ D.C.,CAMARONES O VARIEDAD DISPONIBLE,2024-06-01,011303,D_city,72919.50003521831
BOGOTÁ D.C.,CAMARONES O VARIEDAD DISPONIBLE,2024-07-01,011303,D_city,73452.7910412083
BOGOTÁ D.C.,CAMARONES O VARIEDAD DISPONIBLE,2024-08-01,011303,D_city,74451.79417752541
BOGOTÁ D.C.,CAMARONES O VARIEDAD DISPONIBLE,2024-09-01,011303,D_city,74069.63000129076
BOGOTÁ D.C.,CAMARONES O VARIEDAD DISPONIBLE,2024-10-01,011303,D_city,75741.33275546654
BOGOTÁ D.C.,CAMARONES O VARIEDAD DISPONIBLE,2024-11-01,011303,D_city,75851.54708750003
BOGOTÁ D.C.,CAMARONES O VARIEDAD DISPONIBLE,2024-12-01,011303,D_city,75677.07482947208
BOGOTÁ D.C.,CARNE DE CERDO CON HUESO,2019-01-01,011202,D_city,7382.170033293556
BOGOTÁ D.C.,CARNE DE CERDO CON HUESO,2019-02-01,011202,D_city,7373.482865093016
BOGOTÁ D.C.,CARNE DE CERDO CON HUESO,2019-03-01,011202,D_city,7287.840284843442
BOGOTÁ D.C.,CARNE DE CERDO CON HUESO,2019-04-01,011202,D_city,7297.023787829174
BOGOTÁ D.C.,CARNE DE CERDO CON HUESO,2019-05-01,011202,D_city,7264.423432780675
BOGOTÁ D.C.,CARNE DE CERDO CON HUESO,2019-06-01,011202,D_city,7298.275388255105
BOGOTÁ D.C.,CARNE DE CERDO CON HUESO,2019-07-01,011202,D_city,7297.441006495344
BOGOTÁ D.C.,CARNE DE CERDO CON HUESO,2019-08-01,011202,D_city,7277.393564241673
BOGOTÁ D.C.,CARNE DE CERDO CON HUESO,2019-09-01,011202,D_city,7277.393564241673
BOGOTÁ D.C.,CARNE DE CERDO CON HUESO,2019-10-01,011202,D_city,7260.654541025477
BOGOTÁ D.C.,CARNE DE CERDO CON HUESO,2019-11-01,011202,D_city,7312.865096763249
BOGOTÁ D.C.,CARNE DE CERDO CON HUESO,2019-12-01,011202,D_city,7312.448561729952
BOGOTÁ D.C.,CARNE DE CERDO CON HUESO,2020-01-01,011202,D_city,7252.692997637191
BOGOTÁ D.C.,CARNE DE CERDO CON HUESO,2020-02-01,011202,D_city,7275.721008025663
BOGOTÁ D.C.,CARNE DE CERDO CON HUESO,2020-03-01,011202,D_city,7209.41432446423
BOGOTÁ D.C.,CARNE DE CERDO CON HUESO,2020-04-01,011202,D_city,7271.956664274795
BOGOTÁ D.C.,CARNE DE CERDO CON HUESO,2020-05-01,011202,D_city,7256.4651006915465
BOGOTÁ D.C.,CARNE DE CERDO CON HUESO,2020-06-01,011202,D_city,7259.397906090843
BOGOTÁ D.C.,CARNE DE CERDO CON HUESO,2020-07-01,011202,D_city,7254.369675946578
BOGOTÁ D.C.,CARNE DE CERDO CON HUESO,2020-08-01,011202,D_city,7242.626598592146
BOGOTÁ D.C.,CARNE DE CERDO CON HUESO,2020-09-01,011202,D_city,7269.446260788799
BOGOTÁ D.C.,CARNE DE CERDO CON HUESO,2020-10-01,011202,D_city,7301.612174722787
BOGOTÁ D.C.,CARNE DE CERDO CON HUESO,2020-11-01,011202,D_city,7404.47209912645
BOGOTÁ D.C.,CARNE DE CERDO CON HUESO,2020-12-01,011202,D_city,7516.025117843581
BOGOTÁ D.C.,CARNE DE CERDO CON HUESO,2021-01-01,011202,D_city,7569.7000121514775
BOGOTÁ D.C.,CARNE DE CERDO CON HUESO,2021-02-01,011202,D_city,7587.1212783428255
BOGOTÁ D.C.,CARNE DE CERDO CON HUESO,2021-03-01,011202,D_city,7593.191158956791
BOGOTÁ D.C.,CARNE DE CERDO CON HUESO,2021-04-01,011202,D_city,7678.579606377226
BOGOTÁ D.C.,CARNE DE CERDO CON HUESO,2021-05-01,011202,D_city,7879.46636892546
BOGOTÁ D.C.,CARNE DE CERDO CON HUESO,2021-06-01,011202,D_city,7881.824523211322
BOGOTÁ D.C.,CARNE DE CERDO CON HUESO,2021-07-01,011202,D_city,7922.221099237083
BOGOTÁ D.C.,CARNE DE CERDO CON HUESO,2021-08-01,011202,D_city,8021.5507616365985
BOGOTÁ D.C.,CARNE DE CERDO CON HUESO,2021-09-01,011202,D_city,8111.867080199641
BOGOTÁ D.C.,CARNE DE CERDO CON HUESO,2021-10-01,011202,D_city,8193.022996403348
BOGOTÁ D.C.,CARNE DE CERDO CON HUESO,2021-11-01,011202,D_city,8259.168447212978
BOGOTÁ D.C.,CARNE DE CERDO CON HUESO,2021-12-01,011202,D_city,8384.624056675466
BOGOTÁ D.C.,CARNE DE CERDO CON HUESO,2022-01-01,011202,D_city,8474.145697242493
BOGOTÁ D.C.,CARNE DE CERDO CON HUESO,2022-02-01,011202,D_city,8507.527438786297
BOGOTÁ D.C.,CARNE DE CERDO CON HUESO,2022-03-01,011202,D_city,8526.398675394756
BOGOTÁ D.C.,CARNE DE CERDO CON HUESO,2022-04-01,011202,D_city,8501.229798726754
BOGOTÁ D.C.,CARNE DE CERDO CON HUESO,2022-05-01,011202,D_city,8488.994612763074
BOGOTÁ D.C.,CARNE DE CERDO CON HUESO,2022-06-01,011202,D_city,8522.700990939573
BOGOTÁ D.C.,CARNE DE CERDO CON HUESO,2022-07-01,011202,D_city,8523.810427083568
BOGOTÁ D.C.,CARNE DE CERDO CON HUESO,2022-08-01,011202,D_city,8589.805135706034
BOGOTÁ D.C.,CARNE DE CERDO CON HUESO,2022-09-01,011202,D_city,8650.656923196068
BOGOTÁ D.C.,CARNE DE CERDO CON HUESO,2022-10-01,011202,D_city,8694.439924676408
BOGOTÁ D.C.,CARNE DE CERDO CON HUESO,2022-11-01,011202,D_city,8793.053288157316
BOGOTÁ D.C.,CARNE DE CERDO CON HUESO,2022-12-01,011202,D_city,9029.549580420633
BOGOTÁ D.C.,CARNE DE CERDO CON HUESO,2023-01-01,011202,D_city,9144.959610173708
BOGOTÁ D.C.,CARNE DE CERDO CON HUESO,2023-02-01,011202,D_city,9254.740478745613
BOGOTÁ D.C.,CARNE DE CERDO CON HUESO,2023-03-01,011202,D_city,9383.09813698132
BOGOTÁ D.C.,CARNE DE CERDO CON HUESO,2023-04-01,011202,D_city,9461.780991566737
BOGOTÁ D.C.,CARNE DE CERDO CON HUESO,2023-05-01,011202,D_city,9502.291940243455
BOGOTÁ D.C.,CARNE DE CERDO CON HUESO,2023-06-01,011202,D_city,9460.416939356057
BOGOTÁ D.C.,CARNE DE CERDO CON HUESO,2023-07-01,011202,D_city,9490.390898596568
BOGOTÁ D.C.,CARNE DE CERDO CON HUESO,2023-08-01,011202,D_city,9491.411441961836
BOGOTÁ D.C.,CARNE DE CERDO CON HUESO,2023-09-01,011202,D_city,9546.394848544984
BOGOTÁ D.C.,CARNE DE CERDO CON HUESO,2023-10-01,011202,D_city,9511.464839971735
BOGOTÁ D.C.,CARNE DE CERDO CON HUESO,2023-11-01,011202,D_city,9509.766673303833
BOGOTÁ D.C.,CARNE DE CERDO CON HUESO,2023-12-01,011202,D_city,9492.772033895426
BOGOTÁ D.C.,CARNE DE CERDO CON HUESO,2024-01-01,011202,D_city,9533.51962079814
BOGOTÁ D.C.,CARNE DE CERDO CON HUESO,2024-02-01,011202,D_city,9518.594570247244
BOGOTÁ D.C.,CARNE DE CERDO CON HUESO,2024-03-01,011202,D_city,9563.653593810155
BOGOTÁ D.C.,CARNE DE CERDO CON HUESO,2024-04-01,011202,D_city,9508.068271090951
BOGOTÁ D.C.,CARNE DE CERDO CON HUESO,2024-05-01,011202,D_city,9501.27230463956
BOGOTÁ D.C.,CARNE DE CERDO CON HUESO,2024-06-01,011202,D_city,9557.226694342497
BOGOTÁ D.C.,CARNE DE CERDO CON HUESO,2024-07-01,011202,D_city,9572.44286668274
BOGOTÁ D.C.,CARNE DE CERDO CON HUESO,2024-08-01,011202,D_city,9559.594889821157
BOGOTÁ D.C.,CARNE DE CERDO CON HUESO,2024-09-01,011202,D_city,9567.71096049353
BOGOTÁ D.C.,CARNE DE CERDO CON HUESO,2024-10-01,011202,D_city,9579.875051171823
BOGOTÁ D.C.,CARNE DE CERDO CON HUESO,2024-11-01,011202,D_city,9569.739142798062
BOGOTÁ D.C.,CARNE DE CERDO CON HUESO,2024-12-01,011202,D_city,9684.799290570505
BOGOTÁ D.C.,CARNE DE CERDO SIN HUESO,2019-01-01,011202,D_city,8583.140680387636
BOGOTÁ D.C.,CARNE DE CERDO SIN HUESO,2019-02-01,011202,D_city,8563.980306562711
BOGOTÁ D.C.,CARNE DE CERDO SIN HUESO,2019-03-01,011202,D_city,8376.17228515064
BOGOTÁ D.C.,CARNE DE CERDO SIN HUESO,2019-04-01,011202,D_city,8396.21672201304
BOGOTÁ D.C.,CARNE DE CERDO SIN HUESO,2019-05-01,011202,D_city,8325.16393272416
BOGOTÁ D.C.,CARNE DE CERDO SIN HUESO,2019-06-01,011202,D_city,8398.950291521329
BOGOTÁ D.C.,CARNE DE CERDO SIN HUESO,2019-07-01,011202,D_city,8397.12790552816
BOGOTÁ D.C.,CARNE DE CERDO SIN HUESO,2019-08-01,011202,D_city,8353.398238138858
BOGOTÁ D.C.,CARNE DE CERDO SIN HUESO,2019-09-01,011202,D_city,8353.398238138858
BOGOTÁ D.C.,CARNE DE CERDO SIN HUESO,2019-10-01,011202,D_city,8316.968021897927
BOGOTÁ D.C.,CARNE DE CERDO SIN HUESO,2019-11-01,011202,D_city,8430.846134338206
BOGOTÁ D.C.,CARNE DE CERDO SIN HUESO,2019-12-01,011202,D_city,8429.93471733697
BOGOTÁ D.C.,CARNE DE CERDO SIN HUESO,2020-01-01,011202,D_city,8299.667239585795
BOGOTÁ D.C.,CARNE DE CERDO SIN HUESO,2020-02-01,011202,D_city,8349.754758673746
BOGOTÁ D.C.,CARNE DE CERDO SIN HUESO,2020-03-01,011202,D_city,8205.919018564617
BOGOTÁ D.C.,CARNE DE CERDO SIN HUESO,2020-04-01,011202,D_city,8341.557301554225
BOGOTÁ D.C.,CARNE DE CERDO SIN HUESO,2020-05-01,011202,D_city,8307.862059889148
BOGOTÁ D.C.,CARNE DE CERDO SIN HUESO,2020-06-01,011202,D_city,8314.236166337647
BOGOTÁ D.C.,CARNE DE CERDO SIN HUESO,2020-07-01,011202,D_city,8303.30931811064
BOGOTÁ D.C.,CARNE DE CERDO SIN HUESO,2020-08-01,011202,D_city,8277.816915458134
BOGOTÁ D.C.,CARNE DE CERDO SIN HUESO,2020-09-01,011202,D_city,8336.092616218999
BOGOTÁ D.C.,CARNE DE CERDO SIN HUESO,2020-10-01,011202,D_city,8406.240088245466
BOGOTÁ D.C.,CARNE DE CERDO SIN HUESO,2020-11-01,011202,D_city,8632.422758423167
BOGOTÁ D.C.,CARNE DE CERDO SIN HUESO,2020-12-01,011202,D_city,8880.930183803264
BOGOTÁ D.C.,CARNE DE CERDO SIN HUESO,2021-01-01,011202,D_city,9001.690572310692
BOGOTÁ D.C.,CARNE DE CERDO SIN HUESO,2021-02-01,011202,D_city,9041.051627232648
BOGOTÁ D.C.,CARNE DE CERDO SIN HUESO,2021-03-01,011202,D_city,9054.784808029985
BOGOTÁ D.C.,CARNE DE CERDO SIN HUESO,2021-04-01,011202,D_city,9249.022032686507
BOGOTÁ D.C.,CARNE DE CERDO SIN HUESO,2021-05-01,011202,D_city,9713.672754597354
BOGOTÁ D.C.,CARNE DE CERDO SIN HUESO,2021-06-01,011202,D_city,9719.191118399993
BOGOTÁ D.C.,CARNE DE CERDO SIN HUESO,2021-07-01,011202,D_city,9813.95418308364
BOGOTÁ D.C.,CARNE DE CERDO SIN HUESO,2021-08-01,011202,D_city,10048.812587535489
BOGOTÁ D.C.,CARNE DE CERDO SIN HUESO,2021-09-01,011202,D_city,10264.639134227535
BOGOTÁ D.C.,CARNE DE CERDO SIN HUESO,2021-10-01,011202,D_city,10460.42528244536
BOGOTÁ D.C.,CARNE DE CERDO SIN HUESO,2021-11-01,011202,D_city,10621.293126551593
BOGOTÁ D.C.,CARNE DE CERDO SIN HUESO,2021-12-01,011202,D_city,10929.59391472275
BOGOTÁ D.C.,CARNE DE CERDO SIN HUESO,2022-01-01,011202,D_city,11152.13888207068
BOGOTÁ D.C.,CARNE DE CERDO SIN HUESO,2022-02-01,011202,D_city,11235.666805149214
BOGOTÁ D.C.,CARNE DE CERDO SIN HUESO,2022-03-01,011202,D_city,11283.016941809161
BOGOTÁ D.C.,CARNE DE CERDO SIN HUESO,2022-04-01,011202,D_city,11219.886258139042
BOGOTÁ D.C.,CARNE DE CERDO SIN HUESO,2022-05-01,011202,D_city,11189.257483447731
BOGOTÁ D.C.,CARNE DE CERDO SIN HUESO,2022-06-01,011202,D_city,11273.731598298797
BOGOTÁ D.C.,CARNE DE CERDO SIN HUESO,2022-07-01,011202,D_city,11276.517150033445
BOGOTÁ D.C.,CARNE DE CERDO SIN HUESO,2022-08-01,011202,D_city,11442.80102330376
BOGOTÁ D.C.,CARNE DE CERDO SIN HUESO,2022-09-01,011202,D_city,11597.146650786364
BOGOTÁ D.C.,CARNE DE CERDO SIN HUESO,2022-10-01,011202,D_city,11708.803743488836
BOGOTÁ D.C.,CARNE DE CERDO SIN HUESO,2022-11-01,011202,D_city,11962.1444545168
BOGOTÁ D.C.,CARNE DE CERDO SIN HUESO,2022-12-01,011202,D_city,12580.154035025857
BOGOTÁ D.C.,CARNE DE CERDO SIN HUESO,2023-01-01,011202,D_city,12887.084947923195
BOGOTÁ D.C.,CARNE DE CERDO SIN HUESO,2023-02-01,011202,D_city,13182.291675551005
BOGOTÁ D.C.,CARNE DE CERDO SIN HUESO,2023-03-01,011202,D_city,13531.461232420408
BOGOTÁ D.C.,CARNE DE CERDO SIN HUESO,2023-04-01,011202,D_city,13747.635133829148
BOGOTÁ D.C.,CARNE DE CERDO SIN HUESO,2023-05-01,011202,D_city,13859.567213434604
BOGOTÁ D.C.,CARNE DE CERDO SIN HUESO,2023-06-01,011202,D_city,13743.873720285392
BOGOTÁ D.C.,CARNE DE CERDO SIN HUESO,2023-07-01,011202,D_city,13826.639992880331
BOGOTÁ D.C.,CARNE DE CERDO SIN HUESO,2023-08-01,011202,D_city,13829.46212981582
BOGOTÁ D.C.,CARNE DE CERDO SIN HUESO,2023-09-01,011202,D_city,13981.912029310639
BOGOTÁ D.C.,CARNE DE CERDO SIN HUESO,2023-10-01,011202,D_city,13884.971630358
BOGOTÁ D.C.,CARNE DE CERDO SIN HUESO,2023-11-01,011202,D_city,13880.26688434447
BOGOTÁ D.C.,CARNE DE CERDO SIN HUESO,2023-12-01,011202,D_city,13833.225036335829
BOGOTÁ D.C.,CARNE DE CERDO SIN HUESO,2024-01-01,011202,D_city,13946.142592129696
BOGOTÁ D.C.,CARNE DE CERDO SIN HUESO,2024-02-01,011202,D_city,13904.732676208692
BOGOTÁ D.C.,CARNE DE CERDO SIN HUESO,2024-03-01,011202,D_city,14029.927573027708
BOGOTÁ D.C.,CARNE DE CERDO SIN HUESO,2024-04-01,011202,D_city,13875.562240279054
BOGOTÁ D.C.,CARNE DE CERDO SIN HUESO,2024-05-01,011202,D_city,13856.744684101772
BOGOTÁ D.C.,CARNE DE CERDO SIN HUESO,2024-06-01,011202,D_city,14012.038199461802
BOGOTÁ D.C.,CARNE DE CERDO SIN HUESO,2024-07-01,011202,D_city,14054.410131488561
BOGOTÁ D.C.,CARNE DE CERDO SIN HUESO,2024-08-01,011202,D_city,14018.628851520833
BOGOTÁ D.C.,CARNE DE CERDO SIN HUESO,2024-09-01,011202,D_city,14041.226876288947
BOGOTÁ D.C.,CARNE DE CERDO SIN HUESO,2024-10-01,011202,D_city,14075.12827251866
BOGOTÁ D.C.,CARNE DE CERDO SIN HUESO,2024-11-01,011202,D_city,14046.87674594983
BOGOTÁ D.C.,CARNE DE CERDO SIN HUESO,2024-12-01,011202,D_city,14369.1579171056
BOGOTÁ D.C.,CARNE DE RES CON HUESO,2019-01-01,011201,D_city,4678.394777770935
BOGOTÁ D.C.,CARNE DE RES CON HUESO,2019-02-01,011201,D_city,4649.086041303636
BOGOTÁ D.C.,CARNE DE RES CON HUESO,2019-03-01,011201,D_city,4663.2785340916025
BOGOTÁ D.C.,CARNE DE RES CON HUESO,2019-04-01,011201,D_city,4648.4547898716255
BOGOTÁ D.C.,CARNE DE RES CON HUESO,2019-05-01,011201,D_city,4701.967924833077
BOGOTÁ D.C.,CARNE DE RES CON HUESO,2019-06-01,011201,D_city,4782.949693468854
BOGOTÁ D.C.,CARNE DE RES CON HUESO,2019-07-01,011201,D_city,4779.835025237361
BOGOTÁ D.C.,CARNE DE RES CON HUESO,2019-08-01,011201,D_city,4756.13217285692
BOGOTÁ D.C.,CARNE DE RES CON HUESO,2019-09-01,011201,D_city,4764.247299474264
BOGOTÁ D.C.,CARNE DE RES CON HUESO,2019-10-01,011201,D_city,4732.373486292798
BOGOTÁ D.C.,CARNE DE RES CON HUESO,2019-11-01,011201,D_city,4748.01051170886
BOGOTÁ D.C.,CARNE DE RES CON HUESO,2019-12-01,011201,D_city,4756.444413803535
BOGOTÁ D.C.,CARNE DE RES CON HUESO,2020-01-01,011201,D_city,4762.999242913647
BOGOTÁ D.C.,CARNE DE RES CON HUESO,2020-02-01,011201,D_city,4786.997332918673
BOGOTÁ D.C.,CARNE DE RES CON HUESO,2020-03-01,011201,D_city,4783.261107684251
BOGOTÁ D.C.,CARNE DE RES CON HUESO,2020-04-01,011201,D_city,4819.320593705668
BOGOTÁ D.C.,CARNE DE RES CON HUESO,2020-05-01,011201,D_city,4811.559933379162
BOGOTÁ D.C.,CARNE DE RES CON HUESO,2020-06-01,011201,D_city,4808.764650585604
BOGOTÁ D.C.,CARNE DE RES CON HUESO,2020-07-01,011201,D_city,4822.112988939381
BOGOTÁ D.C.,CARNE DE RES CON HUESO,2020-08-01,011201,D_city,4789.176162715075
BOGOTÁ D.C.,CARNE DE RES CON HUESO,2020-09-01,011201,D_city,4809.696496631432
BOGOTÁ D.C.,CARNE DE RES CON HUESO,2020-10-01,011201,D_city,4841.948087578493
BOGOTÁ D.C.,CARNE DE RES CON HUESO,2020-11-01,011201,D_city,4856.490116979292
BOGOTÁ D.C.,CARNE DE RES CON HUESO,2020-12-01,011201,D_city,4878.110484202386
BOGOTÁ D.C.,CARNE DE RES CON HUESO,2021-01-01,011201,D_city,4930.430123034516
BOGOTÁ D.C.,CARNE DE RES CON HUESO,2021-02-01,011201,D_city,4943.315814053632
BOGOTÁ D.C.,CARNE DE RES CON HUESO,2021-03-01,011201,D_city,4966.2866816223695
BOGOTÁ D.C.,CARNE DE RES CON HUESO,2021-04-01,011201,D_city,5099.452190000173
BOGOTÁ D.C.,CARNE DE RES CON HUESO,2021-05-01,011201,D_city,5395.476297221805
BOGOTÁ D.C.,CARNE DE RES CON HUESO,2021-06-01,011201,D_city,5421.338145931902
BOGOTÁ D.C.,CARNE DE RES CON HUESO,2021-07-01,011201,D_city,5479.023799829297
BOGOTÁ D.C.,CARNE DE RES CON HUESO,2021-08-01,011201,D_city,5544.5601402906905
BOGOTÁ D.C.,CARNE DE RES CON HUESO,2021-09-01,011201,D_city,5575.308649244651
BOGOTÁ D.C.,CARNE DE RES CON HUESO,2021-10-01,011201,D_city,5638.584560001772
BOGOTÁ D.C.,CARNE DE RES CON HUESO,2021-11-01,011201,D_city,5711.5563458342685
BOGOTÁ D.C.,CARNE DE RES CON HUESO,2021-12-01,011201,D_city,5829.279071194346
BOGOTÁ D.C.,CARNE DE RES CON HUESO,2022-01-01,011201,D_city,5934.081803013427
BOGOTÁ D.C.,CARNE DE RES CON HUESO,2022-02-01,011201,D_city,5988.257658397682
BOGOTÁ D.C.,CARNE DE RES CON HUESO,2022-03-01,011201,D_city,6033.832970224313
BOGOTÁ D.C.,CARNE DE RES CON HUESO,2022-04-01,011201,D_city,6108.416094073662
BOGOTÁ D.C.,CARNE DE RES CON HUESO,2022-05-01,011201,D_city,6221.144065140899
BOGOTÁ D.C.,CARNE DE RES CON HUESO,2022-06-01,011201,D_city,6319.815647779451
BOGOTÁ D.C.,CARNE DE RES CON HUESO,2022-07-01,011201,D_city,6383.292293424831
BOGOTÁ D.C.,CARNE DE RES CON HUESO,2022-08-01,011201,D_city,6448.3662639289805
BOGOTÁ D.C.,CARNE DE RES CON HUESO,2022-09-01,011201,D_city,6496.160511323719
BOGOTÁ D.C.,CARNE DE RES CON HUESO,2022-10-01,011201,D_city,6507.746505227194
BOGOTÁ D.C.,CARNE DE RES CON HUESO,2022-11-01,011201,D_city,6523.0897089461005
BOGOTÁ D.C.,CARNE DE RES CON HUESO,2022-12-01,011201,D_city,6642.029189317527
BOGOTÁ D.C.,CARNE DE RES CON HUESO,2023-01-01,011201,D_city,6670.276081351448
BOGOTÁ D.C.,CARNE DE RES CON HUESO,2023-02-01,011201,D_city,6728.722568356363
BOGOTÁ D.C.,CARNE DE RES CON HUESO,2023-03-01,011201,D_city,6758.914439860452
BOGOTÁ D.C.,CARNE DE RES CON HUESO,2023-04-01,011201,D_city,6815.946498539906
BOGOTÁ D.C.,CARNE DE RES CON HUESO,2023-05-01,011201,D_city,6838.064898607658
BOGOTÁ D.C.,CARNE DE RES CON HUESO,2023-06-01,011201,D_city,6838.854217202051
BOGOTÁ D.C.,CARNE DE RES CON HUESO,2023-07-01,011201,D_city,6867.766314185912
BOGOTÁ D.C.,CARNE DE RES CON HUESO,2023-08-01,011201,D_city,6870.916887444289
BOGOTÁ D.C.,CARNE DE RES CON HUESO,2023-09-01,011201,D_city,6874.85414631904
BOGOTÁ D.C.,CARNE DE RES CON HUESO,2023-10-01,011201,D_city,6832.538464864569
BOGOTÁ D.C.,CARNE DE RES CON HUESO,2023-11-01,011201,D_city,6871.9669271492585
BOGOTÁ D.C.,CARNE DE RES CON HUESO,2023-12-01,011201,D_city,6873.8043146061345
BOGOTÁ D.C.,CARNE DE RES CON HUESO,2024-01-01,011201,D_city,6907.3615468847765
BOGOTÁ D.C.,CARNE DE RES CON HUESO,2024-02-01,011201,D_city,6894.000319577747
BOGOTÁ D.C.,CARNE DE RES CON HUESO,2024-03-01,011201,D_city,6901.599376237394
BOGOTÁ D.C.,CARNE DE RES CON HUESO,2024-04-01,011201,D_city,6872.491918630418
BOGOTÁ D.C.,CARNE DE RES CON HUESO,2024-05-01,011201,D_city,6869.604231391644
BOGOTÁ D.C.,CARNE DE RES CON HUESO,2024-06-01,011201,D_city,6855.682796291992
BOGOTÁ D.C.,CARNE DE RES CON HUESO,2024-07-01,011201,D_city,6858.047752661044
BOGOTÁ D.C.,CARNE DE RES CON HUESO,2024-08-01,011201,D_city,6827.009922486626
BOGOTÁ D.C.,CARNE DE RES CON HUESO,2024-09-01,011201,D_city,6829.379556204332
BOGOTÁ D.C.,CARNE DE RES CON HUESO,2024-10-01,011201,D_city,6819.635246812374
BOGOTÁ D.C.,CARNE DE RES CON HUESO,2024-11-01,011201,D_city,6834.38084357471
BOGOTÁ D.C.,CARNE DE RES CON HUESO,2024-12-01,011201,D_city,6854.368765403155
BOGOTÁ D.C.,CARNE DE RES SIN HUESO,2019-01-01,011201,D_city,10599.45683942836
BOGOTÁ D.C.,CARNE DE RES SIN HUESO,2019-02-01,011201,D_city,10498.678100199411
BOGOTÁ D.C.,CARNE DE RES SIN HUESO,2019-03-01,011201,D_city,10547.438160514817
BOGOTÁ D.C.,CARNE DE RES SIN HUESO,2019-04-01,011201,D_city,10496.511154280344
BOGOTÁ D.C.,CARNE DE RES SIN HUESO,2019-05-01,011201,D_city,10680.752361924497
BOGOTÁ D.C.,CARNE DE RES SIN HUESO,2019-06-01,011201,D_city,10961.644258002087
BOGOTÁ D.C.,CARNE DE RES SIN HUESO,2019-07-01,011201,D_city,10950.794698369418
BOGOTÁ D.C.,CARNE DE RES SIN HUESO,2019-08-01,011201,D_city,10868.349304517149
BOGOTÁ D.C.,CARNE DE RES SIN HUESO,2019-09-01,011201,D_city,10896.552064041261
BOGOTÁ D.C.,CARNE DE RES SIN HUESO,2019-10-01,011201,D_city,10785.923911406213
BOGOTÁ D.C.,CARNE DE RES SIN HUESO,2019-11-01,011201,D_city,10840.14888578236
BOGOTÁ D.C.,CARNE DE RES SIN HUESO,2019-12-01,011201,D_city,10869.433982789871
BOGOTÁ D.C.,CARNE DE RES SIN HUESO,2020-01-01,011201,D_city,10892.213025829049
BOGOTÁ D.C.,CARNE DE RES SIN HUESO,2020-02-01,011201,D_city,10975.749199025919
BOGOTÁ D.C.,CARNE DE RES SIN HUESO,2020-03-01,011201,D_city,10962.729232863707
BOGOTÁ D.C.,CARNE DE RES SIN HUESO,2020-04-01,011201,D_city,11088.609542982293
BOGOTÁ D.C.,CARNE DE RES SIN HUESO,2020-05-01,011201,D_city,11061.47628351869
BOGOTÁ D.C.,CARNE DE RES SIN HUESO,2020-06-01,011201,D_city,11051.70883098741
BOGOTÁ D.C.,CARNE DE RES SIN HUESO,2020-07-01,011201,D_city,11098.378036580421
BOGOTÁ D.C.,CARNE DE RES SIN HUESO,2020-08-01,011201,D_city,10983.344407482411
BOGOTÁ D.C.,CARNE DE RES SIN HUESO,2020-09-01,011201,D_city,11054.964617829019
BOGOTÁ D.C.,CARNE DE RES SIN HUESO,2020-10-01,011201,D_city,11167.850798514948
BOGOTÁ D.C.,CARNE DE RES SIN HUESO,2020-11-01,011201,D_city,11218.878668167805
BOGOTÁ D.C.,CARNE DE RES SIN HUESO,2020-12-01,011201,D_city,11294.89137813349
BOGOTÁ D.C.,CARNE DE RES SIN HUESO,2021-01-01,011201,D_city,11479.56161048923
BOGOTÁ D.C.,CARNE DE RES SIN HUESO,2021-02-01,011201,D_city,11525.20072299326
BOGOTÁ D.C.,CARNE DE RES SIN HUESO,2021-03-01,011201,D_city,11606.713504924506
BOGOTÁ D.C.,CARNE DE RES SIN HUESO,2021-04-01,011201,D_city,12083.110159400363
BOGOTÁ D.C.,CARNE DE RES SIN HUESO,2021-05-01,011201,D_city,13165.355203935493
BOGOTÁ D.C.,CARNE DE RES SIN HUESO,2021-06-01,011201,D_city,13261.405128037537
BOGOTÁ D.C.,CARNE DE RES SIN HUESO,2021-07-01,011201,D_city,13476.506443562412
BOGOTÁ D.C.,CARNE DE RES SIN HUESO,2021-08-01,011201,D_city,13722.314859027983
BOGOTÁ D.C.,CARNE DE RES SIN HUESO,2021-09-01,011201,D_city,13838.166916189473
BOGOTÁ D.C.,CARNE DE RES SIN HUESO,2021-10-01,011201,D_city,14077.619657636264
BOGOTÁ D.C.,CARNE DE RES SIN HUESO,2021-11-01,011201,D_city,14355.504240549551
BOGOTÁ D.C.,CARNE DE RES SIN HUESO,2021-12-01,011201,D_city,14807.706415072427
BOGOTÁ D.C.,CARNE DE RES SIN HUESO,2022-01-01,011201,D_city,15214.29934351856
BOGOTÁ D.C.,CARNE DE RES SIN HUESO,2022-02-01,011201,D_city,15425.95345886564
BOGOTÁ D.C.,CARNE DE RES SIN HUESO,2022-03-01,011201,D_city,15604.78040833574
BOGOTÁ D.C.,CARNE DE RES SIN HUESO,2022-04-01,011201,D_city,15898.944854719244
BOGOTÁ D.C.,CARNE DE RES SIN HUESO,2022-05-01,011201,D_city,16347.1107860856
BOGOTÁ D.C.,CARNE DE RES SIN HUESO,2022-06-01,011201,D_city,16742.87834813967
BOGOTÁ D.C.,CARNE DE RES SIN HUESO,2022-07-01,011201,D_city,16999.187972566815
BOGOTÁ D.C.,CARNE DE RES SIN HUESO,2022-08-01,011201,D_city,17263.32717905761
BOGOTÁ D.C.,CARNE DE RES SIN HUESO,2022-09-01,011201,D_city,17458.21281865665
BOGOTÁ D.C.,CARNE DE RES SIN HUESO,2022-10-01,011201,D_city,17505.568455559074
BOGOTÁ D.C.,CARNE DE RES SIN HUESO,2022-11-01,011201,D_city,17568.34852178661
BOGOTÁ D.C.,CARNE DE RES SIN HUESO,2022-12-01,011201,D_city,18057.616046997042
BOGOTÁ D.C.,CARNE DE RES SIN HUESO,2023-01-01,011201,D_city,18174.486325757407
BOGOTÁ D.C.,CARNE DE RES SIN HUESO,2023-02-01,011201,D_city,18417.123855924612
BOGOTÁ D.C.,CARNE DE RES SIN HUESO,2023-03-01,011201,D_city,18542.89453057377
BOGOTÁ D.C.,CARNE DE RES SIN HUESO,2023-04-01,011201,D_city,18781.271569424556
BOGOTÁ D.C.,CARNE DE RES SIN HUESO,2023-05-01,011201,D_city,18873.999961994046
BOGOTÁ D.C.,CARNE DE RES SIN HUESO,2023-06-01,011201,D_city,18877.311960262417
BOGOTÁ D.C.,CARNE DE RES SIN HUESO,2023-07-01,011201,D_city,18998.764707480106
BOGOTÁ D.C.,CARNE DE RES SIN HUESO,2023-08-01,011201,D_city,19012.015603499258
BOGOTÁ D.C.,CARNE DE RES SIN HUESO,2023-09-01,011201,D_city,19028.57963894498
BOGOTÁ D.C.,CARNE DE RES SIN HUESO,2023-10-01,011201,D_city,18850.816494821804
BOGOTÁ D.C.,CARNE DE RES SIN HUESO,2023-11-01,011201,D_city,19016.432634498957
BOGOTÁ D.C.,CARNE DE RES SIN HUESO,2023-12-01,011201,D_city,19024.16251771268
BOGOTÁ D.C.,CARNE DE RES SIN HUESO,2024-01-01,011201,D_city,19165.526629968008
BOGOTÁ D.C.,CARNE DE RES SIN HUESO,2024-02-01,011201,D_city,19109.197855509876
BOGOTÁ D.C.,CARNE DE RES SIN HUESO,2024-03-01,011201,D_city,19141.227292547734
BOGOTÁ D.C.,CARNE DE RES SIN HUESO,2024-04-01,011201,D_city,19018.641162306034
BOGOTÁ D.C.,CARNE DE RES SIN HUESO,2024-05-01,011201,D_city,19006.494360910947
BOGOTÁ D.C.,CARNE DE RES SIN HUESO,2024-06-01,011201,D_city,18947.972346354556
BOGOTÁ D.C.,CARNE DE RES SIN HUESO,2024-07-01,011201,D_city,18957.909639901023
BOGOTÁ D.C.,CARNE DE RES SIN HUESO,2024-08-01,011201,D_city,18827.633939635027
BOGOTÁ D.C.,CARNE DE RES SIN HUESO,2024-09-01,011201,D_city,18837.56920869031
BOGOTÁ D.C.,CARNE DE RES SIN HUESO,2024-10-01,011201,D_city,18796.725286513705
BOGOTÁ D.C.,CARNE DE RES SIN HUESO,2024-11-01,011201,D_city,18858.544215932667
BOGOTÁ D.C.,CARNE DE RES SIN HUESO,2024-12-01,011201,D_city,18942.451699744735
BOGOTÁ D.C.,CEBOLLA CABEZONA,2019-01-01,011714,D_city,2417.570571487919
BOGOTÁ D.C.,CEBOLLA CABEZONA,2019-02-01,011714,D_city,2338.5497688697415
BOGOTÁ D.C.,CEBOLLA CABEZONA,2019-03-01,011714,D_city,2170.0217147721623
BOGOTÁ D.C.,CEBOLLA CABEZONA,2019-04-01,011714,D_city,2084.980028717417
BOGOTÁ D.C.,CEBOLLA CABEZONA,2019-05-01,011714,D_city,1906.4180803439722
BOGOTÁ D.C.,CEBOLLA CABEZONA,2019-06-01,011714,D_city,1878.6122016739655
BOGOTÁ D.C.,CEBOLLA CABEZONA,2019-07-01,011714,D_city,2393.685767918431
BOGOTÁ D.C.,CEBOLLA CABEZONA,2019-08-01,011714,D_city,2345.6252276840914
BOGOTÁ D.C.,CEBOLLA CABEZONA,2019-09-01,011714,D_city,2281.217922259272
BOGOTÁ D.C.,CEBOLLA CABEZONA,2019-10-01,011714,D_city,2134.212706551081
BOGOTÁ D.C.,CEBOLLA CABEZONA,2019-11-01,011714,D_city,1890.1140780724359
BOGOTÁ D.C.,CEBOLLA CABEZONA,2019-12-01,011714,D_city,1674.4207506007156
BOGOTÁ D.C.,CEBOLLA CABEZONA,2020-01-01,011714,D_city,1686.0434795980696
BOGOTÁ D.C.,CEBOLLA CABEZONA,2020-02-01,011714,D_city,1562.5564089221577
BOGOTÁ D.C.,CEBOLLA CABEZONA,2020-03-01,011714,D_city,1872.3256212677331
BOGOTÁ D.C.,CEBOLLA CABEZONA,2020-04-01,011714,D_city,2002.0557442015981
BOGOTÁ D.C.,CEBOLLA CABEZONA,2020-05-01,011714,D_city,2150.309658965373
BOGOTÁ D.C.,CEBOLLA CABEZONA,2020-06-01,011714,D_city,2608.2593561333124
BOGOTÁ D.C.,CEBOLLA CABEZONA,2020-07-01,011714,D_city,2615.9843206523915
BOGOTÁ D.C.,CEBOLLA CABEZONA,2020-08-01,011714,D_city,2556.8954967228246
BOGOTÁ D.C.,CEBOLLA CABEZONA,2020-09-01,011714,D_city,2342.8857524312043
BOGOTÁ D.C.,CEBOLLA CABEZONA,2020-10-01,011714,D_city,2138.234314222023
BOGOTÁ D.C.,CEBOLLA CABEZONA,2020-11-01,011714,D_city,2096.3177399756573
BOGOTÁ D.C.,CEBOLLA CABEZONA,2020-12-01,011714,D_city,2071.2161635615225
BOGOTÁ D.C.,CEBOLLA CABEZONA,2021-01-01,011714,D_city,2346.995243643237
BOGOTÁ D.C.,CEBOLLA CABEZONA,2021-02-01,011714,D_city,2650.694604437552
BOGOTÁ D.C.,CEBOLLA CABEZONA,2021-03-01,011714,D_city,2770.635043678387
BOGOTÁ D.C.,CEBOLLA CABEZONA,2021-04-01,011714,D_city,2926.5934926210607
BOGOTÁ D.C.,CEBOLLA CABEZONA,2021-05-01,011714,D_city,2938.616348844803
BOGOTÁ D.C.,CEBOLLA CABEZONA,2021-06-01,011714,D_city,2030.7143550165626
BOGOTÁ D.C.,CEBOLLA CABEZONA,2021-07-01,011714,D_city,1595.8851731262243
BOGOTÁ D.C.,CEBOLLA CABEZONA,2021-08-01,011714,D_city,1490.635350302844
BOGOTÁ D.C.,CEBOLLA CABEZONA,2021-09-01,011714,D_city,1490.0187723657775
BOGOTÁ D.C.,CEBOLLA CABEZONA,2021-10-01,011714,D_city,1569.4170996778075
BOGOTÁ D.C.,CEBOLLA CABEZONA,2021-11-01,011714,D_city,1683.0831984188535
BOGOTÁ D.C.,CEBOLLA CABEZONA,2021-12-01,011714,D_city,1774.7654920051416
BOGOTÁ D.C.,CEBOLLA CABEZONA,2022-01-01,011714,D_city,2261.9545042672507
BOGOTÁ D.C.,CEBOLLA CABEZONA,2022-02-01,011714,D_city,2732.489389317624
BOGOTÁ D.C.,CEBOLLA CABEZONA,2022-03-01,011714,D_city,3410.6984310316916
BOGOTÁ D.C.,CEBOLLA CABEZONA,2022-04-01,011714,D_city,3946.832315937408
BOGOTÁ D.C.,CEBOLLA CABEZONA,2022-05-01,011714,D_city,3856.6547667593136
BOGOTÁ D.C.,CEBOLLA CABEZONA,2022-06-01,011714,D_city,3232.255849699854
BOGOTÁ D.C.,CEBOLLA CABEZONA,2022-07-01,011714,D_city,3349.565595608392
BOGOTÁ D.C.,CEBOLLA CABEZONA,2022-08-01,011714,D_city,3962.295520125643
BOGOTÁ D.C.,CEBOLLA CABEZONA,2022-09-01,011714,D_city,4468.601451110472
BOGOTÁ D.C.,CEBOLLA CABEZONA,2022-10-01,011714,D_city,4521.168169584097
BOGOTÁ D.C.,CEBOLLA CABEZONA,2022-11-01,011714,D_city,4480.801201138544
BOGOTÁ D.C.,CEBOLLA CABEZONA,2022-12-01,011714,D_city,5358.307654351923
BOGOTÁ D.C.,CEBOLLA CABEZONA,2023-01-01,011714,D_city,6397.053323378155
BOGOTÁ D.C.,CEBOLLA CABEZONA,2023-02-01,011714,D_city,6297.541296469677
BOGOTÁ D.C.,CEBOLLA CABEZONA,2023-03-01,011714,D_city,6134.684392630063
BOGOTÁ D.C.,CEBOLLA CABEZONA,2023-04-01,011714,D_city,5078.804473600815
BOGOTÁ D.C.,CEBOLLA CABEZONA,2023-05-01,011714,D_city,3841.0323206832204
BOGOTÁ D.C.,CEBOLLA CABEZONA,2023-06-01,011714,D_city,3251.2063729799434
BOGOTÁ D.C.,CEBOLLA CABEZONA,2023-07-01,011714,D_city,3237.175593166072
BOGOTÁ D.C.,CEBOLLA CABEZONA,2023-08-01,011714,D_city,4689.635264700739
BOGOTÁ D.C.,CEBOLLA CABEZONA,2023-09-01,011714,D_city,6046.091492435018
BOGOTÁ D.C.,CEBOLLA CABEZONA,2023-10-01,011714,D_city,5100.117859642582
BOGOTÁ D.C.,CEBOLLA CABEZONA,2023-11-01,011714,D_city,4317.548594018236
BOGOTÁ D.C.,CEBOLLA CABEZONA,2023-12-01,011714,D_city,4085.464235630002
BOGOTÁ D.C.,CEBOLLA CABEZONA,2024-01-01,011714,D_city,3877.42202342472
BOGOTÁ D.C.,CEBOLLA CABEZONA,2024-02-01,011714,D_city,3526.1965586181504
BOGOTÁ D.C.,CEBOLLA CABEZONA,2024-03-01,011714,D_city,3335.932838449445
BOGOTÁ D.C.,CEBOLLA CABEZONA,2024-04-01,011714,D_city,3342.8715400892224
BOGOTÁ D.C.,CEBOLLA CABEZONA,2024-05-01,011714,D_city,3425.896962725193
BOGOTÁ D.C.,CEBOLLA CABEZONA,2024-06-01,011714,D_city,4481.066498735074
BOGOTÁ D.C.,CEBOLLA CABEZONA,2024-07-01,011714,D_city,5640.954423056944
BOGOTÁ D.C.,CEBOLLA CABEZONA,2024-08-01,011714,D_city,5088.092379086371
BOGOTÁ D.C.,CEBOLLA CABEZONA,2024-09-01,011714,D_city,4367.32603204282
BOGOTÁ D.C.,CEBOLLA CABEZONA,2024-10-01,011714,D_city,3568.415893075231
BOGOTÁ D.C.,CEBOLLA CABEZONA,2024-11-01,011714,D_city,3064.812152807351
BOGOTÁ D.C.,CEBOLLA CABEZONA,2024-12-01,011714,D_city,3288.196556567308
BOGOTÁ D.C.,CEBOLLA LARGA,2019-01-01,011714,D_city,1794.9339720065934
BOGOTÁ D.C.,CEBOLLA LARGA,2019-02-01,011714,D_city,1765.598137315969
BOGOTÁ D.C.,CEBOLLA LARGA,2019-03-01,011714,D_city,1701.3154998980065
BOGOTÁ D.C.,CEBOLLA LARGA,2019-04-01,011714,D_city,1667.9212215976238
BOGOTÁ D.C.,CEBOLLA LARGA,2019-05-01,011714,D_city,1595.4910903031966
BOGOTÁ D.C.,CEBOLLA LARGA,2019-06-01,011714,D_city,1583.9091011102169
BOGOTÁ D.C.,CEBOLLA LARGA,2019-07-01,011714,D_city,1786.1185853543145
BOGOTÁ D.C.,CEBOLLA LARGA,2019-08-01,011714,D_city,1768.2450146626636
BOGOTÁ D.C.,CEBOLLA LARGA,2019-09-01,011714,D_city,1744.0000740040541
BOGOTÁ D.C.,CEBOLLA LARGA,2019-10-01,011714,D_city,1687.335871549736
BOGOTÁ D.C.,CEBOLLA LARGA,2019-11-01,011714,D_city,1588.7103907718977
BOGOTÁ D.C.,CEBOLLA LARGA,2019-12-01,011714,D_city,1496.0652766786288
BOGOTÁ D.C.,CEBOLLA LARGA,2020-01-01,011714,D_city,1501.205724498482
BOGOTÁ D.C.,CEBOLLA LARGA,2020-02-01,011714,D_city,1445.6402117092196
BOGOTÁ D.C.,CEBOLLA LARGA,2020-03-01,011714,D_city,1581.2785957710985
BOGOTÁ D.C.,CEBOLLA LARGA,2020-04-01,011714,D_city,1634.6904400722754
BOGOTÁ D.C.,CEBOLLA LARGA,2020-05-01,011714,D_city,1693.6345430662802
BOGOTÁ D.C.,CEBOLLA LARGA,2020-06-01,011714,D_city,1863.7943771714615
BOGOTÁ D.C.,CEBOLLA LARGA,2020-07-01,011714,D_city,1866.5295492522123
BOGOTÁ D.C.,CEBOLLA LARGA,2020-08-01,011714,D_city,1845.5032033380144
BOGOTÁ D.C.,CEBOLLA LARGA,2020-09-01,011714,D_city,1767.220675184138
BOGOTÁ D.C.,CEBOLLA LARGA,2020-10-01,011714,D_city,1688.911748142647
BOGOTÁ D.C.,CEBOLLA LARGA,2020-11-01,011714,D_city,1672.4124977449933
BOGOTÁ D.C.,CEBOLLA LARGA,2020-12-01,011714,D_city,1662.4522796770425
BOGOTÁ D.C.,CEBOLLA LARGA,2021-01-01,011714,D_city,1768.7570622475193
BOGOTÁ D.C.,CEBOLLA LARGA,2021-02-01,011714,D_city,1878.769434848557
BOGOTÁ D.C.,CEBOLLA LARGA,2021-03-01,011714,D_city,1920.4537696296854
BOGOTÁ D.C.,CEBOLLA LARGA,2021-04-01,011714,D_city,1973.3180589313313
BOGOTÁ D.C.,CEBOLLA LARGA,2021-05-01,011714,D_city,1977.3337298255535
BOGOTÁ D.C.,CEBOLLA LARGA,2021-06-01,011714,D_city,1646.2521112164418
BOGOTÁ D.C.,CEBOLLA LARGA,2021-07-01,011714,D_city,1460.848909247902
BOGOTÁ D.C.,CEBOLLA LARGA,2021-08-01,011714,D_city,1412.2535146362234
BOGOTÁ D.C.,CEBOLLA LARGA,2021-09-01,011714,D_city,1411.9638207572575
BOGOTÁ D.C.,CEBOLLA LARGA,2021-10-01,011714,D_city,1448.7841737866092
BOGOTÁ D.C.,CEBOLLA LARGA,2021-11-01,011714,D_city,1499.8981647590263
BOGOTÁ D.C.,CEBOLLA LARGA,2021-12-01,011714,D_city,1539.870692722604
BOGOTÁ D.C.,CEBOLLA LARGA,2022-01-01,011714,D_city,1736.6818578537625
BOGOTÁ D.C.,CEBOLLA LARGA,2022-02-01,011714,D_city,1907.2969949743408
BOGOTÁ D.C.,CEBOLLA LARGA,2022-03-01,011714,D_city,2128.936723397013
BOGOTÁ D.C.,CEBOLLA LARGA,2022-04-01,011714,D_city,2288.7762954037603
BOGOTÁ D.C.,CEBOLLA LARGA,2022-05-01,011714,D_city,2262.6942987138423
BOGOTÁ D.C.,CEBOLLA LARGA,2022-06-01,011714,D_city,2072.957617462541
BOGOTÁ D.C.,CEBOLLA LARGA,2022-07-01,011714,D_city,2109.928818406652
BOGOTÁ D.C.,CEBOLLA LARGA,2022-08-01,011714,D_city,2293.2184196268377
BOGOTÁ D.C.,CEBOLLA LARGA,2022-09-01,011714,D_city,2434.119703279674
BOGOTÁ D.C.,CEBOLLA LARGA,2022-10-01,011714,D_city,2448.2764628261866
BOGOTÁ D.C.,CEBOLLA LARGA,2022-11-01,011714,D_city,2437.4126710663277
BOGOTÁ D.C.,CEBOLLA LARGA,2022-12-01,011714,D_city,2663.446607415575
BOGOTÁ D.C.,CEBOLLA LARGA,2023-01-01,011714,D_city,2908.0513990760805
BOGOTÁ D.C.,CEBOLLA LARGA,2023-02-01,011714,D_city,2885.531033462287
BOGOTÁ D.C.,CEBOLLA LARGA,2023-03-01,011714,D_city,2848.2846121983803
BOGOTÁ D.C.,CEBOLLA LARGA,2023-04-01,011714,D_city,2593.6244335255924
BOGOTÁ D.C.,CEBOLLA LARGA,2023-05-01,011714,D_city,2258.1447001904126
BOGOTÁ D.C.,CEBOLLA LARGA,2023-06-01,011714,D_city,2078.9753140484127
BOGOTÁ D.C.,CEBOLLA LARGA,2023-07-01,011714,D_city,2074.521576681491
BOGOTÁ D.C.,CEBOLLA LARGA,2023-08-01,011714,D_city,2493.0959087659467
BOGOTÁ D.C.,CEBOLLA LARGA,2023-09-01,011714,D_city,2827.8133591369287
BOGOTÁ D.C.,CEBOLLA LARGA,2023-10-01,011714,D_city,2599.015866013912
BOGOTÁ D.C.,CEBOLLA LARGA,2023-11-01,011714,D_city,2392.965672119304
BOGOTÁ D.C.,CEBOLLA LARGA,2023-12-01,011714,D_city,2328.293596664279
BOGOTÁ D.C.,CEBOLLA LARGA,2024-01-01,011714,D_city,2268.727818766002
BOGOTÁ D.C.,CEBOLLA LARGA,2024-02-01,011714,D_city,2164.3852634382506
BOGOTÁ D.C.,CEBOLLA LARGA,2024-03-01,011714,D_city,2105.6662236260486
BOGOTÁ D.C.,CEBOLLA LARGA,2024-04-01,011714,D_city,2107.836863252579
BOGOTÁ D.C.,CEBOLLA LARGA,2024-05-01,011714,D_city,2133.6356521875055
BOGOTÁ D.C.,CEBOLLA LARGA,2024-06-01,011714,D_city,2437.4842301919193
BOGOTÁ D.C.,CEBOLLA LARGA,2024-07-01,011714,D_city,2732.210704087921
BOGOTÁ D.C.,CEBOLLA LARGA,2024-08-01,011714,D_city,2595.975300885906
BOGOTÁ D.C.,CEBOLLA LARGA,2024-09-01,011714,D_city,2406.6064739616572
BOGOTÁ D.C.,CEBOLLA LARGA,2024-10-01,011714,D_city,2177.1967458187974
BOGOTÁ D.C.,CEBOLLA LARGA,2024-11-01,011714,D_city,2018.993770784356
BOGOTÁ D.C.,CEBOLLA LARGA,2024-12-01,011714,D_city,2090.670735467135
BOGOTÁ D.C.,CURUBAS,2019-01-01,011609,D_city,2095.9706090926434
BOGOTÁ D.C.,CURUBAS,2019-02-01,011609,D_city,2138.4983398244112
BOGOTÁ D.C.,CURUBAS,2019-03-01,011609,D_city,2424.8408603203993
BOGOTÁ D.C.,CURUBAS,2019-04-01,011609,D_city,2504.158432721445
BOGOTÁ D.C.,CURUBAS,2019-05-01,011609,D_city,2405.120577002644
BOGOTÁ D.C.,CURUBAS,2019-06-01,011609,D_city,2366.677270880562
BOGOTÁ D.C.,CURUBAS,2019-07-01,011609,D_city,2534.374971260768
BOGOTÁ D.C.,CURUBAS,2019-08-01,011609,D_city,2769.9715291198327
BOGOTÁ D.C.,CURUBAS,2019-09-01,011609,D_city,2975.188673796896
BOGOTÁ D.C.,CURUBAS,2019-10-01,011609,D_city,3000.389192282347
BOGOTÁ D.C.,CURUBAS,2019-11-01,011609,D_city,2727.6124988136135
BOGOTÁ D.C.,CURUBAS,2019-12-01,011609,D_city,2578.8509093103617
BOGOTÁ D.C.,CURUBAS,2020-01-01,011609,D_city,2561.742502119767
BOGOTÁ D.C.,CURUBAS,2020-02-01,011609,D_city,2708.4445354801833
BOGOTÁ D.C.,CURUBAS,2020-03-01,011609,D_city,3120.1000144256473
BOGOTÁ D.C.,CURUBAS,2020-04-01,011609,D_city,3165.59210655554
BOGOTÁ D.C.,CURUBAS,2020-05-01,011609,D_city,3064.2618322838266
BOGOTÁ D.C.,CURUBAS,2020-06-01,011609,D_city,2875.27336309225
BOGOTÁ D.C.,CURUBAS,2020-07-01,011609,D_city,2712.035721561063
BOGOTÁ D.C.,CURUBAS,2020-08-01,011609,D_city,2699.173310771108
BOGOTÁ D.C.,CURUBAS,2020-09-01,011609,D_city,2866.761287364156
BOGOTÁ D.C.,CURUBAS,2020-10-01,011609,D_city,2937.802697970843
BOGOTÁ D.C.,CURUBAS,2020-11-01,011609,D_city,2924.350896601891
BOGOTÁ D.C.,CURUBAS,2020-12-01,011609,D_city,2770.573644464843
BOGOTÁ D.C.,CURUBAS,2021-01-01,011609,D_city,2843.0853961678304
BOGOTÁ D.C.,CURUBAS,2021-02-01,011609,D_city,2858.2560940183066
BOGOTÁ D.C.,CURUBAS,2021-03-01,011609,D_city,3014.2433294225566
BOGOTÁ D.C.,CURUBAS,2021-04-01,011609,D_city,3213.1437684612047
BOGOTÁ D.C.,CURUBAS,2021-05-01,011609,D_city,3736.884260961822
BOGOTÁ D.C.,CURUBAS,2021-06-01,011609,D_city,3417.3712156589586
BOGOTÁ D.C.,CURUBAS,2021-07-01,011609,D_city,3399.2137279446397
BOGOTÁ D.C.,CURUBAS,2021-08-01,011609,D_city,3726.762035550797
BOGOTÁ D.C.,CURUBAS,2021-09-01,011609,D_city,3925.981273760946
BOGOTÁ D.C.,CURUBAS,2021-10-01,011609,D_city,4075.727901012126
BOGOTÁ D.C.,CURUBAS,2021-11-01,011609,D_city,4011.3162260945005
BOGOTÁ D.C.,CURUBAS,2021-12-01,011609,D_city,3908.776024915264
BOGOTÁ D.C.,CURUBAS,2022-01-01,011609,D_city,4093.464928590675
BOGOTÁ D.C.,CURUBAS,2022-02-01,011609,D_city,4235.098658424032
BOGOTÁ D.C.,CURUBAS,2022-03-01,011609,D_city,4425.852933901211
BOGOTÁ D.C.,CURUBAS,2022-04-01,011609,D_city,4620.6052796555705
BOGOTÁ D.C.,CURUBAS,2022-05-01,011609,D_city,4655.943966220004
BOGOTÁ D.C.,CURUBAS,2022-06-01,011609,D_city,4603.654972895187
BOGOTÁ D.C.,CURUBAS,2022-07-01,011609,D_city,4600.543497442437
BOGOTÁ D.C.,CURUBAS,2022-08-01,011609,D_city,4729.627047945283
BOGOTÁ D.C.,CURUBAS,2022-09-01,011609,D_city,5048.031391318896
BOGOTÁ D.C.,CURUBAS,2022-10-01,011609,D_city,5265.557752840336
BOGOTÁ D.C.,CURUBAS,2022-11-01,011609,D_city,5069.6711973084375
BOGOTÁ D.C.,CURUBAS,2022-12-01,011609,D_city,4791.386220947658
BOGOTÁ D.C.,CURUBAS,2023-01-01,011609,D_city,4767.633708983213
BOGOTÁ D.C.,CURUBAS,2023-02-01,011609,D_city,5218.9903623450755
BOGOTÁ D.C.,CURUBAS,2023-03-01,011609,D_city,6059.525176125422
BOGOTÁ D.C.,CURUBAS,2023-04-01,011609,D_city,5779.608908004635
BOGOTÁ D.C.,CURUBAS,2023-05-01,011609,D_city,5314.3948163149935
BOGOTÁ D.C.,CURUBAS,2023-06-01,011609,D_city,5372.728353784623
BOGOTÁ D.C.,CURUBAS,2023-07-01,011609,D_city,5612.89379410464
BOGOTÁ D.C.,CURUBAS,2023-08-01,011609,D_city,6177.964019700168
BOGOTÁ D.C.,CURUBAS,2023-09-01,011609,D_city,6458.753407025938
BOGOTÁ D.C.,CURUBAS,2023-10-01,011609,D_city,6658.269305144675
BOGOTÁ D.C.,CURUBAS,2023-11-01,011609,D_city,6177.589414626864
BOGOTÁ D.C.,CURUBAS,2023-12-01,011609,D_city,5479.397061217777
BOGOTÁ D.C.,CURUBAS,2024-01-01,011609,D_city,5512.416704487298
BOGOTÁ D.C.,CURUBAS,2024-02-01,011609,D_city,6008.9043506898215
BOGOTÁ D.C.,CURUBAS,2024-03-01,011609,D_city,6595.266364582163
BOGOTÁ D.C.,CURUBAS,2024-04-01,011609,D_city,7171.220147722532
BOGOTÁ D.C.,CURUBAS,2024-05-01,011609,D_city,7252.494609831377
BOGOTÁ D.C.,CURUBAS,2024-06-01,011609,D_city,6898.774079223347
BOGOTÁ D.C.,CURUBAS,2024-07-01,011609,D_city,6659.798674289817
BOGOTÁ D.C.,CURUBAS,2024-08-01,011609,D_city,6629.229491434248
BOGOTÁ D.C.,CURUBAS,2024-09-01,011609,D_city,7438.240733336772
BOGOTÁ D.C.,CURUBAS,2024-10-01,011609,D_city,7514.793041376795
BOGOTÁ D.C.,CURUBAS,2024-11-01,011609,D_city,7398.864346863507
BOGOTÁ D.C.,CURUBAS,2024-12-01,011609,D_city,6953.6518306690505
BOGOTÁ D.C.,FECULA DE MAÍZ,2019-01-01,011105,BASE_lowR2,8397.93655414071
BOGOTÁ D.C.,FECULA DE MAÍZ,2019-02-01,011105,BASE_lowR2,8324.925613777941
BOGOTÁ D.C.,FECULA DE MAÍZ,2019-03-01,011105,BASE_lowR2,8321.568788933675
BOGOTÁ D.C.,FECULA DE MAÍZ,2019-04-01,011105,BASE_lowR2,8411.363853517772
BOGOTÁ D.C.,FECULA DE MAÍZ,2019-05-01,011105,BASE_lowR2,8416.39909078417
BOGOTÁ D.C.,FECULA DE MAÍZ,2019-06-01,011105,BASE_lowR2,8459.198607548551
BOGOTÁ D.C.,FECULA DE MAÍZ,2019-07-01,011105,BASE_lowR2,8468.429875870283
BOGOTÁ D.C.,FECULA DE MAÍZ,2019-08-01,011105,BASE_lowR2,8501.998124312935
BOGOTÁ D.C.,FECULA DE MAÍZ,2019-09-01,011105,BASE_lowR2,8476.821937980945
BOGOTÁ D.C.,FECULA DE MAÍZ,2019-10-01,011105,BASE_lowR2,8491.927649780138
BOGOTÁ D.C.,FECULA DE MAÍZ,2019-11-01,011105,BASE_lowR2,8567.456208776108
BOGOTÁ D.C.,FECULA DE MAÍZ,2019-12-01,011105,BASE_lowR2,8566.617002565043
BOGOTÁ D.C.,FECULA DE MAÍZ,2020-01-01,011105,BASE_lowR2,8579.205095731037
BOGOTÁ D.C.,FECULA DE MAÍZ,2020-02-01,011105,BASE_lowR2,8566.617002565043
BOGOTÁ D.C.,FECULA DE MAÍZ,2020-03-01,011105,BASE_lowR2,8715.995708134848
BOGOTÁ D.C.,FECULA DE MAÍZ,2020-04-01,011105,BASE_lowR2,8802.433947874679
BOGOTÁ D.C.,FECULA DE MAÍZ,2020-05-01,011105,BASE_lowR2,8768.865699432026
BOGOTÁ D.C.,FECULA DE MAÍZ,2020-06-01,011105,BASE_lowR2,8745.367925522169
BOGOTÁ D.C.,FECULA DE MAÍZ,2020-07-01,011105,BASE_lowR2,8673.196191370465
BOGOTÁ D.C.,FECULA DE MAÍZ,2020-08-01,011105,BASE_lowR2,8671.517778948333
BOGOTÁ D.C.,FECULA DE MAÍZ,2020-09-01,011105,BASE_lowR2,8595.989219952364
BOGOTÁ D.C.,FECULA DE MAÍZ,2020-10-01,011105,BASE_lowR2,8529.691929278124
BOGOTÁ D.C.,FECULA DE MAÍZ,2020-11-01,011105,BASE_lowR2,8699.21158391352
BOGOTÁ D.C.,FECULA DE MAÍZ,2020-12-01,011105,BASE_lowR2,8597.667632374496
BOGOTÁ D.C.,FECULA DE MAÍZ,2021-01-01,011105,BASE_lowR2,8564.099383931843
BOGOTÁ D.C.,FECULA DE MAÍZ,2021-02-01,011105,BASE_lowR2,8460.037813759618
BOGOTÁ D.C.,FECULA DE MAÍZ,2021-03-01,011105,BASE_lowR2,8429.826390161232
BOGOTÁ D.C.,FECULA DE MAÍZ,2021-04-01,011105,BASE_lowR2,8587.5971578417
BOGOTÁ D.C.,FECULA DE MAÍZ,2021-05-01,011105,BASE_lowR2,8676.553016214732
BOGOTÁ D.C.,FECULA DE MAÍZ,2021-06-01,011105,BASE_lowR2,8760.473637321364
BOGOTÁ D.C.,FECULA DE MAÍZ,2021-07-01,011105,BASE_lowR2,8837.680608739465
BOGOTÁ D.C.,FECULA DE MAÍZ,2021-08-01,011105,BASE_lowR2,9154.900556522536
BOGOTÁ D.C.,FECULA DE MAÍZ,2021-09-01,011105,BASE_lowR2,9201.89610434225
BOGOTÁ D.C.,FECULA DE MAÍZ,2021-10-01,011105,BASE_lowR2,9271.550219860756
BOGOTÁ D.C.,FECULA DE MAÍZ,2021-11-01,011105,BASE_lowR2,9360.506078233786
BOGOTÁ D.C.,FECULA DE MAÍZ,2021-12-01,011105,BASE_lowR2,9598.001435965556
BOGOTÁ D.C.,FECULA DE MAÍZ,2022-01-01,011105,BASE_lowR2,9947.111219769147
BOGOTÁ D.C.,FECULA DE MAÍZ,2022-02-01,011105,BASE_lowR2,10195.516258244777
BOGOTÁ D.C.,FECULA DE MAÍZ,2022-03-01,011105,BASE_lowR2,10247.547043330891
BOGOTÁ D.C.,FECULA DE MAÍZ,2022-04-01,011105,BASE_lowR2,10314.683540216196
BOGOTÁ D.C.,FECULA DE MAÍZ,2022-05-01,011105,BASE_lowR2,10557.214135214363
BOGOTÁ D.C.,FECULA DE MAÍZ,2022-06-01,011105,BASE_lowR2,10762.819656925612
BOGOTÁ D.C.,FECULA DE MAÍZ,2022-07-01,011105,BASE_lowR2,10858.489164987173
BOGOTÁ D.C.,FECULA DE MAÍZ,2022-08-01,011105,BASE_lowR2,11798.400121381459
BOGOTÁ D.C.,FECULA DE MAÍZ,2022-09-01,011105,BASE_lowR2,12364.864313851227
BOGOTÁ D.C.,FECULA DE MAÍZ,2022-10-01,011105,BASE_lowR2,12513.403813209969
BOGOTÁ D.C.,FECULA DE MAÍZ,2022-11-01,011105,BASE_lowR2,12859.156772169292
BOGOTÁ D.C.,FECULA DE MAÍZ,2022-12-01,011105,BASE_lowR2,13150.361327409306
BOGOTÁ D.C.,FECULA DE MAÍZ,2023-01-01,011105,BASE_lowR2,13499.471111212899
BOGOTÁ D.C.,FECULA DE MAÍZ,2023-02-01,011105,BASE_lowR2,13785.640429186515
BOGOTÁ D.C.,FECULA DE MAÍZ,2023-03-01,011105,BASE_lowR2,13980.336270153903
BOGOTÁ D.C.,FECULA DE MAÍZ,2023-04-01,011105,BASE_lowR2,14237.972576951264
BOGOTÁ D.C.,FECULA DE MAÍZ,2023-05-01,011105,BASE_lowR2,14560.227762000732
BOGOTÁ D.C.,FECULA DE MAÍZ,2023-06-01,011105,BASE_lowR2,14525.820307347014
BOGOTÁ D.C.,FECULA DE MAÍZ,2023-07-01,011105,BASE_lowR2,14449.45254213998
BOGOTÁ D.C.,FECULA DE MAÍZ,2023-08-01,011105,BASE_lowR2,14510.714595547819
BOGOTÁ D.C.,FECULA DE MAÍZ,2023-09-01,011105,BASE_lowR2,14444.417304873581
BOGOTÁ D.C.,FECULA DE MAÍZ,2023-10-01,011105,BASE_lowR2,14409.170644008793
BOGOTÁ D.C.,FECULA DE MAÍZ,2023-11-01,011105,BASE_lowR2,14355.461446500549
BOGOTÁ D.C.,FECULA DE MAÍZ,2023-12-01,011105,BASE_lowR2,14156.569574477831
BOGOTÁ D.C.,FECULA DE MAÍZ,2024-01-01,011105,BASE_lowR2,14026.49261176255
BOGOTÁ D.C.,FECULA DE MAÍZ,2024-02-01,011105,BASE_lowR2,13519.61206027849
BOGOTÁ D.C.,FECULA DE MAÍZ,2024-03-01,011105,BASE_lowR2,12332.974477830709
BOGOTÁ D.C.,FECULA DE MAÍZ,2024-04-01,011105,BASE_lowR2,12018.272148680835
BOGOTÁ D.C.,FECULA DE MAÍZ,2024-05-01,011105,BASE_lowR2,11683.428870465372
BOGOTÁ D.C.,FECULA DE MAÍZ,2024-06-01,011105,BASE_lowR2,11607.061105258335
BOGOTÁ D.C.,FECULA DE MAÍZ,2024-07-01,011105,BASE_lowR2,11676.715220776841
BOGOTÁ D.C.,FECULA DE MAÍZ,2024-08-01,011105,BASE_lowR2,11490.411441920118
BOGOTÁ D.C.,FECULA DE MAÍZ,2024-09-01,011105,BASE_lowR2,11414.882882924148
BOGOTÁ D.C.,FECULA DE MAÍZ,2024-10-01,011105,BASE_lowR2,11526.49730899597
BOGOTÁ D.C.,FECULA DE MAÍZ,2024-11-01,011105,BASE_lowR2,11230.257516489557
BOGOTÁ D.C.,FECULA DE MAÍZ,2024-12-01,011105,BASE_lowR2,11009.546282979112
BOGOTÁ D.C.,FRÍJOL FRESCO,2019-01-01,011716,BASE_lowR2,2664.5355345557127
BOGOTÁ D.C.,FRÍJOL FRESCO,2019-02-01,011716,BASE_lowR2,2744.750944992948
BOGOTÁ D.C.,FRÍJOL FRESCO,2019-03-01,011716,BASE_lowR2,2661.7164626234135
BOGOTÁ D.C.,FRÍJOL FRESCO,2019-04-01,011716,BASE_lowR2,2880.066397743301
BOGOTÁ D.C.,FRÍJOL FRESCO,2019-05-01,011716,BASE_lowR2,2824.197517630466
BOGOTÁ D.C.,FRÍJOL FRESCO,2019-06-01,011716,BASE_lowR2,2772.429105782793
BOGOTÁ D.C.,FRÍJOL FRESCO,2019-07-01,011716,BASE_lowR2,2858.2826600846265
BOGOTÁ D.C.,FRÍJOL FRESCO,2019-08-01,011716,BASE_lowR2,2849.3128857545844
BOGOTÁ D.C.,FRÍJOL FRESCO,2019-09-01,011716,BASE_lowR2,2844.6998589562772
BOGOTÁ D.C.,FRÍJOL FRESCO,2019-10-01,011716,BASE_lowR2,3070.2256135401976
BOGOTÁ D.C.,FRÍJOL FRESCO,2019-11-01,011716,BASE_lowR2,2946.4427277856144
BOGOTÁ D.C.,FRÍJOL FRESCO,2019-12-01,011716,BASE_lowR2,2816.7654188998595
BOGOTÁ D.C.,FRÍJOL FRESCO,2020-01-01,011716,BASE_lowR2,2983.6032214386464
BOGOTÁ D.C.,FRÍJOL FRESCO,2020-02-01,011716,BASE_lowR2,3085.602369534556
BOGOTÁ D.C.,FRÍJOL FRESCO,2020-03-01,011716,BASE_lowR2,3417.4840197461217
BOGOTÁ D.C.,FRÍJOL FRESCO,2020-04-01,011716,BASE_lowR2,3358.539788434415
BOGOTÁ D.C.,FRÍJOL FRESCO,2020-05-01,011716,BASE_lowR2,3257.309478138223
BOGOTÁ D.C.,FRÍJOL FRESCO,2020-06-01,011716,BASE_lowR2,3266.022973201693
BOGOTÁ D.C.,FRÍJOL FRESCO,2020-07-01,011716,BASE_lowR2,3056.3865331452757
BOGOTÁ D.C.,FRÍJOL FRESCO,2020-08-01,011716,BASE_lowR2,3028.195813822285
BOGOTÁ D.C.,FRÍJOL FRESCO,2020-09-01,011716,BASE_lowR2,3173.249878702398
BOGOTÁ D.C.,FRÍJOL FRESCO,2020-10-01,011716,BASE_lowR2,3157.104284908322
BOGOTÁ D.C.,FRÍJOL FRESCO,2020-11-01,011716,BASE_lowR2,3065.8688660084626
BOGOTÁ D.C.,FRÍJOL FRESCO,2020-12-01,011716,BASE_lowR2,3287.294152327222
BOGOTÁ D.C.,FRÍJOL FRESCO,2021-01-01,011716,BASE_lowR2,3467.9710352609313
BOGOTÁ D.C.,FRÍJOL FRESCO,2021-02-01,011716,BASE_lowR2,3477.9659266572644
BOGOTÁ D.C.,FRÍJOL FRESCO,2021-03-01,011716,BASE_lowR2,3550.7492383638937
BOGOTÁ D.C.,FRÍJOL FRESCO,2021-04-01,011716,BASE_lowR2,3810.616414668548
BOGOTÁ D.C.,FRÍJOL FRESCO,2021-05-01,011716,BASE_lowR2,3910.5653286318766
BOGOTÁ D.C.,FRÍJOL FRESCO,2021-06-01,011716,BASE_lowR2,3928.761156558534
BOGOTÁ D.C.,FRÍJOL FRESCO,2021-07-01,011716,BASE_lowR2,3998.725396332864
BOGOTÁ D.C.,FRÍJOL FRESCO,2021-08-01,011716,BASE_lowR2,3926.9672016925247
BOGOTÁ D.C.,FRÍJOL FRESCO,2021-09-01,011716,BASE_lowR2,3950.5448942172084
BOGOTÁ D.C.,FRÍJOL FRESCO,2021-10-01,011716,BASE_lowR2,3756.797768688294
BOGOTÁ D.C.,FRÍJOL FRESCO,2021-11-01,011716,BASE_lowR2,3769.611732016926
BOGOTÁ D.C.,FRÍJOL FRESCO,2021-12-01,011716,BASE_lowR2,3819.0736304654447
BOGOTÁ D.C.,FRÍJOL FRESCO,2022-01-01,011716,BASE_lowR2,3969.2532806770105
BOGOTÁ D.C.,FRÍJOL FRESCO,2022-02-01,011716,BASE_lowR2,4106.618967559944
BOGOTÁ D.C.,FRÍJOL FRESCO,2022-03-01,011716,BASE_lowR2,4281.913985895629
BOGOTÁ D.C.,FRÍJOL FRESCO,2022-04-01,011716,BASE_lowR2,4475.661111424542
BOGOTÁ D.C.,FRÍJOL FRESCO,2022-05-01,011716,BASE_lowR2,4525.8918476727795
BOGOTÁ D.C.,FRÍJOL FRESCO,2022-06-01,011716,BASE_lowR2,4706.568730606489
BOGOTÁ D.C.,FRÍJOL FRESCO,2022-07-01,011716,BASE_lowR2,4909.285630465445
BOGOTÁ D.C.,FRÍJOL FRESCO,2022-08-01,011716,BASE_lowR2,5092.525306064881
BOGOTÁ D.C.,FRÍJOL FRESCO,2022-09-01,011716,BASE_lowR2,5176.3286262341335
BOGOTÁ D.C.,FRÍJOL FRESCO,2022-10-01,011716,BASE_lowR2,5025.6364174894225
BOGOTÁ D.C.,FRÍJOL FRESCO,2022-11-01,011716,BASE_lowR2,5049.470389280678
BOGOTÁ D.C.,FRÍJOL FRESCO,2022-12-01,011716,BASE_lowR2,5056.133650211566
BOGOTÁ D.C.,FRÍJOL FRESCO,2023-01-01,011716,BASE_lowR2,5005.134076163612
BOGOTÁ D.C.,FRÍJOL FRESCO,2023-02-01,011716,BASE_lowR2,5108.6708998589565
BOGOTÁ D.C.,FRÍJOL FRESCO,2023-03-01,011716,BASE_lowR2,5204.519345557124
BOGOTÁ D.C.,FRÍJOL FRESCO,2023-04-01,011716,BASE_lowR2,5375.970174894219
BOGOTÁ D.C.,FRÍJOL FRESCO,2023-05-01,011716,BASE_lowR2,5184.273283497885
BOGOTÁ D.C.,FRÍJOL FRESCO,2023-06-01,011716,BASE_lowR2,4863.15536248237
BOGOTÁ D.C.,FRÍJOL FRESCO,2023-07-01,011716,BASE_lowR2,4811.386950634697
BOGOTÁ D.C.,FRÍJOL FRESCO,2023-08-01,011716,BASE_lowR2,4938.245187588153
BOGOTÁ D.C.,FRÍJOL FRESCO,2023-09-01,011716,BASE_lowR2,4934.400998589563
BOGOTÁ D.C.,FRÍJOL FRESCO,2023-10-01,011716,BASE_lowR2,4893.140036671369
BOGOTÁ D.C.,FRÍJOL FRESCO,2023-11-01,011716,BASE_lowR2,4821.894400564176
BOGOTÁ D.C.,FRÍJOL FRESCO,2023-12-01,011716,BASE_lowR2,4816.768815232722
BOGOTÁ D.C.,FRÍJOL FRESCO,2024-01-01,011716,BASE_lowR2,5017.948039492244
BOGOTÁ D.C.,FRÍJOL FRESCO,2024-02-01,011716,BASE_lowR2,5095.344377997179
BOGOTÁ D.C.,FRÍJOL FRESCO,2024-03-01,011716,BASE_lowR2,5199.137480959098
BOGOTÁ D.C.,FRÍJOL FRESCO,2024-04-01,011716,BASE_lowR2,5304.980818053597
BOGOTÁ D.C.,FRÍJOL FRESCO,2024-05-01,011716,BASE_lowR2,5583.043822284909
BOGOTÁ D.C.,FRÍJOL FRESCO,2024-06-01,011716,BASE_lowR2,5879.046375176305
BOGOTÁ D.C.,FRÍJOL FRESCO,2024-07-01,011716,BASE_lowR2,5957.211551480959
BOGOTÁ D.C.,FRÍJOL FRESCO,2024-08-01,011716,BASE_lowR2,5579.9684710860365
BOGOTÁ D.C.,FRÍJOL FRESCO,2024-09-01,011716,BASE_lowR2,5460.798612129761
BOGOTÁ D.C.,FRÍJOL FRESCO,2024-10-01,011716,BASE_lowR2,5334.452933709451
BOGOTÁ D.C.,FRÍJOL FRESCO,2024-11-01,011716,BASE_lowR2,5247.574262341326
BOGOTÁ D.C.,FRÍJOL FRESCO,2024-12-01,011716,BASE_lowR2,5253.212406205925
BOGOTÁ D.C.,FRÍJOL SECO,2019-01-01,011716,BASE_lowR2,5058.563321109544
BOGOTÁ D.C.,FRÍJOL SECO,2019-02-01,011716,BASE_lowR2,5210.850550070521
BOGOTÁ D.C.,FRÍJOL SECO,2019-03-01,011716,BASE_lowR2,5053.211373765867
BOGOTÁ D.C.,FRÍJOL SECO,2019-04-01,011716,BASE_lowR2,5467.744022566996
BOGOTÁ D.C.,FRÍJOL SECO,2019-05-01,011716,BASE_lowR2,5361.678157028679
BOGOTÁ D.C.,FRÍJOL SECO,2019-06-01,011716,BASE_lowR2,5263.396942172074
BOGOTÁ D.C.,FRÍJOL SECO,2019-07-01,011716,BASE_lowR2,5426.388065820404
BOGOTÁ D.C.,FRÍJOL SECO,2019-08-01,011716,BASE_lowR2,5409.359142454161
BOGOTÁ D.C.,FRÍJOL SECO,2019-09-01,011716,BASE_lowR2,5400.601410437236
BOGOTÁ D.C.,FRÍJOL SECO,2019-10-01,011716,BASE_lowR2,5828.757197931359
BOGOTÁ D.C.,FRÍJOL SECO,2019-11-01,011716,BASE_lowR2,5593.7580554771985
BOGOTÁ D.C.,FRÍJOL SECO,2019-12-01,011716,BASE_lowR2,5347.568477668077
BOGOTÁ D.C.,FRÍJOL SECO,2020-01-01,011716,BASE_lowR2,5664.306452280207
BOGOTÁ D.C.,FRÍJOL SECO,2020-02-01,011716,BASE_lowR2,5857.9496379877755
BOGOTÁ D.C.,FRÍJOL SECO,2020-03-01,011716,BASE_lowR2,6488.019802538787
BOGOTÁ D.C.,FRÍJOL SECO,2020-04-01,011716,BASE_lowR2,6376.115448989187
BOGOTÁ D.C.,FRÍJOL SECO,2020-05-01,011716,BASE_lowR2,6183.931885284437
BOGOTÁ D.C.,FRÍJOL SECO,2020-06-01,011716,BASE_lowR2,6200.474267983074
BOGOTÁ D.C.,FRÍJOL SECO,2020-07-01,011716,BASE_lowR2,5802.4840018805835
BOGOTÁ D.C.,FRÍJOL SECO,2020-08-01,011716,BASE_lowR2,5748.964528443817
BOGOTÁ D.C.,FRÍJOL SECO,2020-09-01,011716,BASE_lowR2,6024.346546309355
BOGOTÁ D.C.,FRÍJOL SECO,2020-10-01,011716,BASE_lowR2,5993.694484250117
BOGOTÁ D.C.,FRÍJOL SECO,2020-11-01,011716,BASE_lowR2,5820.48600658204
BOGOTÁ D.C.,FRÍJOL SECO,2020-12-01,011716,BASE_lowR2,6240.857143394453
BOGOTÁ D.C.,FRÍJOL SECO,2021-01-01,011716,BASE_lowR2,6583.868314057358
BOGOTÁ D.C.,FRÍJOL SECO,2021-02-01,011716,BASE_lowR2,6602.84340009403
BOGOTÁ D.C.,FRÍJOL SECO,2021-03-01,011716,BASE_lowR2,6741.020949694406
BOGOTÁ D.C.,FRÍJOL SECO,2021-04-01,011716,BASE_lowR2,7234.373186647861
BOGOTÁ D.C.,FRÍJOL SECO,2021-05-01,011716,BASE_lowR2,7424.124047014575
BOGOTÁ D.C.,FRÍJOL SECO,2021-06-01,011716,BASE_lowR2,7458.668434414669
BOGOTÁ D.C.,FRÍJOL SECO,2021-07-01,011716,BASE_lowR2,7591.494036671368
BOGOTÁ D.C.,FRÍJOL SECO,2021-08-01,011716,BASE_lowR2,7455.262649741419
BOGOTÁ D.C.,FRÍJOL SECO,2021-09-01,011716,BASE_lowR2,7500.024391161261
BOGOTÁ D.C.,FRÍJOL SECO,2021-10-01,011716,BASE_lowR2,7132.1996464504
BOGOTÁ D.C.,FRÍJOL SECO,2021-11-01,011716,BASE_lowR2,7156.5266798307475
BOGOTÁ D.C.,FRÍJOL SECO,2021-12-01,011716,BASE_lowR2,7250.42902867889
BOGOTÁ D.C.,FRÍJOL SECO,2022-01-01,011716,BASE_lowR2,7535.541859896568
BOGOTÁ D.C.,FRÍJOL SECO,2022-02-01,011716,BASE_lowR2,7796.327657733898
BOGOTÁ D.C.,FRÍJOL SECO,2022-03-01,011716,BASE_lowR2,8129.121474377057
BOGOTÁ D.C.,FRÍJOL SECO,2022-04-01,011716,BASE_lowR2,8496.946219087917
BOGOTÁ D.C.,FRÍJOL SECO,2022-05-01,011716,BASE_lowR2,8592.308189938882
BOGOTÁ D.C.,FRÍJOL SECO,2022-06-01,011716,BASE_lowR2,8935.319360601787
BOGOTÁ D.C.,FRÍJOL SECO,2022-07-01,011716,BASE_lowR2,9320.173028678892
BOGOTÁ D.C.,FRÍJOL SECO,2022-08-01,011716,BASE_lowR2,9668.049606017865
BOGOTÁ D.C.,FRÍJOL SECO,2022-09-01,011716,BASE_lowR2,9827.14840432534
BOGOTÁ D.C.,FRÍJOL SECO,2022-10-01,011716,BASE_lowR2,9541.062491772449
BOGOTÁ D.C.,FRÍJOL SECO,2022-11-01,011716,BASE_lowR2,9586.310773859897
BOGOTÁ D.C.,FRÍJOL SECO,2022-12-01,011716,BASE_lowR2,9598.960831217677
BOGOTÁ D.C.,FRÍJOL SECO,2023-01-01,011716,BASE_lowR2,9502.139238363894
BOGOTÁ D.C.,FRÍJOL SECO,2023-02-01,011716,BASE_lowR2,9698.701668077103
BOGOTÁ D.C.,FRÍJOL SECO,2023-03-01,011716,BASE_lowR2,9880.667877762107
BOGOTÁ D.C.,FRÍJOL SECO,2023-04-01,011716,BASE_lowR2,10206.163584391163
BOGOTÁ D.C.,FRÍJOL SECO,2023-05-01,011716,BASE_lowR2,9842.231165021156
BOGOTÁ D.C.,FRÍJOL SECO,2023-06-01,011716,BASE_lowR2,9232.595708509638
BOGOTÁ D.C.,FRÍJOL SECO,2023-07-01,011716,BASE_lowR2,9134.314493653033
BOGOTÁ D.C.,FRÍJOL SECO,2023-08-01,011716,BASE_lowR2,9375.152124118476
BOGOTÁ D.C.,FRÍJOL SECO,2023-09-01,011716,BASE_lowR2,9367.854014104372
BOGOTÁ D.C.,FRÍJOL SECO,2023-10-01,011716,BASE_lowR2,9289.520966619652
BOGOTÁ D.C.,FRÍJOL SECO,2023-11-01,011716,BASE_lowR2,9154.262661024917
BOGOTÁ D.C.,FRÍJOL SECO,2023-12-01,011716,BASE_lowR2,9144.531847672777
BOGOTÁ D.C.,FRÍJOL SECO,2024-01-01,011716,BASE_lowR2,9526.46627174424
BOGOTÁ D.C.,FRÍJOL SECO,2024-02-01,011716,BASE_lowR2,9673.401553361542
BOGOTÁ D.C.,FRÍJOL SECO,2024-03-01,011716,BASE_lowR2,9870.45052374236
BOGOTÁ D.C.,FRÍJOL SECO,2024-04-01,011716,BASE_lowR2,10071.391819464034
BOGOTÁ D.C.,FRÍJOL SECO,2024-05-01,011716,BASE_lowR2,10599.288443817584
BOGOTÁ D.C.,FRÍJOL SECO,2024-06-01,011716,BASE_lowR2,11161.24291490362
BOGOTÁ D.C.,FRÍJOL SECO,2024-07-01,011716,BASE_lowR2,11309.63781852374
BOGOTÁ D.C.,FRÍJOL SECO,2024-08-01,011716,BASE_lowR2,10593.449955806298
BOGOTÁ D.C.,FRÍJOL SECO,2024-09-01,011716,BASE_lowR2,10367.208545369065
BOGOTÁ D.C.,FRÍJOL SECO,2024-10-01,011716,BASE_lowR2,10127.343996238833
BOGOTÁ D.C.,FRÍJOL SECO,2024-11-01,011716,BASE_lowR2,9962.406709920075
BOGOTÁ D.C.,FRÍJOL SECO,2024-12-01,011716,BASE_lowR2,9973.110604607427
BOGOTÁ D.C.,FRÍJOL TARRO,2019-01-01,011703,D_city,5794.022691005642
BOGOTÁ D.C.,FRÍJOL TARRO,2019-02-01,011703,D_city,5771.089733401704
BOGOTÁ D.C.,FRÍJOL TARRO,2019-03-01,011703,D_city,5715.821085607297
BOGOTÁ D.C.,FRÍJOL TARRO,2019-04-01,011703,D_city,5812.252429351193
BOGOTÁ D.C.,FRÍJOL TARRO,2019-05-01,011703,D_city,5802.843424257492
BOGOTÁ D.C.,FRÍJOL TARRO,2019-06-01,011703,D_city,5899.296573579362
BOGOTÁ D.C.,FRÍJOL TARRO,2019-07-01,011703,D_city,6052.25872593385
BOGOTÁ D.C.,FRÍJOL TARRO,2019-08-01,011703,D_city,6097.570319276122
BOGOTÁ D.C.,FRÍJOL TARRO,2019-09-01,011703,D_city,6066.969722990403
BOGOTÁ D.C.,FRÍJOL TARRO,2019-10-01,011703,D_city,6056.3777507890145
BOGOTÁ D.C.,FRÍJOL TARRO,2019-11-01,011703,D_city,6019.308051951792
BOGOTÁ D.C.,FRÍJOL TARRO,2019-12-01,011703,D_city,5996.95021483908
BOGOTÁ D.C.,FRÍJOL TARRO,2020-01-01,011703,D_city,6033.429437022687
BOGOTÁ D.C.,FRÍJOL TARRO,2020-02-01,011703,D_city,5988.125098719432
BOGOTÁ D.C.,FRÍJOL TARRO,2020-03-01,011703,D_city,5886.9445289273035
BOGOTÁ D.C.,FRÍJOL TARRO,2020-04-01,011703,D_city,5974.593635191408
BOGOTÁ D.C.,FRÍJOL TARRO,2020-05-01,011703,D_city,6073.442732262124
BOGOTÁ D.C.,FRÍJOL TARRO,2020-06-01,011703,D_city,6092.273896104245
BOGOTÁ D.C.,FRÍJOL TARRO,2020-07-01,011703,D_city,6108.751884942176
BOGOTÁ D.C.,FRÍJOL TARRO,2020-08-01,011703,D_city,6062.850589512654
BOGOTÁ D.C.,FRÍJOL TARRO,2020-09-01,011703,D_city,6055.789316078606
BOGOTÁ D.C.,FRÍJOL TARRO,2020-10-01,011703,D_city,6109.340396956661
BOGOTÁ D.C.,FRÍJOL TARRO,2020-11-01,011703,D_city,6139.35564203213
BOGOTÁ D.C.,FRÍJOL TARRO,2020-12-01,011703,D_city,6149.949787092284
BOGOTÁ D.C.,FRÍJOL TARRO,2021-01-01,011703,D_city,6145.8298090484805
BOGOTÁ D.C.,FRÍJOL TARRO,2021-02-01,011703,D_city,6271.802130402005
BOGOTÁ D.C.,FRÍJOL TARRO,2021-03-01,011703,D_city,6271.802130402005
BOGOTÁ D.C.,FRÍJOL TARRO,2021-04-01,011703,D_city,6332.447326684903
BOGOTÁ D.C.,FRÍJOL TARRO,2021-05-01,011703,D_city,6352.468057195764
BOGOTÁ D.C.,FRÍJOL TARRO,2021-06-01,011703,D_city,6420.781225998849
BOGOTÁ D.C.,FRÍJOL TARRO,2021-07-01,011703,D_city,6432.560470142891
BOGOTÁ D.C.,FRÍJOL TARRO,2021-08-01,011703,D_city,6563.331804800147
BOGOTÁ D.C.,FRÍJOL TARRO,2021-09-01,011703,D_city,6443.751053515301
BOGOTÁ D.C.,FRÍJOL TARRO,2021-10-01,011703,D_city,6493.81777259063
BOGOTÁ D.C.,FRÍJOL TARRO,2021-11-01,011703,D_city,6536.231786728691
BOGOTÁ D.C.,FRÍJOL TARRO,2021-12-01,011703,D_city,6558.618636716737
BOGOTÁ D.C.,FRÍJOL TARRO,2022-01-01,011703,D_city,6768.4035576118
BOGOTÁ D.C.,FRÍJOL TARRO,2022-02-01,011703,D_city,6924.037945608318
BOGOTÁ D.C.,FRÍJOL TARRO,2022-03-01,011703,D_city,7013.669647956111
BOGOTÁ D.C.,FRÍJOL TARRO,2022-04-01,011703,D_city,7167.026986931813
BOGOTÁ D.C.,FRÍJOL TARRO,2022-05-01,011703,D_city,7218.353821353815
BOGOTÁ D.C.,FRÍJOL TARRO,2022-06-01,011703,D_city,7508.718457249549
BOGOTÁ D.C.,FRÍJOL TARRO,2022-07-01,011703,D_city,7608.496968518795
BOGOTÁ D.C.,FRÍJOL TARRO,2022-08-01,011703,D_city,7651.012169352811
BOGOTÁ D.C.,FRÍJOL TARRO,2022-09-01,011703,D_city,7787.439074177955
BOGOTÁ D.C.,FRÍJOL TARRO,2022-10-01,011703,D_city,7954.625897165129
BOGOTÁ D.C.,FRÍJOL TARRO,2022-11-01,011703,D_city,8382.579489239379
BOGOTÁ D.C.,FRÍJOL TARRO,2022-12-01,011703,D_city,8770.623948694785
BOGOTÁ D.C.,FRÍJOL TARRO,2023-01-01,011703,D_city,8880.104565736063
BOGOTÁ D.C.,FRÍJOL TARRO,2023-02-01,011703,D_city,9272.625030633037
BOGOTÁ D.C.,FRÍJOL TARRO,2023-03-01,011703,D_city,9513.708988383225
BOGOTÁ D.C.,FRÍJOL TARRO,2023-04-01,011703,D_city,10037.062716510112
BOGOTÁ D.C.,FRÍJOL TARRO,2023-05-01,011703,D_city,10073.23285099693
BOGOTÁ D.C.,FRÍJOL TARRO,2023-06-01,011703,D_city,10178.789665973343
BOGOTÁ D.C.,FRÍJOL TARRO,2023-07-01,011703,D_city,10096.35904626
BOGOTÁ D.C.,FRÍJOL TARRO,2023-08-01,011703,D_city,10155.06758864353
BOGOTÁ D.C.,FRÍJOL TARRO,2023-09-01,011703,D_city,10287.921935838656
BOGOTÁ D.C.,FRÍJOL TARRO,2023-10-01,011703,D_city,10336.562606813033
BOGOTÁ D.C.,FRÍJOL TARRO,2023-11-01,011703,D_city,10750.146180231854
BOGOTÁ D.C.,FRÍJOL TARRO,2023-12-01,011703,D_city,10948.419698321219
BOGOTÁ D.C.,FRÍJOL TARRO,2024-01-01,011703,D_city,11307.705169613293
BOGOTÁ D.C.,FRÍJOL TARRO,2024-02-01,011703,D_city,11084.393091957378
BOGOTÁ D.C.,FRÍJOL TARRO,2024-03-01,011703,D_city,10963.262722139345
BOGOTÁ D.C.,FRÍJOL TARRO,2024-04-01,011703,D_city,11187.725964191053
BOGOTÁ D.C.,FRÍJOL TARRO,2024-05-01,011703,D_city,11043.420279698017
BOGOTÁ D.C.,FRÍJOL TARRO,2024-06-01,011703,D_city,10908.64189261223
BOGOTÁ D.C.,FRÍJOL TARRO,2024-07-01,011703,D_city,11008.981138724963
BOGOTÁ D.C.,FRÍJOL TARRO,2024-08-01,011703,D_city,11235.834117983773
BOGOTÁ D.C.,FRÍJOL TARRO,2024-09-01,011703,D_city,11339.188051345702
BOGOTÁ D.C.,FRÍJOL TARRO,2024-10-01,011703,D_city,11007.199848011851
BOGOTÁ D.C.,FRÍJOL TARRO,2024-11-01,011703,D_city,11028.57562340322
BOGOTÁ D.C.,FRÍJOL TARRO,2024-12-01,011703,D_city,10877.177416904151
BOGOTÁ D.C.,GARBANZO,2019-01-01,011702,BASE_lowR2,2100.6216420782553
BOGOTÁ D.C.,GARBANZO,2019-02-01,011702,BASE_lowR2,2103.158114175754
BOGOTÁ D.C.,GARBANZO,2019-03-01,011702,BASE_lowR2,2062.57456061578
BOGOTÁ D.C.,GARBANZO,2019-04-01,011702,BASE_lowR2,2052.4286722257857
BOGOTÁ D.C.,GARBANZO,2019-05-01,011702,BASE_lowR2,2016.7066901860169
BOGOTÁ D.C.,GARBANZO,2019-06-01,011702,BASE_lowR2,2001.6992302758179
BOGOTÁ D.C.,GARBANZO,2019-07-01,011702,BASE_lowR2,1985.6349069916614
BOGOTÁ D.C.,GARBANZO,2019-08-01,011702,BASE_lowR2,1997.0490314304043
BOGOTÁ D.C.,GARBANZO,2019-09-01,011702,BASE_lowR2,1995.1466773572804
BOGOTÁ D.C.,GARBANZO,2019-10-01,011702,BASE_lowR2,1973.5866645285441
BOGOTÁ D.C.,GARBANZO,2019-11-01,011702,BASE_lowR2,1985.2121616420784
BOGOTÁ D.C.,GARBANZO,2019-12-01,011702,BASE_lowR2,1988.3827517639513
BOGOTÁ D.C.,GARBANZO,2020-01-01,011702,BASE_lowR2,1985.2121616420784
BOGOTÁ D.C.,GARBANZO,2020-02-01,011702,BASE_lowR2,1987.7486337395767
BOGOTÁ D.C.,GARBANZO,2020-03-01,011702,BASE_lowR2,1981.4074534958306
BOGOTÁ D.C.,GARBANZO,2020-04-01,011702,BASE_lowR2,2166.358543938422
BOGOTÁ D.C.,GARBANZO,2020-05-01,011702,BASE_lowR2,2342.6433547145607
BOGOTÁ D.C.,GARBANZO,2020-06-01,011702,BASE_lowR2,2466.930487491982
BOGOTÁ D.C.,GARBANZO,2020-07-01,011702,BASE_lowR2,2480.4583386786403
BOGOTÁ D.C.,GARBANZO,2020-08-01,011702,BASE_lowR2,2472.003431686979
BOGOTÁ D.C.,GARBANZO,2020-09-01,011702,BASE_lowR2,2442.1998845413727
BOGOTÁ D.C.,GARBANZO,2020-10-01,011702,BASE_lowR2,2369.4876844130854
BOGOTÁ D.C.,GARBANZO,2020-11-01,011702,BASE_lowR2,2359.1304233483
BOGOTÁ D.C.,GARBANZO,2020-12-01,011702,BASE_lowR2,2348.1390442591405
BOGOTÁ D.C.,GARBANZO,2021-01-01,011702,BASE_lowR2,2299.523329057088
BOGOTÁ D.C.,GARBANZO,2021-02-01,011702,BASE_lowR2,2307.766863373958
BOGOTÁ D.C.,GARBANZO,2021-03-01,011702,BASE_lowR2,2311.3601988454134
BOGOTÁ D.C.,GARBANZO,2021-04-01,011702,BASE_lowR2,2316.8558883899937
BOGOTÁ D.C.,GARBANZO,2021-05-01,011702,BASE_lowR2,2357.862187299551
BOGOTÁ D.C.,GARBANZO,2021-06-01,011702,BASE_lowR2,2390.4135792174475
BOGOTÁ D.C.,GARBANZO,2021-07-01,011702,BASE_lowR2,2405.2096664528544
BOGOTÁ D.C.,GARBANZO,2021-08-01,011702,BASE_lowR2,2451.7116549069915
BOGOTÁ D.C.,GARBANZO,2021-09-01,011702,BASE_lowR2,2537.528960872354
BOGOTÁ D.C.,GARBANZO,2021-10-01,011702,BASE_lowR2,2634.5490186016677
BOGOTÁ D.C.,GARBANZO,2021-11-01,011702,BASE_lowR2,2686.7580692751762
BOGOTÁ D.C.,GARBANZO,2021-12-01,011702,BASE_lowR2,2709.1635728030788
BOGOTÁ D.C.,GARBANZO,2022-01-01,011702,BASE_lowR2,2744.6741821680566
BOGOTÁ D.C.,GARBANZO,2022-02-01,011702,BASE_lowR2,2805.3381398332267
BOGOTÁ D.C.,GARBANZO,2022-03-01,011702,BASE_lowR2,2845.498948043618
BOGOTÁ D.C.,GARBANZO,2022-04-01,011702,BASE_lowR2,2917.577030147531
BOGOTÁ D.C.,GARBANZO,2022-05-01,011702,BASE_lowR2,3032.5637652341243
BOGOTÁ D.C.,GARBANZO,2022-06-01,011702,BASE_lowR2,3113.5194996792816
BOGOTÁ D.C.,GARBANZO,2022-07-01,011702,BASE_lowR2,3247.9525208466966
BOGOTÁ D.C.,GARBANZO,2022-08-01,011702,BASE_lowR2,3488.28325208467
BOGOTÁ D.C.,GARBANZO,2022-09-01,011702,BASE_lowR2,3804.285400898011
BOGOTÁ D.C.,GARBANZO,2022-10-01,011702,BASE_lowR2,3913.987819114817
BOGOTÁ D.C.,GARBANZO,2022-11-01,011702,BASE_lowR2,4010.7965041693396
BOGOTÁ D.C.,GARBANZO,2022-12-01,011702,BASE_lowR2,4098.727536882618
BOGOTÁ D.C.,GARBANZO,2023-01-01,011702,BASE_lowR2,4200.186420782554
BOGOTÁ D.C.,GARBANZO,2023-02-01,011702,BASE_lowR2,4229.989967928159
BOGOTÁ D.C.,GARBANZO,2023-03-01,011702,BASE_lowR2,4255.143316228352
BOGOTÁ D.C.,GARBANZO,2023-04-01,011702,BASE_lowR2,4259.582142398974
BOGOTÁ D.C.,GARBANZO,2023-05-01,011702,BASE_lowR2,4232.949185375241
BOGOTÁ D.C.,GARBANZO,2023-06-01,011702,BASE_lowR2,4131.278928800513
BOGOTÁ D.C.,GARBANZO,2023-07-01,011702,BASE_lowR2,4102.320872354074
BOGOTÁ D.C.,GARBANZO,2023-08-01,011702,BASE_lowR2,4046.307113534317
BOGOTÁ D.C.,GARBANZO,2023-09-01,011702,BASE_lowR2,3970.424323284157
BOGOTÁ D.C.,GARBANZO,2023-10-01,011702,BASE_lowR2,3963.0262796664533
BOGOTÁ D.C.,GARBANZO,2023-11-01,011702,BASE_lowR2,3944.425484284798
BOGOTÁ D.C.,GARBANZO,2023-12-01,011702,BASE_lowR2,3820.56109685696
BOGOTÁ D.C.,GARBANZO,2024-01-01,011702,BASE_lowR2,3794.985003207184
BOGOTÁ D.C.,GARBANZO,2024-02-01,011702,BASE_lowR2,3700.290044900578
BOGOTÁ D.C.,GARBANZO,2024-03-01,011702,BASE_lowR2,3677.039050673509
BOGOTÁ D.C.,GARBANZO,2024-04-01,011702,BASE_lowR2,3688.24180243746
BOGOTÁ D.C.,GARBANZO,2024-05-01,011702,BASE_lowR2,3622.7162732520846
BOGOTÁ D.C.,GARBANZO,2024-06-01,011702,BASE_lowR2,3634.7645157152024
BOGOTÁ D.C.,GARBANZO,2024-07-01,011702,BASE_lowR2,3648.926484926235
BOGOTÁ D.C.,GARBANZO,2024-08-01,011702,BASE_lowR2,3674.713951250802
BOGOTÁ D.C.,GARBANZO,2024-09-01,011702,BASE_lowR2,3665.2021808851828
BOGOTÁ D.C.,GARBANZO,2024-10-01,011702,BASE_lowR2,3674.713951250802
BOGOTÁ D.C.,GARBANZO,2024-11-01,011702,BASE_lowR2,3693.948864656831
BOGOTÁ D.C.,GARBANZO,2024-12-01,011702,BASE_lowR2,3736.6461449647213
BOGOTÁ D.C.,GUAYABAS,2019-01-01,011609,BASE_lowR2,1575.5657182225284
BOGOTÁ D.C.,GUAYABAS,2019-02-01,011609,BASE_lowR2,1598.7582409002182
BOGOTÁ D.C.,GUAYABAS,2019-03-01,011609,BASE_lowR2,1751.7983740957627
BOGOTÁ D.C.,GUAYABAS,2019-04-01,011609,BASE_lowR2,1793.3007830979445
BOGOTÁ D.C.,GUAYABAS,2019-05-01,011609,BASE_lowR2,1741.4227718452175
BOGOTÁ D.C.,GUAYABAS,2019-06-01,011609,BASE_lowR2,1721.129314502239
BOGOTÁ D.C.,GUAYABAS,2019-07-01,011609,BASE_lowR2,1809.0167688598
BOGOTÁ D.C.,GUAYABAS,2019-08-01,011609,BASE_lowR2,1929.8620186014466
BOGOTÁ D.C.,GUAYABAS,2019-09-01,011609,BASE_lowR2,2032.8551291767135
BOGOTÁ D.C.,GUAYABAS,2019-10-01,011609,BASE_lowR2,2045.3668848317834
BOGOTÁ D.C.,GUAYABAS,2019-11-01,011609,BASE_lowR2,1908.3479021701685
BOGOTÁ D.C.,GUAYABAS,2019-12-01,011609,BASE_lowR2,1832.0567091514522
BOGOTÁ D.C.,GUAYABAS,2020-01-01,011609,BASE_lowR2,1823.2069307612812
BOGOTÁ D.C.,GUAYABAS,2020-02-01,011609,BASE_lowR2,1898.582629463773
BOGOTÁ D.C.,GUAYABAS,2020-03-01,011609,BASE_lowR2,2104.416268228269
BOGOTÁ D.C.,GUAYABAS,2020-04-01,011609,BASE_lowR2,2126.6932965897345
BOGOTÁ D.C.,GUAYABAS,2020-05-01,011609,BASE_lowR2,2076.9514387415315
BOGOTÁ D.C.,GUAYABAS,2020-06-01,011609,BASE_lowR2,1982.9606889424733
BOGOTÁ D.C.,GUAYABAS,2020-07-01,011609,BASE_lowR2,1900.4136180962219
BOGOTÁ D.C.,GUAYABAS,2020-08-01,011609,BASE_lowR2,1893.8525754966124
BOGOTÁ D.C.,GUAYABAS,2020-09-01,011609,BASE_lowR2,1978.688382133425
BOGOTÁ D.C.,GUAYABAS,2020-10-01,011609,BASE_lowR2,2014.2400780801468
BOGOTÁ D.C.,GUAYABAS,2020-11-01,011609,BASE_lowR2,2007.5264530944996
BOGOTÁ D.C.,GUAYABAS,2020-12-01,011609,BASE_lowR2,1930.1671833735213
BOGOTÁ D.C.,GUAYABAS,2021-01-01,011609,BASE_lowR2,1966.7869560225054
BOGOTÁ D.C.,GUAYABAS,2021-02-01,011609,BASE_lowR2,1974.416075324377
BOGOTÁ D.C.,GUAYABAS,2021-03-01,011609,BASE_lowR2,2052.2330922034675
BOGOTÁ D.C.,GUAYABAS,2021-04-01,011609,BASE_lowR2,2149.8858192674243
BOGOTÁ D.C.,GUAYABAS,2021-05-01,011609,BASE_lowR2,2399.5106028246637
BOGOTÁ D.C.,GUAYABAS,2021-06-01,011609,BASE_lowR2,2248.454040647606
BOGOTÁ D.C.,GUAYABAS,2021-07-01,011609,BASE_lowR2,2239.756844643472
BOGOTÁ D.C.,GUAYABAS,2021-08-01,011609,BASE_lowR2,2394.7805488575036
BOGOTÁ D.C.,GUAYABAS,2021-09-01,011609,BASE_lowR2,2487.2454747961874
BOGOTÁ D.C.,GUAYABAS,2021-10-01,011609,BASE_lowR2,2555.907548513032
BOGOTÁ D.C.,GUAYABAS,2021-11-01,011609,BASE_lowR2,2526.459148007808
BOGOTÁ D.C.,GUAYABAS,2021-12-01,011609,BASE_lowR2,2479.3111907222415
BOGOTÁ D.C.,GUAYABAS,2022-01-01,011609,BASE_lowR2,2563.994414973016
BOGOTÁ D.C.,GUAYABAS,2022-02-01,011609,BASE_lowR2,2628.2315994947753
BOGOTÁ D.C.,GUAYABAS,2022-03-01,011609,BASE_lowR2,2713.830318061775
BOGOTÁ D.C.,GUAYABAS,2022-04-01,011609,BASE_lowR2,2800.191948558962
BOGOTÁ D.C.,GUAYABAS,2022-05-01,011609,BASE_lowR2,2815.7553519347794
BOGOTÁ D.C.,GUAYABAS,2022-06-01,011609,BASE_lowR2,2792.715411643128
BOGOTÁ D.C.,GUAYABAS,2022-07-01,011609,BASE_lowR2,2791.3421701687903
BOGOTÁ D.C.,GUAYABAS,2022-08-01,011609,BASE_lowR2,2848.1028177747153
BOGOTÁ D.C.,GUAYABAS,2022-09-01,011609,BASE_lowR2,2986.3424595246292
BOGOTÁ D.C.,GUAYABAS,2022-10-01,011609,BASE_lowR2,3079.417715007463
BOGOTÁ D.C.,GUAYABAS,2022-11-01,011609,BASE_lowR2,2995.649985072913
BOGOTÁ D.C.,GUAYABAS,2022-12-01,011609,BASE_lowR2,2875.1099001033413
BOGOTÁ D.C.,GUAYABAS,2023-01-01,011609,BASE_lowR2,2864.7342978527954
BOGOTÁ D.C.,GUAYABAS,2023-02-01,011609,BASE_lowR2,3059.5820048225974
BOGOTÁ D.C.,GUAYABAS,2023-03-01,011609,BASE_lowR2,3410.6740750947297
BOGOTÁ D.C.,GUAYABAS,2023-04-01,011609,BASE_lowR2,3295.32179125043
BOGOTÁ D.C.,GUAYABAS,2023-05-01,011609,BASE_lowR2,3100.168919508554
BOGOTÁ D.C.,GUAYABAS,2023-06-01,011609,BASE_lowR2,3124.887266046618
BOGOTÁ D.C.,GUAYABAS,2023-07-01,011609,BASE_lowR2,3225.896805603398
BOGOTÁ D.C.,GUAYABAS,2023-08-01,011609,BASE_lowR2,3459.042691468595
BOGOTÁ D.C.,GUAYABAS,2023-09-01,011609,BASE_lowR2,3572.716569066483
BOGOTÁ D.C.,GUAYABAS,2023-10-01,011609,BASE_lowR2,3652.669739350097
BOGOTÁ D.C.,GUAYABAS,2023-11-01,011609,BASE_lowR2,3458.890109082558
BOGOTÁ D.C.,GUAYABAS,2023-12-01,011609,BASE_lowR2,3169.8990699276605
BOGOTÁ D.C.,GUAYABAS,2024-01-01,011609,BASE_lowR2,3183.7840670570667
BOGOTÁ D.C.,GUAYABAS,2024-02-01,011609,BASE_lowR2,3389.9228705936384
BOGOTÁ D.C.,GUAYABAS,2024-03-01,011609,BASE_lowR2,3627.493645653921
BOGOTÁ D.C.,GUAYABAS,2024-04-01,011609,BASE_lowR2,3855.2991480078076
BOGOTÁ D.C.,GUAYABAS,2024-05-01,011609,BASE_lowR2,3887.0362843035937
BOGOTÁ D.C.,GUAYABAS,2024-06-01,011609,BASE_lowR2,3748.1863130095303
BOGOTÁ D.C.,GUAYABAS,2024-07-01,011609,BASE_lowR2,3653.280068894247
BOGOTÁ D.C.,GUAYABAS,2024-08-01,011609,BASE_lowR2,3641.0734780112525
BOGOTÁ D.C.,GUAYABAS,2024-09-01,011609,BASE_lowR2,3959.2077528992995
BOGOTÁ D.C.,GUAYABAS,2024-10-01,011609,BASE_lowR2,3988.8087357905615
BOGOTÁ D.C.,GUAYABAS,2024-11-01,011609,BASE_lowR2,3943.949514295556
BOGOTÁ D.C.,GUAYABAS,2024-12-01,011609,BASE_lowR2,3769.8530118268454
BOGOTÁ D.C.,HABICHUELAS FRESCAS,2019-01-01,011716,D_city,1657.4306765776457
BOGOTÁ D.C.,HABICHUELAS FRESCAS,2019-02-01,011716,D_city,1758.6990604848015
BOGOTÁ D.C.,HABICHUELAS FRESCAS,2019-03-01,011716,D_city,1653.9263267457566
BOGOTÁ D.C.,HABICHUELAS FRESCAS,2019-04-01,011716,D_city,1936.3318243410993
BOGOTÁ D.C.,HABICHUELAS FRESCAS,2019-05-01,011716,D_city,1861.9556761585325
BOGOTÁ D.C.,HABICHUELAS FRESCAS,2019-06-01,011716,D_city,1794.3381024840392
BOGOTÁ D.C.,HABICHUELAS FRESCAS,2019-07-01,011716,D_city,1907.1587549154303
BOGOTÁ D.C.,HABICHUELAS FRESCAS,2019-08-01,011716,D_city,1895.2106594070867
BOGOTÁ D.C.,HABICHUELAS FRESCAS,2019-09-01,011716,D_city,1889.080540077129
BOGOTÁ D.C.,HABICHUELAS FRESCAS,2019-10-01,011716,D_city,2200.3964324294507
BOGOTÁ D.C.,HABICHUELAS FRESCAS,2019-11-01,011716,D_city,2026.5888435897375
BOGOTÁ D.C.,HABICHUELAS FRESCAS,2019-12-01,011716,D_city,1852.1713404435257
BOGOTÁ D.C.,HABICHUELAS FRESCAS,2020-01-01,011716,D_city,2078.016280507278
BOGOTÁ D.C.,HABICHUELAS FRESCAS,2020-02-01,011716,D_city,2222.4865543127303
BOGOTÁ D.C.,HABICHUELAS FRESCAS,2020-03-01,011716,D_city,2726.146243962159
BOGOTÁ D.C.,HABICHUELAS FRESCAS,2020-04-01,011716,D_city,2632.940757786318
BOGOTÁ D.C.,HABICHUELAS FRESCAS,2020-05-01,011716,D_city,2476.65233515146
BOGOTÁ D.C.,HABICHUELAS FRESCAS,2020-06-01,011716,D_city,2489.9169830763994
BOGOTÁ D.C.,HABICHUELAS FRESCAS,2020-07-01,011716,D_city,2180.609630449586
BOGOTÁ D.C.,HABICHUELAS FRESCAS,2020-08-01,011716,D_city,2140.5795492088373
BOGOTÁ D.C.,HABICHUELAS FRESCAS,2020-09-01,011716,D_city,2350.5064409122474
BOGOTÁ D.C.,HABICHUELAS FRESCAS,2020-10-01,011716,D_city,2326.654559937598
BOGOTÁ D.C.,HABICHUELAS FRESCAS,2020-11-01,011716,D_city,2194.1576179629405
BOGOTÁ D.C.,HABICHUELAS FRESCAS,2020-12-01,011716,D_city,2522.447093657071
BOGOTÁ D.C.,HABICHUELAS FRESCAS,2021-01-01,011716,D_city,2807.2673709410187
BOGOTÁ D.C.,HABICHUELAS FRESCAS,2021-02-01,011716,D_city,2823.4678767434248
BOGOTÁ D.C.,HABICHUELAS FRESCAS,2021-03-01,011716,D_city,2942.8459968520947
BOGOTÁ D.C.,HABICHUELAS FRESCAS,2021-04-01,011716,D_city,3389.2379083132946
BOGOTÁ D.C.,HABICHUELAS FRESCAS,2021-05-01,011716,D_city,3569.3146493121567
BOGOTÁ D.C.,HABICHUELAS FRESCAS,2021-06-01,011716,D_city,3602.5992169014207
BOGOTÁ D.C.,HABICHUELAS FRESCAS,2021-07-01,011716,D_city,3732.019233964997
BOGOTÁ D.C.,HABICHUELAS FRESCAS,2021-08-01,011716,D_city,3599.310777488443
BOGOTÁ D.C.,HABICHUELAS FRESCAS,2021-09-01,011716,D_city,3642.6500510685414
BOGOTÁ D.C.,HABICHUELAS FRESCAS,2021-10-01,011716,D_city,3294.2035636209557
BOGOTÁ D.C.,HABICHUELAS FRESCAS,2021-11-01,011716,D_city,3316.7082446320364
BOGOTÁ D.C.,HABICHUELAS FRESCAS,2021-12-01,011716,D_city,3404.294711444618
BOGOTÁ D.C.,HABICHUELAS FRESCAS,2022-01-01,011716,D_city,3677.223323461636
BOGOTÁ D.C.,HABICHUELAS FRESCAS,2022-02-01,011716,D_city,3936.0763980631723
BOGOTÁ D.C.,HABICHUELAS FRESCAS,2022-03-01,011716,D_city,4279.185812961092
BOGOTÁ D.C.,HABICHUELAS FRESCAS,2022-04-01,011716,D_city,4675.086690484012
BOGOTÁ D.C.,HABICHUELAS FRESCAS,2022-05-01,011716,D_city,4780.585637756033
BOGOTÁ D.C.,HABICHUELAS FRESCAS,2022-06-01,011716,D_city,5169.787995390331
BOGOTÁ D.C.,HABICHUELAS FRESCAS,2022-07-01,011716,D_city,5624.591767270321
BOGOTÁ D.C.,HABICHUELAS FRESCAS,2022-08-01,011716,D_city,6052.189606047208
BOGOTÁ D.C.,HABICHUELAS FRESCAS,2022-09-01,011716,D_city,6252.966906434855
BOGOTÁ D.C.,HABICHUELAS FRESCAS,2022-10-01,011716,D_city,5894.286619877311
BOGOTÁ D.C.,HABICHUELAS FRESCAS,2022-11-01,011716,D_city,5950.311610243246
BOGOTÁ D.C.,HABICHUELAS FRESCAS,2022-12-01,011716,D_city,5966.021897524527
BOGOTÁ D.C.,HABICHUELAS FRESCAS,2023-01-01,011716,D_city,5846.305049317151
BOGOTÁ D.C.,HABICHUELAS FRESCAS,2023-02-01,011716,D_city,6090.616742818664
BOGOTÁ D.C.,HABICHUELAS FRESCAS,2023-03-01,011716,D_city,6321.24288782018
BOGOTÁ D.C.,HABICHUELAS FRESCAS,2023-04-01,011716,D_city,6744.466612712283
BOGOTÁ D.C.,HABICHUELAS FRESCAS,2023-05-01,011716,D_city,6272.170811793853
BOGOTÁ D.C.,HABICHUELAS FRESCAS,2023-06-01,011716,D_city,5519.4121396050805
BOGOTÁ D.C.,HABICHUELAS FRESCAS,2023-07-01,011716,D_city,5402.559066755382
BOGOTÁ D.C.,HABICHUELAS FRESCAS,2023-08-01,011716,D_city,5691.128294846494
BOGOTÁ D.C.,HABICHUELAS FRESCAS,2023-09-01,011716,D_city,5682.273498085377
BOGOTÁ D.C.,HABICHUELAS FRESCAS,2023-10-01,011716,D_city,5587.666003792841
BOGOTÁ D.C.,HABICHUELAS FRESCAS,2023-11-01,011716,D_city,5426.175668530182
BOGOTÁ D.C.,HABICHUELAS FRESCAS,2023-12-01,011716,D_city,5414.648942237153
BOGOTÁ D.C.,HABICHUELAS FRESCAS,2024-01-01,011716,D_city,5876.270557315017
BOGOTÁ D.C.,HABICHUELAS FRESCAS,2024-02-01,011716,D_city,6058.890345592466
BOGOTÁ D.C.,HABICHUELAS FRESCAS,2024-03-01,011716,D_city,6308.179757690745
BOGOTÁ D.C.,HABICHUELAS FRESCAS,2024-04-01,011716,D_city,6567.56748448032
BOGOTÁ D.C.,HABICHUELAS FRESCAS,2024-05-01,011716,D_city,7273.902079014935
BOGOTÁ D.C.,HABICHUELAS FRESCAS,2024-06-01,011716,D_city,8065.429294378183
BOGOTÁ D.C.,HABICHUELAS FRESCAS,2024-07-01,011716,D_city,8281.266882181277
BOGOTÁ D.C.,HABICHUELAS FRESCAS,2024-08-01,011716,D_city,7265.892887327638
BOGOTÁ D.C.,HABICHUELAS FRESCAS,2024-09-01,011716,D_city,6958.933640283298
BOGOTÁ D.C.,HABICHUELAS FRESCAS,2024-10-01,011716,D_city,6640.724037914322
BOGOTÁ D.C.,HABICHUELAS FRESCAS,2024-11-01,011716,D_city,6426.23422414627
BOGOTÁ D.C.,HABICHUELAS FRESCAS,2024-12-01,011716,D_city,6440.047107968232
BOGOTÁ D.C.,HARINA DE TRIGO,2019-01-01,011105,BASE_lowR2,1282.8687980945401
BOGOTÁ D.C.,HARINA DE TRIGO,2019-02-01,011105,BASE_lowR2,1271.715646757054
BOGOTÁ D.C.,HARINA DE TRIGO,2019-03-01,011105,BASE_lowR2,1271.202858189813
BOGOTÁ D.C.,HARINA DE TRIGO,2019-04-01,011105,BASE_lowR2,1284.9199523635034
BOGOTÁ D.C.,HARINA DE TRIGO,2019-05-01,011105,BASE_lowR2,1285.6891352143646
BOGOTÁ D.C.,HARINA DE TRIGO,2019-06-01,011105,BASE_lowR2,1292.2271894466837
BOGOTÁ D.C.,HARINA DE TRIGO,2019-07-01,011105,BASE_lowR2,1293.6373580065958
BOGOTÁ D.C.,HARINA DE TRIGO,2019-08-01,011105,BASE_lowR2,1298.7652436790033
BOGOTÁ D.C.,HARINA DE TRIGO,2019-09-01,011105,BASE_lowR2,1294.919329424698
BOGOTÁ D.C.,HARINA DE TRIGO,2019-10-01,011105,BASE_lowR2,1297.226877977281
BOGOTÁ D.C.,HARINA DE TRIGO,2019-11-01,011105,BASE_lowR2,1308.764620740198
BOGOTÁ D.C.,HARINA DE TRIGO,2019-12-01,011105,BASE_lowR2,1308.6364235983879
BOGOTÁ D.C.,HARINA DE TRIGO,2020-01-01,011105,BASE_lowR2,1310.5593807255407
BOGOTÁ D.C.,HARINA DE TRIGO,2020-02-01,011105,BASE_lowR2,1308.6364235983879
BOGOTÁ D.C.,HARINA DE TRIGO,2020-03-01,011105,BASE_lowR2,1331.4555148406012
BOGOTÁ D.C.,HARINA DE TRIGO,2020-04-01,011105,BASE_lowR2,1344.6598204470504
BOGOTÁ D.C.,HARINA DE TRIGO,2020-05-01,011105,BASE_lowR2,1339.5319347746429
BOGOTÁ D.C.,HARINA DE TRIGO,2020-06-01,011105,BASE_lowR2,1335.9424148039577
BOGOTÁ D.C.,HARINA DE TRIGO,2020-07-01,011105,BASE_lowR2,1324.9174606082815
BOGOTÁ D.C.,HARINA DE TRIGO,2020-08-01,011105,BASE_lowR2,1324.661066324661
BOGOTÁ D.C.,HARINA DE TRIGO,2020-09-01,011105,BASE_lowR2,1313.1233235617444
BOGOTÁ D.C.,HARINA DE TRIGO,2020-10-01,011105,BASE_lowR2,1302.9957493587397
BOGOTÁ D.C.,HARINA DE TRIGO,2020-11-01,011105,BASE_lowR2,1328.8915720043974
BOGOTÁ D.C.,HARINA DE TRIGO,2020-12-01,011105,BASE_lowR2,1313.3797178453647
BOGOTÁ D.C.,HARINA DE TRIGO,2021-01-01,011105,BASE_lowR2,1308.2518321729572
BOGOTÁ D.C.,HARINA DE TRIGO,2021-02-01,011105,BASE_lowR2,1292.355386588494
BOGOTÁ D.C.,HARINA DE TRIGO,2021-03-01,011105,BASE_lowR2,1287.7402894833274
BOGOTÁ D.C.,HARINA DE TRIGO,2021-04-01,011105,BASE_lowR2,1311.8413521436423
BOGOTÁ D.C.,HARINA DE TRIGO,2021-05-01,011105,BASE_lowR2,1325.4302491755222
BOGOTÁ D.C.,HARINA DE TRIGO,2021-06-01,011105,BASE_lowR2,1338.249963356541
BOGOTÁ D.C.,HARINA DE TRIGO,2021-07-01,011105,BASE_lowR2,1350.0441004030781
BOGOTÁ D.C.,HARINA DE TRIGO,2021-08-01,011105,BASE_lowR2,1398.502620007329
BOGOTÁ D.C.,HARINA DE TRIGO,2021-09-01,011105,BASE_lowR2,1405.6816599486995
BOGOTÁ D.C.,HARINA DE TRIGO,2021-10-01,011105,BASE_lowR2,1416.322022718945
BOGOTÁ D.C.,HARINA DE TRIGO,2021-11-01,011105,BASE_lowR2,1429.9109197508249
BOGOTÁ D.C.,HARINA DE TRIGO,2021-12-01,011105,BASE_lowR2,1466.1907108831076
BOGOTÁ D.C.,HARINA DE TRIGO,2022-01-01,011105,BASE_lowR2,1519.5207218761454
BOGOTÁ D.C.,HARINA DE TRIGO,2022-02-01,011105,BASE_lowR2,1557.4670758519603
BOGOTÁ D.C.,HARINA DE TRIGO,2022-03-01,011105,BASE_lowR2,1565.4152986441923
BOGOTÁ D.C.,HARINA DE TRIGO,2022-04-01,011105,BASE_lowR2,1575.671069989007
BOGOTÁ D.C.,HARINA DE TRIGO,2022-05-01,011105,BASE_lowR2,1612.720043972151
BOGOTÁ D.C.,HARINA DE TRIGO,2022-06-01,011105,BASE_lowR2,1644.128343715647
BOGOTÁ D.C.,HARINA DE TRIGO,2022-07-01,011105,BASE_lowR2,1658.7428178820082
BOGOTÁ D.C.,HARINA DE TRIGO,2022-08-01,011105,BASE_lowR2,1802.3236167094178
BOGOTÁ D.C.,HARINA DE TRIGO,2022-09-01,011105,BASE_lowR2,1888.8566874312935
BOGOTÁ D.C.,HARINA DE TRIGO,2022-10-01,011105,BASE_lowR2,1911.547581531697
BOGOTÁ D.C.,HARINA DE TRIGO,2022-11-01,011105,BASE_lowR2,1964.3648039574935
BOGOTÁ D.C.,HARINA DE TRIGO,2022-12-01,011105,BASE_lowR2,2008.8492121656284
BOGOTÁ D.C.,HARINA DE TRIGO,2023-01-01,011105,BASE_lowR2,2062.1792231586664
BOGOTÁ D.C.,HARINA DE TRIGO,2023-02-01,011105,BASE_lowR2,2105.89444851594
BOGOTÁ D.C.,HARINA DE TRIGO,2023-03-01,011105,BASE_lowR2,2135.6361854159036
BOGOTÁ D.C.,HARINA DE TRIGO,2023-04-01,011105,BASE_lowR2,2174.992707951631
BOGOTÁ D.C.,HARINA DE TRIGO,2023-05-01,011105,BASE_lowR2,2224.2204104067428
BOGOTÁ D.C.,HARINA DE TRIGO,2023-06-01,011105,BASE_lowR2,2218.964327592525
BOGOTÁ D.C.,HARINA DE TRIGO,2023-07-01,011105,BASE_lowR2,2207.298387687798
BOGOTÁ D.C.,HARINA DE TRIGO,2023-08-01,011105,BASE_lowR2,2216.6567790399413
BOGOTÁ D.C.,HARINA DE TRIGO,2023-09-01,011105,BASE_lowR2,2206.529204836937
BOGOTÁ D.C.,HARINA DE TRIGO,2023-10-01,011105,BASE_lowR2,2201.1449248809085
BOGOTÁ D.C.,HARINA DE TRIGO,2023-11-01,011105,BASE_lowR2,2192.940307805057
BOGOTÁ D.C.,HARINA DE TRIGO,2023-12-01,011105,BASE_lowR2,2162.557585196043
BOGOTÁ D.C.,HARINA DE TRIGO,2024-01-01,011105,BASE_lowR2,2142.6870282154637
BOGOTÁ D.C.,HARINA DE TRIGO,2024-02-01,011105,BASE_lowR2,2065.2559545621107
BOGOTÁ D.C.,HARINA DE TRIGO,2024-03-01,011105,BASE_lowR2,1883.9851960425067
BOGOTÁ D.C.,HARINA DE TRIGO,2024-04-01,011105,BASE_lowR2,1835.9112678636866
BOGOTÁ D.C.,HARINA DE TRIGO,2024-05-01,011105,BASE_lowR2,1784.760608281422
BOGOTÁ D.C.,HARINA DE TRIGO,2024-06-01,011105,BASE_lowR2,1773.094668376695
BOGOTÁ D.C.,HARINA DE TRIGO,2024-07-01,011105,BASE_lowR2,1783.7350311469404
BOGOTÁ D.C.,HARINA DE TRIGO,2024-08-01,011105,BASE_lowR2,1755.275265665079
BOGOTÁ D.C.,HARINA DE TRIGO,2024-09-01,011105,BASE_lowR2,1743.7375229021623
BOGOTÁ D.C.,HARINA DE TRIGO,2024-10-01,011105,BASE_lowR2,1760.787742762917
BOGOTÁ D.C.,HARINA DE TRIGO,2024-11-01,011105,BASE_lowR2,1715.534151703921
BOGOTÁ D.C.,HARINA DE TRIGO,2024-12-01,011105,BASE_lowR2,1681.8183034078418
BOGOTÁ D.C.,HARINA PRECOCIDA,2019-01-01,011106,BASE_lowR2,1407.5210837303043
BOGOTÁ D.C.,HARINA PRECOCIDA,2019-02-01,011106,BASE_lowR2,1396.2462577867352
BOGOTÁ D.C.,HARINA PRECOCIDA,2019-03-01,011106,BASE_lowR2,1396.8099990839137
BOGOTÁ D.C.,HARINA PRECOCIDA,2019-04-01,011106,BASE_lowR2,1395.541581165262
BOGOTÁ D.C.,HARINA PRECOCIDA,2019-05-01,011106,BASE_lowR2,1397.2328050567976
BOGOTÁ D.C.,HARINA PRECOCIDA,2019-06-01,011106,BASE_lowR2,1415.8362678636863
BOGOTÁ D.C.,HARINA PRECOCIDA,2019-07-01,011106,BASE_lowR2,1427.25202913155
BOGOTÁ D.C.,HARINA PRECOCIDA,2019-08-01,011106,BASE_lowR2,1430.3526062660317
BOGOTÁ D.C.,HARINA PRECOCIDA,2019-09-01,011106,BASE_lowR2,1446.4192332356176
BOGOTÁ D.C.,HARINA PRECOCIDA,2019-10-01,011106,BASE_lowR2,1458.680606449249
BOGOTÁ D.C.,HARINA PRECOCIDA,2019-11-01,011106,BASE_lowR2,1478.8343578233787
BOGOTÁ D.C.,HARINA PRECOCIDA,2019-12-01,011106,BASE_lowR2,1513.7863182484425
BOGOTÁ D.C.,HARINA PRECOCIDA,2020-01-01,011106,BASE_lowR2,1514.4909948699158
BOGOTÁ D.C.,HARINA PRECOCIDA,2020-02-01,011106,BASE_lowR2,1519.1418605716383
BOGOTÁ D.C.,HARINA PRECOCIDA,2020-03-01,011106,BASE_lowR2,1530.1348158666178
BOGOTÁ D.C.,HARINA PRECOCIDA,2020-04-01,011106,BASE_lowR2,1534.6447462440456
BOGOTÁ D.C.,HARINA PRECOCIDA,2020-05-01,011106,BASE_lowR2,1545.3558308904362
BOGOTÁ D.C.,HARINA PRECOCIDA,2020-06-01,011106,BASE_lowR2,1562.2680698057895
BOGOTÁ D.C.,HARINA PRECOCIDA,2020-07-01,011106,BASE_lowR2,1571.006059912056
BOGOTÁ D.C.,HARINA PRECOCIDA,2020-08-01,011106,BASE_lowR2,1584.817721692928
BOGOTÁ D.C.,HARINA PRECOCIDA,2020-09-01,011106,BASE_lowR2,1592.428229204837
BOGOTÁ D.C.,HARINA PRECOCIDA,2020-10-01,011106,BASE_lowR2,1590.3141993404179
BOGOTÁ D.C.,HARINA PRECOCIDA,2020-11-01,011106,BASE_lowR2,1570.3013832905829
BOGOTÁ D.C.,HARINA PRECOCIDA,2020-12-01,011106,BASE_lowR2,1571.1469952363507
BOGOTÁ D.C.,HARINA PRECOCIDA,2021-01-01,011106,BASE_lowR2,1569.455771344815
BOGOTÁ D.C.,HARINA PRECOCIDA,2021-02-01,011106,BASE_lowR2,1576.6434728838403
BOGOTÁ D.C.,HARINA PRECOCIDA,2021-03-01,011106,BASE_lowR2,1570.4423186148776
BOGOTÁ D.C.,HARINA PRECOCIDA,2021-04-01,011106,BASE_lowR2,1572.5563484792963
BOGOTÁ D.C.,HARINA PRECOCIDA,2021-05-01,011106,BASE_lowR2,1574.5294430194213
BOGOTÁ D.C.,HARINA PRECOCIDA,2021-06-01,011106,BASE_lowR2,1596.79722425797
BOGOTÁ D.C.,HARINA PRECOCIDA,2021-07-01,011106,BASE_lowR2,1636.2591150604617
BOGOTÁ D.C.,HARINA PRECOCIDA,2021-08-01,011106,BASE_lowR2,1662.6140207035544
BOGOTÁ D.C.,HARINA PRECOCIDA,2021-09-01,011106,BASE_lowR2,1676.0028765115428
BOGOTÁ D.C.,HARINA PRECOCIDA,2021-10-01,011106,BASE_lowR2,1686.854896482228
BOGOTÁ D.C.,HARINA PRECOCIDA,2021-11-01,011106,BASE_lowR2,1695.4519512641994
BOGOTÁ D.C.,HARINA PRECOCIDA,2021-12-01,011106,BASE_lowR2,1694.8882099670209
BOGOTÁ D.C.,HARINA PRECOCIDA,2022-01-01,011106,BASE_lowR2,1727.1623992304874
BOGOTÁ D.C.,HARINA PRECOCIDA,2022-02-01,011106,BASE_lowR2,1753.51730487358
BOGOTÁ D.C.,HARINA PRECOCIDA,2022-03-01,011106,BASE_lowR2,1758.3091058995972
BOGOTÁ D.C.,HARINA PRECOCIDA,2022-04-01,011106,BASE_lowR2,1838.2194347746429
BOGOTÁ D.C.,HARINA PRECOCIDA,2022-05-01,011106,BASE_lowR2,1882.332191278857
BOGOTÁ D.C.,HARINA PRECOCIDA,2022-06-01,011106,BASE_lowR2,1941.5250274825944
BOGOTÁ D.C.,HARINA PRECOCIDA,2022-07-01,011106,BASE_lowR2,2005.2277940637598
BOGOTÁ D.C.,HARINA PRECOCIDA,2022-08-01,011106,BASE_lowR2,2091.762083180652
BOGOTÁ D.C.,HARINA PRECOCIDA,2022-09-01,011106,BASE_lowR2,2121.358501282521
BOGOTÁ D.C.,HARINA PRECOCIDA,2022-10-01,011106,BASE_lowR2,2142.4987999267137
BOGOTÁ D.C.,HARINA PRECOCIDA,2022-11-01,011106,BASE_lowR2,2168.1490289483327
BOGOTÁ D.C.,HARINA PRECOCIDA,2022-12-01,011106,BASE_lowR2,2167.726222975449
BOGOTÁ D.C.,HARINA PRECOCIDA,2023-01-01,011106,BASE_lowR2,2211.9799148039574
BOGOTÁ D.C.,HARINA PRECOCIDA,2023-02-01,011106,BASE_lowR2,2258.48857182118
BOGOTÁ D.C.,HARINA PRECOCIDA,2023-03-01,011106,BASE_lowR2,2276.1054873580065
BOGOTÁ D.C.,HARINA PRECOCIDA,2023-04-01,011106,BASE_lowR2,2295.977368083547
BOGOTÁ D.C.,HARINA PRECOCIDA,2023-05-01,011106,BASE_lowR2,2304.7153581898133
BOGOTÁ D.C.,HARINA PRECOCIDA,2023-06-01,011106,BASE_lowR2,2286.534701355808
BOGOTÁ D.C.,HARINA PRECOCIDA,2023-07-01,011106,BASE_lowR2,2201.4097654818615
BOGOTÁ D.C.,HARINA PRECOCIDA,2023-08-01,011106,BASE_lowR2,2147.1496656284353
BOGOTÁ D.C.,HARINA PRECOCIDA,2023-09-01,011106,BASE_lowR2,1999.5903810919751
BOGOTÁ D.C.,HARINA PRECOCIDA,2023-10-01,011106,BASE_lowR2,1982.8190775009161
BOGOTÁ D.C.,HARINA PRECOCIDA,2023-11-01,011106,BASE_lowR2,1958.1553957493588
BOGOTÁ D.C.,HARINA PRECOCIDA,2023-12-01,011106,BASE_lowR2,1952.658918101869
BOGOTÁ D.C.,HARINA PRECOCIDA,2024-01-01,011106,BASE_lowR2,1893.8888878710152
BOGOTÁ D.C.,HARINA PRECOCIDA,2024-02-01,011106,BASE_lowR2,1854.0041910956397
BOGOTÁ D.C.,HARINA PRECOCIDA,2024-03-01,011106,BASE_lowR2,1817.6428774276292
BOGOTÁ D.C.,HARINA PRECOCIDA,2024-04-01,011106,BASE_lowR2,1772.9663796262366
BOGOTÁ D.C.,HARINA PRECOCIDA,2024-05-01,011106,BASE_lowR2,1735.6185186881644
BOGOTÁ D.C.,HARINA PRECOCIDA,2024-06-01,011106,BASE_lowR2,1730.6857823378527
BOGOTÁ D.C.,HARINA PRECOCIDA,2024-07-01,011106,BASE_lowR2,1711.5185782337853
BOGOTÁ D.C.,HARINA PRECOCIDA,2024-08-01,011106,BASE_lowR2,1710.6729662880175
BOGOTÁ D.C.,HARINA PRECOCIDA,2024-09-01,011106,BASE_lowR2,1703.626200073287
BOGOTÁ D.C.,HARINA PRECOCIDA,2024-10-01,011106,BASE_lowR2,1701.089364235984
BOGOTÁ D.C.,HARINA PRECOCIDA,2024-11-01,011106,BASE_lowR2,1691.0829562110662
BOGOTÁ D.C.,HARINA PRECOCIDA,2024-12-01,011106,BASE_lowR2,1699.6800109930375
BOGOTÁ D.C.,HUEVOS,2019-01-01,011405,BASE,3614.0156867306487
BOGOTÁ D.C.,HUEVOS,2019-02-01,011405,BASE,3610.0776805341125
BOGOTÁ D.C.,HUEVOS,2019-03-01,011405,BASE,3651.605745879408
BOGOTÁ D.C.,HUEVOS,2019-04-01,011405,BASE,3688.479803901523
BOGOTÁ D.C.,HUEVOS,2019-05-01,011405,BASE,3764.017922762362
BOGOTÁ D.C.,HUEVOS,2019-06-01,011405,BASE,3794.4479706446896
BOGOTÁ D.C.,HUEVOS,2019-07-01,011405,BASE,3790.867965011475
BOGOTÁ D.C.,HUEVOS,2019-08-01,011405,BASE,3771.5359345921133
BOGOTÁ D.C.,HUEVOS,2019-09-01,011405,BASE,3766.523926705612
BOGOTÁ D.C.,HUEVOS,2019-10-01,011405,BASE,3756.1419103692892
BOGOTÁ D.C.,HUEVOS,2019-11-01,011405,BASE,3759.005914875861
BOGOTÁ D.C.,HUEVOS,2019-12-01,011405,BASE,3725.71186248696
BOGOTÁ D.C.,HUEVOS,2020-01-01,011405,BASE,3738.957883329856
BOGOTÁ D.C.,HUEVOS,2020-02-01,011405,BASE,3730.0078692468187
BOGOTÁ D.C.,HUEVOS,2020-03-01,011405,BASE,3769.387931212185
BOGOTÁ D.C.,HUEVOS,2020-04-01,011405,BASE,3936.2161937200085
BOGOTÁ D.C.,HUEVOS,2020-05-01,011405,BASE,3944.0922061130823
BOGOTÁ D.C.,HUEVOS,2020-06-01,011405,BASE,3848.86405626956
BOGOTÁ D.C.,HUEVOS,2020-07-01,011405,BASE,3777.6219441685794
BOGOTÁ D.C.,HUEVOS,2020-08-01,011405,BASE,3726.7858641769244
BOGOTÁ D.C.,HUEVOS,2020-09-01,011405,BASE,3735.3778776966415
BOGOTÁ D.C.,HUEVOS,2020-10-01,011405,BASE,3752.2039041727517
BOGOTÁ D.C.,HUEVOS,2020-11-01,011405,BASE,3829.89002641352
BOGOTÁ D.C.,HUEVOS,2020-12-01,011405,BASE,3941.5862021698313
BOGOTÁ D.C.,HUEVOS,2021-01-01,011405,BASE,3977.0282579386608
BOGOTÁ D.C.,HUEVOS,2021-02-01,011405,BASE,3973.8062528687665
BOGOTÁ D.C.,HUEVOS,2021-03-01,011405,BASE,3996.3602883580224
BOGOTÁ D.C.,HUEVOS,2021-04-01,011405,BASE,4011.396312017526
BOGOTÁ D.C.,HUEVOS,2021-05-01,011405,BASE,4338.608826893386
BOGOTÁ D.C.,HUEVOS,2021-06-01,011405,BASE,4666.537342895889
BOGOTÁ D.C.,HUEVOS,2021-07-01,011405,BASE,4872.387666805758
BOGOTÁ D.C.,HUEVOS,2021-08-01,011405,BASE,4721.31142908408
BOGOTÁ D.C.,HUEVOS,2021-09-01,011405,BASE,4444.576993636553
BOGOTÁ D.C.,HUEVOS,2021-10-01,011405,BASE,4414.146945754224
BOGOTÁ D.C.,HUEVOS,2021-11-01,011405,BASE,4454.243008846234
BOGOTÁ D.C.,HUEVOS,2021-12-01,011405,BASE,4574.531198122262
BOGOTÁ D.C.,HUEVOS,2022-01-01,011405,BASE,4759.6174893594825
BOGOTÁ D.C.,HUEVOS,2022-02-01,011405,BASE,4870.597663989151
BOGOTÁ D.C.,HUEVOS,2022-03-01,011405,BASE,5061.769964802837
BOGOTÁ D.C.,HUEVOS,2022-04-01,011405,BASE,5254.732268433131
BOGOTÁ D.C.,HUEVOS,2022-05-01,011405,BASE,5392.5624853119125
BOGOTÁ D.C.,HUEVOS,2022-06-01,011405,BASE,5367.144445316086
BOGOTÁ D.C.,HUEVOS,2022-07-01,011405,BASE,5370.724450949301
BOGOTÁ D.C.,HUEVOS,2022-08-01,011405,BASE,5586.5987906321725
BOGOTÁ D.C.,HUEVOS,2022-09-01,011405,BASE,5685.7649466722305
BOGOTÁ D.C.,HUEVOS,2022-10-01,011405,BASE,5789.94311059879
BOGOTÁ D.C.,HUEVOS,2022-11-01,011405,BASE,5896.627278468601
BOGOTÁ D.C.,HUEVOS,2022-12-01,011405,BASE,6081.355569142499
BOGOTÁ D.C.,HUEVOS,2023-01-01,011405,BASE,6077.059562382641
BOGOTÁ D.C.,HUEVOS,2023-02-01,011405,BASE,6099.2555973085755
BOGOTÁ D.C.,HUEVOS,2023-03-01,011405,BASE,6101.045600125182
BOGOTÁ D.C.,HUEVOS,2023-04-01,011405,BASE,6178.731722365951
BOGOTÁ D.C.,HUEVOS,2023-05-01,011405,BASE,6185.175732505738
BOGOTÁ D.C.,HUEVOS,2023-06-01,011405,BASE,6112.143617588149
BOGOTÁ D.C.,HUEVOS,2023-07-01,011405,BASE,6115.007622094722
BOGOTÁ D.C.,HUEVOS,2023-08-01,011405,BASE,6148.659675046943
BOGOTÁ D.C.,HUEVOS,2023-09-01,011405,BASE,6229.925802920927
BOGOTÁ D.C.,HUEVOS,2023-10-01,011405,BASE,6267.515862069685
BOGOTÁ D.C.,HUEVOS,2023-11-01,011405,BASE,6292.9339020655125
BOGOTÁ D.C.,HUEVOS,2023-12-01,011405,BASE,6310.475929668266
BOGOTÁ D.C.,HUEVOS,2024-01-01,011405,BASE,6123.241635051116
BOGOTÁ D.C.,HUEVOS,2024-02-01,011405,BASE,5999.731440705195
BOGOTÁ D.C.,HUEVOS,2024-03-01,011405,BASE,5956.771373106613
BOGOTÁ D.C.,HUEVOS,2024-04-01,011405,BASE,5987.201420988943
BOGOTÁ D.C.,HUEVOS,2024-05-01,011405,BASE,6010.47145760484
BOGOTÁ D.C.,HUEVOS,2024-06-01,011405,BASE,5992.571429438764
BOGOTÁ D.C.,HUEVOS,2024-07-01,011405,BASE,5927.41532691425
BOGOTÁ D.C.,HUEVOS,2024-08-01,011405,BASE,5909.873299311496
BOGOTÁ D.C.,HUEVOS,2024-09-01,011405,BASE,5886.2452621322755
BOGOTÁ D.C.,HUEVOS,2024-10-01,011405,BASE,5842.569193407052
BOGOTÁ D.C.,HUEVOS,2024-11-01,011405,BASE,5801.399128625078
BOGOTÁ D.C.,HUEVOS,2024-12-01,011405,BASE,5753.785053703317
BOGOTÁ D.C.,LECHE EN POLVO ENTERA,2019-01-01,011401,BASE_lowR2,10351.135595545515
BOGOTÁ D.C.,LECHE EN POLVO ENTERA,2019-02-01,011401,BASE_lowR2,10348.054289057458
BOGOTÁ D.C.,LECHE EN POLVO ENTERA,2019-03-01,011401,BASE_lowR2,10447.683198837962
BOGOTÁ D.C.,LECHE EN POLVO ENTERA,2019-04-01,011401,BASE_lowR2,10468.225242091674
BOGOTÁ D.C.,LECHE EN POLVO ENTERA,2019-05-01,011401,BASE_lowR2,10496.984102646871
BOGOTÁ D.C.,LECHE EN POLVO ENTERA,2019-06-01,011401,BASE_lowR2,10501.092511297611
BOGOTÁ D.C.,LECHE EN POLVO ENTERA,2019-07-01,011401,BASE_lowR2,10490.821489670758
BOGOTÁ D.C.,LECHE EN POLVO ENTERA,2019-08-01,011401,BASE_lowR2,10477.469161555844
BOGOTÁ D.C.,LECHE EN POLVO ENTERA,2019-09-01,011401,BASE_lowR2,10766.084869270497
BOGOTÁ D.C.,LECHE EN POLVO ENTERA,2019-10-01,011401,BASE_lowR2,10903.71655907037
BOGOTÁ D.C.,LECHE EN POLVO ENTERA,2019-11-01,011401,BASE_lowR2,11020.806205616529
BOGOTÁ D.C.,LECHE EN POLVO ENTERA,2019-12-01,011401,BASE_lowR2,11102.974378631376
BOGOTÁ D.C.,LECHE EN POLVO ENTERA,2020-01-01,011401,BASE_lowR2,11145.085567301487
BOGOTÁ D.C.,LECHE EN POLVO ENTERA,2020-02-01,011401,BASE_lowR2,11233.416353292449
BOGOTÁ D.C.,LECHE EN POLVO ENTERA,2020-03-01,011401,BASE_lowR2,11417.26764041317
BOGOTÁ D.C.,LECHE EN POLVO ENTERA,2020-04-01,011401,BASE_lowR2,11530.248878308586
BOGOTÁ D.C.,LECHE EN POLVO ENTERA,2020-05-01,011401,BASE_lowR2,11573.387169141382
BOGOTÁ D.C.,LECHE EN POLVO ENTERA,2020-06-01,011401,BASE_lowR2,11515.86944803099
BOGOTÁ D.C.,LECHE EN POLVO ENTERA,2020-07-01,011401,BASE_lowR2,11528.194673983215
BOGOTÁ D.C.,LECHE EN POLVO ENTERA,2020-08-01,011401,BASE_lowR2,11536.4114912847
BOGOTÁ D.C.,LECHE EN POLVO ENTERA,2020-09-01,011401,BASE_lowR2,11493.273200451908
BOGOTÁ D.C.,LECHE EN POLVO ENTERA,2020-10-01,011401,BASE_lowR2,11481.975076662364
BOGOTÁ D.C.,LECHE EN POLVO ENTERA,2020-11-01,011401,BASE_lowR2,11530.248878308586
BOGOTÁ D.C.,LECHE EN POLVO ENTERA,2020-12-01,011401,BASE_lowR2,11505.598426404133
BOGOTÁ D.C.,LECHE EN POLVO ENTERA,2021-01-01,011401,BASE_lowR2,11594.95631455778
BOGOTÁ D.C.,LECHE EN POLVO ENTERA,2021-02-01,011401,BASE_lowR2,11523.059163169788
BOGOTÁ D.C.,LECHE EN POLVO ENTERA,2021-03-01,011401,BASE_lowR2,11510.733937217561
BOGOTÁ D.C.,LECHE EN POLVO ENTERA,2021-04-01,011401,BASE_lowR2,11508.67973289219
BOGOTÁ D.C.,LECHE EN POLVO ENTERA,2021-05-01,011401,BASE_lowR2,11556.953534538414
BOGOTÁ D.C.,LECHE EN POLVO ENTERA,2021-06-01,011401,BASE_lowR2,11691.503917850227
BOGOTÁ D.C.,LECHE EN POLVO ENTERA,2021-07-01,011401,BASE_lowR2,11749.02163896062
BOGOTÁ D.C.,LECHE EN POLVO ENTERA,2021-08-01,011401,BASE_lowR2,11810.647768721756
BOGOTÁ D.C.,LECHE EN POLVO ENTERA,2021-09-01,011401,BASE_lowR2,11974.984114751454
BOGOTÁ D.C.,LECHE EN POLVO ENTERA,2021-10-01,011401,BASE_lowR2,12168.079321336349
BOGOTÁ D.C.,LECHE EN POLVO ENTERA,2021-11-01,011401,BASE_lowR2,12686.765913492576
BOGOTÁ D.C.,LECHE EN POLVO ENTERA,2021-12-01,011401,BASE_lowR2,12938.40594335055
BOGOTÁ D.C.,LECHE EN POLVO ENTERA,2022-01-01,011401,BASE_lowR2,13469.417761459004
BOGOTÁ D.C.,LECHE EN POLVO ENTERA,2022-02-01,011401,BASE_lowR2,14260.286426726921
BOGOTÁ D.C.,LECHE EN POLVO ENTERA,2022-03-01,011401,BASE_lowR2,14658.802065848937
BOGOTÁ D.C.,LECHE EN POLVO ENTERA,2022-04-01,011401,BASE_lowR2,15486.646408973533
BOGOTÁ D.C.,LECHE EN POLVO ENTERA,2022-05-01,011401,BASE_lowR2,16203.563718528085
BOGOTÁ D.C.,LECHE EN POLVO ENTERA,2022-06-01,011401,BASE_lowR2,16526.073797611363
BOGOTÁ D.C.,LECHE EN POLVO ENTERA,2022-07-01,011401,BASE_lowR2,16609.2690727889
BOGOTÁ D.C.,LECHE EN POLVO ENTERA,2022-08-01,011401,BASE_lowR2,16639.05503550678
BOGOTÁ D.C.,LECHE EN POLVO ENTERA,2022-09-01,011401,BASE_lowR2,16664.73258957392
BOGOTÁ D.C.,LECHE EN POLVO ENTERA,2022-10-01,011401,BASE_lowR2,16798.25587072305
BOGOTÁ D.C.,LECHE EN POLVO ENTERA,2022-11-01,011401,BASE_lowR2,17222.449063912205
BOGOTÁ D.C.,LECHE EN POLVO ENTERA,2022-12-01,011401,BASE_lowR2,17964.016825371207
BOGOTÁ D.C.,LECHE EN POLVO ENTERA,2023-01-01,011401,BASE_lowR2,18608.00988137508
BOGOTÁ D.C.,LECHE EN POLVO ENTERA,2023-02-01,011401,BASE_lowR2,19408.12246610717
BOGOTÁ D.C.,LECHE EN POLVO ENTERA,2023-03-01,011401,BASE_lowR2,19709.063399774048
BOGOTÁ D.C.,LECHE EN POLVO ENTERA,2023-04-01,011401,BASE_lowR2,19902.158606358942
BOGOTÁ D.C.,LECHE EN POLVO ENTERA,2023-05-01,011401,BASE_lowR2,19886.75207391866
BOGOTÁ D.C.,LECHE EN POLVO ENTERA,2023-06-01,011401,BASE_lowR2,20067.522054551326
BOGOTÁ D.C.,LECHE EN POLVO ENTERA,2023-07-01,011401,BASE_lowR2,19947.35110151711
BOGOTÁ D.C.,LECHE EN POLVO ENTERA,2023-08-01,011401,BASE_lowR2,20144.554716752747
BOGOTÁ D.C.,LECHE EN POLVO ENTERA,2023-09-01,011401,BASE_lowR2,20108.60614105875
BOGOTÁ D.C.,LECHE EN POLVO ENTERA,2023-10-01,011401,BASE_lowR2,20245.210728695933
BOGOTÁ D.C.,LECHE EN POLVO ENTERA,2023-11-01,011401,BASE_lowR2,20202.07243786314
BOGOTÁ D.C.,LECHE EN POLVO ENTERA,2023-12-01,011401,BASE_lowR2,20273.96958925113
BOGOTÁ D.C.,LECHE EN POLVO ENTERA,2024-01-01,011401,BASE_lowR2,20405.438666074886
BOGOTÁ D.C.,LECHE EN POLVO ENTERA,2024-02-01,011401,BASE_lowR2,20619.075915913494
BOGOTÁ D.C.,LECHE EN POLVO ENTERA,2024-03-01,011401,BASE_lowR2,20653.997389444805
BOGOTÁ D.C.,LECHE EN POLVO ENTERA,2024-04-01,011401,BASE_lowR2,20617.02171158812
BOGOTÁ D.C.,LECHE EN POLVO ENTERA,2024-05-01,011401,BASE_lowR2,20542.043253712076
BOGOTÁ D.C.,LECHE EN POLVO ENTERA,2024-06-01,011401,BASE_lowR2,20504.040473692705
BOGOTÁ D.C.,LECHE EN POLVO ENTERA,2024-07-01,011401,BASE_lowR2,20556.42268398967
BOGOTÁ D.C.,LECHE EN POLVO ENTERA,2024-08-01,011401,BASE_lowR2,20519.44700613299
BOGOTÁ D.C.,LECHE EN POLVO ENTERA,2024-09-01,011401,BASE_lowR2,20458.84797853454
BOGOTÁ D.C.,LECHE EN POLVO ENTERA,2024-10-01,011401,BASE_lowR2,20417.763892027113
BOGOTÁ D.C.,LECHE EN POLVO ENTERA,2024-11-01,011401,BASE_lowR2,20319.1620844093
BOGOTÁ D.C.,LECHE EN POLVO ENTERA,2024-12-01,011401,BASE_lowR2,20382.842418495806
BOGOTÁ D.C.,LECHE EN POLVO LACTANTE,2019-01-01,011401,BASE_lowR2,44650.27592263826
BOGOTÁ D.C.,LECHE EN POLVO LACTANTE,2019-02-01,011401,BASE_lowR2,44636.98451285776
BOGOTÁ D.C.,LECHE EN POLVO LACTANTE,2019-03-01,011401,BASE_lowR2,45066.7400957607
BOGOTÁ D.C.,LECHE EN POLVO LACTANTE,2019-04-01,011401,BASE_lowR2,45155.3494942974
BOGOTÁ D.C.,LECHE EN POLVO LACTANTE,2019-05-01,011401,BASE_lowR2,45279.40265224876
BOGOTÁ D.C.,LECHE EN POLVO LACTANTE,2019-06-01,011401,BASE_lowR2,45297.1245319561
BOGOTÁ D.C.,LECHE EN POLVO LACTANTE,2019-07-01,011401,BASE_lowR2,45252.81983268776
BOGOTÁ D.C.,LECHE EN POLVO LACTANTE,2019-08-01,011401,BASE_lowR2,45195.223723638905
BOGOTÁ D.C.,LECHE EN POLVO LACTANTE,2019-09-01,011401,BASE_lowR2,46440.1857730794
BOGOTÁ D.C.,LECHE EN POLVO LACTANTE,2019-10-01,011401,BASE_lowR2,47033.868743275234
BOGOTÁ D.C.,LECHE EN POLVO LACTANTE,2019-11-01,011401,BASE_lowR2,47538.94231493437
BOGOTÁ D.C.,LECHE EN POLVO LACTANTE,2019-12-01,011401,BASE_lowR2,47893.37990908112
BOGOTÁ D.C.,LECHE EN POLVO LACTANTE,2020-01-01,011401,BASE_lowR2,48075.02917608135
BOGOTÁ D.C.,LECHE EN POLVO LACTANTE,2020-02-01,011401,BASE_lowR2,48456.04958978911
BOGOTÁ D.C.,LECHE EN POLVO LACTANTE,2020-03-01,011401,BASE_lowR2,49249.10370669249
BOGOTÁ D.C.,LECHE EN POLVO LACTANTE,2020-04-01,011401,BASE_lowR2,49736.455398644284
BOGOTÁ D.C.,LECHE EN POLVO LACTANTE,2020-05-01,011401,BASE_lowR2,49922.535135571336
BOGOTÁ D.C.,LECHE EN POLVO LACTANTE,2020-06-01,011401,BASE_lowR2,49674.42881966861
BOGOTÁ D.C.,LECHE EN POLVO LACTANTE,2020-07-01,011401,BASE_lowR2,49727.59445879061
BOGOTÁ D.C.,LECHE EN POLVO LACTANTE,2020-08-01,011401,BASE_lowR2,49763.03821820529
BOGOTÁ D.C.,LECHE EN POLVO LACTANTE,2020-09-01,011401,BASE_lowR2,49576.95848127825
BOGOTÁ D.C.,LECHE EN POLVO LACTANTE,2020-10-01,011401,BASE_lowR2,49528.223312083064
BOGOTÁ D.C.,LECHE EN POLVO LACTANTE,2020-11-01,011401,BASE_lowR2,49736.455398644284
BOGOTÁ D.C.,LECHE EN POLVO LACTANTE,2020-12-01,011401,BASE_lowR2,49630.12412040026
BOGOTÁ D.C.,LECHE EN POLVO LACTANTE,2021-01-01,011401,BASE_lowR2,50015.57500403486
BOGOTÁ D.C.,LECHE EN POLVO LACTANTE,2021-02-01,011401,BASE_lowR2,49705.442109156444
BOGOTÁ D.C.,LECHE EN POLVO LACTANTE,2021-03-01,011401,BASE_lowR2,49652.27647003443
BOGOTÁ D.C.,LECHE EN POLVO LACTANTE,2021-04-01,011401,BASE_lowR2,49643.41553018076
BOGOTÁ D.C.,LECHE EN POLVO LACTANTE,2021-05-01,011401,BASE_lowR2,49851.64761674198
BOGOTÁ D.C.,LECHE EN POLVO LACTANTE,2021-06-01,011401,BASE_lowR2,50432.039177157305
BOGOTÁ D.C.,LECHE EN POLVO LACTANTE,2021-07-01,011401,BASE_lowR2,50680.14549306004
BOGOTÁ D.C.,LECHE EN POLVO LACTANTE,2021-08-01,011401,BASE_lowR2,50945.97368867011
BOGOTÁ D.C.,LECHE EN POLVO LACTANTE,2021-09-01,011401,BASE_lowR2,51654.84887696364
BOGOTÁ D.C.,LECHE EN POLVO LACTANTE,2021-10-01,011401,BASE_lowR2,52487.777223208526
BOGOTÁ D.C.,LECHE EN POLVO LACTANTE,2021-11-01,011401,BASE_lowR2,54725.16453625995
BOGOTÁ D.C.,LECHE EN POLVO LACTANTE,2021-12-01,011401,BASE_lowR2,55810.629668334404
BOGOTÁ D.C.,LECHE EN POLVO LACTANTE,2022-01-01,011401,BASE_lowR2,58101.18262050785
BOGOTÁ D.C.,LECHE EN POLVO LACTANTE,2022-02-01,011401,BASE_lowR2,61512.64446417043
BOGOTÁ D.C.,LECHE EN POLVO LACTANTE,2022-03-01,011401,BASE_lowR2,63231.66679578223
BOGOTÁ D.C.,LECHE EN POLVO LACTANTE,2022-04-01,011401,BASE_lowR2,66802.62555681085
BOGOTÁ D.C.,LECHE EN POLVO LACTANTE,2022-05-01,011401,BASE_lowR2,69895.09356574134
BOGOTÁ D.C.,LECHE EN POLVO LACTANTE,2022-06-01,011401,BASE_lowR2,71286.26112276738
BOGOTÁ D.C.,LECHE EN POLVO LACTANTE,2022-07-01,011401,BASE_lowR2,71645.12918684098
BOGOTÁ D.C.,LECHE EN POLVO LACTANTE,2022-08-01,011401,BASE_lowR2,71773.61281471918
BOGOTÁ D.C.,LECHE EN POLVO LACTANTE,2022-09-01,011401,BASE_lowR2,71884.37456289004
BOGOTÁ D.C.,LECHE EN POLVO LACTANTE,2022-10-01,011401,BASE_lowR2,72460.33565337853
BOGOTÁ D.C.,LECHE EN POLVO LACTANTE,2022-11-01,011401,BASE_lowR2,74290.11973316118
BOGOTÁ D.C.,LECHE EN POLVO LACTANTE,2022-12-01,011401,BASE_lowR2,77488.9190203357
BOGOTÁ D.C.,LECHE EN POLVO LACTANTE,2023-01-01,011401,BASE_lowR2,80266.82366446093
BOGOTÁ D.C.,LECHE EN POLVO LACTANTE,2023-02-01,011401,BASE_lowR2,83718.15973746503
BOGOTÁ D.C.,LECHE EN POLVO LACTANTE,2023-03-01,011401,BASE_lowR2,85016.28742602754
BOGOTÁ D.C.,LECHE EN POLVO LACTANTE,2023-04-01,011401,BASE_lowR2,85849.21577227242
BOGOTÁ D.C.,LECHE EN POLVO LACTANTE,2023-05-01,011401,BASE_lowR2,85782.75872336992
BOGOTÁ D.C.,LECHE EN POLVO LACTANTE,2023-06-01,011401,BASE_lowR2,86562.5214304928
BOGOTÁ D.C.,LECHE EN POLVO LACTANTE,2023-07-01,011401,BASE_lowR2,86044.15644905315
BOGOTÁ D.C.,LECHE EN POLVO LACTANTE,2023-08-01,011401,BASE_lowR2,86894.80667500538
BOGOTÁ D.C.,LECHE EN POLVO LACTANTE,2023-09-01,011401,BASE_lowR2,86739.74022756617
BOGOTÁ D.C.,LECHE EN POLVO LACTANTE,2023-10-01,011401,BASE_lowR2,87328.99272783515
BOGOTÁ D.C.,LECHE EN POLVO LACTANTE,2023-11-01,011401,BASE_lowR2,87142.91299090811
BOGOTÁ D.C.,LECHE EN POLVO LACTANTE,2023-12-01,011401,BASE_lowR2,87453.04588578652
BOGOTÁ D.C.,LECHE EN POLVO LACTANTE,2024-01-01,011401,BASE_lowR2,88020.14603642134
BOGOTÁ D.C.,LECHE EN POLVO LACTANTE,2024-02-01,011401,BASE_lowR2,88941.68378120293
BOGOTÁ D.C.,LECHE EN POLVO LACTANTE,2024-03-01,011401,BASE_lowR2,89092.3197587153
BOGOTÁ D.C.,LECHE EN POLVO LACTANTE,2024-04-01,011401,BASE_lowR2,88932.82284134925
BOGOTÁ D.C.,LECHE EN POLVO LACTANTE,2024-05-01,011401,BASE_lowR2,88609.39853669034
BOGOTÁ D.C.,LECHE EN POLVO LACTANTE,2024-06-01,011401,BASE_lowR2,88445.47114939746
BOGOTÁ D.C.,LECHE EN POLVO LACTANTE,2024-07-01,011401,BASE_lowR2,88671.42511566602
BOGOTÁ D.C.,LECHE EN POLVO LACTANTE,2024-08-01,011401,BASE_lowR2,88511.92819829997
BOGOTÁ D.C.,LECHE EN POLVO LACTANTE,2024-09-01,011401,BASE_lowR2,88250.53047261674
BOGOTÁ D.C.,LECHE EN POLVO LACTANTE,2024-10-01,011401,BASE_lowR2,88073.31167554336
BOGOTÁ D.C.,LECHE EN POLVO LACTANTE,2024-11-01,011401,BASE_lowR2,87647.98656256725
BOGOTÁ D.C.,LECHE EN POLVO LACTANTE,2024-12-01,011401,BASE_lowR2,87922.67569803099
BOGOTÁ D.C.,LECHE LARGA VIDA,2019-01-01,011401,D_city,1611.1126208932951
BOGOTÁ D.C.,LECHE LARGA VIDA,2019-02-01,011401,D_city,1610.5531127590702
BOGOTÁ D.C.,LECHE LARGA VIDA,2019-03-01,011401,D_city,1628.6579018679151
BOGOTÁ D.C.,LECHE LARGA VIDA,2019-04-01,011401,D_city,1632.3944364337592
BOGOTÁ D.C.,LECHE LARGA VIDA,2019-05-01,011401,D_city,1637.627637676928
BOGOTÁ D.C.,LECHE LARGA VIDA,2019-06-01,011401,D_city,1638.3754330874933
BOGOTÁ D.C.,LECHE LARGA VIDA,2019-07-01,011401,D_city,1636.5060360217742
BOGOTÁ D.C.,LECHE LARGA VIDA,2019-08-01,011401,D_city,1634.0762758510468
BOGOTÁ D.C.,LECHE LARGA VIDA,2019-09-01,011401,D_city,1686.7105347875413
BOGOTÁ D.C.,LECHE LARGA VIDA,2019-10-01,011401,D_city,1711.8934697978893
BOGOTÁ D.C.,LECHE LARGA VIDA,2019-11-01,011401,D_city,1733.3595304987994
BOGOTÁ D.C.,LECHE LARGA VIDA,2019-12-01,011401,D_city,1748.4461687535015
BOGOTÁ D.C.,LECHE LARGA VIDA,2020-01-01,011401,D_city,1756.1852944584077
BOGOTÁ D.C.,LECHE LARGA VIDA,2020-02-01,011401,D_city,1772.434401603284
BOGOTÁ D.C.,LECHE LARGA VIDA,2020-03-01,011401,D_city,1806.3233891492846
BOGOTÁ D.C.,LECHE LARGA VIDA,2020-04-01,011401,D_city,1827.1942818533246
BOGOTÁ D.C.,LECHE LARGA VIDA,2020-05-01,011401,D_city,1835.1721819599707
BOGOTÁ D.C.,LECHE LARGA VIDA,2020-06-01,011401,D_city,1824.5360861419172
BOGOTÁ D.C.,LECHE LARGA VIDA,2020-07-01,011401,D_city,1826.814505766204
BOGOTÁ D.C.,LECHE LARGA VIDA,2020-08-01,011401,D_city,1828.3336777664565
BOGOTÁ D.C.,LECHE LARGA VIDA,2020-09-01,011401,D_city,1820.3600392006763
BOGOTÁ D.C.,LECHE LARGA VIDA,2020-10-01,011401,D_city,1818.2725286287007
BOGOTÁ D.C.,LECHE LARGA VIDA,2020-11-01,011401,D_city,1827.1942818533246
BOGOTÁ D.C.,LECHE LARGA VIDA,2020-12-01,011401,D_city,1822.6377135302787
BOGOTÁ D.C.,LECHE LARGA VIDA,2021-01-01,011401,D_city,1839.1629920203309
BOGOTÁ D.C.,LECHE LARGA VIDA,2021-02-01,011401,D_city,1825.8651148936906
BOGOTÁ D.C.,LECHE LARGA VIDA,2021-03-01,011401,D_city,1823.586864547534
BOGOTÁ D.C.,LECHE LARGA VIDA,2021-04-01,011401,D_city,1823.207195669907
BOGOTÁ D.C.,LECHE LARGA VIDA,2021-05-01,011401,D_city,1832.1323965305328
BOGOTÁ D.C.,LECHE LARGA VIDA,2021-06-01,011401,D_city,1857.0417572273502
BOGOTÁ D.C.,LECHE LARGA VIDA,2021-07-01,011401,D_city,1867.7046514147528
BOGOTÁ D.C.,LECHE LARGA VIDA,2021-08-01,011401,D_city,1879.1388380030928
BOGOTÁ D.C.,LECHE LARGA VIDA,2021-09-01,011401,D_city,1909.6785182851097
BOGOTÁ D.C.,LECHE LARGA VIDA,2021-10-01,011401,D_city,1945.6519410240624
BOGOTÁ D.C.,LECHE LARGA VIDA,2021-11-01,011401,D_city,2042.7509030969393
BOGOTÁ D.C.,LECHE LARGA VIDA,2021-12-01,011401,D_city,2090.0989320249664
BOGOTÁ D.C.,LECHE LARGA VIDA,2022-01-01,011401,D_city,2190.514447082449
BOGOTÁ D.C.,LECHE LARGA VIDA,2022-02-01,011401,D_city,2341.2904369847447
BOGOTÁ D.C.,LECHE LARGA VIDA,2022-03-01,011401,D_city,2417.8006188984086
BOGOTÁ D.C.,LECHE LARGA VIDA,2022-04-01,011401,D_city,2577.83855861012
BOGOTÁ D.C.,LECHE LARGA VIDA,2022-05-01,011401,D_city,2717.592111462807
BOGOTÁ D.C.,LECHE LARGA VIDA,2022-06-01,011401,D_city,2780.8008574503706
BOGOTÁ D.C.,LECHE LARGA VIDA,2022-07-01,011401,D_city,2797.1398447603015
BOGOTÁ D.C.,LECHE LARGA VIDA,2022-08-01,011401,D_city,2802.992925863881
BOGOTÁ D.C.,LECHE LARGA VIDA,2022-09-01,011401,D_city,2808.0400872871896
BOGOTÁ D.C.,LECHE LARGA VIDA,2022-10-01,011401,D_city,2834.3061848857615
BOGOTÁ D.C.,LECHE LARGA VIDA,2022-11-01,011401,D_city,2917.9814764629755
BOGOTÁ D.C.,LECHE LARGA VIDA,2022-12-01,011401,D_city,3065.0839942678253
BOGOTÁ D.C.,LECHE LARGA VIDA,2023-01-01,011401,D_city,3193.656246722249
BOGOTÁ D.C.,LECHE LARGA VIDA,2023-02-01,011401,D_city,3354.4313786127136
BOGOTÁ D.C.,LECHE LARGA VIDA,2023-03-01,011401,D_city,3415.191611183868
BOGOTÁ D.C.,LECHE LARGA VIDA,2023-04-01,011401,D_city,3454.2593626959074
BOGOTÁ D.C.,LECHE LARGA VIDA,2023-05-01,011401,D_city,3451.139927129523
BOGOTÁ D.C.,LECHE LARGA VIDA,2023-06-01,011401,D_city,3487.7665951050617
BOGOTÁ D.C.,LECHE LARGA VIDA,2023-07-01,011401,D_city,3463.412027902645
BOGOTÁ D.C.,LECHE LARGA VIDA,2023-08-01,011401,D_city,3503.391295588851
BOGOTÁ D.C.,LECHE LARGA VIDA,2023-09-01,011401,D_city,3496.098527180427
BOGOTÁ D.C.,LECHE LARGA VIDA,2023-10-01,011401,D_city,3523.8225773615836
BOGOTÁ D.C.,LECHE LARGA VIDA,2023-11-01,011401,D_city,3515.064235778406
BOGOTÁ D.C.,LECHE LARGA VIDA,2023-12-01,011401,D_city,3529.6632003121767
BOGOTÁ D.C.,LECHE LARGA VIDA,2024-01-01,011401,D_city,3556.3807521406234
BOGOTÁ D.C.,LECHE LARGA VIDA,2024-02-01,011401,D_city,3599.857925921481
BOGOTÁ D.C.,LECHE LARGA VIDA,2024-03-01,011401,D_city,3606.9719341302234
BOGOTÁ D.C.,LECHE LARGA VIDA,2024-04-01,011401,D_city,3599.439517347614
BOGOTÁ D.C.,LECHE LARGA VIDA,2024-05-01,011401,D_city,3584.1723639734482
BOGOTÁ D.C.,LECHE LARGA VIDA,2024-06-01,011401,D_city,3576.4377614097143
BOGOTÁ D.C.,LECHE LARGA VIDA,2024-07-01,011401,D_city,3587.0995925234265
BOGOTÁ D.C.,LECHE LARGA VIDA,2024-08-01,011401,D_city,3579.5731233941824
BOGOTÁ D.C.,LECHE LARGA VIDA,2024-09-01,011401,D_city,3567.242965408687
BOGOTÁ D.C.,LECHE LARGA VIDA,2024-10-01,011401,D_city,3558.886996650463
BOGOTÁ D.C.,LECHE LARGA VIDA,2024-11-01,011401,D_city,3538.8441115303126
BOGOTÁ D.C.,LECHE LARGA VIDA,2024-12-01,011401,D_city,3551.7866258575364
BOGOTÁ D.C.,LECHE PASTEURIZADA,2019-01-01,011401,D_city,1068.1606550412994
BOGOTÁ D.C.,LECHE PASTEURIZADA,2019-02-01,011401,D_city,1067.8474264537472
BOGOTÁ D.C.,LECHE PASTEURIZADA,2019-03-01,011401,D_city,1077.97444881088
BOGOTÁ D.C.,LECHE PASTEURIZADA,2019-04-01,011401,D_city,1080.062315191008
BOGOTÁ D.C.,LECHE PASTEURIZADA,2019-05-01,011401,D_city,1082.9852255414103
BOGOTÁ D.C.,LECHE PASTEURIZADA,2019-06-01,011401,D_city,1083.402774410037
BOGOTÁ D.C.,LECHE PASTEURIZADA,2019-07-01,011401,D_city,1082.3588976701487
BOGOTÁ D.C.,LECHE PASTEURIZADA,2019-08-01,011401,D_city,1081.0018351284946
BOGOTÁ D.C.,LECHE PASTEURIZADA,2019-09-01,011401,D_city,1110.3295748445676
BOGOTÁ D.C.,LECHE PASTEURIZADA,2019-10-01,011401,D_city,1124.310898657826
BOGOTÁ D.C.,LECHE PASTEURIZADA,2019-11-01,011401,D_city,1136.2033853685025
BOGOTÁ D.C.,LECHE PASTEURIZADA,2019-12-01,011401,D_city,1144.5478642391347
BOGOTÁ D.C.,LECHE PASTEURIZADA,2020-01-01,011401,D_city,1148.8240524364815
BOGOTÁ D.C.,LECHE PASTEURIZADA,2020-02-01,011401,D_city,1157.7928365373252
BOGOTÁ D.C.,LECHE PASTEURIZADA,2020-03-01,011401,D_city,1176.457060396615
BOGOTÁ D.C.,LECHE PASTEURIZADA,2020-04-01,011401,D_city,1187.9244680118934
BOGOTÁ D.C.,LECHE PASTEURIZADA,2020-05-01,011401,D_city,1192.3024899638447
BOGOTÁ D.C.,LECHE PASTEURIZADA,2020-06-01,011401,D_city,1186.4650731430713
BOGOTÁ D.C.,LECHE PASTEURIZADA,2020-07-01,011401,D_city,1187.715984692573
BOGOTÁ D.C.,LECHE PASTEURIZADA,2020-08-01,011401,D_city,1188.5499146479776
BOGOTÁ D.C.,LECHE PASTEURIZADA,2020-09-01,011401,D_city,1184.171683448889
BOGOTÁ D.C.,LECHE PASTEURIZADA,2020-10-01,011401,D_city,1183.0249634034108
BOGOTÁ D.C.,LECHE PASTEURIZADA,2020-11-01,011401,D_city,1187.9244680118934
BOGOTÁ D.C.,LECHE PASTEURIZADA,2020-12-01,011401,D_city,1185.4226316063364
BOGOTÁ D.C.,LECHE PASTEURIZADA,2021-01-01,011401,D_city,1194.4914096582747
BOGOTÁ D.C.,LECHE PASTEURIZADA,2021-02-01,011401,D_city,1187.1947739711213
BOGOTÁ D.C.,LECHE PASTEURIZADA,2021-03-01,011401,D_city,1185.943854108034
BOGOTÁ D.C.,LECHE PASTEURIZADA,2021-04-01,011401,D_city,1185.735365523442
BOGOTÁ D.C.,LECHE PASTEURIZADA,2021-05-01,011401,D_city,1190.634700811589
BOGOTÁ D.C.,LECHE PASTEURIZADA,2021-06-01,011401,D_city,1204.288688800972
BOGOTÁ D.C.,LECHE PASTEURIZADA,2021-07-01,011401,D_city,1210.1247918237027
BOGOTÁ D.C.,LECHE PASTEURIZADA,2021-08-01,011401,D_city,1216.3772867742246
BOGOTÁ D.C.,LECHE PASTEURIZADA,2021-09-01,011401,D_city,1233.0482359345715
BOGOTÁ D.C.,LECHE PASTEURIZADA,2021-10-01,011401,D_city,1252.6322469395848
BOGOTÁ D.C.,LECHE PASTEURIZADA,2021-11-01,011401,D_city,1305.215501845267
BOGOTÁ D.C.,LECHE PASTEURIZADA,2021-12-01,011401,D_city,1330.714562896262
BOGOTÁ D.C.,LECHE PASTEURIZADA,2022-01-01,011401,D_city,1384.498699848316
BOGOTÁ D.C.,LECHE PASTEURIZADA,2022-02-01,011401,D_city,1464.544509937402
BOGOTÁ D.C.,LECHE PASTEURIZADA,2022-03-01,011401,D_city,1504.8539732272056
BOGOTÁ D.C.,LECHE PASTEURIZADA,2022-04-01,011401,D_city,1588.5379015181136
BOGOTÁ D.C.,LECHE PASTEURIZADA,2022-05-01,011401,D_city,1660.9545844465372
BOGOTÁ D.C.,LECHE PASTEURIZADA,2022-06-01,011401,D_city,1693.5160131703578
BOGOTÁ D.C.,LECHE PASTEURIZADA,2022-07-01,011401,D_city,1701.9140729926266
BOGOTÁ D.C.,LECHE PASTEURIZADA,2022-08-01,011401,D_city,1704.92063315813
BOGOTÁ D.C.,LECHE PASTEURIZADA,2022-09-01,011401,D_city,1707.5124309676378
BOGOTÁ D.C.,LECHE PASTEURIZADA,2022-10-01,011401,D_city,1720.9888219916566
BOGOTÁ D.C.,LECHE PASTEURIZADA,2022-11-01,011401,D_city,1763.7917462039645
BOGOTÁ D.C.,LECHE PASTEURIZADA,2022-12-01,011401,D_city,1838.5816145366505
BOGOTÁ D.C.,LECHE PASTEURIZADA,2023-01-01,011401,D_city,1903.4933041204656
BOGOTÁ D.C.,LECHE PASTEURIZADA,2023-02-01,011401,D_city,1984.0946411028763
BOGOTÁ D.C.,LECHE PASTEURIZADA,2023-03-01,011401,D_city,2014.3977466317622
BOGOTÁ D.C.,LECHE PASTEURIZADA,2023-04-01,011401,D_city,2033.8377381996704
BOGOTÁ D.C.,LECHE PASTEURIZADA,2023-05-01,011401,D_city,2032.286778623758
BOGOTÁ D.C.,LECHE PASTEURIZADA,2023-06-01,011401,D_city,2050.4835801396243
BOGOTÁ D.C.,LECHE PASTEURIZADA,2023-07-01,011401,D_city,2038.3871164212946
BOGOTÁ D.C.,LECHE PASTEURIZADA,2023-08-01,011401,D_city,2058.2371551774245
BOGOTÁ D.C.,LECHE PASTEURIZADA,2023-09-01,011401,D_city,2054.6188752679964
BOGOTÁ D.C.,LECHE PASTEURIZADA,2023-10-01,011401,D_city,2068.3678273949395
BOGOTÁ D.C.,LECHE PASTEURIZADA,2023-11-01,011401,D_city,2064.0262028916504
BOGOTÁ D.C.,LECHE PASTEURIZADA,2023-12-01,011401,D_city,2071.2621670954945
BOGOTÁ D.C.,LECHE PASTEURIZADA,2024-01-01,011401,D_city,2084.492656202688
BOGOTÁ D.C.,LECHE PASTEURIZADA,2024-02-01,011401,D_city,2105.989494499551
BOGOTÁ D.C.,LECHE PASTEURIZADA,2024-03-01,011401,D_city,2109.503084113831
BOGOTÁ D.C.,LECHE PASTEURIZADA,2024-04-01,011401,D_city,2105.782809996325
BOGOTÁ D.C.,LECHE PASTEURIZADA,2024-05-01,011401,D_city,2098.2386152752765
BOGOTÁ D.C.,LECHE PASTEURIZADA,2024-06-01,011401,D_city,2094.4146886797894
BOGOTÁ D.C.,LECHE PASTEURIZADA,2024-07-01,011401,D_city,2099.6854789077724
BOGOTÁ D.C.,LECHE PASTEURIZADA,2024-08-01,011401,D_city,2095.964941914733
BOGOTÁ D.C.,LECHE PASTEURIZADA,2024-09-01,011401,D_city,2089.8671789634977
BOGOTÁ D.C.,LECHE PASTEURIZADA,2024-10-01,011401,D_city,2085.732949279402
BOGOTÁ D.C.,LECHE PASTEURIZADA,2024-11-01,011401,D_city,2075.810291571173
BOGOTÁ D.C.,LECHE PASTEURIZADA,2024-12-01,011401,D_city,2082.218756550742
BOGOTÁ D.C.,LECHUGA,2019-01-01,011716,BASE_lowR2,1168.3647080394921
BOGOTÁ D.C.,LECHUGA,2019-02-01,011716,BASE_lowR2,1203.538138222849
BOGOTÁ D.C.,LECHUGA,2019-03-01,011716,BASE_lowR2,1167.128581100141
BOGOTÁ D.C.,LECHUGA,2019-04-01,011716,BASE_lowR2,1262.8722313117066
BOGOTÁ D.C.,LECHUGA,2019-05-01,011716,BASE_lowR2,1238.374442877292
BOGOTÁ D.C.,LECHUGA,2019-06-01,011716,BASE_lowR2,1215.674657263752
BOGOTÁ D.C.,LECHUGA,2019-07-01,011716,BASE_lowR2,1253.3203413258111
BOGOTÁ D.C.,LECHUGA,2019-08-01,011716,BASE_lowR2,1249.387210155148
BOGOTÁ D.C.,LECHUGA,2019-09-01,011716,BASE_lowR2,1247.3644569816645
BOGOTÁ D.C.,LECHUGA,2019-10-01,011716,BASE_lowR2,1346.25461212976
BOGOTÁ D.C.,LECHUGA,2019-11-01,011716,BASE_lowR2,1291.9774019746121
BOGOTÁ D.C.,LECHUGA,2019-12-01,011716,BASE_lowR2,1235.115562764457
BOGOTÁ D.C.,LECHUGA,2020-01-01,011716,BASE_lowR2,1308.2718025387871
BOGOTÁ D.C.,LECHUGA,2020-02-01,011716,BASE_lowR2,1352.9971227080393
BOGOTÁ D.C.,LECHUGA,2020-03-01,011716,BASE_lowR2,1498.522976022567
BOGOTÁ D.C.,LECHUGA,2020-04-01,011716,BASE_lowR2,1472.6766854724965
BOGOTÁ D.C.,LECHUGA,2020-05-01,011716,BASE_lowR2,1428.2884908321578
BOGOTÁ D.C.,LECHUGA,2020-06-01,011716,BASE_lowR2,1432.109246826516
BOGOTÁ D.C.,LECHUGA,2020-07-01,011716,BASE_lowR2,1340.1863526093089
BOGOTÁ D.C.,LECHUGA,2020-08-01,011716,BASE_lowR2,1327.8250832157967
BOGOTÁ D.C.,LECHUGA,2020-09-01,011716,BASE_lowR2,1391.4294330042312
BOGOTÁ D.C.,LECHUGA,2020-10-01,011716,BASE_lowR2,1384.349796897038
BOGOTÁ D.C.,LECHUGA,2020-11-01,011716,BASE_lowR2,1344.344234132581
BOGOTÁ D.C.,LECHUGA,2020-12-01,011716,BASE_lowR2,1441.4363864598026
BOGOTÁ D.C.,LECHUGA,2021-01-01,011716,BASE_lowR2,1520.660885754584
BOGOTÁ D.C.,LECHUGA,2021-02-01,011716,BASE_lowR2,1525.0435176304654
BOGOTÁ D.C.,LECHUGA,2021-03-01,011716,BASE_lowR2,1556.9580677009874
BOGOTÁ D.C.,LECHUGA,2021-04-01,011716,BASE_lowR2,1670.9064964739068
BOGOTÁ D.C.,LECHUGA,2021-05-01,011716,BASE_lowR2,1714.732815232722
BOGOTÁ D.C.,LECHUGA,2021-06-01,011716,BASE_lowR2,1722.7114527503527
BOGOTÁ D.C.,LECHUGA,2021-07-01,011716,BASE_lowR2,1753.3898758815233
BOGOTÁ D.C.,LECHUGA,2021-08-01,011716,BASE_lowR2,1721.9248265162198
BOGOTÁ D.C.,LECHUGA,2021-09-01,011716,BASE_lowR2,1732.2633427362482
BOGOTÁ D.C.,LECHUGA,2021-10-01,011716,BASE_lowR2,1647.3077094499295
BOGOTÁ D.C.,LECHUGA,2021-11-01,011716,BASE_lowR2,1652.9264682651622
BOGOTÁ D.C.,LECHUGA,2021-12-01,011716,BASE_lowR2,1674.6148772919605
BOGOTÁ D.C.,LECHUGA,2022-01-01,011716,BASE_lowR2,1740.466730606488
BOGOTÁ D.C.,LECHUGA,2022-02-01,011716,BASE_lowR2,1800.6998251057828
BOGOTÁ D.C.,LECHUGA,2022-03-01,011716,BASE_lowR2,1877.5644456981665
BOGOTÁ D.C.,LECHUGA,2022-04-01,011716,BASE_lowR2,1962.520078984485
BOGOTÁ D.C.,LECHUGA,2022-05-01,011716,BASE_lowR2,1984.5456135401973
BOGOTÁ D.C.,LECHUGA,2022-06-01,011716,BASE_lowR2,2063.770112834979
BOGOTÁ D.C.,LECHUGA,2022-07-01,011716,BASE_lowR2,2152.6588772919604
BOGOTÁ D.C.,LECHUGA,2022-08-01,011716,BASE_lowR2,2233.007128349788
BOGOTÁ D.C.,LECHUGA,2022-09-01,011716,BASE_lowR2,2269.75381100141
BOGOTÁ D.C.,LECHUGA,2022-10-01,011716,BASE_lowR2,2203.6772073342736
BOGOTÁ D.C.,LECHUGA,2022-11-01,011716,BASE_lowR2,2214.1280987306063
BOGOTÁ D.C.,LECHUGA,2022-12-01,011716,BASE_lowR2,2217.0498533145274
BOGOTÁ D.C.,LECHUGA,2023-01-01,011716,BASE_lowR2,2194.6871932299014
BOGOTÁ D.C.,LECHUGA,2023-02-01,011716,BASE_lowR2,2240.0867644569817
BOGOTÁ D.C.,LECHUGA,2023-03-01,011716,BASE_lowR2,2282.1150803949226
BOGOTÁ D.C.,LECHUGA,2023-04-01,011716,BASE_lowR2,2357.2940733427363
BOGOTÁ D.C.,LECHUGA,2023-05-01,011716,BASE_lowR2,2273.2374414668548
BOGOTÁ D.C.,LECHUGA,2023-06-01,011716,BASE_lowR2,2132.4313455571228
BOGOTÁ D.C.,LECHUGA,2023-07-01,011716,BASE_lowR2,2109.7315599435824
BOGOTÁ D.C.,LECHUGA,2023-08-01,011716,BASE_lowR2,2165.3572722143863
BOGOTÁ D.C.,LECHUGA,2023-09-01,011716,BASE_lowR2,2163.671644569816
BOGOTÁ D.C.,LECHUGA,2023-10-01,011716,BASE_lowR2,2145.579241184767
BOGOTÁ D.C.,LECHUGA,2023-11-01,011716,BASE_lowR2,2114.3389421720735
BOGOTÁ D.C.,LECHUGA,2023-12-01,011716,BASE_lowR2,2112.09143864598
BOGOTÁ D.C.,LECHUGA,2024-01-01,011716,BASE_lowR2,2200.3059520451343
BOGOTÁ D.C.,LECHUGA,2024-02-01,011716,BASE_lowR2,2234.2432552891396
BOGOTÁ D.C.,LECHUGA,2024-03-01,011716,BASE_lowR2,2279.7552016925247
BOGOTÁ D.C.,LECHUGA,2024-04-01,011716,BASE_lowR2,2326.1661495063468
BOGOTÁ D.C.,LECHUGA,2024-05-01,011716,BASE_lowR2,2448.093215796897
BOGOTÁ D.C.,LECHUGA,2024-06-01,011716,BASE_lowR2,2577.886544428773
BOGOTÁ D.C.,LECHUGA,2024-07-01,011716,BASE_lowR2,2612.1609732016923
BOGOTÁ D.C.,LECHUGA,2024-08-01,011716,BASE_lowR2,2446.7447136812407
BOGOTÁ D.C.,LECHUGA,2024-09-01,011716,BASE_lowR2,2394.490256699577
BOGOTÁ D.C.,LECHUGA,2024-10-01,011716,BASE_lowR2,2339.0892947813823
BOGOTÁ D.C.,LECHUGA,2024-11-01,011716,BASE_lowR2,2300.994110014104
BOGOTÁ D.C.,LECHUGA,2024-12-01,011716,BASE_lowR2,2303.466363892807
BOGOTÁ D.C.,LENTEJAS,2019-01-01,011702,BASE_lowR2,2305.6469623384955
BOGOTÁ D.C.,LENTEJAS,2019-02-01,011702,BASE_lowR2,2308.4309997250984
BOGOTÁ D.C.,LENTEJAS,2019-03-01,011702,BASE_lowR2,2263.8864015394483
BOGOTÁ D.C.,LENTEJAS,2019-04-01,011702,BASE_lowR2,2252.750251993036
BOGOTÁ D.C.,LENTEJAS,2019-05-01,011702,BASE_lowR2,2213.541725465042
BOGOTÁ D.C.,LENTEJAS,2019-06-01,011702,BASE_lowR2,2197.069504260973
BOGOTÁ D.C.,LENTEJAS,2019-07-01,011702,BASE_lowR2,2179.4372674791534
BOGOTÁ D.C.,LENTEJAS,2019-08-01,011702,BASE_lowR2,2191.9654357188674
BOGOTÁ D.C.,LENTEJAS,2019-09-01,011702,BASE_lowR2,2189.877407678915
BOGOTÁ D.C.,LENTEJAS,2019-10-01,011702,BASE_lowR2,2166.2130898927885
BOGOTÁ D.C.,LENTEJAS,2019-11-01,011702,BASE_lowR2,2178.973261248053
BOGOTÁ D.C.,LENTEJAS,2019-12-01,011702,BASE_lowR2,2182.453307981307
BOGOTÁ D.C.,LENTEJAS,2020-01-01,011702,BASE_lowR2,2178.973261248053
BOGOTÁ D.C.,LENTEJAS,2020-02-01,011702,BASE_lowR2,2181.757298634656
BOGOTÁ D.C.,LENTEJAS,2020-03-01,011702,BASE_lowR2,2174.797205168148
BOGOTÁ D.C.,LENTEJAS,2020-04-01,011702,BASE_lowR2,2377.7999312746265
BOGOTÁ D.C.,LENTEJAS,2020-05-01,011702,BASE_lowR2,2571.2905296435447
BOGOTÁ D.C.,LENTEJAS,2020-06-01,011702,BASE_lowR2,2707.708361587098
BOGOTÁ D.C.,LENTEJAS,2020-07-01,011702,BASE_lowR2,2722.5565609823147
BOGOTÁ D.C.,LENTEJAS,2020-08-01,011702,BASE_lowR2,2713.2764363603046
BOGOTÁ D.C.,LENTEJAS,2020-09-01,011702,BASE_lowR2,2680.5639970677175
BOGOTÁ D.C.,LENTEJAS,2020-10-01,011702,BASE_lowR2,2600.7549253184275
BOGOTÁ D.C.,LENTEJAS,2020-11-01,011702,BASE_lowR2,2589.3867726564645
BOGOTÁ D.C.,LENTEJAS,2020-12-01,011702,BASE_lowR2,2577.322610647851
BOGOTÁ D.C.,LENTEJAS,2021-01-01,011702,BASE_lowR2,2523.9618940712912
BOGOTÁ D.C.,LENTEJAS,2021-02-01,011702,BASE_lowR2,2533.010015577752
BOGOTÁ D.C.,LENTEJAS,2021-03-01,011702,BASE_lowR2,2536.9540685421052
BOGOTÁ D.C.,LENTEJAS,2021-04-01,011702,BASE_lowR2,2542.9861495464124
BOGOTÁ D.C.,LENTEJAS,2021-05-01,011702,BASE_lowR2,2587.994753963163
BOGOTÁ D.C.,LENTEJAS,2021-06-01,011702,BASE_lowR2,2623.7232337579035
BOGOTÁ D.C.,LENTEJAS,2021-07-01,011702,BASE_lowR2,2639.963451846422
BOGOTÁ D.C.,LENTEJAS,2021-08-01,011702,BASE_lowR2,2691.0041372674787
BOGOTÁ D.C.,LENTEJAS,2021-09-01,011702,BASE_lowR2,2785.1974021808855
BOGOTÁ D.C.,LENTEJAS,2021-10-01,011702,BASE_lowR2,2891.686832218455
BOGOTÁ D.C.,LENTEJAS,2021-11-01,011702,BASE_lowR2,2948.9916017593696
BOGOTÁ D.C.,LENTEJAS,2021-12-01,011702,BASE_lowR2,2973.5839320076966
BOGOTÁ D.C.,LENTEJAS,2022-01-01,011702,BASE_lowR2,3012.560455420141
BOGOTÁ D.C.,LENTEJAS,2022-02-01,011702,BASE_lowR2,3079.145349583066
BOGOTÁ D.C.,LENTEJAS,2022-03-01,011702,BASE_lowR2,3123.225941537616
BOGOTÁ D.C.,LENTEJAS,2022-04-01,011702,BASE_lowR2,3202.3390039402548
BOGOTÁ D.C.,LENTEJAS,2022-05-01,011702,BASE_lowR2,3328.5486987995964
BOGOTÁ D.C.,LENTEJAS,2022-06-01,011702,BASE_lowR2,3417.405892055347
BOGOTÁ D.C.,LENTEJAS,2022-07-01,011702,BASE_lowR2,3564.959873545313
BOGOTÁ D.C.,LENTEJAS,2022-08-01,011702,BASE_lowR2,3828.74741592596
BOGOTÁ D.C.,LENTEJAS,2022-09-01,011702,BASE_lowR2,4175.5920736736
BOGOTÁ D.C.,LENTEJAS,2022-10-01,011702,BASE_lowR2,4296.001690644185
BOGOTÁ D.C.,LENTEJAS,2022-11-01,011702,BASE_lowR2,4402.2591175662055
BOGOTÁ D.C.,LENTEJAS,2022-12-01,011702,BASE_lowR2,4498.772413635114
BOGOTÁ D.C.,LENTEJAS,2023-01-01,011702,BASE_lowR2,4610.13390909924
BOGOTÁ D.C.,LENTEJAS,2023-02-01,011702,BASE_lowR2,4642.846348391826
BOGOTÁ D.C.,LENTEJAS,2023-03-01,011702,BASE_lowR2,4670.454719142307
BOGOTÁ D.C.,LENTEJAS,2023-04-01,011702,BASE_lowR2,4675.326784568862
BOGOTÁ D.C.,LENTEJAS,2023-05-01,011702,BASE_lowR2,4646.09439200953
BOGOTÁ D.C.,LENTEJAS,2023-06-01,011702,BASE_lowR2,4534.500893429854
BOGOTÁ D.C.,LENTEJAS,2023-07-01,011702,BASE_lowR2,4502.716466599469
BOGOTÁ D.C.,LENTEJAS,2023-08-01,011702,BASE_lowR2,4441.23564097865
BOGOTÁ D.C.,LENTEJAS,2023-09-01,011702,BASE_lowR2,4357.946522496106
BOGOTÁ D.C.,LENTEJAS,2023-10-01,011702,BASE_lowR2,4349.826413451847
BOGOTÁ D.C.,LENTEJAS,2023-11-01,011702,BASE_lowR2,4329.410139283424
BOGOTÁ D.C.,LENTEJAS,2023-12-01,011702,BASE_lowR2,4193.45631357097
BOGOTÁ D.C.,LENTEJAS,2024-01-01,011702,BASE_lowR2,4165.383936589389
BOGOTÁ D.C.,LENTEJAS,2024-02-01,011702,BASE_lowR2,4061.446540822872
BOGOTÁ D.C.,LENTEJAS,2024-03-01,011702,BASE_lowR2,4035.926198112343
BOGOTÁ D.C.,LENTEJAS,2024-04-01,011702,BASE_lowR2,4048.222363236507
BOGOTÁ D.C.,LENTEJAS,2024-05-01,011702,BASE_lowR2,3976.3013974159257
BOGOTÁ D.C.,LENTEJAS,2024-06-01,011702,BASE_lowR2,3989.525575002291
BOGOTÁ D.C.,LENTEJAS,2024-07-01,011702,BASE_lowR2,4005.069783744158
BOGOTÁ D.C.,LENTEJAS,2024-08-01,011702,BASE_lowR2,4033.3741638412903
BOGOTÁ D.C.,LENTEJAS,2024-09-01,011702,BASE_lowR2,4022.9340236415283
BOGOTÁ D.C.,LENTEJAS,2024-10-01,011702,BASE_lowR2,4033.3741638412903
BOGOTÁ D.C.,LENTEJAS,2024-11-01,011702,BASE_lowR2,4054.4864473563634
BOGOTÁ D.C.,LENTEJAS,2024-12-01,011702,BASE_lowR2,4101.351076697517
BOGOTÁ D.C.,LIMONES,2019-01-01,011609,D_city,2208.4745371625886
BOGOTÁ D.C.,LIMONES,2019-02-01,011609,D_city,2266.806694880616
BOGOTÁ D.C.,LIMONES,2019-03-01,011609,D_city,2668.355960090693
BOGOTÁ D.C.,LIMONES,2019-04-01,011609,D_city,2782.183924335161
BOGOTÁ D.C.,LIMONES,2019-05-01,011609,D_city,2640.2258909780203
BOGOTÁ D.C.,LIMONES,2019-06-01,011609,D_city,2585.5859182028544
BOGOTÁ D.C.,LIMONES,2019-07-01,011609,D_city,2825.8325661667363
BOGOTÁ D.C.,LIMONES,2019-08-01,011609,D_city,3171.3865825872954
BOGOTÁ D.C.,LIMONES,2019-09-01,011609,D_city,3479.632783280374
BOGOTÁ D.C.,LIMONES,2019-10-01,011609,D_city,3517.9328234279
BOGOTÁ D.C.,LIMONES,2019-11-01,011609,D_city,3108.5878937628163
BOGOTÁ D.C.,LIMONES,2019-12-01,011609,D_city,2890.3614343629556
BOGOTÁ D.C.,LIMONES,2020-01-01,011609,D_city,2865.499782230967
BOGOTÁ D.C.,LIMONES,2020-02-01,011609,D_city,3080.2657974480867
BOGOTÁ D.C.,LIMONES,2020-03-01,011609,D_city,3701.171495978077
BOGOTÁ D.C.,LIMONES,2020-04-01,011609,D_city,3771.3606247661255
BOGOTÁ D.C.,LIMONES,2020-05-01,011609,D_city,3615.4356407872056
BOGOTÁ D.C.,LIMONES,2020-06-01,011609,D_city,3328.7358247808065
BOGOTÁ D.C.,LIMONES,2020-07-01,011609,D_city,3085.567511793564
BOGOTÁ D.C.,LIMONES,2020-08-01,011609,D_city,3066.588251861364
BOGOTÁ D.C.,LIMONES,2020-09-01,011609,D_city,3315.9517746345414
BOGOTÁ D.C.,LIMONES,2020-10-01,011609,D_city,3422.9910974941045
BOGOTÁ D.C.,LIMONES,2020-11-01,011609,D_city,3402.6632465029047
BOGOTÁ D.C.,LIMONES,2020-12-01,011609,D_city,3172.281312751166
BOGOTÁ D.C.,LIMONES,2021-01-01,011609,D_city,3280.4531165618228
BOGOTÁ D.C.,LIMONES,2021-02-01,011609,D_city,3303.1893482751825
BOGOTÁ D.C.,LIMONES,2021-03-01,011609,D_city,3539.0294054038104
BOGOTÁ D.C.,LIMONES,2021-04-01,011609,D_city,3845.049228323851
BOGOTÁ D.C.,LIMONES,2021-05-01,011609,D_city,4677.504710158317
BOGOTÁ D.C.,LIMONES,2021-06-01,011609,D_city,4165.1913761773285
BOGOTÁ D.C.,LIMONES,2021-07-01,011609,D_city,4136.49158117049
BOGOTÁ D.C.,LIMONES,2021-08-01,011609,D_city,4661.067439861641
BOGOTÁ D.C.,LIMONES,2021-09-01,011609,D_city,4986.987581252079
BOGOTÁ D.C.,LIMONES,2021-10-01,011609,D_city,5235.249426147824
BOGOTÁ D.C.,LIMONES,2021-11-01,011609,D_city,5128.123627635889
BOGOTÁ D.C.,LIMONES,2021-12-01,011609,D_city,4958.641590485559
BOGOTÁ D.C.,LIMONES,2022-01-01,011609,D_city,5264.837627985134
BOGOTÁ D.C.,LIMONES,2022-02-01,011609,D_city,5502.466585259271
BOGOTÁ D.C.,LIMONES,2022-03-01,011609,D_city,5826.258569770332
BOGOTÁ D.C.,LIMONES,2022-04-01,011609,D_city,6161.153106417092
BOGOTÁ D.C.,LIMONES,2022-05-01,011609,D_city,6222.378484298063
BOGOTÁ D.C.,LIMONES,2022-06-01,011609,D_city,6131.835560938217
BOGOTÁ D.C.,LIMONES,2022-07-01,011609,D_city,6126.457387110042
BOGOTÁ D.C.,LIMONES,2022-08-01,011609,D_city,6350.481543648212
BOGOTÁ D.C.,LIMONES,2022-09-01,011609,D_city,6910.818943819722
BOGOTÁ D.C.,LIMONES,2022-10-01,011609,D_city,7299.769596653787
BOGOTÁ D.C.,LIMONES,2022-11-01,011609,D_city,6949.292485616742
BOGOTÁ D.C.,LIMONES,2022-12-01,011609,D_city,6458.313342413118
BOGOTÁ D.C.,LIMONES,2023-01-01,011609,D_city,6416.792055484705
BOGOTÁ D.C.,LIMONES,2023-02-01,011609,D_city,7216.094241904261
BOGOTÁ D.C.,LIMONES,2023-03-01,011609,D_city,8759.321822554803
BOGOTÁ D.C.,LIMONES,2023-04-01,011609,D_city,8237.823114277015
BOGOTÁ D.C.,LIMONES,2023-05-01,011609,D_city,7387.760326711238
BOGOTÁ D.C.,LIMONES,2023-06-01,011609,D_city,7493.176993685147
BOGOTÁ D.C.,LIMONES,2023-07-01,011609,D_city,7930.75765830509
BOGOTÁ D.C.,LIMONES,2023-08-01,011609,D_city,8982.168987223706
BOGOTÁ D.C.,LIMONES,2023-09-01,011609,D_city,9515.553246632719
BOGOTÁ D.C.,LIMONES,2023-10-01,011609,D_city,9898.789380217748
BOGOTÁ D.C.,LIMONES,2023-11-01,011609,D_city,8981.462132725806
BOGOTÁ D.C.,LIMONES,2023-12-01,011609,D_city,7686.823148432431
BOGOTÁ D.C.,LIMONES,2024-01-01,011609,D_city,7746.995913959113
BOGOTÁ D.C.,LIMONES,2024-02-01,011609,D_city,8664.470399644526
BOGOTÁ D.C.,LIMONES,2024-03-01,011609,D_city,9777.396784261009
BOGOTÁ D.C.,LIMONES,2024-04-01,011609,D_city,10899.686020714122
BOGOTÁ D.C.,LIMONES,2024-05-01,011609,D_city,11060.280254553423
BOGOTÁ D.C.,LIMONES,2024-06-01,011609,D_city,10365.319282872677
BOGOTÁ D.C.,LIMONES,2024-07-01,011609,D_city,9901.74040157062
BOGOTÁ D.C.,LIMONES,2024-08-01,011609,D_city,9842.793441327096
BOGOTÁ D.C.,LIMONES,2024-09-01,011609,D_city,11429.314319559291
BOGOTÁ D.C.,LIMONES,2024-10-01,011609,D_city,11582.210353038306
BOGOTÁ D.C.,LIMONES,2024-11-01,011609,D_city,11350.85088687917
BOGOTÁ D.C.,LIMONES,2024-12-01,011609,D_city,10472.457581810882
BOGOTÁ D.C.,LULOS,2019-01-01,011609,BASE_lowR2,3784.551918704788
BOGOTÁ D.C.,LULOS,2019-02-01,011609,BASE_lowR2,3840.2609920771615
BOGOTÁ D.C.,LULOS,2019-03-01,011609,BASE_lowR2,4207.867574922493
BOGOTÁ D.C.,LULOS,2019-04-01,011609,BASE_lowR2,4307.557495694109
BOGOTÁ D.C.,LULOS,2019-05-01,011609,BASE_lowR2,4182.94509472959
BOGOTÁ D.C.,LULOS,2019-06-01,011609,BASE_lowR2,4134.199655528762
BOGOTÁ D.C.,LULOS,2019-07-01,011609,BASE_lowR2,4345.307723045125
BOGOTÁ D.C.,LULOS,2019-08-01,011609,BASE_lowR2,4635.581315880124
BOGOTÁ D.C.,LULOS,2019-09-01,011609,BASE_lowR2,4882.973582500861
BOGOTÁ D.C.,LULOS,2019-10-01,011609,BASE_lowR2,4913.02716155701
BOGOTÁ D.C.,LULOS,2019-11-01,011609,BASE_lowR2,4583.903820186014
BOGOTÁ D.C.,LULOS,2019-12-01,011609,BASE_lowR2,4400.650289355838
BOGOTÁ D.C.,LULOS,2020-01-01,011609,BASE_lowR2,4379.392879779538
BOGOTÁ D.C.,LULOS,2020-02-01,011609,BASE_lowR2,4560.447368239751
BOGOTÁ D.C.,LULOS,2020-03-01,011609,BASE_lowR2,5054.865394419565
BOGOTÁ D.C.,LULOS,2020-04-01,011609,BASE_lowR2,5108.375425421977
BOGOTÁ D.C.,LULOS,2020-05-01,011609,BASE_lowR2,4988.894123320702
BOGOTÁ D.C.,LULOS,2020-06-01,011609,BASE_lowR2,4763.125773337926
BOGOTÁ D.C.,LULOS,2020-07-01,011609,BASE_lowR2,4564.845452979675
BOGOTÁ D.C.,LULOS,2020-08-01,011609,BASE_lowR2,4549.085649328281
BOGOTÁ D.C.,LULOS,2020-09-01,011609,BASE_lowR2,4752.863575611436
BOGOTÁ D.C.,LULOS,2020-10-01,011609,BASE_lowR2,4838.259720978298
BOGOTÁ D.C.,LULOS,2020-11-01,011609,BASE_lowR2,4822.133410265242
BOGOTÁ D.C.,LULOS,2020-12-01,011609,BASE_lowR2,4636.314330003444
BOGOTÁ D.C.,LULOS,2021-01-01,011609,BASE_lowR2,4724.2760248019285
BOGOTÁ D.C.,LULOS,2021-02-01,011609,BASE_lowR2,4742.6013778849465
BOGOTÁ D.C.,LULOS,2021-03-01,011609,BASE_lowR2,4929.519979331725
BOGOTÁ D.C.,LULOS,2021-04-01,011609,BASE_lowR2,5164.08449879435
BOGOTÁ D.C.,LULOS,2021-05-01,011609,BASE_lowR2,5763.690051670685
BOGOTÁ D.C.,LULOS,2021-06-01,011609,BASE_lowR2,5400.848060626938
BOGOTÁ D.C.,LULOS,2021-07-01,011609,BASE_lowR2,5379.957158112297
BOGOTÁ D.C.,LULOS,2021-08-01,011609,BASE_lowR2,5752.328332759214
BOGOTÁ D.C.,LULOS,2021-09-01,011609,BASE_lowR2,5974.431612125387
BOGOTÁ D.C.,LULOS,2021-10-01,011609,BASE_lowR2,6139.359789872545
BOGOTÁ D.C.,LULOS,2021-11-01,011609,BASE_lowR2,6068.623926972098
BOGOTÁ D.C.,LULOS,2021-12-01,011609,BASE_lowR2,5955.373244919049
BOGOTÁ D.C.,LULOS,2022-01-01,011609,BASE_lowR2,6158.784664140543
BOGOTÁ D.C.,LULOS,2022-02-01,011609,BASE_lowR2,6313.084137099552
BOGOTÁ D.C.,LULOS,2022-03-01,011609,BASE_lowR2,6518.694598691009
BOGOTÁ D.C.,LULOS,2022-04-01,011609,BASE_lowR2,6726.137595590768
BOGOTÁ D.C.,LULOS,2022-05-01,011609,BASE_lowR2,6763.5213158801225
BOGOTÁ D.C.,LULOS,2022-06-01,011609,BASE_lowR2,6708.178749569411
BOGOTÁ D.C.,LULOS,2022-07-01,011609,BASE_lowR2,6704.880186014467
BOGOTÁ D.C.,LULOS,2022-08-01,011609,BASE_lowR2,6841.220812952117
BOGOTÁ D.C.,LULOS,2022-09-01,011609,BASE_lowR2,7173.276210816396
BOGOTÁ D.C.,LULOS,2022-10-01,011609,BASE_lowR2,7396.84551842921
BOGOTÁ D.C.,LULOS,2022-11-01,011609,BASE_lowR2,7195.633141577678
BOGOTÁ D.C.,LULOS,2022-12-01,011609,BASE_lowR2,6906.092562866
BOGOTÁ D.C.,LULOS,2023-01-01,011609,BASE_lowR2,6881.170082673096
BOGOTÁ D.C.,LULOS,2023-02-01,011609,BASE_lowR2,7349.199600413365
BOGOTÁ D.C.,LULOS,2023-03-01,011609,BASE_lowR2,8192.532349293833
BOGOTÁ D.C.,LULOS,2023-04-01,011609,BASE_lowR2,7915.453010678607
BOGOTÁ D.C.,LULOS,2023-05-01,011609,BASE_lowR2,7446.690478815018
BOGOTÁ D.C.,LULOS,2023-06-01,011609,BASE_lowR2,7506.064622803995
BOGOTÁ D.C.,LULOS,2023-07-01,011609,BASE_lowR2,7748.692297623148
BOGOTÁ D.C.,LULOS,2023-08-01,011609,BASE_lowR2,8308.715087840164
BOGOTÁ D.C.,LULOS,2023-09-01,011609,BASE_lowR2,8581.762848777127
BOGOTÁ D.C.,LULOS,2023-10-01,011609,BASE_lowR2,8773.81254908715
BOGOTÁ D.C.,LULOS,2023-11-01,011609,BASE_lowR2,8308.348580778504
BOGOTÁ D.C.,LULOS,2023-12-01,011609,BASE_lowR2,7614.184205993798
BOGOTÁ D.C.,LULOS,2024-01-01,011609,BASE_lowR2,7647.536348604891
BOGOTÁ D.C.,LULOS,2024-02-01,011609,BASE_lowR2,8142.687388908025
BOGOTÁ D.C.,LULOS,2024-03-01,011609,BASE_lowR2,8713.338883913193
BOGOTÁ D.C.,LULOS,2024-04-01,011609,BASE_lowR2,9260.533926972097
BOGOTÁ D.C.,LULOS,2024-05-01,011609,BASE_lowR2,9336.76739579745
BOGOTÁ D.C.,LULOS,2024-06-01,011609,BASE_lowR2,9003.245969686532
BOGOTÁ D.C.,LULOS,2024-07-01,011609,BASE_lowR2,8775.278577333791
BOGOTÁ D.C.,LULOS,2024-08-01,011609,BASE_lowR2,8745.958012400964
BOGOTÁ D.C.,LULOS,2024-09-01,011609,BASE_lowR2,9510.125235962798
BOGOTÁ D.C.,LULOS,2024-10-01,011609,BASE_lowR2,9581.227605924905
BOGOTÁ D.C.,LULOS,2024-11-01,011609,BASE_lowR2,9473.474529796762
BOGOTÁ D.C.,LULOS,2024-12-01,011609,BASE_lowR2,9055.2899724423
BOGOTÁ D.C.,MANTECA VEGETAL,2019-01-01,011505,BASE,3091.409846905538
BOGOTÁ D.C.,MANTECA VEGETAL,2019-02-01,011505,BASE,3066.266338762215
BOGOTÁ D.C.,MANTECA VEGETAL,2019-03-01,011505,BASE,3052.608136807818
BOGOTÁ D.C.,MANTECA VEGETAL,2019-04-01,011505,BASE,3068.4392345276874
BOGOTÁ D.C.,MANTECA VEGETAL,2019-05-01,011505,BASE,3089.2369511400652
BOGOTÁ D.C.,MANTECA VEGETAL,2019-06-01,011505,BASE,3080.2349543973946
BOGOTÁ D.C.,MANTECA VEGETAL,2019-07-01,011505,BASE,3072.4746123778505
BOGOTÁ D.C.,MANTECA VEGETAL,2019-08-01,011505,BASE,3091.720260586319
BOGOTÁ D.C.,MANTECA VEGETAL,2019-09-01,011505,BASE,3120.588732899023
BOGOTÁ D.C.,MANTECA VEGETAL,2019-10-01,011505,BASE,3146.3530684039088
BOGOTÁ D.C.,MANTECA VEGETAL,2019-11-01,011505,BASE,3194.7776026058636
BOGOTÁ D.C.,MANTECA VEGETAL,2019-12-01,011505,BASE,3203.7795993485342
BOGOTÁ D.C.,MANTECA VEGETAL,2020-01-01,011505,BASE,3230.475175895765
BOGOTÁ D.C.,MANTECA VEGETAL,2020-02-01,011505,BASE,3250.962478827362
BOGOTÁ D.C.,MANTECA VEGETAL,2020-03-01,011505,BASE,3279.5205374592833
BOGOTÁ D.C.,MANTECA VEGETAL,2020-04-01,011505,BASE,3313.045214983714
BOGOTÁ D.C.,MANTECA VEGETAL,2020-05-01,011505,BASE,3326.0825895765474
BOGOTÁ D.C.,MANTECA VEGETAL,2020-06-01,011505,BASE,3338.4991368078176
BOGOTÁ D.C.,MANTECA VEGETAL,2020-07-01,011505,BASE,3344.707410423453
BOGOTÁ D.C.,MANTECA VEGETAL,2020-08-01,011505,BASE,3378.8529153094464
BOGOTÁ D.C.,MANTECA VEGETAL,2020-09-01,011505,BASE,3389.406980456026
BOGOTÁ D.C.,MANTECA VEGETAL,2020-10-01,011505,BASE,3387.854912052117
BOGOTÁ D.C.,MANTECA VEGETAL,2020-11-01,011505,BASE,3389.717394136808
BOGOTÁ D.C.,MANTECA VEGETAL,2020-12-01,011505,BASE,3386.302843648208
BOGOTÁ D.C.,MANTECA VEGETAL,2021-01-01,011505,BASE,3382.267465798045
BOGOTÁ D.C.,MANTECA VEGETAL,2021-02-01,011505,BASE,3385.0611889250813
BOGOTÁ D.C.,MANTECA VEGETAL,2021-03-01,011505,BASE,3392.5111172638435
BOGOTÁ D.C.,MANTECA VEGETAL,2021-04-01,011505,BASE,3435.3482052117265
BOGOTÁ D.C.,MANTECA VEGETAL,2021-05-01,011505,BASE,3492.1539087947885
BOGOTÁ D.C.,MANTECA VEGETAL,2021-06-01,011505,BASE,3520.7119674267105
BOGOTÁ D.C.,MANTECA VEGETAL,2021-07-01,011505,BASE,3566.032364820847
BOGOTÁ D.C.,MANTECA VEGETAL,2021-08-01,011505,BASE,3599.8674560260583
BOGOTÁ D.C.,MANTECA VEGETAL,2021-09-01,011505,BASE,3630.287996742671
BOGOTÁ D.C.,MANTECA VEGETAL,2021-10-01,011505,BASE,3653.569022801303
BOGOTÁ D.C.,MANTECA VEGETAL,2021-11-01,011505,BASE,3670.6417752443
BOGOTÁ D.C.,MANTECA VEGETAL,2021-12-01,011505,BASE,3671.8834299674268
BOGOTÁ D.C.,MANTECA VEGETAL,2022-01-01,011505,BASE,3734.8974071661237
BOGOTÁ D.C.,MANTECA VEGETAL,2022-02-01,011505,BASE,3772.4574625407167
BOGOTÁ D.C.,MANTECA VEGETAL,2022-03-01,011505,BASE,3811.88
BOGOTÁ D.C.,MANTECA VEGETAL,2022-04-01,011505,BASE,3882.964732899023
BOGOTÁ D.C.,MANTECA VEGETAL,2022-05-01,011505,BASE,3912.45403257329
BOGOTÁ D.C.,MANTECA VEGETAL,2022-06-01,011505,BASE,3968.9493224755697
BOGOTÁ D.C.,MANTECA VEGETAL,2022-07-01,011505,BASE,4015.5113745928343
BOGOTÁ D.C.,MANTECA VEGETAL,2022-08-01,011505,BASE,4110.497960912052
BOGOTÁ D.C.,MANTECA VEGETAL,2022-09-01,011505,BASE,4184.376416938111
BOGOTÁ D.C.,MANTECA VEGETAL,2022-10-01,011505,BASE,4202.690824104234
BOGOTÁ D.C.,MANTECA VEGETAL,2022-11-01,011505,BASE,4330.891674267101
BOGOTÁ D.C.,MANTECA VEGETAL,2022-12-01,011505,BASE,4477.717345276873
BOGOTÁ D.C.,MANTECA VEGETAL,2023-01-01,011505,BASE,4561.529039087948
BOGOTÁ D.C.,MANTECA VEGETAL,2023-02-01,011505,BASE,4599.709921824105
BOGOTÁ D.C.,MANTECA VEGETAL,2023-03-01,011505,BASE,4613.988951140065
BOGOTÁ D.C.,MANTECA VEGETAL,2023-04-01,011505,BASE,4659.619762214985
BOGOTÁ D.C.,MANTECA VEGETAL,2023-05-01,011505,BASE,4666.759276872965
BOGOTÁ D.C.,MANTECA VEGETAL,2023-06-01,011505,BASE,4661.792657980456
BOGOTÁ D.C.,MANTECA VEGETAL,2023-07-01,011505,BASE,4686.004925081434
BOGOTÁ D.C.,MANTECA VEGETAL,2023-08-01,011505,BASE,4670.173827361564
BOGOTÁ D.C.,MANTECA VEGETAL,2023-09-01,011505,BASE,4657.757280130294
BOGOTÁ D.C.,MANTECA VEGETAL,2023-10-01,011505,BASE,4650.928179153095
BOGOTÁ D.C.,MANTECA VEGETAL,2023-11-01,011505,BASE,4678.865410423453
BOGOTÁ D.C.,MANTECA VEGETAL,2023-12-01,011505,BASE,4677.9341693811075
BOGOTÁ D.C.,MANTECA VEGETAL,2024-01-01,011505,BASE,4688.177820846906
BOGOTÁ D.C.,MANTECA VEGETAL,2024-02-01,011505,BASE,4661.792657980456
BOGOTÁ D.C.,MANTECA VEGETAL,2024-03-01,011505,BASE,4633.545013029317
BOGOTÁ D.C.,MANTECA VEGETAL,2024-04-01,011505,BASE,4633.234599348534
BOGOTÁ D.C.,MANTECA VEGETAL,2024-05-01,011505,BASE,4625.4742573289905
BOGOTÁ D.C.,MANTECA VEGETAL,2024-06-01,011505,BASE,4604.676540716613
BOGOTÁ D.C.,MANTECA VEGETAL,2024-07-01,011505,BASE,4558.4249022801305
BOGOTÁ D.C.,MANTECA VEGETAL,2024-08-01,011505,BASE,4601.882817589576
BOGOTÁ D.C.,MANTECA VEGETAL,2024-09-01,011505,BASE,4591.949579804561
BOGOTÁ D.C.,MANTECA VEGETAL,2024-10-01,011505,BASE,4593.191234527688
BOGOTÁ D.C.,MANTECA VEGETAL,2024-11-01,011505,BASE,4607.78067752443
BOGOTÁ D.C.,MANTECA VEGETAL,2024-12-01,011505,BASE,4604.366127035831
BOGOTÁ D.C.,MANZANAS,2019-01-01,011609,BASE_lowR2,4727.515266965209
BOGOTÁ D.C.,MANZANAS,2019-02-01,011609,BASE_lowR2,4797.104877712711
BOGOTÁ D.C.,MANZANAS,2019-03-01,011609,BASE_lowR2,5256.304743368928
BOGOTÁ D.C.,MANZANAS,2019-04-01,011609,BASE_lowR2,5380.8335204960385
BOGOTÁ D.C.,MANZANAS,2019-05-01,011609,BASE_lowR2,5225.172549087151
BOGOTÁ D.C.,MANZANAS,2019-06-01,011609,BASE_lowR2,5164.281639683086
BOGOTÁ D.C.,MANZANAS,2019-07-01,011609,BASE_lowR2,5427.989638305202
BOGOTÁ D.C.,MANZANAS,2019-08-01,011609,BASE_lowR2,5790.58813641061
BOGOTÁ D.C.,MANZANAS,2019-09-01,011609,BASE_lowR2,6099.620947295901
BOGOTÁ D.C.,MANZANAS,2019-10-01,011609,BASE_lowR2,6137.162710988633
BOGOTÁ D.C.,MANZANAS,2019-11-01,011609,BASE_lowR2,5726.034615914571
BOGOTÁ D.C.,MANZANAS,2019-12-01,011609,BASE_lowR2,5497.121422666207
BOGOTÁ D.C.,MANZANAS,2020-01-01,011609,BASE_lowR2,5470.567492249396
BOGOTÁ D.C.,MANZANAS,2020-02-01,011609,BASE_lowR2,5696.73372717878
BOGOTÁ D.C.,MANZANAS,2020-03-01,011609,BASE_lowR2,6314.341522562865
BOGOTÁ D.C.,MANZANAS,2020-04-01,011609,BASE_lowR2,6381.184174991388
BOGOTÁ D.C.,MANZANAS,2020-05-01,011609,BASE_lowR2,6231.932772993456
BOGOTÁ D.C.,MANZANAS,2020-06-01,011609,BASE_lowR2,5949.911718911471
BOGOTÁ D.C.,MANZANAS,2020-07-01,011609,BASE_lowR2,5702.227643816741
BOGOTÁ D.C.,MANZANAS,2020-08-01,011609,BASE_lowR2,5682.541109197382
BOGOTÁ D.C.,MANZANAS,2020-09-01,011609,BASE_lowR2,5937.092580089562
BOGOTÁ D.C.,MANZANAS,2020-10-01,011609,BASE_lowR2,6043.766128143299
BOGOTÁ D.C.,MANZANAS,2020-11-01,011609,BASE_lowR2,6023.621767137443
BOGOTÁ D.C.,MANZANAS,2020-12-01,011609,BASE_lowR2,5791.503789183603
BOGOTÁ D.C.,MANZANAS,2021-01-01,011609,BASE_lowR2,5901.382121942818
BOGOTÁ D.C.,MANZANAS,2021-02-01,011609,BASE_lowR2,5924.273441267655
BOGOTÁ D.C.,MANZANAS,2021-03-01,011609,BASE_lowR2,6157.764898380985
BOGOTÁ D.C.,MANZANAS,2021-04-01,011609,BASE_lowR2,6450.77378573889
BOGOTÁ D.C.,MANZANAS,2021-05-01,011609,BASE_lowR2,7199.777754047536
BOGOTÁ D.C.,MANZANAS,2021-06-01,011609,BASE_lowR2,6746.529631415778
BOGOTÁ D.C.,MANZANAS,2021-07-01,011609,BASE_lowR2,6720.433527385463
BOGOTÁ D.C.,MANZANAS,2021-08-01,011609,BASE_lowR2,7185.585136066138
BOGOTÁ D.C.,MANZANAS,2021-09-01,011609,BASE_lowR2,7463.0279262831555
BOGOTÁ D.C.,MANZANAS,2021-10-01,011609,BASE_lowR2,7669.049800206682
BOGOTÁ D.C.,MANZANAS,2021-11-01,011609,BASE_lowR2,7580.689307612814
BOGOTÁ D.C.,MANZANAS,2021-12-01,011609,BASE_lowR2,7439.220954185325
BOGOTÁ D.C.,MANZANAS,2022-01-01,011609,BASE_lowR2,7693.3145986910085
BOGOTÁ D.C.,MANZANAS,2022-02-01,011609,BASE_lowR2,7886.059507406132
BOGOTÁ D.C.,MANZANAS,2022-03-01,011609,BASE_lowR2,8142.900110230796
BOGOTÁ D.C.,MANZANAS,2022-04-01,011609,BASE_lowR2,8402.029844987943
BOGOTÁ D.C.,MANZANAS,2022-05-01,011609,BASE_lowR2,8448.728136410607
BOGOTÁ D.C.,MANZANAS,2022-06-01,011609,BASE_lowR2,8379.596352049604
BOGOTÁ D.C.,MANZANAS,2022-07-01,011609,BASE_lowR2,8375.475914571132
BOGOTÁ D.C.,MANZANAS,2022-08-01,011609,BASE_lowR2,8545.787330347915
BOGOTÁ D.C.,MANZANAS,2022-09-01,011609,BASE_lowR2,8960.57803651395
BOGOTÁ D.C.,MANZANAS,2022-10-01,011609,BASE_lowR2,9239.852132276954
BOGOTÁ D.C.,MANZANAS,2022-11-01,011609,BASE_lowR2,8988.50544609025
BOGOTÁ D.C.,MANZANAS,2022-12-01,011609,BASE_lowR2,8626.822600757836
BOGOTÁ D.C.,MANZANAS,2023-01-01,011609,BASE_lowR2,8595.690406476058
BOGOTÁ D.C.,MANZANAS,2023-02-01,011609,BASE_lowR2,9180.33470203238
BOGOTÁ D.C.,MANZANAS,2023-03-01,011609,BASE_lowR2,10233.79321736135
BOGOTÁ D.C.,MANZANAS,2023-04-01,011609,BASE_lowR2,9887.676469169823
BOGOTÁ D.C.,MANZANAS,2023-05-01,011609,BASE_lowR2,9302.11652084051
BOGOTÁ D.C.,MANZANAS,2023-06-01,011609,BASE_lowR2,9376.28439545298
BOGOTÁ D.C.,MANZANAS,2023-07-01,011609,BASE_lowR2,9679.365463313812
BOGOTÁ D.C.,MANZANAS,2023-08-01,011609,BASE_lowR2,10378.924181880811
BOGOTÁ D.C.,MANZANAS,2023-09-01,011609,BASE_lowR2,10720.004839820875
BOGOTÁ D.C.,MANZANAS,2023-10-01,011609,BASE_lowR2,10959.90586634516
BOGOTÁ D.C.,MANZANAS,2023-11-01,011609,BASE_lowR2,10378.466355494316
BOGOTÁ D.C.,MANZANAS,2023-12-01,011609,BASE_lowR2,9511.343179469513
BOGOTÁ D.C.,MANZANAS,2024-01-01,011609,BASE_lowR2,9553.005380640716
BOGOTÁ D.C.,MANZANAS,2024-02-01,011609,BASE_lowR2,10171.528828797795
BOGOTÁ D.C.,MANZANAS,2024-03-01,011609,BASE_lowR2,10884.3645125732
BOGOTÁ D.C.,MANZANAS,2024-04-01,011609,BASE_lowR2,11567.899307612814
BOGOTÁ D.C.,MANZANAS,2024-05-01,011609,BASE_lowR2,11663.127196004132
BOGOTÁ D.C.,MANZANAS,2024-06-01,011609,BASE_lowR2,11246.505184292113
BOGOTÁ D.C.,MANZANAS,2024-07-01,011609,BASE_lowR2,10961.737171891147
BOGOTÁ D.C.,MANZANAS,2024-08-01,011609,BASE_lowR2,10925.111060971409
BOGOTÁ D.C.,MANZANAS,2024-09-01,011609,BASE_lowR2,11879.679076817087
BOGOTÁ D.C.,MANZANAS,2024-10-01,011609,BASE_lowR2,11968.497395797453
BOGOTÁ D.C.,MANZANAS,2024-11-01,011609,BASE_lowR2,11833.896438167414
BOGOTÁ D.C.,MANZANAS,2024-12-01,011609,BASE_lowR2,11311.516531174648
BOGOTÁ D.C.,MARACUYA,2019-01-01,011609,D_city,2715.030973235768
BOGOTÁ D.C.,MARACUYA,2019-02-01,011609,D_city,2773.84041000904
BOGOTÁ D.C.,MARACUYA,2019-03-01,011609,D_city,3171.777125001751
BOGOTÁ D.C.,MARACUYA,2019-04-01,011609,D_city,3282.5800436369195
BOGOTÁ D.C.,MARACUYA,2019-05-01,011609,D_city,3144.2660873266814
BOGOTÁ D.C.,MARACUYA,2019-06-01,011609,D_city,3090.678681723852
BOGOTÁ D.C.,MARACUYA,2019-07-01,011609,D_city,3324.8532670570817
BOGOTÁ D.C.,MARACUYA,2019-08-01,011609,D_city,3655.582720352399
BOGOTÁ D.C.,MARACUYA,2019-09-01,011609,D_city,3945.208704010375
BOGOTÁ D.C.,MARACUYA,2019-10-01,011609,D_city,3980.8686138444787
BOGOTÁ D.C.,MARACUYA,2019-11-01,011609,D_city,3595.9757531759524
BOGOTÁ D.C.,MARACUYA,2019-12-01,011609,D_city,3387.136715578181
BOGOTÁ D.C.,MARACUYA,2020-01-01,011609,D_city,3363.1697904061034
BOGOTÁ D.C.,MARACUYA,2020-02-01,011609,D_city,3569.023159070534
BOGOTÁ D.C.,MARACUYA,2020-03-01,011609,D_city,4150.535822782058
BOGOTÁ D.C.,MARACUYA,2020-04-01,011609,D_city,4215.127245760658
BOGOTÁ D.C.,MARACUYA,2020-05-01,011609,D_city,4071.3407021405196
BOGOTÁ D.C.,MARACUYA,2020-06-01,011609,D_city,3804.0240554457387
BOGOTÁ D.C.,MARACUYA,2020-07-01,011609,D_city,3574.07185582468
BOGOTÁ D.C.,MARACUYA,2020-08-01,011609,D_city,3555.991205449844
BOGOTÁ D.C.,MARACUYA,2020-09-01,011609,D_city,3792.0111151600854
BOGOTÁ D.C.,MARACUYA,2020-10-01,011609,D_city,3892.3430241092387
BOGOTÁ D.C.,MARACUYA,2020-11-01,011609,D_city,3873.332455332905
BOGOTÁ D.C.,MARACUYA,2020-12-01,011609,D_city,3656.4304490503905
BOGOTÁ D.C.,MARACUYA,2021-01-01,011609,D_city,3758.610307686585
BOGOTÁ D.C.,MARACUYA,2021-02-01,011609,D_city,3780.0102682863662
BOGOTÁ D.C.,MARACUYA,2021-03-01,011609,D_city,4000.481403043451
BOGOTÁ D.C.,MARACUYA,2021-04-01,011609,D_city,4282.709249707597
BOGOTÁ D.C.,MARACUYA,2021-05-01,011609,D_city,5031.30164819779
BOGOTÁ D.C.,MARACUYA,2021-06-01,011609,D_city,4573.713228890134
BOGOTÁ D.C.,MARACUYA,2021-07-01,011609,D_city,4547.79245136305
BOGOTÁ D.C.,MARACUYA,2021-08-01,011609,D_city,5016.763801047431
BOGOTÁ D.C.,MARACUYA,2021-09-01,011609,D_city,5303.365283620311
BOGOTÁ D.C.,MARACUYA,2021-10-01,011609,D_city,5519.437920064046
BOGOTÁ D.C.,MARACUYA,2021-11-01,011609,D_city,5426.430741600601
BOGOTÁ D.C.,MARACUYA,2021-12-01,011609,D_city,5278.574325110866
BOGOTÁ D.C.,MARACUYA,2022-01-01,011609,D_city,5545.066603443539
BOGOTÁ D.C.,MARACUYA,2022-02-01,011609,D_city,5749.980578827027
BOGOTÁ D.C.,MARACUYA,2022-03-01,011609,D_city,6026.683655809271
BOGOTÁ D.C.,MARACUYA,2022-04-01,011609,D_city,6310.009597377942
BOGOTÁ D.C.,MARACUYA,2022-05-01,011609,D_city,6361.506959124565
BOGOTÁ D.C.,MARACUYA,2022-06-01,011609,D_city,6285.318059368459
BOGOTÁ D.C.,MARACUYA,2022-07-01,011609,D_city,6280.78622752034
BOGOTÁ D.C.,MARACUYA,2022-08-01,011609,D_city,6468.965570935922
BOGOTÁ D.C.,MARACUYA,2022-09-01,011609,D_city,6934.589891428151
BOGOTÁ D.C.,MARACUYA,2022-10-01,011609,D_city,7253.831866722008
BOGOTÁ D.C.,MARACUYA,2022-11-01,011609,D_city,6966.307975086538
BOGOTÁ D.C.,MARACUYA,2022-12-01,011609,D_city,6559.12077777142
BOGOTÁ D.C.,MARACUYA,2023-01-01,011609,D_city,6524.437936507729
BOGOTÁ D.C.,MARACUYA,2023-02-01,011609,D_city,7185.414078585517
BOGOTÁ D.C.,MARACUYA,2023-03-01,011609,D_city,8426.312634545335
BOGOTÁ D.C.,MARACUYA,2023-04-01,011609,D_city,8011.70323526406
BOGOTÁ D.C.,MARACUYA,2023-05-01,011609,D_city,7325.627750929934
BOGOTÁ D.C.,MARACUYA,2023-06-01,011609,D_city,7411.442270599861
BOGOTÁ D.C.,MARACUYA,2023-07-01,011609,D_city,7765.399202699845
BOGOTÁ D.C.,MARACUYA,2023-08-01,011609,D_city,8602.132393900381
BOGOTÁ D.C.,MARACUYA,2023-09-01,011609,D_city,9019.851232105877
BOGOTÁ D.C.,MARACUYA,2023-10-01,011609,D_city,9317.404467964294
BOGOTÁ D.C.,MARACUYA,2023-11-01,011609,D_city,8601.575943770406
BOGOTÁ D.C.,MARACUYA,2023-12-01,011609,D_city,7568.5233360800585
BOGOTÁ D.C.,MARACUYA,2024-01-01,011609,D_city,7617.189907973512
BOGOTÁ D.C.,MARACUYA,2024-02-01,011609,D_city,8351.236938326687
BOGOTÁ D.C.,MARACUYA,2024-03-01,011609,D_city,9223.37815542547
BOGOTÁ D.C.,MARACUYA,2024-04-01,011609,D_city,10085.106610649518
BOGOTÁ D.C.,MARACUYA,2024-05-01,011609,D_city,10207.089275124135
BOGOTÁ D.C.,MARACUYA,2024-06-01,011609,D_city,9676.87894656034
BOGOTÁ D.C.,MARACUYA,2024-07-01,011609,D_city,9319.687657545806
BOGOTÁ D.C.,MARACUYA,2024-08-01,011609,D_city,9274.057695610965
BOGOTÁ D.C.,MARACUYA,2024-09-01,011609,D_city,10486.21221997732
BOGOTÁ D.C.,MARACUYA,2024-10-01,011609,D_city,10601.384579843072
BOGOTÁ D.C.,MARACUYA,2024-11-01,011609,D_city,10427.001540120202
BOGOTÁ D.C.,MARACUYA,2024-12-01,011609,D_city,9759.021376724882
BOGOTÁ D.C.,MORAS,2019-01-01,011608,BASE,3413.7803174603173
BOGOTÁ D.C.,MORAS,2019-02-01,011608,BASE,3400.3613696715584
BOGOTÁ D.C.,MORAS,2019-03-01,011608,BASE,3530.8606369172403
BOGOTÁ D.C.,MORAS,2019-04-01,011608,BASE,3866.669805330938
BOGOTÁ D.C.,MORAS,2019-05-01,011608,BASE,3756.634433463113
BOGOTÁ D.C.,MORAS,2019-06-01,011608,BASE,3556.356637715883
BOGOTÁ D.C.,MORAS,2019-07-01,011608,BASE,3436.928002395927
BOGOTÁ D.C.,MORAS,2019-08-01,011608,BASE,3384.929579714485
BOGOTÁ D.C.,MORAS,2019-09-01,011608,BASE,3335.6149465907956
BOGOTÁ D.C.,MORAS,2019-10-01,011608,BASE,3443.3020025955875
BOGOTÁ D.C.,MORAS,2019-11-01,011608,BASE,3391.9745273035837
BOGOTÁ D.C.,MORAS,2019-12-01,011608,BASE,3717.3840111809923
BOGOTÁ D.C.,MORAS,2020-01-01,011608,BASE,3737.8479065588504
BOGOTÁ D.C.,MORAS,2020-02-01,011608,BASE,3388.619790356394
BOGOTÁ D.C.,MORAS,2020-03-01,011608,BASE,4038.432337027054
BOGOTÁ D.C.,MORAS,2020-04-01,011608,BASE,3927.3905440750723
BOGOTÁ D.C.,MORAS,2020-05-01,011608,BASE,4121.96528701208
BOGOTÁ D.C.,MORAS,2020-06-01,011608,BASE,4063.9283378256964
BOGOTÁ D.C.,MORAS,2020-07-01,011608,BASE,3324.2088409703506
BOGOTÁ D.C.,MORAS,2020-08-01,011608,BASE,3256.107680942398
BOGOTÁ D.C.,MORAS,2020-09-01,011608,BASE,3269.862102425876
BOGOTÁ D.C.,MORAS,2020-10-01,011608,BASE,3246.7144174902664
BOGOTÁ D.C.,MORAS,2020-11-01,011608,BASE,3345.3436837376457
BOGOTÁ D.C.,MORAS,2020-12-01,011608,BASE,3201.425468703205
BOGOTÁ D.C.,MORAS,2021-01-01,011608,BASE,3382.245790156733
BOGOTÁ D.C.,MORAS,2021-02-01,011608,BASE,3471.4817929519813
BOGOTÁ D.C.,MORAS,2021-03-01,011608,BASE,3707.319800339423
BOGOTÁ D.C.,MORAS,2021-04-01,011608,BASE,3455.043581910751
BOGOTÁ D.C.,MORAS,2021-05-01,011608,BASE,4167.9251831885795
BOGOTÁ D.C.,MORAS,2021-06-01,011608,BASE,3760.66011779974
BOGOTÁ D.C.,MORAS,2021-07-01,011608,BASE,3464.101371668164
BOGOTÁ D.C.,MORAS,2021-08-01,011608,BASE,4006.8978097234703
BOGOTÁ D.C.,MORAS,2021-09-01,011608,BASE,3963.2862294100028
BOGOTÁ D.C.,MORAS,2021-10-01,011608,BASE,3982.4082300089844
BOGOTÁ D.C.,MORAS,2021-11-01,011608,BASE,3844.864015174204
BOGOTÁ D.C.,MORAS,2021-12-01,011608,BASE,3828.4258041329745
BOGOTÁ D.C.,MORAS,2022-01-01,011608,BASE,4107.539918139163
BOGOTÁ D.C.,MORAS,2022-02-01,011608,BASE,4492.328245981831
BOGOTÁ D.C.,MORAS,2022-03-01,011608,BASE,4727.495305979834
BOGOTÁ D.C.,MORAS,2022-04-01,011608,BASE,4708.708779075572
BOGOTÁ D.C.,MORAS,2022-05-01,011608,BASE,4844.575625436758
BOGOTÁ D.C.,MORAS,2022-06-01,011608,BASE,4750.642990915444
BOGOTÁ D.C.,MORAS,2022-07-01,011608,BASE,4638.259303184586
BOGOTÁ D.C.,MORAS,2022-08-01,011608,BASE,4664.090777677948
BOGOTÁ D.C.,MORAS,2022-09-01,011608,BASE,4697.638147149845
BOGOTÁ D.C.,MORAS,2022-10-01,011608,BASE,4610.75046021763
BOGOTÁ D.C.,MORAS,2022-11-01,011608,BASE,4383.970242587601
BOGOTÁ D.C.,MORAS,2022-12-01,011608,BASE,4232.336132574623
BOGOTÁ D.C.,MORAS,2023-01-01,011608,BASE,4525.20466806429
BOGOTÁ D.C.,MORAS,2023-02-01,011608,BASE,4976.416787461316
BOGOTÁ D.C.,MORAS,2023-03-01,011608,BASE,5262.2403753618855
BOGOTÁ D.C.,MORAS,2023-04-01,011608,BASE,5021.705736248378
BOGOTÁ D.C.,MORAS,2023-05-01,011608,BASE,4822.434361585305
BOGOTÁ D.C.,MORAS,2023-06-01,011608,BASE,4865.374994509334
BOGOTÁ D.C.,MORAS,2023-07-01,011608,BASE,4351.764767894579
BOGOTÁ D.C.,MORAS,2023-08-01,011608,BASE,4469.8515084356595
BOGOTÁ D.C.,MORAS,2023-09-01,011608,BASE,4856.652678446641
BOGOTÁ D.C.,MORAS,2023-10-01,011608,BASE,4795.9319397025065
BOGOTÁ D.C.,MORAS,2023-11-01,011608,BASE,4986.4809983028845
BOGOTÁ D.C.,MORAS,2023-12-01,011608,BASE,5056.93047419387
BOGOTÁ D.C.,MORAS,2024-01-01,011608,BASE,5291.762060497155
BOGOTÁ D.C.,MORAS,2024-02-01,011608,BASE,5143.482687431367
BOGOTÁ D.C.,MORAS,2024-03-01,011608,BASE,5401.79743236498
BOGOTÁ D.C.,MORAS,2024-04-01,011608,BASE,5955.99997604073
BOGOTÁ D.C.,MORAS,2024-05-01,011608,BASE,6378.696831386642
BOGOTÁ D.C.,MORAS,2024-06-01,011608,BASE,5735.258284915643
BOGOTÁ D.C.,MORAS,2024-07-01,011608,BASE,5701.710915443746
BOGOTÁ D.C.,MORAS,2024-08-01,011608,BASE,4960.649523809524
BOGOTÁ D.C.,MORAS,2024-09-01,011608,BASE,4318.5528721174
BOGOTÁ D.C.,MORAS,2024-10-01,011608,BASE,4492.999193371269
BOGOTÁ D.C.,MORAS,2024-11-01,011608,BASE,4703.341199960068
BOGOTÁ D.C.,MORAS,2024-12-01,011608,BASE,5187.094267744834
BOGOTÁ D.C.,NARANJAS,2019-01-01,011605,BASE,1057.9062422231439
BOGOTÁ D.C.,NARANJAS,2019-02-01,011605,BASE,1077.3775006221483
BOGOTÁ D.C.,NARANJAS,2019-03-01,011605,BASE,1094.1497727084197
BOGOTÁ D.C.,NARANJAS,2019-04-01,011605,BASE,1114.1993853172958
BOGOTÁ D.C.,NARANJAS,2019-05-01,011605,BASE,1052.2190924927415
BOGOTÁ D.C.,NARANJAS,2019-06-01,011605,BASE,1011.8306901700539
BOGOTÁ D.C.,NARANJAS,2019-07-01,011605,BASE,1035.4468204064704
BOGOTÁ D.C.,NARANJAS,2019-08-01,011605,BASE,1062.4366835338035
BOGOTÁ D.C.,NARANJAS,2019-09-01,011605,BASE,1144.0810194939859
BOGOTÁ D.C.,NARANJAS,2019-10-01,011605,BASE,1093.3786337619244
BOGOTÁ D.C.,NARANJAS,2019-11-01,011605,BASE,1051.1587764413107
BOGOTÁ D.C.,NARANJAS,2019-12-01,011605,BASE,1043.832956449606
BOGOTÁ D.C.,NARANJAS,2020-01-01,011605,BASE,1269.1983135628368
BOGOTÁ D.C.,NARANJAS,2020-02-01,011605,BASE,1303.224819576939
BOGOTÁ D.C.,NARANJAS,2020-03-01,011605,BASE,1383.7124471173788
BOGOTÁ D.C.,NARANJAS,2020-04-01,011605,BASE,1496.587910410618
BOGOTÁ D.C.,NARANJAS,2020-05-01,011605,BASE,1405.1115528826215
BOGOTÁ D.C.,NARANJAS,2020-06-01,011605,BASE,1239.895033596018
BOGOTÁ D.C.,NARANJAS,2020-07-01,011605,BASE,1138.4902621318954
BOGOTÁ D.C.,NARANJAS,2020-08-01,011605,BASE,1178.3967026130238
BOGOTÁ D.C.,NARANJAS,2020-09-01,011605,BASE,1233.6295296557444
BOGOTÁ D.C.,NARANJAS,2020-10-01,011605,BASE,1197.5787839070924
BOGOTÁ D.C.,NARANJAS,2020-11-01,011605,BASE,1124.8989381999172
BOGOTÁ D.C.,NARANJAS,2020-12-01,011605,BASE,1112.4643226876815
BOGOTÁ D.C.,NARANJAS,2021-01-01,011605,BASE,1311.5145632517629
BOGOTÁ D.C.,NARANJAS,2021-02-01,011605,BASE,1372.338147656574
BOGOTÁ D.C.,NARANJAS,2021-03-01,011605,BASE,1278.259196184156
BOGOTÁ D.C.,NARANJAS,2021-04-01,011605,BASE,1231.6052899211945
BOGOTÁ D.C.,NARANJAS,2021-05-01,011605,BASE,1442.415399419328
BOGOTÁ D.C.,NARANJAS,2021-06-01,011605,BASE,1391.8094060555784
BOGOTÁ D.C.,NARANJAS,2021-07-01,011605,BASE,1450.1267888842806
BOGOTÁ D.C.,NARANJAS,2021-08-01,011605,BASE,1415.618321028619
BOGOTÁ D.C.,NARANJAS,2021-09-01,011605,BASE,1357.493722936541
BOGOTÁ D.C.,NARANJAS,2021-10-01,011605,BASE,1376.0010576524264
BOGOTÁ D.C.,NARANJAS,2021-11-01,011605,BASE,1397.3037710493572
BOGOTÁ D.C.,NARANJAS,2021-12-01,011605,BASE,1391.1346594773952
BOGOTÁ D.C.,NARANJAS,2022-01-01,011605,BASE,1523.2885964330153
BOGOTÁ D.C.,NARANJAS,2022-02-01,011605,BASE,1675.2993612608877
BOGOTÁ D.C.,NARANJAS,2022-03-01,011605,BASE,1816.2250037328909
BOGOTÁ D.C.,NARANJAS,2022-04-01,011605,BASE,1687.2520149315637
BOGOTÁ D.C.,NARANJAS,2022-05-01,011605,BASE,1711.157322272916
BOGOTÁ D.C.,NARANJAS,2022-06-01,011605,BASE,1794.2475437577766
BOGOTÁ D.C.,NARANJAS,2022-07-01,011605,BASE,1964.476466196599
BOGOTÁ D.C.,NARANJAS,2022-08-01,011605,BASE,2025.7820124429697
BOGOTÁ D.C.,NARANJAS,2022-09-01,011605,BASE,1977.489435918706
BOGOTÁ D.C.,NARANJAS,2022-10-01,011605,BASE,1817.285319784322
BOGOTÁ D.C.,NARANJAS,2022-11-01,011605,BASE,1620.2593189547906
BOGOTÁ D.C.,NARANJAS,2022-12-01,011605,BASE,1565.1228842803816
BOGOTÁ D.C.,NARANJAS,2023-01-01,011605,BASE,1750.5818009124848
BOGOTÁ D.C.,NARANJAS,2023-02-01,011605,BASE,2002.551451679801
BOGOTÁ D.C.,NARANJAS,2023-03-01,011605,BASE,2037.2527042720862
BOGOTÁ D.C.,NARANJAS,2023-04-01,011605,BASE,1853.5288502695976
BOGOTÁ D.C.,NARANJAS,2023-05-01,011605,BASE,1763.4019858979677
BOGOTÁ D.C.,NARANJAS,2023-06-01,011605,BASE,2020.5768245541271
BOGOTÁ D.C.,NARANJAS,2023-07-01,011605,BASE,2181.552079635006
BOGOTÁ D.C.,NARANJAS,2023-08-01,011605,BASE,2200.059414350892
BOGOTÁ D.C.,NARANJAS,2023-09-01,011605,BASE,1871.6506155122356
BOGOTÁ D.C.,NARANJAS,2023-10-01,011605,BASE,1677.3236009954376
BOGOTÁ D.C.,NARANJAS,2023-11-01,011605,BASE,1556.3511787639984
BOGOTÁ D.C.,NARANJAS,2023-12-01,011605,BASE,1462.2722272915803
BOGOTÁ D.C.,NARANJAS,2024-01-01,011605,BASE,1668.069933637495
BOGOTÁ D.C.,NARANJAS,2024-02-01,011605,BASE,1805.6218432185815
BOGOTÁ D.C.,NARANJAS,2024-03-01,011605,BASE,2053.543014516798
BOGOTÁ D.C.,NARANJAS,2024-04-01,011605,BASE,2244.01433430112
BOGOTÁ D.C.,NARANJAS,2024-05-01,011605,BASE,2034.8428950642885
BOGOTÁ D.C.,NARANJAS,2024-06-01,011605,BASE,1948.7645101617584
BOGOTÁ D.C.,NARANJAS,2024-07-01,011605,BASE,2009.6844869348818
BOGOTÁ D.C.,NARANJAS,2024-08-01,011605,BASE,2038.8913745333887
BOGOTÁ D.C.,NARANJAS,2024-09-01,011605,BASE,2089.2081907922025
BOGOTÁ D.C.,NARANJAS,2024-10-01,011605,BASE,2010.648410618001
BOGOTÁ D.C.,NARANJAS,2024-11-01,011605,BASE,1908.9544620489423
BOGOTÁ D.C.,NARANJAS,2024-12-01,011605,BASE,2002.1658822065533
BOGOTÁ D.C.,PAN CORRIENTE,2019-01-01,011108,D_city,3904.2569586585246
BOGOTÁ D.C.,PAN CORRIENTE,2019-02-01,011108,D_city,3907.116632603179
BOGOTÁ D.C.,PAN CORRIENTE,2019-03-01,011108,D_city,3914.0620581977514
BOGOTÁ D.C.,PAN CORRIENTE,2019-04-01,011108,D_city,3909.976427441542
BOGOTÁ D.C.,PAN CORRIENTE,2019-05-01,011108,D_city,3894.8617392887763
BOGOTÁ D.C.,PAN CORRIENTE,2019-06-01,011108,D_city,3959.8378996969914
BOGOTÁ D.C.,PAN CORRIENTE,2019-07-01,011108,D_city,3973.3312717906024
BOGOTÁ D.C.,PAN CORRIENTE,2019-08-01,011108,D_city,4000.3259495418843
BOGOTÁ D.C.,PAN CORRIENTE,2019-09-01,011108,D_city,4012.190579527283
BOGOTÁ D.C.,PAN CORRIENTE,2019-10-01,011108,D_city,4006.8717013373607
BOGOTÁ D.C.,PAN CORRIENTE,2019-11-01,011108,D_city,4033.8794467653534
BOGOTÁ D.C.,PAN CORRIENTE,2019-12-01,011108,D_city,3983.5552861490537
BOGOTÁ D.C.,PAN CORRIENTE,2020-01-01,011108,D_city,3990.91751527703
BOGOTÁ D.C.,PAN CORRIENTE,2020-02-01,011108,D_city,3993.371766052809
BOGOTÁ D.C.,PAN CORRIENTE,2020-03-01,011108,D_city,3991.3265510209226
BOGOTÁ D.C.,PAN CORRIENTE,2020-04-01,011108,D_city,4033.470160392768
BOGOTÁ D.C.,PAN CORRIENTE,2020-05-01,011108,D_city,4027.3311527725364
BOGOTÁ D.C.,PAN CORRIENTE,2020-06-01,011108,D_city,4047.3872413427794
BOGOTÁ D.C.,PAN CORRIENTE,2020-07-01,011108,D_city,4061.716535780368
BOGOTÁ D.C.,PAN CORRIENTE,2020-08-01,011108,D_city,4106.770431198567
BOGOTÁ D.C.,PAN CORRIENTE,2020-09-01,011108,D_city,4121.931357423629
BOGOTÁ D.C.,PAN CORRIENTE,2020-10-01,011108,D_city,4133.816498035151
BOGOTÁ D.C.,PAN CORRIENTE,2020-11-01,011108,D_city,4118.243267661596
BOGOTÁ D.C.,PAN CORRIENTE,2020-12-01,011108,D_city,4130.12779464204
BOGOTÁ D.C.,PAN CORRIENTE,2021-01-01,011108,D_city,4166.613311243476
BOGOTÁ D.C.,PAN CORRIENTE,2021-02-01,011108,D_city,4181.786888715279
BOGOTÁ D.C.,PAN CORRIENTE,2021-03-01,011108,D_city,4178.505845350597
BOGOTÁ D.C.,PAN CORRIENTE,2021-04-01,011108,D_city,4214.195159722661
BOGOTÁ D.C.,PAN CORRIENTE,2021-05-01,011108,D_city,4242.102423359535
BOGOTÁ D.C.,PAN CORRIENTE,2021-06-01,011108,D_city,4268.377774628709
BOGOTÁ D.C.,PAN CORRIENTE,2021-07-01,011108,D_city,4271.662851682024
BOGOTÁ D.C.,PAN CORRIENTE,2021-08-01,011108,D_city,4338.627933795144
BOGOTÁ D.C.,PAN CORRIENTE,2021-09-01,011108,D_city,4375.628175380229
BOGOTÁ D.C.,PAN CORRIENTE,2021-10-01,011108,D_city,4388.788180840016
BOGOTÁ D.C.,PAN CORRIENTE,2021-11-01,011108,D_city,4448.447933852439
BOGOTÁ D.C.,PAN CORRIENTE,2021-12-01,011108,D_city,4531.637117653267
BOGOTÁ D.C.,PAN CORRIENTE,2022-01-01,011108,D_city,4805.705362478899
BOGOTÁ D.C.,PAN CORRIENTE,2022-02-01,011108,D_city,5010.61034431372
BOGOTÁ D.C.,PAN CORRIENTE,2022-03-01,011108,D_city,5095.198226275811
BOGOTÁ D.C.,PAN CORRIENTE,2022-04-01,011108,D_city,5219.739323395029
BOGOTÁ D.C.,PAN CORRIENTE,2022-05-01,011108,D_city,5368.582999408759
BOGOTÁ D.C.,PAN CORRIENTE,2022-06-01,011108,D_city,5499.746458941691
BOGOTÁ D.C.,PAN CORRIENTE,2022-07-01,011108,D_city,5562.269077135604
BOGOTÁ D.C.,PAN CORRIENTE,2022-08-01,011108,D_city,5722.511124205865
BOGOTÁ D.C.,PAN CORRIENTE,2022-09-01,011108,D_city,5859.590369491891
BOGOTÁ D.C.,PAN CORRIENTE,2022-10-01,011108,D_city,5915.645840784447
BOGOTÁ D.C.,PAN CORRIENTE,2022-11-01,011108,D_city,6021.5654020380825
BOGOTÁ D.C.,PAN CORRIENTE,2022-12-01,011108,D_city,6172.046810820452
BOGOTÁ D.C.,PAN CORRIENTE,2023-01-01,011108,D_city,6278.644014166166
BOGOTÁ D.C.,PAN CORRIENTE,2023-02-01,011108,D_city,6490.468021089904
BOGOTÁ D.C.,PAN CORRIENTE,2023-03-01,011108,D_city,6592.7411192145655
BOGOTÁ D.C.,PAN CORRIENTE,2023-04-01,011108,D_city,6703.113602076227
BOGOTÁ D.C.,PAN CORRIENTE,2023-05-01,011108,D_city,6735.57136244363
BOGOTÁ D.C.,PAN CORRIENTE,2023-06-01,011108,D_city,6747.3764268405885
BOGOTÁ D.C.,PAN CORRIENTE,2023-07-01,011108,D_city,6746.111541414762
BOGOTÁ D.C.,PAN CORRIENTE,2023-08-01,011108,D_city,6784.907581266709
BOGOTÁ D.C.,PAN CORRIENTE,2023-09-01,011108,D_city,6793.764998102361
BOGOTÁ D.C.,PAN CORRIENTE,2023-10-01,011108,D_city,6801.779426215628
BOGOTÁ D.C.,PAN CORRIENTE,2023-11-01,011108,D_city,6773.0987310854825
BOGOTÁ D.C.,PAN CORRIENTE,2023-12-01,011108,D_city,6824.982159330972
BOGOTÁ D.C.,PAN CORRIENTE,2024-01-01,011108,D_city,6870.135065743208
BOGOTÁ D.C.,PAN CORRIENTE,2024-02-01,011108,D_city,6856.207569726229
BOGOTÁ D.C.,PAN CORRIENTE,2024-03-01,011108,D_city,6830.04517988417
BOGOTÁ D.C.,PAN CORRIENTE,2024-04-01,011108,D_city,6884.064192709956
BOGOTÁ D.C.,PAN CORRIENTE,2024-05-01,011108,D_city,6874.355841212302
BOGOTÁ D.C.,PAN CORRIENTE,2024-06-01,011108,D_city,6881.109393272621
BOGOTÁ D.C.,PAN CORRIENTE,2024-07-01,011108,D_city,6892.084731790495
BOGOTÁ D.C.,PAN CORRIENTE,2024-08-01,011108,D_city,6840.593835466673
BOGOTÁ D.C.,PAN CORRIENTE,2024-09-01,011108,D_city,6849.455432339845
BOGOTÁ D.C.,PAN CORRIENTE,2024-10-01,011108,D_city,6851.565433993294
BOGOTÁ D.C.,PAN CORRIENTE,2024-11-01,011108,D_city,6848.189449366994
BOGOTÁ D.C.,PAN CORRIENTE,2024-12-01,011108,D_city,6853.67547317792
BOGOTÁ D.C.,PAN FRANCÉS,2019-01-01,011108,D_city,3758.143423239577
BOGOTÁ D.C.,PAN FRANCÉS,2019-02-01,011108,D_city,3760.637107612286
BOGOTÁ D.C.,PAN FRANCÉS,2019-03-01,011108,D_city,3766.6929225618496
BOGOTÁ D.C.,PAN FRANCÉS,2019-04-01,011108,D_city,3763.1307257476005
BOGOTÁ D.C.,PAN FRANCÉS,2019-05-01,011108,D_city,3749.9494219173826
BOGOTÁ D.C.,PAN FRANCÉS,2019-06-01,011108,D_city,3806.580339371799
BOGOTÁ D.C.,PAN FRANCÉS,2019-07-01,011108,D_city,3818.329681278221
BOGOTÁ D.C.,PAN FRANCÉS,2019-08-01,011108,D_city,3841.8240256330087
BOGOTÁ D.C.,PAN FRANCÉS,2019-09-01,011108,D_city,3852.1454762819326
BOGOTÁ D.C.,PAN FRANCÉS,2019-10-01,011108,D_city,3847.5187562679084
BOGOTÁ D.C.,PAN FRANCÉS,2019-11-01,011108,D_city,3871.0059572699984
BOGOTÁ D.C.,PAN FRANCÉS,2019-12-01,011108,D_city,3827.229733555145
BOGOTÁ D.C.,PAN FRANCÉS,2020-01-01,011108,D_city,3833.637257758437
BOGOTÁ D.C.,PAN FRANCÉS,2020-02-01,011108,D_city,3835.7730037931206
BOGOTÁ D.C.,PAN FRANCÉS,2020-03-01,011108,D_city,3833.9932187401146
BOGOTÁ D.C.,PAN FRANCÉS,2020-04-01,011108,D_city,3870.6501332644366
BOGOTÁ D.C.,PAN FRANCÉS,2020-05-01,011108,D_city,3865.3126158682335
BOGOTÁ D.C.,PAN FRANCÉS,2020-06-01,011108,D_city,3882.7474152074287
BOGOTÁ D.C.,PAN FRANCÉS,2020-07-01,011108,D_city,3895.198922707505
BOGOTÁ D.C.,PAN FRANCÉS,2020-08-01,011108,D_city,3934.3218786515686
BOGOTÁ D.C.,PAN FRANCÉS,2020-09-01,011108,D_city,3947.4779088108335
BOGOTÁ D.C.,PAN FRANCÉS,2020-10-01,011108,D_city,3957.7881639405687
BOGOTÁ D.C.,PAN FRANCÉS,2020-11-01,011108,D_city,3944.2779552420734
BOGOTÁ D.C.,PAN FRANCÉS,2020-12-01,011108,D_city,3954.588544859568
BOGOTÁ D.C.,PAN FRANCÉS,2021-01-01,011108,D_city,3986.224678906232
BOGOTÁ D.C.,PAN FRANCÉS,2021-02-01,011108,D_city,3999.373815767318
BOGOTÁ D.C.,PAN FRANCÉS,2021-03-01,011108,D_city,3996.530906081539
BOGOTÁ D.C.,PAN FRANCÉS,2021-04-01,011108,D_city,4027.4432121335
BOGOTÁ D.C.,PAN FRANCÉS,2021-05-01,011108,D_city,4051.597935208364
BOGOTÁ D.C.,PAN FRANCÉS,2021-06-01,011108,D_city,4074.3265231890246
BOGOTÁ D.C.,PAN FRANCÉS,2021-07-01,011108,D_city,4077.167239016727
BOGOTÁ D.C.,PAN FRANCÉS,2021-08-01,011108,D_city,4135.029642872061
BOGOTÁ D.C.,PAN FRANCÉS,2021-09-01,011108,D_city,4166.964287099457
BOGOTÁ D.C.,PAN FRANCÉS,2021-10-01,011108,D_city,4178.316461164674
BOGOTÁ D.C.,PAN FRANCÉS,2021-11-01,011108,D_city,4229.740571471363
BOGOTÁ D.C.,PAN FRANCÉS,2021-12-01,011108,D_city,4301.338019993921
BOGOTÁ D.C.,PAN FRANCÉS,2022-01-01,011108,D_city,4536.356347906893
BOGOTÁ D.C.,PAN FRANCÉS,2022-02-01,011108,D_city,4711.239967708912
BOGOTÁ D.C.,PAN FRANCÉS,2022-03-01,011108,D_city,4783.237052465141
BOGOTÁ D.C.,PAN FRANCÉS,2022-04-01,011108,D_city,4889.036500220369
BOGOTÁ D.C.,PAN FRANCÉS,2022-05-01,011108,D_city,5015.170754680839
BOGOTÁ D.C.,PAN FRANCÉS,2022-06-01,011108,D_city,5126.049686510597
BOGOTÁ D.C.,PAN FRANCÉS,2022-07-01,011108,D_city,5178.815299753791
BOGOTÁ D.C.,PAN FRANCÉS,2022-08-01,011108,D_city,5313.797726346464
BOGOTÁ D.C.,PAN FRANCÉS,2022-09-01,011108,D_city,5428.986401958947
BOGOTÁ D.C.,PAN FRANCÉS,2022-10-01,011108,D_city,5476.016916843806
BOGOTÁ D.C.,PAN FRANCÉS,2022-11-01,011108,D_city,5564.7693570463825
BOGOTÁ D.C.,PAN FRANCÉS,2022-12-01,011108,D_city,5690.609587636214
BOGOTÁ D.C.,PAN FRANCÉS,2023-01-01,011108,D_city,5779.5767419905915
BOGOTÁ D.C.,PAN FRANCÉS,2023-02-01,011108,D_city,5955.9485304283735
BOGOTÁ D.C.,PAN FRANCÉS,2023-03-01,011108,D_city,6040.9098420927485
BOGOTÁ D.C.,PAN FRANCÉS,2023-04-01,011108,D_city,6132.4606416628785
BOGOTÁ D.C.,PAN FRANCÉS,2023-05-01,011108,D_city,6159.356349353432
BOGOTÁ D.C.,PAN FRANCÉS,2023-06-01,011108,D_city,6169.135439297078
BOGOTÁ D.C.,PAN FRANCÉS,2023-07-01,011108,D_city,6168.087709378831
BOGOTÁ D.C.,PAN FRANCÉS,2023-08-01,011108,D_city,6200.21485678167
BOGOTÁ D.C.,PAN FRANCÉS,2023-09-01,011108,D_city,6207.547291420433
BOGOTÁ D.C.,PAN FRANCÉS,2023-10-01,011108,D_city,6214.181099991691
BOGOTÁ D.C.,PAN FRANCÉS,2023-11-01,011108,D_city,6190.437736819252
BOGOTÁ D.C.,PAN FRANCÉS,2023-12-01,011108,D_city,6233.3826321353745
BOGOTÁ D.C.,PAN FRANCÉS,2024-01-01,011108,D_city,6270.73155937646
BOGOTÁ D.C.,PAN FRANCÉS,2024-02-01,011108,D_city,6259.213684136993
BOGOTÁ D.C.,PAN FRANCÉS,2024-03-01,011108,D_city,6237.571742218138
BOGOTÁ D.C.,PAN FRANCÉS,2024-04-01,011108,D_city,6282.248587216757
BOGOTÁ D.C.,PAN FRANCÉS,2024-05-01,011108,D_city,6274.221657222425
BOGOTÁ D.C.,PAN FRANCÉS,2024-06-01,011108,D_city,6279.805652038717
BOGOTÁ D.C.,PAN FRANCÉS,2024-07-01,011108,D_city,6288.879219496478
BOGOTÁ D.C.,PAN FRANCÉS,2024-08-01,011108,D_city,6246.298693026799
BOGOTÁ D.C.,PAN FRANCÉS,2024-09-01,011108,D_city,6253.628954243937
BOGOTÁ D.C.,PAN FRANCÉS,2024-10-01,011108,D_city,6255.374203788639
BOGOTÁ D.C.,PAN FRANCÉS,2024-11-01,011108,D_city,6252.581795152182
BOGOTÁ D.C.,PAN FRANCÉS,2024-12-01,011108,D_city,6257.119433828152
BOGOTÁ D.C.,PAN INTEGRAL,2019-01-01,011108,D_city,4560.770763054406
BOGOTÁ D.C.,PAN INTEGRAL,2019-02-01,011108,D_city,4563.301922120357
BOGOTÁ D.C.,PAN INTEGRAL,2019-03-01,011108,D_city,4569.447600584855
BOGOTÁ D.C.,PAN INTEGRAL,2019-04-01,011108,D_city,4565.83273946357
BOGOTÁ D.C.,PAN INTEGRAL,2019-05-01,011108,D_city,4552.451688043382
BOGOTÁ D.C.,PAN INTEGRAL,2019-06-01,011108,D_city,4609.886683479825
BOGOTÁ D.C.,PAN INTEGRAL,2019-07-01,011108,D_city,4621.78528466412
BOGOTÁ D.C.,PAN INTEGRAL,2019-08-01,011108,D_city,4645.560158904526
BOGOTÁ D.C.,PAN INTEGRAL,2019-09-01,011108,D_city,4655.9973264318
BOGOTÁ D.C.,PAN INTEGRAL,2019-10-01,011108,D_city,4651.319301218963
BOGOTÁ D.C.,PAN INTEGRAL,2019-11-01,011108,D_city,4675.057455356619
BOGOTÁ D.C.,PAN INTEGRAL,2019-12-01,011108,D_city,4630.7944136602355
BOGOTÁ D.C.,PAN INTEGRAL,2020-01-01,011108,D_city,4637.278345188875
BOGOTÁ D.C.,PAN INTEGRAL,2020-02-01,011108,D_city,4639.439165212138
BOGOTÁ D.C.,PAN INTEGRAL,2020-03-01,011108,D_city,4637.638498877735
BOGOTÁ D.C.,PAN INTEGRAL,2020-04-01,011108,D_city,4674.698005558705
BOGOTÁ D.C.,PAN INTEGRAL,2020-05-01,011108,D_city,4669.305450765624
BOGOTÁ D.C.,PAN INTEGRAL,2020-06-01,011108,D_city,4686.915529150094
BOGOTÁ D.C.,PAN INTEGRAL,2020-07-01,011108,D_city,4699.4842990332445
BOGOTÁ D.C.,PAN INTEGRAL,2020-08-01,011108,D_city,4738.933059656981
BOGOTÁ D.C.,PAN INTEGRAL,2020-09-01,011108,D_city,4752.184208859976
BOGOTÁ D.C.,PAN INTEGRAL,2020-10-01,011108,D_city,4762.563959353556
BOGOTÁ D.C.,PAN INTEGRAL,2020-11-01,011108,D_city,4748.961785066635
BOGOTÁ D.C.,PAN INTEGRAL,2020-12-01,011108,D_city,4759.343247319804
BOGOTÁ D.C.,PAN INTEGRAL,2021-01-01,011108,D_city,4791.1692735387815
BOGOTÁ D.C.,PAN INTEGRAL,2021-02-01,011108,D_city,4804.385168814671
BOGOTÁ D.C.,PAN INTEGRAL,2021-03-01,011108,D_city,4801.528428550717
BOGOTÁ D.C.,PAN INTEGRAL,2021-04-01,011108,D_city,4832.573336897684
BOGOTÁ D.C.,PAN INTEGRAL,2021-05-01,011108,D_city,4856.8045494419475
BOGOTÁ D.C.,PAN INTEGRAL,2021-06-01,011108,D_city,4879.583542055336
BOGOTÁ D.C.,PAN INTEGRAL,2021-07-01,011108,D_city,4882.42909442703
BOGOTÁ D.C.,PAN INTEGRAL,2021-08-01,011108,D_city,4940.319813296851
BOGOTÁ D.C.,PAN INTEGRAL,2021-09-01,011108,D_city,4972.2132695457885
BOGOTÁ D.C.,PAN INTEGRAL,2021-10-01,011108,D_city,4983.541158105366
BOGOTÁ D.C.,PAN INTEGRAL,2021-11-01,011108,D_city,5034.792456932143
BOGOTÁ D.C.,PAN INTEGRAL,2021-12-01,011108,D_city,5105.980053040118
BOGOTÁ D.C.,PAN INTEGRAL,2022-01-01,011108,D_city,5338.312112821012
BOGOTÁ D.C.,PAN INTEGRAL,2022-02-01,011108,D_city,5509.917658986611
BOGOTÁ D.C.,PAN INTEGRAL,2022-03-01,011108,D_city,5580.260761541197
BOGOTÁ D.C.,PAN INTEGRAL,2022-04-01,011108,D_city,5683.316695737948
BOGOTÁ D.C.,PAN INTEGRAL,2022-05-01,011108,D_city,5805.705037406916
BOGOTÁ D.C.,PAN INTEGRAL,2022-06-01,011108,D_city,5912.875632982703
BOGOTÁ D.C.,PAN INTEGRAL,2022-07-01,011108,D_city,5963.74299982564
BOGOTÁ D.C.,PAN INTEGRAL,2022-08-01,011108,D_city,6093.486291859291
BOGOTÁ D.C.,PAN INTEGRAL,2022-09-01,011108,D_city,6203.778051582266
BOGOTÁ D.C.,PAN INTEGRAL,2022-10-01,011108,D_city,6248.698812621864
BOGOTÁ D.C.,PAN INTEGRAL,2022-11-01,011108,D_city,6333.298610056503
BOGOTÁ D.C.,PAN INTEGRAL,2022-12-01,011108,D_city,6452.874055199317
BOGOTÁ D.C.,PAN INTEGRAL,2023-01-01,011108,D_city,6537.15093556572
BOGOTÁ D.C.,PAN INTEGRAL,2023-02-01,011108,D_city,6703.601664048664
BOGOTÁ D.C.,PAN INTEGRAL,2023-03-01,011108,D_city,6783.495072914241
BOGOTÁ D.C.,PAN INTEGRAL,2023-04-01,011108,D_city,6869.379512095218
BOGOTÁ D.C.,PAN INTEGRAL,2023-05-01,011108,D_city,6894.570593433081
BOGOTÁ D.C.,PAN INTEGRAL,2023-06-01,011108,D_city,6903.72543003782
BOGOTÁ D.C.,PAN INTEGRAL,2023-07-01,011108,D_city,6902.744696097788
BOGOTÁ D.C.,PAN INTEGRAL,2023-08-01,011108,D_city,6932.80514095331
BOGOTÁ D.C.,PAN INTEGRAL,2023-09-01,011108,D_city,6939.6623137310125
BOGOTÁ D.C.,PAN INTEGRAL,2023-10-01,011108,D_city,6945.865001462549
BOGOTÁ D.C.,PAN INTEGRAL,2023-11-01,011108,D_city,6923.659674613895
BOGOTÁ D.C.,PAN INTEGRAL,2023-12-01,011108,D_city,6963.812557296661
BOGOTÁ D.C.,PAN INTEGRAL,2024-01-01,011108,D_city,6998.696509197921
BOGOTÁ D.C.,PAN INTEGRAL,2024-02-01,011108,D_city,6987.942430277377
BOGOTÁ D.C.,PAN INTEGRAL,2024-03-01,011108,D_city,6967.726890740739
BOGOTÁ D.C.,PAN INTEGRAL,2024-04-01,011108,D_city,7009.446567064451
BOGOTÁ D.C.,PAN INTEGRAL,2024-05-01,011108,D_city,7001.954526698859
BOGOTÁ D.C.,PAN INTEGRAL,2024-06-01,011108,D_city,7007.166587313329
BOGOTÁ D.C.,PAN INTEGRAL,2024-07-01,011108,D_city,7015.634173833042
BOGOTÁ D.C.,PAN INTEGRAL,2024-08-01,011108,D_city,6975.8800335557535
BOGOTÁ D.C.,PAN INTEGRAL,2024-09-01,011108,D_city,6982.726881232235
BOGOTÁ D.C.,PAN INTEGRAL,2024-10-01,011108,D_city,6984.35684214653
BOGOTÁ D.C.,PAN INTEGRAL,2024-11-01,011108,D_city,6981.748860225861
BOGOTÁ D.C.,PAN INTEGRAL,2024-12-01,011108,D_city,6985.986710468263
BOGOTÁ D.C.,PANELA,2019-01-01,011802,BASE,2016.2371133481506
BOGOTÁ D.C.,PANELA,2019-02-01,011802,BASE,2022.5024852921952
BOGOTÁ D.C.,PANELA,2019-03-01,011802,BASE,2013.0033729899333
BOGOTÁ D.C.,PANELA,2019-04-01,011802,BASE,1976.6237939599948
BOGOTÁ D.C.,PANELA,2019-05-01,011802,BASE,1976.2195764152177
BOGOTÁ D.C.,PANELA,2019-06-01,011802,BASE,1974.1984886913324
BOGOTÁ D.C.,PANELA,2019-07-01,011802,BASE,1950.9559798666494
BOGOTÁ D.C.,PANELA,2019-08-01,011802,BASE,1963.8909412995165
BOGOTÁ D.C.,PANELA,2019-09-01,011802,BASE,1947.520130736044
BOGOTÁ D.C.,PANELA,2019-10-01,011802,BASE,1928.5219061315206
BOGOTÁ D.C.,PANELA,2019-11-01,011802,BASE,1932.1598640345144
BOGOTÁ D.C.,PANELA,2019-12-01,011802,BASE,1904.8751797620605
BOGOTÁ D.C.,PANELA,2020-01-01,011802,BASE,1920.0333376912017
BOGOTÁ D.C.,PANELA,2020-02-01,011802,BASE,1924.4797306837495
BOGOTÁ D.C.,PANELA,2020-03-01,011802,BASE,1935.5957131651196
BOGOTÁ D.C.,PANELA,2020-04-01,011802,BASE,2115.270411818539
BOGOTÁ D.C.,PANELA,2020-05-01,011802,BASE,2201.36874885606
BOGOTÁ D.C.,PANELA,2020-06-01,011802,BASE,2230.0681945352335
BOGOTÁ D.C.,PANELA,2020-07-01,011802,BASE,2244.215808602432
BOGOTÁ D.C.,PANELA,2020-08-01,011802,BASE,2275.340559550268
BOGOTÁ D.C.,PANELA,2020-09-01,011802,BASE,2331.1225807295073
BOGOTÁ D.C.,PANELA,2020-10-01,011802,BASE,2391.5531036736834
BOGOTÁ D.C.,PANELA,2020-11-01,011802,BASE,2416.210373905086
BOGOTÁ D.C.,PANELA,2020-12-01,011802,BASE,2501.0960583082756
BOGOTÁ D.C.,PANELA,2021-01-01,011802,BASE,2563.3455602039485
BOGOTÁ D.C.,PANELA,2021-02-01,011802,BASE,2657.1240305922347
BOGOTÁ D.C.,PANELA,2021-03-01,011802,BASE,2673.6969499280954
BOGOTÁ D.C.,PANELA,2021-04-01,011802,BASE,2696.535241208001
BOGOTÁ D.C.,PANELA,2021-05-01,011802,BASE,2701.790069290104
BOGOTÁ D.C.,PANELA,2021-06-01,011802,BASE,2720.7882938946273
BOGOTÁ D.C.,PANELA,2021-07-01,011802,BASE,2748.881413256635
BOGOTÁ D.C.,PANELA,2021-08-01,011802,BASE,2739.3823009543735
BOGOTÁ D.C.,PANELA,2021-09-01,011802,BASE,2710.480746502811
BOGOTÁ D.C.,PANELA,2021-10-01,011802,BASE,2710.6828552752
BOGOTÁ D.C.,PANELA,2021-11-01,011802,BASE,2719.5756412602955
BOGOTÁ D.C.,PANELA,2021-12-01,011802,BASE,2735.3401255066024
BOGOTÁ D.C.,PANELA,2022-01-01,011802,BASE,2763.6353536409993
BOGOTÁ D.C.,PANELA,2022-02-01,011802,BASE,2797.7917361746636
BOGOTÁ D.C.,PANELA,2022-03-01,011802,BASE,2783.0377957902997
BOGOTÁ D.C.,PANELA,2022-04-01,011802,BASE,2764.8480062753306
BOGOTÁ D.C.,PANELA,2022-05-01,011802,BASE,2747.870869394693
BOGOTÁ D.C.,PANELA,2022-06-01,011802,BASE,2763.8374624133876
BOGOTÁ D.C.,PANELA,2022-07-01,011802,BASE,2763.8374624133876
BOGOTÁ D.C.,PANELA,2022-08-01,011802,BASE,2755.7531115178454
BOGOTÁ D.C.,PANELA,2022-09-01,011802,BASE,2765.2522238201072
BOGOTÁ D.C.,PANELA,2022-10-01,011802,BASE,2766.869093999216
BOGOTÁ D.C.,PANELA,2022-11-01,011802,BASE,2767.8796378611582
BOGOTÁ D.C.,PANELA,2022-12-01,011802,BASE,2764.2416799581647
BOGOTÁ D.C.,PANELA,2023-01-01,011802,BASE,2771.1133782193756
BOGOTÁ D.C.,PANELA,2023-02-01,011802,BASE,2830.129139756831
BOGOTÁ D.C.,PANELA,2023-03-01,011802,BASE,2839.628252059093
BOGOTÁ D.C.,PANELA,2023-04-01,011802,BASE,2840.8409046934244
BOGOTÁ D.C.,PANELA,2023-05-01,011802,BASE,2842.6598836449216
BOGOTÁ D.C.,PANELA,2023-06-01,011802,BASE,2839.8303608314814
BOGOTÁ D.C.,PANELA,2023-07-01,011802,BASE,2845.489406458361
BOGOTÁ D.C.,PANELA,2023-08-01,011802,BASE,2862.062325794222
BOGOTÁ D.C.,PANELA,2023-09-01,011802,BASE,2858.424367891228
BOGOTÁ D.C.,PANELA,2023-10-01,011802,BASE,2865.2960661524385
BOGOTÁ D.C.,PANELA,2023-11-01,011802,BASE,2892.782859197281
BOGOTÁ D.C.,PANELA,2023-12-01,011802,BASE,2899.4524486861033
BOGOTÁ D.C.,PANELA,2024-01-01,011802,BASE,2907.3346908092562
BOGOTÁ D.C.,PANELA,2024-02-01,011802,BASE,2923.3012838279515
BOGOTÁ D.C.,PANELA,2024-03-01,011802,BASE,2960.0850804026677
BOGOTÁ D.C.,PANELA,2024-04-01,011802,BASE,2962.106168126553
BOGOTÁ D.C.,PANELA,2024-05-01,011802,BASE,2967.7652137534324
BOGOTÁ D.C.,PANELA,2024-06-01,011802,BASE,2956.6492312720616
BOGOTÁ D.C.,PANELA,2024-07-01,011802,BASE,2945.3311400183034
BOGOTÁ D.C.,PANELA,2024-08-01,011802,BASE,2994.6456804811087
BOGOTÁ D.C.,PANELA,2024-09-01,011802,BASE,3035.673761275984
BOGOTÁ D.C.,PANELA,2024-10-01,011802,BASE,3136.5260386978694
BOGOTÁ D.C.,PANELA,2024-11-01,011802,BASE,3273.960003922082
BOGOTÁ D.C.,PANELA,2024-12-01,011802,BASE,3502.7471342659173
BOGOTÁ D.C.,PAPA,2019-01-01,011705,D_city,1048.3016262136478
BOGOTÁ D.C.,PAPA,2019-02-01,011705,D_city,1072.7943280494055
BOGOTÁ D.C.,PAPA,2019-03-01,011705,D_city,1123.7090775996858
BOGOTÁ D.C.,PAPA,2019-04-01,011705,D_city,1250.2103562307666
BOGOTÁ D.C.,PAPA,2019-05-01,011705,D_city,1263.8453142976575
BOGOTÁ D.C.,PAPA,2019-06-01,011705,D_city,1254.922155286036
BOGOTÁ D.C.,PAPA,2019-07-01,011705,D_city,1261.338701383519
BOGOTÁ D.C.,PAPA,2019-08-01,011705,D_city,1184.176948062664
BOGOTÁ D.C.,PAPA,2019-09-01,011705,D_city,1165.5503743123224
BOGOTÁ D.C.,PAPA,2019-10-01,011705,D_city,1139.4215609681069
BOGOTÁ D.C.,PAPA,2019-11-01,011705,D_city,1104.198733445668
BOGOTÁ D.C.,PAPA,2019-12-01,011705,D_city,950.828669301359
BOGOTÁ D.C.,PAPA,2020-01-01,011705,D_city,869.662694837499
BOGOTÁ D.C.,PAPA,2020-02-01,011705,D_city,868.9652444662424
BOGOTÁ D.C.,PAPA,2020-03-01,011705,D_city,1005.3378834083031
BOGOTÁ D.C.,PAPA,2020-04-01,011705,D_city,1034.809754079731
BOGOTÁ D.C.,PAPA,2020-05-01,011705,D_city,1111.90212951424
BOGOTÁ D.C.,PAPA,2020-06-01,011705,D_city,1186.3804193500691
BOGOTÁ D.C.,PAPA,2020-07-01,011705,D_city,1110.5014449526834
BOGOTÁ D.C.,PAPA,2020-08-01,011705,D_city,1017.2248076648955
BOGOTÁ D.C.,PAPA,2020-09-01,011705,D_city,929.0794589639853
BOGOTÁ D.C.,PAPA,2020-10-01,011705,D_city,844.660065997173
BOGOTÁ D.C.,PAPA,2020-11-01,011705,D_city,784.7451237203387
BOGOTÁ D.C.,PAPA,2020-12-01,011705,D_city,752.7288668399946
BOGOTÁ D.C.,PAPA,2021-01-01,011705,D_city,828.828176238763
BOGOTÁ D.C.,PAPA,2021-02-01,011705,D_city,978.5760469266812
BOGOTÁ D.C.,PAPA,2021-03-01,011705,D_city,1172.9603501279732
BOGOTÁ D.C.,PAPA,2021-04-01,011705,D_city,1425.139510746299
BOGOTÁ D.C.,PAPA,2021-05-01,011705,D_city,1583.4211935095095
BOGOTÁ D.C.,PAPA,2021-06-01,011705,D_city,1310.4834203158234
BOGOTÁ D.C.,PAPA,2021-07-01,011705,D_city,1184.0767919179243
BOGOTÁ D.C.,PAPA,2021-08-01,011705,D_city,1153.7361113521636
BOGOTÁ D.C.,PAPA,2021-09-01,011705,D_city,1182.9750837527217
BOGOTÁ D.C.,PAPA,2021-10-01,011705,D_city,1224.7517984003075
BOGOTÁ D.C.,PAPA,2021-11-01,011705,D_city,1359.860009670241
BOGOTÁ D.C.,PAPA,2021-12-01,011705,D_city,1580.7037396910316
BOGOTÁ D.C.,PAPA,2022-01-01,011705,D_city,1943.073025712995
BOGOTÁ D.C.,PAPA,2022-02-01,011705,D_city,2222.2448932632724
BOGOTÁ D.C.,PAPA,2022-03-01,011705,D_city,2379.6395583978247
BOGOTÁ D.C.,PAPA,2022-04-01,011705,D_city,2431.130278346868
BOGOTÁ D.C.,PAPA,2022-05-01,011705,D_city,2045.0220116613161
BOGOTÁ D.C.,PAPA,2022-06-01,011705,D_city,1612.8149484753628
BOGOTÁ D.C.,PAPA,2022-07-01,011705,D_city,1529.8919422434956
BOGOTÁ D.C.,PAPA,2022-08-01,011705,D_city,1380.944653991086
BOGOTÁ D.C.,PAPA,2022-09-01,011705,D_city,1361.3658739726352
BOGOTÁ D.C.,PAPA,2022-10-01,011705,D_city,1543.8749661452391
BOGOTÁ D.C.,PAPA,2022-11-01,011705,D_city,1781.697131204132
BOGOTÁ D.C.,PAPA,2022-12-01,011705,D_city,2066.3523541194245
BOGOTÁ D.C.,PAPA,2023-01-01,011705,D_city,2220.017972773372
BOGOTÁ D.C.,PAPA,2023-02-01,011705,D_city,2212.932567335551
BOGOTÁ D.C.,PAPA,2023-03-01,011705,D_city,2131.680496876304
BOGOTÁ D.C.,PAPA,2023-04-01,011705,D_city,1945.2949530882988
BOGOTÁ D.C.,PAPA,2023-05-01,011705,D_city,1825.3733668331458
BOGOTÁ D.C.,PAPA,2023-06-01,011705,D_city,1754.9757432117556
BOGOTÁ D.C.,PAPA,2023-07-01,011705,D_city,1588.051110623845
BOGOTÁ D.C.,PAPA,2023-08-01,011705,D_city,1639.7000245274503
BOGOTÁ D.C.,PAPA,2023-09-01,011705,D_city,1661.8581118924515
BOGOTÁ D.C.,PAPA,2023-10-01,011705,D_city,1908.8405878891836
BOGOTÁ D.C.,PAPA,2023-11-01,011705,D_city,1929.2374435203085
BOGOTÁ D.C.,PAPA,2023-12-01,011705,D_city,1887.135099400196
BOGOTÁ D.C.,PAPA,2024-01-01,011705,D_city,1845.553122256629
BOGOTÁ D.C.,PAPA,2024-02-01,011705,D_city,1804.0878011136786
BOGOTÁ D.C.,PAPA,2024-03-01,011705,D_city,1816.2937010531193
BOGOTÁ D.C.,PAPA,2024-04-01,011705,D_city,1978.3258913992238
BOGOTÁ D.C.,PAPA,2024-05-01,011705,D_city,2408.01797298743
BOGOTÁ D.C.,PAPA,2024-06-01,011705,D_city,2907.331189117234
BOGOTÁ D.C.,PAPA,2024-07-01,011705,D_city,3219.163196071669
BOGOTÁ D.C.,PAPA,2024-08-01,011705,D_city,2835.86224834608
BOGOTÁ D.C.,PAPA,2024-09-01,011705,D_city,2606.719791514343
BOGOTÁ D.C.,PAPA,2024-10-01,011705,D_city,2131.3770365900173
BOGOTÁ D.C.,PAPA,2024-11-01,011705,D_city,2099.012141529869
BOGOTÁ D.C.,PAPA,2024-12-01,011705,D_city,2137.749855378842
BOGOTÁ D.C.,PAPA CRIOLLA,2019-01-01,011705,BASE_lowR2,1976.1858031088086
BOGOTÁ D.C.,PAPA CRIOLLA,2019-02-01,011705,BASE_lowR2,2021.5706476683938
BOGOTÁ D.C.,PAPA CRIOLLA,2019-03-01,011705,BASE_lowR2,2115.859977794227
BOGOTÁ D.C.,PAPA CRIOLLA,2019-04-01,011705,BASE_lowR2,2349.8234826054772
BOGOTÁ D.C.,PAPA CRIOLLA,2019-05-01,011705,BASE_lowR2,2375.0167024426355
BOGOTÁ D.C.,PAPA CRIOLLA,2019-06-01,011705,BASE_lowR2,2358.5299629903775
BOGOTÁ D.C.,PAPA CRIOLLA,2019-07-01,011705,BASE_lowR2,2370.3855958549225
BOGOTÁ D.C.,PAPA CRIOLLA,2019-08-01,011705,BASE_lowR2,2227.747512953368
BOGOTÁ D.C.,PAPA CRIOLLA,2019-09-01,011705,BASE_lowR2,2193.292079940785
BOGOTÁ D.C.,PAPA CRIOLLA,2019-10-01,011705,BASE_lowR2,2144.9433271650632
BOGOTÁ D.C.,PAPA CRIOLLA,2019-11-01,011705,BASE_lowR2,2079.737346410067
BOGOTÁ D.C.,PAPA CRIOLLA,2019-12-01,011705,BASE_lowR2,1795.3874019245006
BOGOTÁ D.C.,PAPA CRIOLLA,2020-01-01,011705,BASE_lowR2,1644.5985714285714
BOGOTÁ D.C.,PAPA CRIOLLA,2020-02-01,011705,BASE_lowR2,1643.301861584012
BOGOTÁ D.C.,PAPA CRIOLLA,2020-03-01,011705,BASE_lowR2,1896.5307698001482
BOGOTÁ D.C.,PAPA CRIOLLA,2020-04-01,011705,BASE_lowR2,1951.1778275351594
BOGOTÁ D.C.,PAPA CRIOLLA,2020-05-01,011705,BASE_lowR2,2094.0011547002223
BOGOTÁ D.C.,PAPA CRIOLLA,2020-06-01,011705,BASE_lowR2,2231.8228867505554
BOGOTÁ D.C.,PAPA CRIOLLA,2020-07-01,011705,BASE_lowR2,2091.4077350111033
BOGOTÁ D.C.,PAPA CRIOLLA,2020-08-01,011705,BASE_lowR2,1918.574837157661
BOGOTÁ D.C.,PAPA CRIOLLA,2020-09-01,011705,BASE_lowR2,1755.0041524796447
BOGOTÁ D.C.,PAPA CRIOLLA,2020-10-01,011705,BASE_lowR2,1598.102261287935
BOGOTÁ D.C.,PAPA CRIOLLA,2020-11-01,011705,BASE_lowR2,1486.5852146558107
BOGOTÁ D.C.,PAPA CRIOLLA,2020-12-01,011705,BASE_lowR2,1426.93656180607
BOGOTÁ D.C.,PAPA CRIOLLA,2021-01-01,011705,BASE_lowR2,1568.6484233900817
BOGOTÁ D.C.,PAPA CRIOLLA,2021-02-01,011705,BASE_lowR2,1846.8853071798671
BOGOTÁ D.C.,PAPA CRIOLLA,2021-03-01,011705,BASE_lowR2,2207.000155440415
BOGOTÁ D.C.,PAPA CRIOLLA,2021-04-01,011705,BASE_lowR2,2672.704233900814
BOGOTÁ D.C.,PAPA CRIOLLA,2021-05-01,011705,BASE_lowR2,2964.278704663213
BOGOTÁ D.C.,PAPA CRIOLLA,2021-06-01,011705,BASE_lowR2,2461.155284974094
BOGOTÁ D.C.,PAPA CRIOLLA,2021-07-01,011705,BASE_lowR2,2227.5622686898596
BOGOTÁ D.C.,PAPA CRIOLLA,2021-08-01,011705,BASE_lowR2,2171.4332568467803
BOGOTÁ D.C.,PAPA CRIOLLA,2021-09-01,011705,BASE_lowR2,2225.524581791266
BOGOTÁ D.C.,PAPA CRIOLLA,2021-10-01,011705,BASE_lowR2,2302.7714396743154
BOGOTÁ D.C.,PAPA CRIOLLA,2021-11-01,011705,BASE_lowR2,2552.2954626202813
BOGOTÁ D.C.,PAPA CRIOLLA,2021-12-01,011705,BASE_lowR2,2959.2771095484827
BOGOTÁ D.C.,PAPA CRIOLLA,2022-01-01,011705,BASE_lowR2,3625.044992598076
BOGOTÁ D.C.,PAPA CRIOLLA,2022-02-01,011705,BASE_lowR2,4136.504404145078
BOGOTÁ D.C.,PAPA CRIOLLA,2022-03-01,011705,BASE_lowR2,4424.373989637306
BOGOTÁ D.C.,PAPA CRIOLLA,2022-04-01,011705,BASE_lowR2,4518.47807549963
BOGOTÁ D.C.,PAPA CRIOLLA,2022-05-01,011705,BASE_lowR2,3811.9564544781647
BOGOTÁ D.C.,PAPA CRIOLLA,2022-06-01,011705,BASE_lowR2,3018.370029607698
BOGOTÁ D.C.,PAPA CRIOLLA,2022-07-01,011705,BASE_lowR2,2865.7287564766843
BOGOTÁ D.C.,PAPA CRIOLLA,2022-08-01,011705,BASE_lowR2,2591.196757957069
BOGOTÁ D.C.,PAPA CRIOLLA,2022-09-01,011705,BASE_lowR2,2555.0741265729093
BOGOTÁ D.C.,PAPA CRIOLLA,2022-10-01,011705,BASE_lowR2,2891.4777091043675
BOGOTÁ D.C.,PAPA CRIOLLA,2022-11-01,011705,BASE_lowR2,3328.8394152479646
BOGOTÁ D.C.,PAPA CRIOLLA,2022-12-01,011705,BASE_lowR2,3851.04299407846
BOGOTÁ D.C.,PAPA CRIOLLA,2023-01-01,011705,BASE_lowR2,4132.429030347891
BOGOTÁ D.C.,PAPA CRIOLLA,2023-02-01,011705,BASE_lowR2,4119.461931902295
BOGOTÁ D.C.,PAPA CRIOLLA,2023-03-01,011705,BASE_lowR2,3970.7107883049594
BOGOTÁ D.C.,PAPA CRIOLLA,2023-04-01,011705,BASE_lowR2,3629.1203663952633
BOGOTÁ D.C.,PAPA CRIOLLA,2023-05-01,011705,BASE_lowR2,3409.0501813471506
BOGOTÁ D.C.,PAPA CRIOLLA,2023-06-01,011705,BASE_lowR2,3279.749685418209
BOGOTÁ D.C.,PAPA CRIOLLA,2023-07-01,011705,BASE_lowR2,2972.7999407846037
BOGOTÁ D.C.,PAPA CRIOLLA,2023-08-01,011705,BASE_lowR2,3067.8302479644717
BOGOTÁ D.C.,PAPA CRIOLLA,2023-09-01,011705,BASE_lowR2,3108.5839859363437
BOGOTÁ D.C.,PAPA CRIOLLA,2023-10-01,011705,BASE_lowR2,3562.2471872686906
BOGOTÁ D.C.,PAPA CRIOLLA,2023-11-01,011705,BASE_lowR2,3599.666528497409
BOGOTÁ D.C.,PAPA CRIOLLA,2023-12-01,011705,BASE_lowR2,3522.4196706143603
BOGOTÁ D.C.,PAPA CRIOLLA,2024-01-01,011705,BASE_lowR2,3446.0990340488534
BOGOTÁ D.C.,PAPA CRIOLLA,2024-02-01,011705,BASE_lowR2,3369.963641746854
BOGOTÁ D.C.,PAPA CRIOLLA,2024-03-01,011705,BASE_lowR2,3392.3781976313844
BOGOTÁ D.C.,PAPA CRIOLLA,2024-04-01,011705,BASE_lowR2,3689.695240562547
BOGOTÁ D.C.,PAPA CRIOLLA,2024-05-01,011705,BASE_lowR2,4476.242383419689
BOGOTÁ D.C.,PAPA CRIOLLA,2024-06-01,011705,BASE_lowR2,5387.273671354552
BOGOTÁ D.C.,PAPA CRIOLLA,2024-07-01,011705,BASE_lowR2,5954.862094744633
BOGOTÁ D.C.,PAPA CRIOLLA,2024-08-01,011705,BASE_lowR2,5257.046954108069
BOGOTÁ D.C.,PAPA CRIOLLA,2024-09-01,011705,BASE_lowR2,4839.135895632865
BOGOTÁ D.C.,PAPA CRIOLLA,2024-10-01,011705,BASE_lowR2,3970.155055514434
BOGOTÁ D.C.,PAPA CRIOLLA,2024-11-01,011705,BASE_lowR2,3910.8768911917105
BOGOTÁ D.C.,PAPA CRIOLLA,2024-12-01,011705,BASE_lowR2,3981.82544411547
BOGOTÁ D.C.,PAPAYAS,2019-01-01,011609,D_city,1769.859117376524
BOGOTÁ D.C.,PAPAYAS,2019-02-01,011609,D_city,1806.9147605462597
BOGOTÁ D.C.,PAPAYAS,2019-03-01,011609,D_city,2056.9978805320234
BOGOTÁ D.C.,PAPAYAS,2019-04-01,011609,D_city,2126.4414896182616
BOGOTÁ D.C.,PAPAYAS,2019-05-01,011609,D_city,2039.7435372513644
BOGOTÁ D.C.,PAPAYAS,2019-06-01,011609,D_city,2006.1202709944785
BOGOTÁ D.C.,PAPAYAS,2019-07-01,011609,D_city,2152.914860156219
BOGOTÁ D.C.,PAPAYAS,2019-08-01,011609,D_city,2359.6592033629368
BOGOTÁ D.C.,PAPAYAS,2019-09-01,011609,D_city,2540.1993315252394
BOGOTÁ D.C.,PAPAYAS,2019-10-01,011609,D_city,2562.397195200134
BOGOTÁ D.C.,PAPAYAS,2019-11-01,011609,D_city,2322.445299193728
BOGOTÁ D.C.,PAPAYAS,2019-12-01,011609,D_city,2191.8992902685636
BOGOTÁ D.C.,PAPAYAS,2020-01-01,011609,D_city,2176.900751934562
BOGOTÁ D.C.,PAPAYAS,2020-02-01,011609,D_city,2305.611541032729
BOGOTÁ D.C.,PAPAYAS,2020-03-01,011609,D_city,2667.923962283939
BOGOTÁ D.C.,PAPAYAS,2020-04-01,011609,D_city,2708.059658914219
BOGOTÁ D.C.,PAPAYAS,2020-05-01,011609,D_city,2618.6856213793208
BOGOTÁ D.C.,PAPAYAS,2020-06-01,011609,D_city,2452.2478420142083
BOGOTÁ D.C.,PAPAYAS,2020-07-01,011609,D_city,2308.765120140535
BOGOTÁ D.C.,PAPAYAS,2020-08-01,011609,D_city,2297.470679473827
BOGOTÁ D.C.,PAPAYAS,2020-09-01,011609,D_city,2444.759409056178
BOGOTÁ D.C.,PAPAYAS,2020-10-01,011609,D_city,2507.2788556100336
BOGOTÁ D.C.,PAPAYAS,2020-11-01,011609,D_city,2495.4370046653657
BOGOTÁ D.C.,PAPAYAS,2020-12-01,011609,D_city,2360.188313050134
BOGOTÁ D.C.,PAPAYAS,2021-01-01,011609,D_city,2423.9344218564156
BOGOTÁ D.C.,PAPAYAS,2021-02-01,011609,D_city,2437.2777314625846
BOGOTÁ D.C.,PAPAYAS,2021-03-01,011609,D_city,2574.6031139953475
BOGOTÁ D.C.,PAPAYAS,2021-04-01,011609,D_city,2750.031877798484
BOGOTÁ D.C.,PAPAYAS,2021-05-01,011609,D_city,3213.55910116932
BOGOTÁ D.C.,PAPAYAS,2021-06-01,011609,D_city,2930.5159210011743
BOGOTÁ D.C.,PAPAYAS,2021-07-01,011609,D_city,2914.4553208304214
BOGOTÁ D.C.,PAPAYAS,2021-08-01,011609,D_city,3204.5801703831894
BOGOTÁ D.C.,PAPAYAS,2021-09-01,011609,D_city,3381.436754137709
BOGOTÁ D.C.,PAPAYAS,2021-10-01,011609,D_city,3514.5614804946304
BOGOTÁ D.C.,PAPAYAS,2021-11-01,011609,D_city,3457.2802603038344
BOGOTÁ D.C.,PAPAYAS,2021-12-01,011609,D_city,3366.1514359045896
BOGOTÁ D.C.,PAPAYAS,2022-01-01,011609,D_city,3530.340031777112
BOGOTÁ D.C.,PAPAYAS,2022-02-01,011609,D_city,3656.411580332992
BOGOTÁ D.C.,PAPAYAS,2022-03-01,011609,D_city,3826.416097698064
BOGOTÁ D.C.,PAPAYAS,2022-04-01,011609,D_city,4000.222448850492
BOGOTÁ D.C.,PAPAYAS,2022-05-01,011609,D_city,4031.7854646108835
BOGOTÁ D.C.,PAPAYAS,2022-06-01,011609,D_city,3985.085852794786
BOGOTÁ D.C.,PAPAYAS,2022-07-01,011609,D_city,3982.30750114995
BOGOTÁ D.C.,PAPAYAS,2022-08-01,011609,D_city,4097.620316237948
BOGOTÁ D.C.,PAPAYAS,2022-09-01,011609,D_city,4382.476491810435
BOGOTÁ D.C.,PAPAYAS,2022-10-01,011609,D_city,4577.412064556911
BOGOTÁ D.C.,PAPAYAS,2022-11-01,011609,D_city,4401.857251133874
BOGOTÁ D.C.,PAPAYAS,2022-12-01,011609,D_city,4152.826270032323
BOGOTÁ D.C.,PAPAYAS,2023-01-01,011609,D_city,4131.591446342096
BOGOTÁ D.C.,PAPAYAS,2023-02-01,011609,D_city,4535.659100352817
BOGOTÁ D.C.,PAPAYAS,2023-03-01,011609,D_city,5291.010576580511
BOGOTÁ D.C.,PAPAYAS,2023-04-01,011609,D_city,5039.070479955182
BOGOTÁ D.C.,PAPAYAS,2023-05-01,011609,D_city,4621.212564774484
BOGOTÁ D.C.,PAPAYAS,2023-06-01,011609,D_city,4673.54680493809
BOGOTÁ D.C.,PAPAYAS,2023-07-01,011609,D_city,4889.199354817975
BOGOTÁ D.C.,PAPAYAS,2023-08-01,011609,D_city,5397.723691641519
BOGOTÁ D.C.,PAPAYAS,2023-09-01,011609,D_city,5650.970115286249
BOGOTÁ D.C.,PAPAYAS,2023-10-01,011609,D_city,5831.12741810807
BOGOTÁ D.C.,PAPAYAS,2023-11-01,011609,D_city,5397.386070943375
BOGOTÁ D.C.,PAPAYAS,2023-12-01,011609,D_city,4769.291436353321
BOGOTÁ D.C.,PAPAYAS,2024-01-01,011609,D_city,4798.941471985422
BOGOTÁ D.C.,PAPAYAS,2024-02-01,011609,D_city,5245.421330002311
BOGOTÁ D.C.,PAPAYAS,2024-03-01,011609,D_city,5774.218869138986
BOGOTÁ D.C.,PAPAYAS,2024-04-01,011609,D_city,6295.078642105196
BOGOTÁ D.C.,PAPAYAS,2024-05-01,011609,D_city,6368.687506183973
BOGOTÁ D.C.,PAPAYAS,2024-06-01,011609,D_city,6048.522639048659
BOGOTÁ D.C.,PAPAYAS,2024-07-01,011609,D_city,5832.509060410274
BOGOTÁ D.C.,PAPAYAS,2024-08-01,011609,D_city,5804.894559048734
BOGOTÁ D.C.,PAPAYAS,2024-09-01,011609,D_city,6537.0118122238455
BOGOTÁ D.C.,PAPAYAS,2024-10-01,011609,D_city,6606.4227880013295
BOGOTÁ D.C.,PAPAYAS,2024-11-01,011609,D_city,6501.317491934949
BOGOTÁ D.C.,PAPAYAS,2024-12-01,011609,D_city,6098.161133580274
BOGOTÁ D.C.,PASTA PARA SECO,2019-01-01,011102,D_city,2794.634127109896
BOGOTÁ D.C.,PASTA PARA SECO,2019-02-01,011102,D_city,2827.601089108674
BOGOTÁ D.C.,PASTA PARA SECO,2019-03-01,011102,D_city,2830.0732529329175
BOGOTÁ D.C.,PASTA PARA SECO,2019-04-01,011102,D_city,2837.489445997376
BOGOTÁ D.C.,PASTA PARA SECO,2019-05-01,011102,D_city,2828.1504631504017
BOGOTÁ D.C.,PASTA PARA SECO,2019-06-01,011102,D_city,2830.0732529329175
BOGOTÁ D.C.,PASTA PARA SECO,2019-07-01,011102,D_city,2825.9529522228227
BOGOTÁ D.C.,PASTA PARA SECO,2019-08-01,011102,D_city,2809.74509084408
BOGOTÁ D.C.,PASTA PARA SECO,2019-09-01,011102,D_city,2813.0417791688656
BOGOTÁ D.C.,PASTA PARA SECO,2019-10-01,011102,D_city,2843.806591440976
BOGOTÁ D.C.,PASTA PARA SECO,2019-11-01,011102,D_city,2857.813022416153
BOGOTÁ D.C.,PASTA PARA SECO,2019-12-01,011102,D_city,2865.7767575878593
BOGOTÁ D.C.,PASTA PARA SECO,2020-01-01,011102,D_city,2870.4449168788447
BOGOTÁ D.C.,PASTA PARA SECO,2020-02-01,011102,D_city,2870.4449168788447
BOGOTÁ D.C.,PASTA PARA SECO,2020-03-01,011102,D_city,2877.8586927673723
BOGOTÁ D.C.,PASTA PARA SECO,2020-04-01,011102,D_city,2905.0387812934773
BOGOTÁ D.C.,PASTA PARA SECO,2020-05-01,011102,D_city,2903.117150021829
BOGOTÁ D.C.,PASTA PARA SECO,2020-06-01,011102,D_city,2920.410778632417
BOGOTÁ D.C.,PASTA PARA SECO,2020-07-01,011102,D_city,2947.5817188781675
BOGOTÁ D.C.,PASTA PARA SECO,2020-08-01,011102,D_city,2994.22545701468
BOGOTÁ D.C.,PASTA PARA SECO,2020-09-01,011102,D_city,3013.975390093424
BOGOTÁ D.C.,PASTA PARA SECO,2020-10-01,011102,D_city,3006.2952160291206
BOGOTÁ D.C.,PASTA PARA SECO,2020-11-01,011102,D_city,3007.941005639422
BOGOTÁ D.C.,PASTA PARA SECO,2020-12-01,011102,D_city,3006.2952160291206
BOGOTÁ D.C.,PASTA PARA SECO,2021-01-01,011102,D_city,3020.5580374488754
BOGOTÁ D.C.,PASTA PARA SECO,2021-02-01,011102,D_city,3037.561681568122
BOGOTÁ D.C.,PASTA PARA SECO,2021-03-01,011102,D_city,3050.1758705240036
BOGOTÁ D.C.,PASTA PARA SECO,2021-04-01,011102,D_city,3061.9663078489425
BOGOTÁ D.C.,PASTA PARA SECO,2021-05-01,011102,D_city,3096.783135534544
BOGOTÁ D.C.,PASTA PARA SECO,2021-06-01,011102,D_city,3123.095376579699
BOGOTÁ D.C.,PASTA PARA SECO,2021-07-01,011102,D_city,3140.634030216311
BOGOTÁ D.C.,PASTA PARA SECO,2021-08-01,011102,D_city,3140.085981519655
BOGOTÁ D.C.,PASTA PARA SECO,2021-09-01,011102,D_city,3136.523611243137
BOGOTÁ D.C.,PASTA PARA SECO,2021-10-01,011102,D_city,3141.45609912908
BOGOTÁ D.C.,PASTA PARA SECO,2021-11-01,011102,D_city,3183.649008062746
BOGOTÁ D.C.,PASTA PARA SECO,2021-12-01,011102,D_city,3212.1356219868294
BOGOTÁ D.C.,PASTA PARA SECO,2022-01-01,011102,D_city,3251.2952228524264
BOGOTÁ D.C.,PASTA PARA SECO,2022-02-01,011102,D_city,3385.9439816701956
BOGOTÁ D.C.,PASTA PARA SECO,2022-03-01,011102,D_city,3533.587442842844
BOGOTÁ D.C.,PASTA PARA SECO,2022-04-01,011102,D_city,3596.702290230378
BOGOTÁ D.C.,PASTA PARA SECO,2022-05-01,011102,D_city,3656.7879411665167
BOGOTÁ D.C.,PASTA PARA SECO,2022-06-01,011102,D_city,3733.7736119388014
BOGOTÁ D.C.,PASTA PARA SECO,2022-07-01,011102,D_city,3763.2477595562677
BOGOTÁ D.C.,PASTA PARA SECO,2022-08-01,011102,D_city,3827.0902235798076
BOGOTÁ D.C.,PASTA PARA SECO,2022-09-01,011102,D_city,3841.819600122401
BOGOTÁ D.C.,PASTA PARA SECO,2022-10-01,011102,D_city,3889.8174519126533
BOGOTÁ D.C.,PASTA PARA SECO,2022-11-01,011102,D_city,4044.627406560831
BOGOTÁ D.C.,PASTA PARA SECO,2022-12-01,011102,D_city,4102.645665889634
BOGOTÁ D.C.,PASTA PARA SECO,2023-01-01,011102,D_city,4102.918007284995
BOGOTÁ D.C.,PASTA PARA SECO,2023-02-01,011102,D_city,4109.454075862942
BOGOTÁ D.C.,PASTA PARA SECO,2023-03-01,011102,D_city,4105.36906110014
BOGOTÁ D.C.,PASTA PARA SECO,2023-04-01,011102,D_city,4122.5254947453495
BOGOTÁ D.C.,PASTA PARA SECO,2023-05-01,011102,D_city,4093.113454374783
BOGOTÁ D.C.,PASTA PARA SECO,2023-06-01,011102,D_city,4044.3549753429907
BOGOTÁ D.C.,PASTA PARA SECO,2023-07-01,011102,D_city,4051.982889693921
BOGOTÁ D.C.,PASTA PARA SECO,2023-08-01,011102,D_city,4066.965330115638
BOGOTÁ D.C.,PASTA PARA SECO,2023-09-01,011102,D_city,4081.401751152345
BOGOTÁ D.C.,PASTA PARA SECO,2023-10-01,011102,D_city,4098.2881468838905
BOGOTÁ D.C.,PASTA PARA SECO,2023-11-01,011102,D_city,4103.735028971652
BOGOTÁ D.C.,PASTA PARA SECO,2023-12-01,011102,D_city,4116.806866687329
BOGOTÁ D.C.,PASTA PARA SECO,2024-01-01,011102,D_city,4104.552046909774
BOGOTÁ D.C.,PASTA PARA SECO,2024-02-01,011102,D_city,4103.190348263766
BOGOTÁ D.C.,PASTA PARA SECO,2024-03-01,011102,D_city,4092.024026220986
BOGOTÁ D.C.,PASTA PARA SECO,2024-04-01,011102,D_city,4079.222744238849
BOGOTÁ D.C.,PASTA PARA SECO,2024-05-01,011102,D_city,4066.692933474833
BOGOTÁ D.C.,PASTA PARA SECO,2024-06-01,011102,D_city,4049.2586725887986
BOGOTÁ D.C.,PASTA PARA SECO,2024-07-01,011102,D_city,4084.942580215157
BOGOTÁ D.C.,PASTA PARA SECO,2024-08-01,011102,D_city,4079.222744238849
BOGOTÁ D.C.,PASTA PARA SECO,2024-09-01,011102,D_city,4094.2028758464267
BOGOTÁ D.C.,PASTA PARA SECO,2024-10-01,011102,D_city,4083.3083602095003
BOGOTÁ D.C.,PASTA PARA SECO,2024-11-01,011102,D_city,4088.7557016480487
BOGOTÁ D.C.,PASTA PARA SECO,2024-12-01,011102,D_city,4104.824385389608
BOGOTÁ D.C.,PASTA PARA SOPA,2019-01-01,011102,D_city,2931.236155132995
BOGOTÁ D.C.,PASTA PARA SOPA,2019-02-01,011102,D_city,2964.4229406403565
BOGOTÁ D.C.,PASTA PARA SOPA,2019-03-01,011102,D_city,2966.9109625185583
BOGOTÁ D.C.,PASTA PARA SOPA,2019-04-01,011102,D_city,2974.374206331989
BOGOTÁ D.C.,PASTA PARA SOPA,2019-05-01,011102,D_city,2964.9758462421405
BOGOTÁ D.C.,PASTA PARA SOPA,2019-06-01,011102,D_city,2966.9109625185583
BOGOTÁ D.C.,PASTA PARA SOPA,2019-07-01,011102,D_city,2962.764183181312
BOGOTÁ D.C.,PASTA PARA SOPA,2019-08-01,011102,D_city,2946.4498124271836
BOGOTÁ D.C.,PASTA PARA SOPA,2019-09-01,011102,D_city,2949.7684692359753
BOGOTÁ D.C.,PASTA PARA SOPA,2019-10-01,011102,D_city,2980.73081408606
BOGOTÁ D.C.,PASTA PARA SOPA,2019-11-01,011102,D_city,2994.822727772572
BOGOTÁ D.C.,PASTA PARA SOPA,2019-12-01,011102,D_city,3002.833833134421
BOGOTÁ D.C.,PASTA PARA SOPA,2020-01-01,011102,D_city,3007.529345426687
BOGOTÁ D.C.,PASTA PARA SOPA,2020-02-01,011102,D_city,3007.529345426687
BOGOTÁ D.C.,PASTA PARA SOPA,2020-03-01,011102,D_city,3014.9859343762455
BOGOTÁ D.C.,PASTA PARA SOPA,2020-04-01,011102,D_city,3042.3164229740187
BOGOTÁ D.C.,PASTA PARA SOPA,2020-05-01,011102,D_city,3040.384495703771
BOGOTÁ D.C.,PASTA PARA SOPA,2020-06-01,011102,D_city,3057.768944756714
BOGOTÁ D.C.,PASTA PARA SOPA,2020-07-01,011102,D_city,3085.0742672259676
BOGOTÁ D.C.,PASTA PARA SOPA,2020-08-01,011102,D_city,3131.925265311642
BOGOTÁ D.C.,PASTA PARA SOPA,2020-09-01,011102,D_city,3151.7541298353394
BOGOTÁ D.C.,PASTA PARA SOPA,2020-10-01,011102,D_city,3144.043881380919
BOGOTÁ D.C.,PASTA PARA SOPA,2020-11-01,011102,D_city,3145.696181945275
BOGOTÁ D.C.,PASTA PARA SOPA,2020-12-01,011102,D_city,3144.043881380919
BOGOTÁ D.C.,PASTA PARA SOPA,2021-01-01,011102,D_city,3158.361928033329
BOGOTÁ D.C.,PASTA PARA SOPA,2021-02-01,011102,D_city,3175.4278756994704
BOGOTÁ D.C.,PASTA PARA SOPA,2021-03-01,011102,D_city,3188.0858135980507
BOGOTÁ D.C.,PASTA PARA SOPA,2021-04-01,011102,D_city,3199.915248703374
BOGOTÁ D.C.,PASTA PARA SOPA,2021-05-01,011102,D_city,3234.8366247365166
BOGOTÁ D.C.,PASTA PARA SOPA,2021-06-01,011102,D_city,3261.217444665312
BOGOTÁ D.C.,PASTA PARA SOPA,2021-07-01,011102,D_city,3278.796865766119
BOGOTÁ D.C.,PASTA PARA SOPA,2021-08-01,011102,D_city,3278.2476027427015
BOGOTÁ D.C.,PASTA PARA SOPA,2021-09-01,011102,D_city,3274.677245676104
BOGOTÁ D.C.,PASTA PARA SOPA,2021-10-01,011102,D_city,3279.620748968128
BOGOTÁ D.C.,PASTA PARA SOPA,2021-11-01,011102,D_city,3321.8952436174854
BOGOTÁ D.C.,PASTA PARA SOPA,2021-12-01,011102,D_city,3350.4242453579095
BOGOTÁ D.C.,PASTA PARA SOPA,2022-01-01,011102,D_city,3389.6256107830104
BOGOTÁ D.C.,PASTA PARA SOPA,2022-02-01,011102,D_city,3524.275259578186
BOGOTÁ D.C.,PASTA PARA SOPA,2022-03-01,011102,D_city,3671.673840662394
BOGOTÁ D.C.,PASTA PARA SOPA,2022-04-01,011102,D_city,3734.6082289359006
BOGOTÁ D.C.,PASTA PARA SOPA,2022-05-01,011102,D_city,3794.48101703713
BOGOTÁ D.C.,PASTA PARA SOPA,2022-06-01,011102,D_city,3871.136523495548
BOGOTÁ D.C.,PASTA PARA SOPA,2022-07-01,011102,D_city,3900.4674553650366
BOGOTÁ D.C.,PASTA PARA SOPA,2022-08-01,011102,D_city,3963.9682873871834
BOGOTÁ D.C.,PASTA PARA SOPA,2022-09-01,011102,D_city,3978.6128009665354
BOGOTÁ D.C.,PASTA PARA SOPA,2022-10-01,011102,D_city,4026.31857102328
BOGOTÁ D.C.,PASTA PARA SOPA,2022-11-01,011102,D_city,4180.027467391745
BOGOTÁ D.C.,PASTA PARA SOPA,2022-12-01,011102,D_city,4237.57196079884
BOGOTÁ D.C.,PASTA PARA SOPA,2023-01-01,011102,D_city,4237.842001157526
BOGOTÁ D.C.,PASTA PARA SOPA,2023-02-01,011102,D_city,4244.322630833985
BOGOTÁ D.C.,PASTA PARA SOPA,2023-03-01,011102,D_city,4240.2723135275855
BOGOTÁ D.C.,PASTA PARA SOPA,2023-04-01,011102,D_city,4257.281941353816
BOGOTÁ D.C.,PASTA PARA SOPA,2023-05-01,011102,D_city,4228.119835460305
BOGOTÁ D.C.,PASTA PARA SOPA,2023-06-01,011102,D_city,4179.757183234219
BOGOTÁ D.C.,PASTA PARA SOPA,2023-07-01,011102,D_city,4187.32470593708
BOGOTÁ D.C.,PASTA PARA SOPA,2023-08-01,011102,D_city,4202.186869010776
BOGOTÁ D.C.,PASTA PARA SOPA,2023-09-01,011102,D_city,4216.505323352087
BOGOTÁ D.C.,PASTA PARA SOPA,2023-10-01,011102,D_city,4233.251161259243
BOGOTÁ D.C.,PASTA PARA SOPA,2023-11-01,011102,D_city,4238.652115451526
BOGOTÁ D.C.,PASTA PARA SOPA,2023-12-01,011102,D_city,4251.612562341072
BOGOTÁ D.C.,PASTA PARA SOPA,2024-01-01,011102,D_city,4239.462219574146
BOGOTÁ D.C.,PASTA PARA SOPA,2024-02-01,011102,D_city,4238.112040385815
BOGOTÁ D.C.,PASTA PARA SOPA,2024-03-01,011102,D_city,4227.039504229979
BOGOTÁ D.C.,PASTA PARA SOPA,2024-04-01,011102,D_city,4214.344252164126
BOGOTÁ D.C.,PASTA PARA SOPA,2024-05-01,011102,D_city,4201.916678719795
BOGOTÁ D.C.,PASTA PARA SOPA,2024-06-01,011102,D_city,4184.622122478493
BOGOTÁ D.C.,PASTA PARA SOPA,2024-07-01,011102,D_city,4220.016908868299
BOGOTÁ D.C.,PASTA PARA SOPA,2024-08-01,011102,D_city,4214.344252164126
BOGOTÁ D.C.,PASTA PARA SOPA,2024-09-01,011102,D_city,4229.200148557211
BOGOTÁ D.C.,PASTA PARA SOPA,2024-10-01,011102,D_city,4218.396200954357
BOGOTÁ D.C.,PASTA PARA SOPA,2024-11-01,011102,D_city,4223.79840168602
BOGOTÁ D.C.,PASTA PARA SOPA,2024-12-01,011102,D_city,4239.732252021759
BOGOTÁ D.C.,PESCADO DE MAR,2019-01-01,011303,D_city,12809.471892893062
BOGOTÁ D.C.,PESCADO DE MAR,2019-02-01,011303,D_city,12869.598418662794
BOGOTÁ D.C.,PESCADO DE MAR,2019-03-01,011303,D_city,12869.598418662794
BOGOTÁ D.C.,PESCADO DE MAR,2019-04-01,011303,D_city,12865.658200394017
BOGOTÁ D.C.,PESCADO DE MAR,2019-05-01,011303,D_city,12918.821618307464
BOGOTÁ D.C.,PESCADO DE MAR,2019-06-01,011303,D_city,12960.127009874994
BOGOTÁ D.C.,PESCADO DE MAR,2019-07-01,011303,D_city,12880.432211533685
BOGOTÁ D.C.,PESCADO DE MAR,2019-08-01,011303,D_city,12961.110004862992
BOGOTÁ D.C.,PESCADO DE MAR,2019-09-01,011303,D_city,12978.800211675805
BOGOTÁ D.C.,PESCADO DE MAR,2019-10-01,011303,D_city,12967.00751982212
BOGOTÁ D.C.,PESCADO DE MAR,2019-11-01,011303,D_city,13037.717054796716
BOGOTÁ D.C.,PESCADO DE MAR,2019-12-01,011303,D_city,13046.547901758566
BOGOTÁ D.C.,PESCADO DE MAR,2020-01-01,011303,D_city,13036.735742270217
BOGOTÁ D.C.,PESCADO DE MAR,2020-02-01,011303,D_city,13041.642090243122
BOGOTÁ D.C.,PESCADO DE MAR,2020-03-01,011303,D_city,13109.295047764257
BOGOTÁ D.C.,PESCADO DE MAR,2020-04-01,011303,D_city,13488.82829626499
BOGOTÁ D.C.,PESCADO DE MAR,2020-05-01,011303,D_city,13620.785146906248
BOGOTÁ D.C.,PESCADO DE MAR,2020-06-01,011303,D_city,13651.77975617889
BOGOTÁ D.C.,PESCADO DE MAR,2020-07-01,011303,D_city,13624.660593426386
BOGOTÁ D.C.,PESCADO DE MAR,2020-08-01,011303,D_city,13697.266050557892
BOGOTÁ D.C.,PESCADO DE MAR,2020-09-01,011303,D_city,13696.298714585882
BOGOTÁ D.C.,PESCADO DE MAR,2020-10-01,011303,D_city,13695.33135875481
BOGOTÁ D.C.,PESCADO DE MAR,2020-11-01,011303,D_city,13761.066427106816
BOGOTÁ D.C.,PESCADO DE MAR,2020-12-01,011303,D_city,13809.342848251374
BOGOTÁ D.C.,PESCADO DE MAR,2021-01-01,011303,D_city,13827.675024063532
BOGOTÁ D.C.,PESCADO DE MAR,2021-02-01,011303,D_city,13839.249600984927
BOGOTÁ D.C.,PESCADO DE MAR,2021-03-01,011303,D_city,13832.498106560175
BOGOTÁ D.C.,PESCADO DE MAR,2021-04-01,011303,D_city,13811.2728839551
BOGOTÁ D.C.,PESCADO DE MAR,2021-05-01,011303,D_city,13812.237872408483
BOGOTÁ D.C.,PESCADO DE MAR,2021-06-01,011303,D_city,13812.237872408483
BOGOTÁ D.C.,PESCADO DE MAR,2021-07-01,011303,D_city,13976.964506462322
BOGOTÁ D.C.,PESCADO DE MAR,2021-08-01,011303,D_city,14215.826714209963
BOGOTÁ D.C.,PESCADO DE MAR,2021-09-01,011303,D_city,14328.615119079894
BOGOTÁ D.C.,PESCADO DE MAR,2021-10-01,011303,D_city,14455.432543082321
BOGOTÁ D.C.,PESCADO DE MAR,2021-11-01,011303,D_city,14500.170355857692
BOGOTÁ D.C.,PESCADO DE MAR,2021-12-01,011303,D_city,14522.99972339682
BOGOTÁ D.C.,PESCADO DE MAR,2022-01-01,011303,D_city,14568.627205325009
BOGOTÁ D.C.,PESCADO DE MAR,2022-02-01,011303,D_city,14759.24389932646
BOGOTÁ D.C.,PESCADO DE MAR,2022-03-01,011303,D_city,15017.002209530043
BOGOTÁ D.C.,PESCADO DE MAR,2022-04-01,011303,D_city,15157.141460877929
BOGOTÁ D.C.,PESCADO DE MAR,2022-05-01,011303,D_city,15217.219863361735
BOGOTÁ D.C.,PESCADO DE MAR,2022-06-01,011303,D_city,15474.590865698057
BOGOTÁ D.C.,PESCADO DE MAR,2022-07-01,011303,D_city,15629.347943167355
BOGOTÁ D.C.,PESCADO DE MAR,2022-08-01,011303,D_city,15768.806494286371
BOGOTÁ D.C.,PESCADO DE MAR,2022-09-01,011303,D_city,16253.207095736943
BOGOTÁ D.C.,PESCADO DE MAR,2022-10-01,011303,D_city,16372.731043774553
BOGOTÁ D.C.,PESCADO DE MAR,2022-11-01,011303,D_city,16523.154429075847
BOGOTÁ D.C.,PESCADO DE MAR,2022-12-01,011303,D_city,16923.873865201083
BOGOTÁ D.C.,PESCADO DE MAR,2023-01-01,011303,D_city,17077.40132242993
BOGOTÁ D.C.,PESCADO DE MAR,2023-02-01,011303,D_city,17188.888319681122
BOGOTÁ D.C.,PESCADO DE MAR,2023-03-01,011303,D_city,17301.97319060641
BOGOTÁ D.C.,PESCADO DE MAR,2023-04-01,011303,D_city,17411.235073087653
BOGOTÁ D.C.,PESCADO DE MAR,2023-05-01,011303,D_city,17487.870210542853
BOGOTÁ D.C.,PESCADO DE MAR,2023-06-01,011303,D_city,17365.206912431506
BOGOTÁ D.C.,PESCADO DE MAR,2023-07-01,011303,D_city,17394.993883042946
BOGOTÁ D.C.,PESCADO DE MAR,2023-08-01,011303,D_city,17338.11495517512
BOGOTÁ D.C.,PESCADO DE MAR,2023-09-01,011303,D_city,17303.780799725744
BOGOTÁ D.C.,PESCADO DE MAR,2023-10-01,011303,D_city,17351.662470712094
BOGOTÁ D.C.,PESCADO DE MAR,2023-11-01,011303,D_city,17266.71382964481
BOGOTÁ D.C.,PESCADO DE MAR,2023-12-01,011303,D_city,17294.742205098293
BOGOTÁ D.C.,PESCADO DE MAR,2024-01-01,011303,D_city,17308.299582422274
BOGOTÁ D.C.,PESCADO DE MAR,2024-02-01,011303,D_city,17224.193948242424
BOGOTÁ D.C.,PESCADO DE MAR,2024-03-01,011303,D_city,17137.249827689273
BOGOTÁ D.C.,PESCADO DE MAR,2024-04-01,011303,D_city,17322.75738353238
BOGOTÁ D.C.,PESCADO DE MAR,2024-05-01,011303,D_city,17206.091128106134
BOGOTÁ D.C.,PESCADO DE MAR,2024-06-01,011303,D_city,17328.178154666693
BOGOTÁ D.C.,PESCADO DE MAR,2024-07-01,011303,D_city,17381.4561903919
BOGOTÁ D.C.,PESCADO DE MAR,2024-08-01,011303,D_city,17480.66165826039
BOGOTÁ D.C.,PESCADO DE MAR,2024-09-01,011303,D_city,17442.802568213454
BOGOTÁ D.C.,PESCADO DE MAR,2024-10-01,011303,D_city,17607.586297575155
BOGOTÁ D.C.,PESCADO DE MAR,2024-11-01,011303,D_city,17618.376097620156
BOGOTÁ D.C.,PESCADO DE MAR,2024-12-01,011303,D_city,17601.291359977306
BOGOTÁ D.C.,PESCADO DE RÍO,2019-01-01,011303,D_city,13783.464483271837
BOGOTÁ D.C.,PESCADO DE RÍO,2019-02-01,011303,D_city,13871.504419927905
BOGOTÁ D.C.,PESCADO DE RÍO,2019-03-01,011303,D_city,13871.504419927905
BOGOTÁ D.C.,PESCADO DE RÍO,2019-04-01,011303,D_city,13865.730439003639
BOGOTÁ D.C.,PESCADO DE RÍO,2019-05-01,011303,D_city,13943.689452336652
BOGOTÁ D.C.,PESCADO DE RÍO,2019-06-01,011303,D_city,14004.339534540748
BOGOTÁ D.C.,PESCADO DE RÍO,2019-07-01,011303,D_city,13887.38349589502
BOGOTÁ D.C.,PESCADO DE RÍO,2019-08-01,011303,D_city,14005.783746733487
BOGOTÁ D.C.,PESCADO DE RÍO,2019-09-01,011303,D_city,14031.780857134427
BOGOTÁ D.C.,PESCADO DE RÍO,2019-10-01,011303,D_city,14014.449178484107
BOGOTÁ D.C.,PESCADO DE RÍO,2019-11-01,011303,D_city,14118.455514253821
BOGOTÁ D.C.,PESCADO DE RÍO,2019-12-01,011303,D_city,14131.459044937932
BOGOTÁ D.C.,PESCADO DE RÍO,2020-01-01,011303,D_city,14117.010714997374
BOGOTÁ D.C.,PESCADO DE RÍO,2020-02-01,011303,D_city,14124.234786263562
BOGOTÁ D.C.,PESCADO DE RÍO,2020-03-01,011303,D_city,14223.946070454414
BOGOTÁ D.C.,PESCADO DE RÍO,2020-04-01,011303,D_city,14786.743728344296
BOGOTÁ D.C.,PESCADO DE RÍO,2020-05-01,011303,D_city,14983.764658045213
BOGOTÁ D.C.,PESCADO DE RÍO,2020-06-01,011303,D_city,15030.141690202861
BOGOTÁ D.C.,PESCADO DE RÍO,2020-07-01,011303,D_city,14989.561389387809
BOGOTÁ D.C.,PESCADO DE RÍO,2020-08-01,011303,D_city,15098.27111136415
BOGOTÁ D.C.,PESCADO DE RÍO,2020-09-01,011303,D_city,15096.82138659987
BOGOTÁ D.C.,PESCADO DE RÍO,2020-10-01,011303,D_city,15095.371668896507
BOGOTÁ D.C.,PESCADO DE RÍO,2020-11-01,011303,D_city,15193.968527069943
BOGOTÁ D.C.,PESCADO DE RÍO,2020-12-01,011303,D_city,15266.48693767823
BOGOTÁ D.C.,PESCADO DE RÍO,2021-01-01,011303,D_city,15294.048519952803
BOGOTÁ D.C.,PESCADO DE RÍO,2021-02-01,011303,D_city,15311.457133436059
BOGOTÁ D.C.,PESCADO DE RÍO,2021-03-01,011303,D_city,15301.301986829685
BOGOTÁ D.C.,PESCADO DE RÍO,2021-04-01,011303,D_city,15269.388038099638
BOGOTÁ D.C.,PESCADO DE RÍO,2021-05-01,011303,D_city,15270.83859879441
BOGOTÁ D.C.,PESCADO DE RÍO,2021-06-01,011303,D_city,15270.83859879441
BOGOTÁ D.C.,PESCADO DE RÍO,2021-07-01,011303,D_city,15518.986758321418
BOGOTÁ D.C.,PESCADO DE RÍO,2021-08-01,011303,D_city,15880.684718535002
BOGOTÁ D.C.,PESCADO DE RÍO,2021-09-01,011303,D_city,16052.238408479945
BOGOTÁ D.C.,PESCADO DE RÍO,2021-10-01,011303,D_city,16245.711262267338
BOGOTÁ D.C.,PESCADO DE RÍO,2021-11-01,011303,D_city,16314.109396191023
BOGOTÁ D.C.,PESCADO DE RÍO,2021-12-01,011303,D_city,16349.041717326185
BOGOTÁ D.C.,PESCADO DE RÍO,2022-01-01,011303,D_city,16418.917710537753
BOGOTÁ D.C.,PESCADO DE RÍO,2022-02-01,011303,D_city,16711.68662964201
BOGOTÁ D.C.,PESCADO DE RÍO,2022-03-01,011303,D_city,17109.744219117878
BOGOTÁ D.C.,PESCADO DE RÍO,2022-04-01,011303,D_city,17327.198108276287
BOGOTÁ D.C.,PESCADO DE RÍO,2022-05-01,011303,D_city,17420.643735490834
BOGOTÁ D.C.,PESCADO DE RÍO,2022-06-01,011303,D_city,17822.455795216563
BOGOTÁ D.C.,PESCADO DE RÍO,2022-07-01,011303,D_city,18065.227416710502
BOGOTÁ D.C.,PESCADO DE RÍO,2022-08-01,011303,D_city,18284.741838802114
BOGOTÁ D.C.,PESCADO DE RÍO,2022-09-01,011303,D_city,19052.619358094456
BOGOTÁ D.C.,PESCADO DE RÍO,2022-10-01,011303,D_city,19243.36910185528
BOGOTÁ D.C.,PESCADO DE RÍO,2022-11-01,011303,D_city,19484.144009531952
BOGOTÁ D.C.,PESCADO DE RÍO,2022-12-01,011303,D_city,20129.39591692028
BOGOTÁ D.C.,PESCADO DE RÍO,2023-01-01,011303,D_city,20378.07766491835
BOGOTÁ D.C.,PESCADO DE RÍO,2023-02-01,011303,D_city,20559.1678283253
BOGOTÁ D.C.,PESCADO DE RÍO,2023-03-01,011303,D_city,20743.28546823401
BOGOTÁ D.C.,PESCADO DE RÍO,2023-04-01,011303,D_city,20921.59033864913
BOGOTÁ D.C.,PESCADO DE RÍO,2023-05-01,011303,D_city,21046.891970296172
BOGOTÁ D.C.,PESCADO DE RÍO,2023-06-01,011303,D_city,20846.427611071587
BOGOTÁ D.C.,PESCADO DE RÍO,2023-07-01,011303,D_city,20895.06075070001
BOGOTÁ D.C.,PESCADO DE RÍO,2023-08-01,011303,D_city,20802.220658665752
BOGOTÁ D.C.,PESCADO DE RÍO,2023-09-01,011303,D_city,20746.232026261012
BOGOTÁ D.C.,PESCADO DE RÍO,2023-10-01,011303,D_city,20824.32353989398
BOGOTÁ D.C.,PESCADO DE RÍO,2023-11-01,011303,D_city,20685.831833177905
BOGOTÁ D.C.,PESCADO DE RÍO,2023-12-01,011303,D_city,20731.499448442122
BOGOTÁ D.C.,PESCADO DE RÍO,2024-01-01,011303,D_city,20753.598514187157
BOGOTÁ D.C.,PESCADO DE RÍO,2024-02-01,011303,D_city,20616.603591599953
BOGOTÁ D.C.,PESCADO DE RÍO,2024-03-01,011303,D_city,20475.237894272675
BOGOTÁ D.C.,PESCADO DE RÍO,2024-04-01,011303,D_city,20777.172166558157
BOGOTÁ D.C.,PESCADO DE RÍO,2024-05-01,011303,D_city,20587.148338802675
BOGOTÁ D.C.,PESCADO DE RÍO,2024-06-01,011303,D_city,20786.012636035077
BOGOTÁ D.C.,PESCADO DE RÍO,2024-07-01,011303,D_city,20872.954065621645
BOGOTÁ D.C.,PESCADO DE RÍO,2024-08-01,011303,D_city,21035.097258974154
BOGOTÁ D.C.,PESCADO DE RÍO,2024-09-01,011303,D_city,20973.18053153956
BOGOTÁ D.C.,PESCADO DE RÍO,2024-10-01,011303,D_city,21243.028035447835
BOGOTÁ D.C.,PESCADO DE RÍO,2024-11-01,011303,D_city,21260.72905351701
BOGOTÁ D.C.,PESCADO DE RÍO,2024-12-01,011303,D_city,21232.70278699925
BOGOTÁ D.C.,PESCADO ENLATADO,2019-01-01,011303,BASE_lowR2,12983.583964404894
BOGOTÁ D.C.,PESCADO ENLATADO,2019-02-01,011303,BASE_lowR2,13062.295813125693
BOGOTÁ D.C.,PESCADO ENLATADO,2019-03-01,011303,BASE_lowR2,13062.295813125693
BOGOTÁ D.C.,PESCADO ENLATADO,2019-04-01,011303,BASE_lowR2,13057.13438042269
BOGOTÁ D.C.,PESCADO ENLATADO,2019-05-01,011303,BASE_lowR2,13126.813721913237
BOGOTÁ D.C.,PESCADO ENLATADO,2019-06-01,011303,BASE_lowR2,13181.008765294771
BOGOTÁ D.C.,PESCADO ENLATADO,2019-07-01,011303,BASE_lowR2,13076.489753058953
BOGOTÁ D.C.,PESCADO ENLATADO,2019-08-01,011303,BASE_lowR2,13182.29912347052
BOGOTÁ D.C.,PESCADO ENLATADO,2019-09-01,011303,BASE_lowR2,13205.525570634038
BOGOTÁ D.C.,PESCADO ENLATADO,2019-10-01,011303,BASE_lowR2,13190.041272525026
BOGOTÁ D.C.,PESCADO ENLATADO,2019-11-01,011303,BASE_lowR2,13282.947061179088
BOGOTÁ D.C.,PESCADO ENLATADO,2019-12-01,011303,BASE_lowR2,13294.560284760844
BOGOTÁ D.C.,PESCADO ENLATADO,2020-01-01,011303,BASE_lowR2,13281.656703003337
BOGOTÁ D.C.,PESCADO ENLATADO,2020-02-01,011303,BASE_lowR2,13288.10849388209
BOGOTÁ D.C.,PESCADO ENLATADO,2020-03-01,011303,BASE_lowR2,13377.1432080089
BOGOTÁ D.C.,PESCADO ENLATADO,2020-04-01,011303,BASE_lowR2,13879.092538375973
BOGOTÁ D.C.,PESCADO ENLATADO,2020-05-01,011303,BASE_lowR2,14054.581250278085
BOGOTÁ D.C.,PESCADO ENLATADO,2020-06-01,011303,BASE_lowR2,14095.872711902111
BOGOTÁ D.C.,PESCADO ENLATADO,2020-07-01,011303,BASE_lowR2,14059.742682981087
BOGOTÁ D.C.,PESCADO ENLATADO,2020-08-01,011303,BASE_lowR2,14156.519546162399
BOGOTÁ D.C.,PESCADO ENLATADO,2020-09-01,011303,BASE_lowR2,14155.22918798665
BOGOTÁ D.C.,PESCADO ENLATADO,2020-10-01,011303,BASE_lowR2,14153.938829810899
BOGOTÁ D.C.,PESCADO ENLATADO,2020-11-01,011303,BASE_lowR2,14241.683185761956
BOGOTÁ D.C.,PESCADO ENLATADO,2020-12-01,011303,BASE_lowR2,14306.201094549499
BOGOTÁ D.C.,PESCADO ENLATADO,2021-01-01,011303,BASE_lowR2,14330.717899888765
BOGOTÁ D.C.,PESCADO ENLATADO,2021-02-01,011303,BASE_lowR2,14346.202197997774
BOGOTÁ D.C.,PESCADO ENLATADO,2021-03-01,011303,BASE_lowR2,14337.16969076752
BOGOTÁ D.C.,PESCADO ENLATADO,2021-04-01,011303,BASE_lowR2,14308.781810901
BOGOTÁ D.C.,PESCADO ENLATADO,2021-05-01,011303,BASE_lowR2,14310.072169076751
BOGOTÁ D.C.,PESCADO ENLATADO,2021-06-01,011303,BASE_lowR2,14310.072169076751
BOGOTÁ D.C.,PESCADO ENLATADO,2021-07-01,011303,BASE_lowR2,14530.723417130144
BOGOTÁ D.C.,PESCADO ENLATADO,2021-08-01,011303,BASE_lowR2,14852.0226028921
BOGOTÁ D.C.,PESCADO ENLATADO,2021-09-01,011303,BASE_lowR2,15004.284867630698
BOGOTÁ D.C.,PESCADO ENLATADO,2021-10-01,011303,BASE_lowR2,15175.90250500556
BOGOTÁ D.C.,PESCADO ENLATADO,2021-11-01,011303,BASE_lowR2,15236.549339265848
BOGOTÁ D.C.,PESCADO ENLATADO,2021-12-01,011303,BASE_lowR2,15267.51793548387
BOGOTÁ D.C.,PESCADO ENLATADO,2022-01-01,011303,BASE_lowR2,15329.455127919908
BOGOTÁ D.C.,PESCADO ENLATADO,2022-02-01,011303,BASE_lowR2,15588.817121245827
BOGOTÁ D.C.,PESCADO ENLATADO,2022-03-01,011303,BASE_lowR2,15941.084903225807
BOGOTÁ D.C.,PESCADO ENLATADO,2022-04-01,011303,BASE_lowR2,16133.34827141268
BOGOTÁ D.C.,PESCADO ENLATADO,2022-05-01,011303,BASE_lowR2,16215.931194660732
BOGOTÁ D.C.,PESCADO ENLATADO,2022-06-01,011303,BASE_lowR2,16570.77969299221
BOGOTÁ D.C.,PESCADO ENLATADO,2022-07-01,011303,BASE_lowR2,16784.97915016685
BOGOTÁ D.C.,PESCADO ENLATADO,2022-08-01,011303,BASE_lowR2,16978.532876529476
BOGOTÁ D.C.,PESCADO ENLATADO,2022-09-01,011303,BASE_lowR2,17654.680560622914
BOGOTÁ D.C.,PESCADO ENLATADO,2022-10-01,011303,BASE_lowR2,17822.427123470523
BOGOTÁ D.C.,PESCADO ENLATADO,2022-11-01,011303,BASE_lowR2,18034.045864293657
BOGOTÁ D.C.,PESCADO ENLATADO,2022-12-01,011303,BASE_lowR2,18600.513103448277
BOGOTÁ D.C.,PESCADO ENLATADO,2023-01-01,011303,BASE_lowR2,18818.583635150168
BOGOTÁ D.C.,PESCADO ENLATADO,2023-02-01,011303,BASE_lowR2,18977.29769076752
BOGOTÁ D.C.,PESCADO ENLATADO,2023-03-01,011303,BASE_lowR2,19138.59246273637
BOGOTÁ D.C.,PESCADO ENLATADO,2023-04-01,011303,BASE_lowR2,19294.725802002224
BOGOTÁ D.C.,PESCADO ENLATADO,2023-05-01,011303,BASE_lowR2,19404.406246941046
BOGOTÁ D.C.,PESCADO ENLATADO,2023-06-01,011303,BASE_lowR2,19228.91753503893
BOGOTÁ D.C.,PESCADO ENLATADO,2023-07-01,011303,BASE_lowR2,19271.499354838706
BOGOTÁ D.C.,PESCADO ENLATADO,2023-08-01,011303,BASE_lowR2,19190.206789766406
BOGOTÁ D.C.,PESCADO ENLATADO,2023-09-01,011303,BASE_lowR2,19141.173179087873
BOGOTÁ D.C.,PESCADO ENLATADO,2023-10-01,011303,BASE_lowR2,19209.562162402668
BOGOTÁ D.C.,PESCADO ENLATADO,2023-11-01,011303,BASE_lowR2,19088.26849388209
BOGOTÁ D.C.,PESCADO ENLATADO,2023-12-01,011303,BASE_lowR2,19128.269597330367
BOGOTÁ D.C.,PESCADO ENLATADO,2024-01-01,011303,BASE_lowR2,19147.624969966626
BOGOTÁ D.C.,PESCADO ENLATADO,2024-02-01,011303,BASE_lowR2,19027.6216596218
BOGOTÁ D.C.,PESCADO ENLATADO,2024-03-01,011303,BASE_lowR2,18903.74727474972
BOGOTÁ D.C.,PESCADO ENLATADO,2024-04-01,011303,BASE_lowR2,19168.270700778645
BOGOTÁ D.C.,PESCADO ENLATADO,2024-05-01,011303,BASE_lowR2,19001.81449610678
BOGOTÁ D.C.,PESCADO ENLATADO,2024-06-01,011303,BASE_lowR2,19176.012849833147
BOGOTÁ D.C.,PESCADO ENLATADO,2024-07-01,011303,BASE_lowR2,19252.143982202444
BOGOTÁ D.C.,PESCADO ENLATADO,2024-08-01,011303,BASE_lowR2,19394.083381535038
BOGOTÁ D.C.,PESCADO ENLATADO,2024-09-01,011303,BASE_lowR2,19339.8883381535
BOGOTÁ D.C.,PESCADO ENLATADO,2024-10-01,011303,BASE_lowR2,19576.023884315906
BOGOTÁ D.C.,PESCADO ENLATADO,2024-11-01,011303,BASE_lowR2,19591.508182424917
BOGOTÁ D.C.,PESCADO ENLATADO,2024-12-01,011303,BASE_lowR2,19566.991377085647
BOGOTÁ D.C.,PIÑAS,2019-01-01,011609,BASE_lowR2,1216.7582638649674
BOGOTÁ D.C.,PIÑAS,2019-02-01,011609,BASE_lowR2,1234.6690963371225
BOGOTÁ D.C.,PIÑAS,2019-03-01,011609,BASE_lowR2,1352.8570237685153
BOGOTÁ D.C.,PIÑAS,2019-04-01,011609,BASE_lowR2,1384.9079871397405
BOGOTÁ D.C.,PIÑAS,2019-05-01,011609,BASE_lowR2,1344.844282925709
BOGOTÁ D.C.,PIÑAS,2019-06-01,011609,BASE_lowR2,1329.1723045125732
BOGOTÁ D.C.,PIÑAS,2019-07-01,011609,BASE_lowR2,1397.0449328281088
BOGOTÁ D.C.,PIÑAS,2019-08-01,011609,BASE_lowR2,1490.3697967619705
BOGOTÁ D.C.,PIÑAS,2019-09-01,011609,BASE_lowR2,1569.9080330692386
BOGOTÁ D.C.,PIÑAS,2019-10-01,011609,BASE_lowR2,1579.57045585027
BOGOTÁ D.C.,PIÑAS,2019-11-01,011609,BASE_lowR2,1473.755142955563
BOGOTÁ D.C.,PIÑAS,2019-12-01,011609,BASE_lowR2,1414.837930876105
BOGOTÁ D.C.,PIÑAS,2020-01-01,011609,BASE_lowR2,1408.003534274888
BOGOTÁ D.C.,PIÑAS,2020-02-01,011609,BASE_lowR2,1466.2137398093926
BOGOTÁ D.C.,PIÑAS,2020-03-01,011609,BASE_lowR2,1625.17237799977
BOGOTÁ D.C.,PIÑAS,2020-04-01,011609,BASE_lowR2,1642.376203926972
BOGOTÁ D.C.,PIÑAS,2020-05-01,011609,BASE_lowR2,1603.9621816511656
BOGOTÁ D.C.,PIÑAS,2020-06-01,011609,BASE_lowR2,1531.3761763692733
BOGOTÁ D.C.,PIÑAS,2020-07-01,011609,BASE_lowR2,1467.6277528992994
BOGOTÁ D.C.,PIÑAS,2020-08-01,011609,BASE_lowR2,1462.5608726604662
BOGOTÁ D.C.,PIÑAS,2020-09-01,011609,BASE_lowR2,1528.0768124928236
BOGOTÁ D.C.,PIÑAS,2020-10-01,011609,BASE_lowR2,1555.532233321851
BOGOTÁ D.C.,PIÑAS,2020-11-01,011609,BASE_lowR2,1550.3475186588585
BOGOTÁ D.C.,PIÑAS,2020-12-01,011609,BASE_lowR2,1490.605465610288
BOGOTÁ D.C.,PIÑAS,2021-01-01,011609,BASE_lowR2,1518.885727408428
BOGOTÁ D.C.,PIÑAS,2021-02-01,011609,BASE_lowR2,1524.777448616374
BOGOTÁ D.C.,PIÑAS,2021-03-01,011609,BASE_lowR2,1584.873004937421
BOGOTÁ D.C.,PIÑAS,2021-04-01,011609,BASE_lowR2,1660.2870363991274
BOGOTÁ D.C.,PIÑAS,2021-05-01,011609,BASE_lowR2,1853.0641543231138
BOGOTÁ D.C.,PIÑAS,2021-06-01,011609,BASE_lowR2,1736.4080744057874
BOGOTÁ D.C.,PIÑAS,2021-07-01,011609,BASE_lowR2,1729.691512228729
BOGOTÁ D.C.,PIÑAS,2021-08-01,011609,BASE_lowR2,1849.4112871741875
BOGOTÁ D.C.,PIÑAS,2021-09-01,011609,BASE_lowR2,1920.8189482144908
BOGOTÁ D.C.,PIÑAS,2021-10-01,011609,BASE_lowR2,1973.844439086003
BOGOTÁ D.C.,PIÑAS,2021-11-01,011609,BASE_lowR2,1951.1023952233325
BOGOTÁ D.C.,PIÑAS,2021-12-01,011609,BASE_lowR2,1914.6915581582273
BOGOTÁ D.C.,PIÑAS,2022-01-01,011609,BASE_lowR2,1980.0896635664253
BOGOTÁ D.C.,PIÑAS,2022-02-01,011609,BASE_lowR2,2029.6979561373294
BOGOTÁ D.C.,PIÑAS,2022-03-01,011609,BASE_lowR2,2095.8030680904812
BOGOTÁ D.C.,PIÑAS,2022-04-01,011609,BASE_lowR2,2162.4973521644274
BOGOTÁ D.C.,PIÑAS,2022-05-01,011609,BASE_lowR2,2174.5164634286366
BOGOTÁ D.C.,PIÑAS,2022-06-01,011609,BASE_lowR2,2156.723465380641
BOGOTÁ D.C.,PIÑAS,2022-07-01,011609,BASE_lowR2,2155.6629555632103
BOGOTÁ D.C.,PIÑAS,2022-08-01,011609,BASE_lowR2,2199.497361350327
BOGOTÁ D.C.,PIÑAS,2022-09-01,011609,BASE_lowR2,2306.255349638305
BOGOTÁ D.C.,PIÑAS,2022-10-01,011609,BASE_lowR2,2378.134348375244
BOGOTÁ D.C.,PIÑAS,2022-11-01,011609,BASE_lowR2,2313.443249511999
BOGOTÁ D.C.,PIÑAS,2022-12-01,011609,BASE_lowR2,2220.354054426455
BOGOTÁ D.C.,PIÑAS,2023-01-01,011609,BASE_lowR2,2212.341313583649
BOGOTÁ D.C.,PIÑAS,2023-02-01,011609,BASE_lowR2,2362.815873234585
BOGOTÁ D.C.,PIÑAS,2023-03-01,011609,BASE_lowR2,2633.952883224251
BOGOTÁ D.C.,PIÑAS,2023-04-01,011609,BASE_lowR2,2544.87005856011
BOGOTÁ D.C.,PIÑAS,2023-05-01,011609,BASE_lowR2,2394.1598300608566
BOGOTÁ D.C.,PIÑAS,2023-06-01,011609,BASE_lowR2,2413.2490067746007
BOGOTÁ D.C.,PIÑAS,2023-07-01,011609,BASE_lowR2,2491.255395567803
BOGOTÁ D.C.,PIÑAS,2023-08-01,011609,BASE_lowR2,2671.3063956826268
BOGOTÁ D.C.,PIÑAS,2023-09-01,011609,BASE_lowR2,2759.0930416810197
BOGOTÁ D.C.,PIÑAS,2023-10-01,011609,BASE_lowR2,2820.8382799402916
BOGOTÁ D.C.,PIÑAS,2023-11-01,011609,BASE_lowR2,2671.1885612584683
BOGOTÁ D.C.,PIÑAS,2023-12-01,011609,BASE_lowR2,2448.010161901481
BOGOTÁ D.C.,PIÑAS,2024-01-01,011609,BASE_lowR2,2458.7330944999426
BOGOTÁ D.C.,PIÑAS,2024-02-01,011609,BASE_lowR2,2617.927401538638
BOGOTÁ D.C.,PIÑAS,2024-03-01,011609,BASE_lowR2,2801.3955999540703
BOGOTÁ D.C.,PIÑAS,2024-04-01,011609,BASE_lowR2,2977.322395223332
BOGOTÁ D.C.,PIÑAS,2024-05-01,011609,BASE_lowR2,3001.8319554483865
BOGOTÁ D.C.,PIÑAS,2024-06-01,011609,BASE_lowR2,2894.602629463773
BOGOTÁ D.C.,PIÑAS,2024-07-01,011609,BASE_lowR2,2821.309617636927
BOGOTÁ D.C.,PIÑAS,2024-08-01,011609,BASE_lowR2,2811.882863704214
BOGOTÁ D.C.,PIÑAS,2024-09-01,011609,BASE_lowR2,3057.5676380755544
BOGOTÁ D.C.,PIÑAS,2024-10-01,011609,BASE_lowR2,3080.427516362384
BOGOTÁ D.C.,PIÑAS,2024-11-01,011609,BASE_lowR2,3045.7841956596626
BOGOTÁ D.C.,PIÑAS,2024-12-01,011609,BASE_lowR2,2911.3351176943393
BOGOTÁ D.C.,PLÁTANO,2019-01-01,011704,BASE,1341.8986148238155
BOGOTÁ D.C.,PLÁTANO,2019-02-01,011704,BASE,1322.2504981773998
BOGOTÁ D.C.,PLÁTANO,2019-03-01,011704,BASE,1459.1097934386394
BOGOTÁ D.C.,PLÁTANO,2019-04-01,011704,BASE,1590.955431348724
BOGOTÁ D.C.,PLÁTANO,2019-05-01,011704,BASE,1649.2222600243012
BOGOTÁ D.C.,PLÁTANO,2019-06-01,011704,BASE,1664.940753341434
BOGOTÁ D.C.,PLÁTANO,2019-07-01,011704,BASE,1704.7790036452006
BOGOTÁ D.C.,PLÁTANO,2019-08-01,011704,BASE,1614.1266585662213
BOGOTÁ D.C.,PLÁTANO,2019-09-01,011704,BASE,1712.7737545565005
BOGOTÁ D.C.,PLÁTANO,2019-10-01,011704,BASE,1697.0552612393683
BOGOTÁ D.C.,PLÁTANO,2019-11-01,011704,BASE,1553.8272660996354
BOGOTÁ D.C.,PLÁTANO,2019-12-01,011704,BASE,1356.8040826245442
BOGOTÁ D.C.,PLÁTANO,2020-01-01,011704,BASE,1225.229453219927
BOGOTÁ D.C.,PLÁTANO,2020-02-01,011704,BASE,1072.7871688942892
BOGOTÁ D.C.,PLÁTANO,2020-03-01,011704,BASE,1178.8869987849332
BOGOTÁ D.C.,PLÁTANO,2020-04-01,011704,BASE,1436.7515917375456
BOGOTÁ D.C.,PLÁTANO,2020-05-01,011704,BASE,1483.3650546780075
BOGOTÁ D.C.,PLÁTANO,2020-06-01,011704,BASE,1460.1938274605104
BOGOTÁ D.C.,PLÁTANO,2020-07-01,011704,BASE,1457.619246658566
BOGOTÁ D.C.,PLÁTANO,2020-08-01,011704,BASE,1347.5897934386392
BOGOTÁ D.C.,PLÁTANO,2020-09-01,011704,BASE,1351.5194167679222
BOGOTÁ D.C.,PLÁTANO,2020-10-01,011704,BASE,1439.8681895504253
BOGOTÁ D.C.,PLÁTANO,2020-11-01,011704,BASE,1454.7736573511545
BOGOTÁ D.C.,PLÁTANO,2020-12-01,011704,BASE,1396.3713244228434
BOGOTÁ D.C.,PLÁTANO,2021-01-01,011704,BASE,1341.221093560146
BOGOTÁ D.C.,PLÁTANO,2021-02-01,011704,BASE,1258.8345078979346
BOGOTÁ D.C.,PLÁTANO,2021-03-01,011704,BASE,1122.3817253948969
BOGOTÁ D.C.,PLÁTANO,2021-04-01,011704,BASE,1317.1013365735116
BOGOTÁ D.C.,PLÁTANO,2021-05-01,011704,BASE,1491.4953098420413
BOGOTÁ D.C.,PLÁTANO,2021-06-01,011704,BASE,1251.110765492102
BOGOTÁ D.C.,PLÁTANO,2021-07-01,011704,BASE,1134.5771081409478
BOGOTÁ D.C.,PLÁTANO,2021-08-01,011704,BASE,1290.0004860267316
BOGOTÁ D.C.,PLÁTANO,2021-09-01,011704,BASE,1541.9028918590525
BOGOTÁ D.C.,PLÁTANO,2021-10-01,011704,BASE,1674.6970595382745
BOGOTÁ D.C.,PLÁTANO,2021-11-01,011704,BASE,1744.888262454435
BOGOTÁ D.C.,PLÁTANO,2021-12-01,011704,BASE,1797.3284082624543
BOGOTÁ D.C.,PLÁTANO,2022-01-01,011704,BASE,2128.9073147023087
BOGOTÁ D.C.,PLÁTANO,2022-02-01,011704,BASE,2420.3769623329285
BOGOTÁ D.C.,PLÁTANO,2022-03-01,011704,BASE,2459.131178614824
BOGOTÁ D.C.,PLÁTANO,2022-04-01,011704,BASE,2608.72787363305
BOGOTÁ D.C.,PLÁTANO,2022-05-01,011704,BASE,2434.0628918590523
BOGOTÁ D.C.,PLÁTANO,2022-06-01,011704,BASE,2204.654191980559
BOGOTÁ D.C.,PLÁTANO,2022-07-01,011704,BASE,2196.659441069259
BOGOTÁ D.C.,PLÁTANO,2022-08-01,011704,BASE,2240.969331713244
BOGOTÁ D.C.,PLÁTANO,2022-09-01,011704,BASE,2324.9819684082627
BOGOTÁ D.C.,PLÁTANO,2022-10-01,011704,BASE,2366.852782503038
BOGOTÁ D.C.,PLÁTANO,2022-11-01,011704,BASE,2329.453608748481
BOGOTÁ D.C.,PLÁTANO,2022-12-01,011704,BASE,2670.788821385176
BOGOTÁ D.C.,PLÁTANO,2023-01-01,011704,BASE,2949.9275820170105
BOGOTÁ D.C.,PLÁTANO,2023-02-01,011704,BASE,3136.1104252733903
BOGOTÁ D.C.,PLÁTANO,2023-03-01,011704,BASE,3518.9099392466587
BOGOTÁ D.C.,PLÁTANO,2023-04-01,011704,BASE,3486.930935601458
BOGOTÁ D.C.,PLÁTANO,2023-05-01,011704,BASE,3077.572588092345
BOGOTÁ D.C.,PLÁTANO,2023-06-01,011704,BASE,2540.7047387606317
BOGOTÁ D.C.,PLÁTANO,2023-07-01,011704,BASE,2410.2141433778856
BOGOTÁ D.C.,PLÁTANO,2023-08-01,011704,BASE,2268.205686512758
BOGOTÁ D.C.,PLÁTANO,2023-09-01,011704,BASE,2145.8453462940465
BOGOTÁ D.C.,PLÁTANO,2023-10-01,011704,BASE,2185.819100850547
BOGOTÁ D.C.,PLÁTANO,2023-11-01,011704,BASE,2075.247630619684
BOGOTÁ D.C.,PLÁTANO,2023-12-01,011704,BASE,1928.2255164034023
BOGOTÁ D.C.,PLÁTANO,2024-01-01,011704,BASE,1877.9534386391251
BOGOTÁ D.C.,PLÁTANO,2024-02-01,011704,BASE,1928.9030376670717
BOGOTÁ D.C.,PLÁTANO,2024-03-01,011704,BASE,2104.5165492102064
BOGOTÁ D.C.,PLÁTANO,2024-04-01,011704,BASE,2317.9357472660995
BOGOTÁ D.C.,PLÁTANO,2024-05-01,011704,BASE,2404.5229647630617
BOGOTÁ D.C.,PLÁTANO,2024-06-01,011704,BASE,2378.0996354799518
BOGOTÁ D.C.,PLÁTANO,2024-07-01,011704,BASE,2235.9556743620897
BOGOTÁ D.C.,PLÁTANO,2024-08-01,011704,BASE,2196.659441069259
BOGOTÁ D.C.,PLÁTANO,2024-09-01,011704,BASE,2196.388432563791
BOGOTÁ D.C.,PLÁTANO,2024-10-01,011704,BASE,2307.908432563791
BOGOTÁ D.C.,PLÁTANO,2024-11-01,011704,BASE,2463.6028189550425
BOGOTÁ D.C.,PLÁTANO,2024-12-01,011704,BASE,2460.215212636695
BOGOTÁ D.C.,POLLO DESPRESADO POR LIBRA,2019-01-01,011203,D_city,4820.455336246443
BOGOTÁ D.C.,POLLO DESPRESADO POR LIBRA,2019-02-01,011203,D_city,4841.206648549511
BOGOTÁ D.C.,POLLO DESPRESADO POR LIBRA,2019-03-01,011203,D_city,4849.638672370279
BOGOTÁ D.C.,POLLO DESPRESADO POR LIBRA,2019-04-01,011203,D_city,4854.905999986589
BOGOTÁ D.C.,POLLO DESPRESADO POR LIBRA,2019-05-01,011203,D_city,4828.900432022469
BOGOTÁ D.C.,POLLO DESPRESADO POR LIBRA,2019-06-01,011203,D_city,4835.582352676448
BOGOTÁ D.C.,POLLO DESPRESADO POR LIBRA,2019-07-01,011203,D_city,4857.714397804235
BOGOTÁ D.C.,POLLO DESPRESADO POR LIBRA,2019-08-01,011203,D_city,4867.889931149479
BOGOTÁ D.C.,POLLO DESPRESADO POR LIBRA,2019-09-01,011203,D_city,4868.942134077867
BOGOTÁ D.C.,POLLO DESPRESADO POR LIBRA,2019-10-01,011203,D_city,4882.613312983173
BOGOTÁ D.C.,POLLO DESPRESADO POR LIBRA,2019-11-01,011203,D_city,4901.169976861494
BOGOTÁ D.C.,POLLO DESPRESADO POR LIBRA,2019-12-01,011203,D_city,4907.8161887559945
BOGOTÁ D.C.,POLLO DESPRESADO POR LIBRA,2020-01-01,011203,D_city,4917.604688341235
BOGOTÁ D.C.,POLLO DESPRESADO POR LIBRA,2020-02-01,011203,D_city,4938.556404277081
BOGOTÁ D.C.,POLLO DESPRESADO POR LIBRA,2020-03-01,011203,D_city,4946.928105380499
BOGOTÁ D.C.,POLLO DESPRESADO POR LIBRA,2020-04-01,011203,D_city,4858.0654063105785
BOGOTÁ D.C.,POLLO DESPRESADO POR LIBRA,2020-05-01,011203,D_city,4860.873144826872
BOGOTÁ D.C.,POLLO DESPRESADO POR LIBRA,2020-06-01,011203,D_city,4970.272095772132
BOGOTÁ D.C.,POLLO DESPRESADO POR LIBRA,2020-07-01,011203,D_city,5016.841838103881
BOGOTÁ D.C.,POLLO DESPRESADO POR LIBRA,2020-08-01,011203,D_city,5035.218144666053
BOGOTÁ D.C.,POLLO DESPRESADO POR LIBRA,2020-09-01,011203,D_city,4986.276413722683
BOGOTÁ D.C.,POLLO DESPRESADO POR LIBRA,2020-10-01,011203,D_city,4981.407500126661
BOGOTÁ D.C.,POLLO DESPRESADO POR LIBRA,2020-11-01,011203,D_city,4967.486837508206
BOGOTÁ D.C.,POLLO DESPRESADO POR LIBRA,2020-12-01,011203,D_city,5011.636585102684
BOGOTÁ D.C.,POLLO DESPRESADO POR LIBRA,2021-01-01,011203,D_city,5074.662789535917
BOGOTÁ D.C.,POLLO DESPRESADO POR LIBRA,2021-02-01,011203,D_city,5100.208031769938
BOGOTÁ D.C.,POLLO DESPRESADO POR LIBRA,2021-03-01,011203,D_city,5175.882545409781
BOGOTÁ D.C.,POLLO DESPRESADO POR LIBRA,2021-04-01,011203,D_city,5268.554581856101
BOGOTÁ D.C.,POLLO DESPRESADO POR LIBRA,2021-05-01,011203,D_city,5427.226084492814
BOGOTÁ D.C.,POLLO DESPRESADO POR LIBRA,2021-06-01,011203,D_city,5559.854195856857
BOGOTÁ D.C.,POLLO DESPRESADO POR LIBRA,2021-07-01,011203,D_city,5602.920583979721
BOGOTÁ D.C.,POLLO DESPRESADO POR LIBRA,2021-08-01,011203,D_city,5741.658155444623
BOGOTÁ D.C.,POLLO DESPRESADO POR LIBRA,2021-09-01,011203,D_city,5767.082711894651
BOGOTÁ D.C.,POLLO DESPRESADO POR LIBRA,2021-10-01,011203,D_city,5816.166410594555
BOGOTÁ D.C.,POLLO DESPRESADO POR LIBRA,2021-11-01,011203,D_city,5803.004309774896
BOGOTÁ D.C.,POLLO DESPRESADO POR LIBRA,2021-12-01,011203,D_city,5860.181392072641
BOGOTÁ D.C.,POLLO DESPRESADO POR LIBRA,2022-01-01,011203,D_city,5970.678857993226
BOGOTÁ D.C.,POLLO DESPRESADO POR LIBRA,2022-02-01,011203,D_city,6015.905960280229
BOGOTÁ D.C.,POLLO DESPRESADO POR LIBRA,2022-03-01,011203,D_city,6055.176584592582
BOGOTÁ D.C.,POLLO DESPRESADO POR LIBRA,2022-04-01,011203,D_city,6117.625403601367
BOGOTÁ D.C.,POLLO DESPRESADO POR LIBRA,2022-05-01,011203,D_city,6175.982942501694
BOGOTÁ D.C.,POLLO DESPRESADO POR LIBRA,2022-06-01,011203,D_city,6261.066515968412
BOGOTÁ D.C.,POLLO DESPRESADO POR LIBRA,2022-07-01,011203,D_city,6354.019699529899
BOGOTÁ D.C.,POLLO DESPRESADO POR LIBRA,2022-08-01,011203,D_city,6377.578902403441
BOGOTÁ D.C.,POLLO DESPRESADO POR LIBRA,2022-09-01,011203,D_city,6422.382041424948
BOGOTÁ D.C.,POLLO DESPRESADO POR LIBRA,2022-10-01,011203,D_city,6493.327742750164
BOGOTÁ D.C.,POLLO DESPRESADO POR LIBRA,2022-11-01,011203,D_city,6500.280504995085
BOGOTÁ D.C.,POLLO DESPRESADO POR LIBRA,2022-12-01,011203,D_city,6552.341009315109
BOGOTÁ D.C.,POLLO DESPRESADO POR LIBRA,2023-01-01,011203,D_city,6601.42486057729
BOGOTÁ D.C.,POLLO DESPRESADO POR LIBRA,2023-02-01,011203,D_city,6600.796415628052
BOGOTÁ D.C.,POLLO DESPRESADO POR LIBRA,2023-03-01,011203,D_city,6586.965154867648
BOGOTÁ D.C.,POLLO DESPRESADO POR LIBRA,2023-04-01,011203,D_city,6676.682452255295
BOGOTÁ D.C.,POLLO DESPRESADO POR LIBRA,2023-05-01,011203,D_city,6698.8874229401135
BOGOTÁ D.C.,POLLO DESPRESADO POR LIBRA,2023-06-01,011203,D_city,6751.323327981995
BOGOTÁ D.C.,POLLO DESPRESADO POR LIBRA,2023-07-01,011203,D_city,6862.88486893304
BOGOTÁ D.C.,POLLO DESPRESADO POR LIBRA,2023-08-01,011203,D_city,6962.085853225478
BOGOTÁ D.C.,POLLO DESPRESADO POR LIBRA,2023-09-01,011203,D_city,6975.643648622695
BOGOTÁ D.C.,POLLO DESPRESADO POR LIBRA,2023-10-01,011203,D_city,6997.500965825144
BOGOTÁ D.C.,POLLO DESPRESADO POR LIBRA,2023-11-01,011203,D_city,6966.092556901765
BOGOTÁ D.C.,POLLO DESPRESADO POR LIBRA,2023-12-01,011203,D_city,6983.958495906091
BOGOTÁ D.C.,POLLO DESPRESADO POR LIBRA,2024-01-01,011203,D_city,7061.699096614713
BOGOTÁ D.C.,POLLO DESPRESADO POR LIBRA,2024-02-01,011203,D_city,7096.627524071464
BOGOTÁ D.C.,POLLO DESPRESADO POR LIBRA,2024-03-01,011203,D_city,7030.087236822544
BOGOTÁ D.C.,POLLO DESPRESADO POR LIBRA,2024-04-01,011203,D_city,7038.6858231583765
BOGOTÁ D.C.,POLLO DESPRESADO POR LIBRA,2024-05-01,011203,D_city,7099.68845774944
BOGOTÁ D.C.,POLLO DESPRESADO POR LIBRA,2024-06-01,011203,D_city,7097.239748935425
BOGOTÁ D.C.,POLLO DESPRESADO POR LIBRA,2024-07-01,011203,D_city,7081.622051016831
BOGOTÁ D.C.,POLLO DESPRESADO POR LIBRA,2024-08-01,011203,D_city,7097.545854217099
BOGOTÁ D.C.,POLLO DESPRESADO POR LIBRA,2024-09-01,011203,D_city,7077.026244054398
BOGOTÁ D.C.,POLLO DESPRESADO POR LIBRA,2024-10-01,011203,D_city,7078.558299404645
BOGOTÁ D.C.,POLLO DESPRESADO POR LIBRA,2024-11-01,011203,D_city,7087.748119135796
BOGOTÁ D.C.,POLLO DESPRESADO POR LIBRA,2024-12-01,011203,D_city,7111.927432070156
BOGOTÁ D.C.,POLLO ENTERO POR LIBRA,2019-01-01,011203,D_city,3653.7988314413906
BOGOTÁ D.C.,POLLO ENTERO POR LIBRA,2019-02-01,011203,D_city,3675.634794960128
BOGOTÁ D.C.,POLLO ENTERO POR LIBRA,2019-03-01,011203,D_city,3684.51791889191
BOGOTÁ D.C.,POLLO ENTERO POR LIBRA,2019-04-01,011203,D_city,3690.0700757135396
BOGOTÁ D.C.,POLLO ENTERO POR LIBRA,2019-05-01,011203,D_city,3662.6809623403205
BOGOTÁ D.C.,POLLO ENTERO POR LIBRA,2019-06-01,011203,D_city,3669.712936314077
BOGOTÁ D.C.,POLLO ENTERO POR LIBRA,2019-07-01,011203,D_city,3693.0312901998163
BOGOTÁ D.C.,POLLO ENTERO POR LIBRA,2019-08-01,011203,D_city,3703.766066362585
BOGOTÁ D.C.,POLLO ENTERO POR LIBRA,2019-09-01,011203,D_city,3704.876593835484
BOGOTÁ D.C.,POLLO ENTERO POR LIBRA,2019-10-01,011203,D_city,3719.3140193557065
BOGOTÁ D.C.,POLLO ENTERO POR LIBRA,2019-11-01,011203,D_city,3738.9357972529738
BOGOTÁ D.C.,POLLO ENTERO POR LIBRA,2019-12-01,011203,D_city,3745.970491093376
BOGOTÁ D.C.,POLLO ENTERO POR LIBRA,2020-01-01,011203,D_city,3756.3378605431426
BOGOTÁ D.C.,POLLO ENTERO POR LIBRA,2020-02-01,011203,D_city,3778.555460435295
BOGOTÁ D.C.,POLLO ENTERO POR LIBRA,2020-03-01,011203,D_city,3787.4431883669317
BOGOTÁ D.C.,POLLO ENTERO POR LIBRA,2020-04-01,011203,D_city,3693.4014451474845
BOGOTÁ D.C.,POLLO ENTERO POR LIBRA,2020-05-01,011203,D_city,3696.362709810193
BOGOTÁ D.C.,POLLO ENTERO POR LIBRA,2020-06-01,011203,D_city,3812.256832980898
BOGOTÁ D.C.,POLLO ENTERO POR LIBRA,2020-07-01,011203,D_city,3861.893206248246
BOGOTÁ D.C.,POLLO ENTERO POR LIBRA,2020-08-01,011203,D_city,3881.5288196198608
BOGOTÁ D.C.,POLLO ENTERO POR LIBRA,2020-09-01,011203,D_city,3829.2948245206553
BOGOTÁ D.C.,POLLO ENTERO POR LIBRA,2020-10-01,011203,D_city,3824.1091977913957
BOGOTÁ D.C.,POLLO ENTERO POR LIBRA,2020-11-01,011203,D_city,3809.2938498477297
BOGOTÁ D.C.,POLLO ENTERO POR LIBRA,2020-12-01,011203,D_city,3856.336297247263
BOGOTÁ D.C.,POLLO ENTERO POR LIBRA,2021-01-01,011203,D_city,3923.7702245169803
BOGOTÁ D.C.,POLLO ENTERO POR LIBRA,2021-02-01,011203,D_city,3951.1946625987475
BOGOTÁ D.C.,POLLO ENTERO POR LIBRA,2021-03-01,011203,D_city,4032.7478036821753
BOGOTÁ D.C.,POLLO ENTERO POR LIBRA,2021-04-01,011203,D_city,4133.248986724573
BOGOTÁ D.C.,POLLO ENTERO POR LIBRA,2021-05-01,011203,D_city,4306.915771845793
BOGOTÁ D.C.,POLLO ENTERO POR LIBRA,2021-06-01,011203,D_city,4453.596181904881
BOGOTÁ D.C.,POLLO ENTERO POR LIBRA,2021-07-01,011203,D_city,4501.519217187902
BOGOTÁ D.C.,POLLO ENTERO POR LIBRA,2021-08-01,011203,D_city,4656.870069898537
BOGOTÁ D.C.,POLLO ENTERO POR LIBRA,2021-09-01,011203,D_city,4685.498051573859
BOGOTÁ D.C.,POLLO ENTERO POR LIBRA,2021-10-01,011203,D_city,4740.904369887245
BOGOTÁ D.C.,POLLO ENTERO POR LIBRA,2021-11-01,011203,D_city,4726.028990104345
BOGOTÁ D.C.,POLLO ENTERO POR LIBRA,2021-12-01,011203,D_city,4790.743265789476
BOGOTÁ D.C.,POLLO ENTERO POR LIBRA,2022-01-01,011203,D_city,4916.49936090509
BOGOTÁ D.C.,POLLO ENTERO POR LIBRA,2022-02-01,011203,D_city,4968.233253347982
BOGOTÁ D.C.,POLLO ENTERO POR LIBRA,2022-03-01,011203,D_city,5013.276036698074
BOGOTÁ D.C.,POLLO ENTERO POR LIBRA,2022-04-01,011203,D_city,5085.136846772562
BOGOTÁ D.C.,POLLO ENTERO POR LIBRA,2022-05-01,011203,D_city,5152.546970955105
BOGOTÁ D.C.,POLLO ENTERO POR LIBRA,2022-06-01,011203,D_city,5251.271185319652
BOGOTÁ D.C.,POLLO ENTERO POR LIBRA,2022-07-01,011203,D_city,5359.721705674523
BOGOTÁ D.C.,POLLO ENTERO POR LIBRA,2022-08-01,011203,D_city,5387.306797288642
BOGOTÁ D.C.,POLLO ENTERO POR LIBRA,2022-09-01,011203,D_city,5439.874914051508
BOGOTÁ D.C.,POLLO ENTERO POR LIBRA,2022-10-01,011203,D_city,5523.406973097695
BOGOTÁ D.C.,POLLO ENTERO POR LIBRA,2022-11-01,011203,D_city,5531.612300402192
BOGOTÁ D.C.,POLLO ENTERO POR LIBRA,2022-12-01,011203,D_city,5593.159520747522
BOGOTÁ D.C.,POLLO ENTERO POR LIBRA,2023-01-01,011203,D_city,5651.361325155402
BOGOTÁ D.C.,POLLO ENTERO POR LIBRA,2023-02-01,011203,D_city,5650.615076670419
BOGOTÁ D.C.,POLLO ENTERO POR LIBRA,2023-03-01,011203,D_city,5634.198078795044
BOGOTÁ D.C.,POLLO ENTERO POR LIBRA,2023-04-01,011203,D_city,5740.924514798475
BOGOTÁ D.C.,POLLO ENTERO POR LIBRA,2023-05-01,011203,D_city,5767.425342039129
BOGOTÁ D.C.,POLLO ENTERO POR LIBRA,2023-06-01,011203,D_city,5830.140617032638
BOGOTÁ D.C.,POLLO ENTERO POR LIBRA,2023-07-01,011203,D_city,5964.199505898386
BOGOTÁ D.C.,POLLO ENTERO POR LIBRA,2023-08-01,011203,D_city,6084.116311312498
BOGOTÁ D.C.,POLLO ENTERO POR LIBRA,2023-09-01,011203,D_city,6100.556986165333
BOGOTÁ D.C.,POLLO ENTERO POR LIBRA,2023-10-01,011203,D_city,6127.088011186567
BOGOTÁ D.C.,POLLO ENTERO POR LIBRA,2023-11-01,011203,D_city,6088.973696670613
BOGOTÁ D.C.,POLLO ENTERO POR LIBRA,2023-12-01,011203,D_city,6110.645994317565
BOGOTÁ D.C.,POLLO ENTERO POR LIBRA,2024-01-01,011203,D_city,6205.1988741711775
BOGOTÁ D.C.,POLLO ENTERO POR LIBRA,2024-02-01,011203,D_city,6247.812600693406
BOGOTÁ D.C.,POLLO ENTERO POR LIBRA,2024-03-01,011203,D_city,6166.70172408838
BOGOTÁ D.C.,POLLO ENTERO POR LIBRA,2024-04-01,011203,D_city,6177.166523146549
BOGOTÁ D.C.,POLLO ENTERO POR LIBRA,2024-05-01,011203,D_city,6251.550907904915
BOGOTÁ D.C.,POLLO ENTERO POR LIBRA,2024-06-01,011203,D_city,6248.560258775145
BOGOTÁ D.C.,POLLO ENTERO POR LIBRA,2024-07-01,011203,D_city,6229.495503163813
BOGOTÁ D.C.,POLLO ENTERO POR LIBRA,2024-08-01,011203,D_city,6248.934088446205
BOGOTÁ D.C.,POLLO ENTERO POR LIBRA,2024-09-01,011203,D_city,6223.888430528573
BOGOTÁ D.C.,POLLO ENTERO POR LIBRA,2024-10-01,011203,D_city,6225.757444201347
BOGOTÁ D.C.,POLLO ENTERO POR LIBRA,2024-11-01,011203,D_city,6236.97174747123
BOGOTÁ D.C.,POLLO ENTERO POR LIBRA,2024-12-01,011203,D_city,6266.504556434796
BOGOTÁ D.C.,QUESO CAMPESINO,2019-01-01,011402,BASE,10569.62555450684
BOGOTÁ D.C.,QUESO CAMPESINO,2019-02-01,011402,BASE,10601.214393581879
BOGOTÁ D.C.,QUESO CAMPESINO,2019-03-01,011402,BASE,10712.828291647003
BOGOTÁ D.C.,QUESO CAMPESINO,2019-04-01,011402,BASE,10709.669407739499
BOGOTÁ D.C.,QUESO CAMPESINO,2019-05-01,011402,BASE,10753.893782444547
BOGOTÁ D.C.,QUESO CAMPESINO,2019-06-01,011402,BASE,10800.224079754598
BOGOTÁ D.C.,QUESO CAMPESINO,2019-07-01,011402,BASE,10780.217815007078
BOGOTÁ D.C.,QUESO CAMPESINO,2019-08-01,011402,BASE,10770.741163284569
BOGOTÁ D.C.,QUESO CAMPESINO,2019-09-01,011402,BASE,10851.81918357716
BOGOTÁ D.C.,QUESO CAMPESINO,2019-10-01,011402,BASE,10832.865880132136
BOGOTÁ D.C.,QUESO CAMPESINO,2019-11-01,011402,BASE,10925.526474752241
BOGOTÁ D.C.,QUESO CAMPESINO,2019-12-01,011402,BASE,10935.00312647475
BOGOTÁ D.C.,QUESO CAMPESINO,2020-01-01,011402,BASE,10986.59823029731
BOGOTÁ D.C.,QUESO CAMPESINO,2020-02-01,011402,BASE,11151.913154789994
BOGOTÁ D.C.,QUESO CAMPESINO,2020-03-01,011402,BASE,11252.997439830107
BOGOTÁ D.C.,QUESO CAMPESINO,2020-04-01,011402,BASE,11435.159745162811
BOGOTÁ D.C.,QUESO CAMPESINO,2020-05-01,011402,BASE,11594.15690184049
BOGOTÁ D.C.,QUESO CAMPESINO,2020-06-01,011402,BASE,11588.892095327983
BOGOTÁ D.C.,QUESO CAMPESINO,2020-07-01,011402,BASE,11504.65519112789
BOGOTÁ D.C.,QUESO CAMPESINO,2020-08-01,011402,BASE,11615.216127890513
BOGOTÁ D.C.,QUESO CAMPESINO,2020-09-01,011402,BASE,11582.574327512977
BOGOTÁ D.C.,QUESO CAMPESINO,2020-10-01,011402,BASE,11422.524209532798
BOGOTÁ D.C.,QUESO CAMPESINO,2020-11-01,011402,BASE,11549.932527135441
BOGOTÁ D.C.,QUESO CAMPESINO,2020-12-01,011402,BASE,11575.203598395468
BOGOTÁ D.C.,QUESO CAMPESINO,2021-01-01,011402,BASE,11552.038449740443
BOGOTÁ D.C.,QUESO CAMPESINO,2021-02-01,011402,BASE,11559.40917885795
BOGOTÁ D.C.,QUESO CAMPESINO,2021-03-01,011402,BASE,11437.265667767815
BOGOTÁ D.C.,QUESO CAMPESINO,2021-04-01,011402,BASE,11619.427973100517
BOGOTÁ D.C.,QUESO CAMPESINO,2021-05-01,011402,BASE,11708.929683813118
BOGOTÁ D.C.,QUESO CAMPESINO,2021-06-01,011402,BASE,11740.518522888153
BOGOTÁ D.C.,QUESO CAMPESINO,2021-07-01,011402,BASE,11738.41260028315
BOGOTÁ D.C.,QUESO CAMPESINO,2021-08-01,011402,BASE,11857.397227465783
BOGOTÁ D.C.,QUESO CAMPESINO,2021-09-01,011402,BASE,11989.017390278432
BOGOTÁ D.C.,QUESO CAMPESINO,2021-10-01,011402,BASE,12097.472404436054
BOGOTÁ D.C.,QUESO CAMPESINO,2021-11-01,011402,BASE,12425.996330816422
BOGOTÁ D.C.,QUESO CAMPESINO,2021-12-01,011402,BASE,12456.532208588957
BOGOTÁ D.C.,QUESO CAMPESINO,2022-01-01,011402,BASE,12665.018546484189
BOGOTÁ D.C.,QUESO CAMPESINO,2022-02-01,011402,BASE,12939.841446436996
BOGOTÁ D.C.,QUESO CAMPESINO,2022-03-01,011402,BASE,13531.605698442658
BOGOTÁ D.C.,QUESO CAMPESINO,2022-04-01,011402,BASE,14040.18600755073
BOGOTÁ D.C.,QUESO CAMPESINO,2022-05-01,011402,BASE,14262.360842378477
BOGOTÁ D.C.,QUESO CAMPESINO,2022-06-01,011402,BASE,15054.187741859367
BOGOTÁ D.C.,QUESO CAMPESINO,2022-07-01,011402,BASE,15124.736149126944
BOGOTÁ D.C.,QUESO CAMPESINO,2022-08-01,011402,BASE,15248.985582822084
BOGOTÁ D.C.,QUESO CAMPESINO,2022-09-01,011402,BASE,15102.623961774421
BOGOTÁ D.C.,QUESO CAMPESINO,2022-10-01,011402,BASE,15146.848336479468
BOGOTÁ D.C.,QUESO CAMPESINO,2022-11-01,011402,BASE,15702.811904200093
BOGOTÁ D.C.,QUESO CAMPESINO,2022-12-01,011402,BASE,15954.469655497876
BOGOTÁ D.C.,QUESO CAMPESINO,2023-01-01,011402,BASE,16290.36431099575
BOGOTÁ D.C.,QUESO CAMPESINO,2023-02-01,011402,BASE,16696.807373761203
BOGOTÁ D.C.,QUESO CAMPESINO,2023-03-01,011402,BASE,16947.412163756486
BOGOTÁ D.C.,QUESO CAMPESINO,2023-04-01,011402,BASE,16951.624008966493
BOGOTÁ D.C.,QUESO CAMPESINO,2023-05-01,011402,BASE,17067.449752241624
BOGOTÁ D.C.,QUESO CAMPESINO,2023-06-01,011402,BASE,17046.390526191597
BOGOTÁ D.C.,QUESO CAMPESINO,2023-07-01,011402,BASE,16963.206583294002
BOGOTÁ D.C.,QUESO CAMPESINO,2023-08-01,011402,BASE,17167.48107597923
BOGOTÁ D.C.,QUESO CAMPESINO,2023-09-01,011402,BASE,17215.917295894287
BOGOTÁ D.C.,QUESO CAMPESINO,2023-10-01,011402,BASE,17477.05169891458
BOGOTÁ D.C.,QUESO CAMPESINO,2023-11-01,011402,BASE,17574.97710004719
BOGOTÁ D.C.,QUESO CAMPESINO,2023-12-01,011402,BASE,17699.22653374233
BOGOTÁ D.C.,QUESO CAMPESINO,2024-01-01,011402,BASE,17926.666175082588
BOGOTÁ D.C.,QUESO CAMPESINO,2024-02-01,011402,BASE,18110.93440302029
BOGOTÁ D.C.,QUESO CAMPESINO,2024-03-01,011402,BASE,18093.03406087777
BOGOTÁ D.C.,QUESO CAMPESINO,2024-04-01,011402,BASE,18095.13998348277
BOGOTÁ D.C.,QUESO CAMPESINO,2024-05-01,011402,BASE,18004.585311467672
BOGOTÁ D.C.,QUESO CAMPESINO,2024-06-01,011402,BASE,17940.3546720151
BOGOTÁ D.C.,QUESO CAMPESINO,2024-07-01,011402,BASE,18023.538614912693
BOGOTÁ D.C.,QUESO CAMPESINO,2024-08-01,011402,BASE,17783.46343794242
BOGOTÁ D.C.,QUESO CAMPESINO,2024-09-01,011402,BASE,17601.30113260972
BOGOTÁ D.C.,QUESO CAMPESINO,2024-10-01,011402,BASE,17752.92756016989
BOGOTÁ D.C.,QUESO CAMPESINO,2024-11-01,011402,BASE,17695.014688532327
BOGOTÁ D.C.,QUESO CAMPESINO,2024-12-01,011402,BASE,17722.391682397356
BOGOTÁ D.C.,REPOLLO,2019-01-01,011716,BASE_lowR2,1485.5831904090269
BOGOTÁ D.C.,REPOLLO,2019-02-01,011716,BASE_lowR2,1530.306431593794
BOGOTÁ D.C.,REPOLLO,2019-03-01,011716,BASE_lowR2,1484.0114471086038
BOGOTÁ D.C.,REPOLLO,2019-04-01,011716,BASE_lowR2,1605.7501100141044
BOGOTÁ D.C.,REPOLLO,2019-05-01,011716,BASE_lowR2,1574.6010155148097
BOGOTÁ D.C.,REPOLLO,2019-06-01,011716,BASE_lowR2,1545.7380930888578
BOGOTÁ D.C.,REPOLLO,2019-07-01,011716,BASE_lowR2,1593.6048208744712
BOGOTÁ D.C.,REPOLLO,2019-08-01,011716,BASE_lowR2,1588.603819464034
BOGOTÁ D.C.,REPOLLO,2019-09-01,011716,BASE_lowR2,1586.0318758815233
BOGOTÁ D.C.,REPOLLO,2019-10-01,011716,BASE_lowR2,1711.7713399153738
BOGOTÁ D.C.,REPOLLO,2019-11-01,011716,BASE_lowR2,1642.75752045134
BOGOTÁ D.C.,REPOLLO,2019-12-01,011716,BASE_lowR2,1570.457328631876
BOGOTÁ D.C.,REPOLLO,2020-01-01,011716,BASE_lowR2,1663.4759548660086
BOGOTÁ D.C.,REPOLLO,2020-02-01,011716,BASE_lowR2,1720.344485190409
BOGOTÁ D.C.,REPOLLO,2020-03-01,011716,BASE_lowR2,1905.3815373765867
BOGOTÁ D.C.,REPOLLO,2020-04-01,011716,BASE_lowR2,1872.517813822285
BOGOTÁ D.C.,REPOLLO,2020-05-01,011716,BASE_lowR2,1816.0779407616358
BOGOTÁ D.C.,REPOLLO,2020-06-01,011716,BASE_lowR2,1820.9360564174892
BOGOTÁ D.C.,REPOLLO,2020-07-01,011716,BASE_lowR2,1704.0555091678423
BOGOTÁ D.C.,REPOLLO,2020-08-01,011716,BASE_lowR2,1688.3380761636106
BOGOTÁ D.C.,REPOLLO,2020-09-01,011716,BASE_lowR2,1769.21141325811
BOGOTÁ D.C.,REPOLLO,2020-10-01,011716,BASE_lowR2,1760.2096107193229
BOGOTÁ D.C.,REPOLLO,2020-11-01,011716,BASE_lowR2,1709.342282087447
BOGOTÁ D.C.,REPOLLO,2020-12-01,011716,BASE_lowR2,1832.795574047955
BOGOTÁ D.C.,REPOLLO,2021-01-01,011716,BASE_lowR2,1933.530031029619
BOGOTÁ D.C.,REPOLLO,2021-02-01,011716,BASE_lowR2,1939.1025754583923
BOGOTÁ D.C.,REPOLLO,2021-03-01,011716,BASE_lowR2,1979.682129760226
BOGOTÁ D.C.,REPOLLO,2021-04-01,011716,BASE_lowR2,2124.568284908322
BOGOTÁ D.C.,REPOLLO,2021-05-01,011716,BASE_lowR2,2180.2937291960507
BOGOTÁ D.C.,REPOLLO,2021-06-01,011716,BASE_lowR2,2190.438617771509
BOGOTÁ D.C.,REPOLLO,2021-07-01,011716,BASE_lowR2,2229.4464287729197
BOGOTÁ D.C.,REPOLLO,2021-08-01,011716,BASE_lowR2,2189.4384174894217
BOGOTÁ D.C.,REPOLLO,2021-09-01,011716,BASE_lowR2,2202.5839069111425
BOGOTÁ D.C.,REPOLLO,2021-10-01,011716,BASE_lowR2,2094.5622764456984
BOGOTÁ D.C.,REPOLLO,2021-11-01,011716,BASE_lowR2,2101.7065641748945
BOGOTÁ D.C.,REPOLLO,2021-12-01,011716,BASE_lowR2,2129.283514809591
BOGOTÁ D.C.,REPOLLO,2022-01-01,011716,BASE_lowR2,2213.0145669957687
BOGOTÁ D.C.,REPOLLO,2022-02-01,011716,BASE_lowR2,2289.6013314527504
BOGOTÁ D.C.,REPOLLO,2022-03-01,011716,BASE_lowR2,2387.3351875881526
BOGOTÁ D.C.,REPOLLO,2022-04-01,011716,BASE_lowR2,2495.3568180535963
BOGOTÁ D.C.,REPOLLO,2022-05-01,011716,BASE_lowR2,2523.362425952045
BOGOTÁ D.C.,REPOLLO,2022-06-01,011716,BASE_lowR2,2624.09688293371
BOGOTÁ D.C.,REPOLLO,2022-07-01,011716,BASE_lowR2,2737.1195148095912
BOGOTÁ D.C.,REPOLLO,2022-08-01,011716,BASE_lowR2,2839.2828293370944
BOGOTÁ D.C.,REPOLLO,2022-09-01,011716,BASE_lowR2,2886.0064710860365
BOGOTÁ D.C.,REPOLLO,2022-10-01,011716,BASE_lowR2,2801.989647390691
BOGOTÁ D.C.,REPOLLO,2022-11-01,011716,BASE_lowR2,2815.278022566996
BOGOTÁ D.C.,REPOLLO,2022-12-01,011716,BASE_lowR2,2818.993052186178
BOGOTÁ D.C.,REPOLLO,2023-01-01,011716,BASE_lowR2,2790.558787023978
BOGOTÁ D.C.,REPOLLO,2023-02-01,011716,BASE_lowR2,2848.2846318758816
BOGOTÁ D.C.,REPOLLO,2023-03-01,011716,BASE_lowR2,2901.723904090268
BOGOTÁ D.C.,REPOLLO,2023-04-01,011716,BASE_lowR2,2997.3144739069116
BOGOTÁ D.C.,REPOLLO,2023-05-01,011716,BASE_lowR2,2890.435929478138
BOGOTÁ D.C.,REPOLLO,2023-06-01,011716,BASE_lowR2,2711.400078984485
BOGOTÁ D.C.,REPOLLO,2023-07-01,011716,BASE_lowR2,2682.5371565585333
BOGOTÁ D.C.,REPOLLO,2023-08-01,011716,BASE_lowR2,2753.265605077574
BOGOTÁ D.C.,REPOLLO,2023-09-01,011716,BASE_lowR2,2751.122318758815
BOGOTÁ D.C.,REPOLLO,2023-10-01,011716,BASE_lowR2,2728.117712270804
BOGOTÁ D.C.,REPOLLO,2023-11-01,011716,BASE_lowR2,2688.3954724964738
BOGOTÁ D.C.,REPOLLO,2023-12-01,011716,BASE_lowR2,2685.5377574047952
BOGOTÁ D.C.,REPOLLO,2024-01-01,011716,BASE_lowR2,2797.7030747531735
BOGOTÁ D.C.,REPOLLO,2024-02-01,011716,BASE_lowR2,2840.8545726375173
BOGOTÁ D.C.,REPOLLO,2024-03-01,011716,BASE_lowR2,2898.723303244006
BOGOTÁ D.C.,REPOLLO,2024-04-01,011716,BASE_lowR2,2957.735119887165
BOGOTÁ D.C.,REPOLLO,2024-05-01,011716,BASE_lowR2,3112.7661636107196
BOGOTÁ D.C.,REPOLLO,2024-06-01,011716,BASE_lowR2,3277.799210155148
BOGOTÁ D.C.,REPOLLO,2024-07-01,011716,BASE_lowR2,3321.3793653032435
BOGOTÁ D.C.,REPOLLO,2024-08-01,011716,BASE_lowR2,3111.051534555712
BOGOTÁ D.C.,REPOLLO,2024-09-01,011716,BASE_lowR2,3044.609658674189
BOGOTÁ D.C.,REPOLLO,2024-10-01,011716,BASE_lowR2,2974.1669816643157
BOGOTÁ D.C.,REPOLLO,2024-11-01,011716,BASE_lowR2,2925.7287108603664
BOGOTÁ D.C.,REPOLLO,2024-12-01,011716,BASE_lowR2,2928.872197461213
BOGOTÁ D.C.,SAL,2019-01-01,011902,BASE,613.4700627034848
BOGOTÁ D.C.,SAL,2019-02-01,011902,BASE,615.6067382129506
BOGOTÁ D.C.,SAL,2019-03-01,011902,BASE,614.8131158808633
BOGOTÁ D.C.,SAL,2019-04-01,011902,BASE,617.8655094658144
BOGOTÁ D.C.,SAL,2019-05-01,011902,BASE,637.9502592547931
BOGOTÁ D.C.,SAL,2019-06-01,011902,BASE,644.2381900397925
BOGOTÁ D.C.,SAL,2019-07-01,011902,BASE,631.5402327263956
BOGOTÁ D.C.,SAL,2019-08-01,011902,BASE,645.2149559869769
BOGOTÁ D.C.,SAL,2019-09-01,011902,BASE,650.587168696491
BOGOTÁ D.C.,SAL,2019-10-01,011902,BASE,653.5785144097431
BOGOTÁ D.C.,SAL,2019-11-01,011902,BASE,657.7908175569758
BOGOTÁ D.C.,SAL,2019-12-01,011902,BASE,660.8432111419269
BOGOTÁ D.C.,SAL,2020-01-01,011902,BASE,677.3871843723621
BOGOTÁ D.C.,SAL,2020-02-01,011902,BASE,679.340716266731
BOGOTÁ D.C.,SAL,2020-03-01,011902,BASE,692.832295912215
BOGOTÁ D.C.,SAL,2020-04-01,011902,BASE,700.0359447726997
BOGOTÁ D.C.,SAL,2020-05-01,011902,BASE,700.8295671047871
BOGOTÁ D.C.,SAL,2020-06-01,011902,BASE,707.6058808633786
BOGOTÁ D.C.,SAL,2020-07-01,011902,BASE,710.9635138068248
BOGOTÁ D.C.,SAL,2020-08-01,011902,BASE,712.9780935728927
BOGOTÁ D.C.,SAL,2020-09-01,011902,BASE,709.9867478596406
BOGOTÁ D.C.,SAL,2020-10-01,011902,BASE,702.3557638972626
BOGOTÁ D.C.,SAL,2020-11-01,011902,BASE,705.4692053539128
BOGOTÁ D.C.,SAL,2020-12-01,011902,BASE,696.8004075726516
BOGOTÁ D.C.,SAL,2021-01-01,011902,BASE,701.6842373085733
BOGOTÁ D.C.,SAL,2021-02-01,011902,BASE,705.4081574822138
BOGOTÁ D.C.,SAL,2021-03-01,011902,BASE,705.0418702520196
BOGOTÁ D.C.,SAL,2021-04-01,011902,BASE,715.6641999276497
BOGOTÁ D.C.,SAL,2021-05-01,011902,BASE,725.9202423730857
BOGOTÁ D.C.,SAL,2021-06-01,011902,BASE,740.083348607259
BOGOTÁ D.C.,SAL,2021-07-01,011902,BASE,740.083348607259
BOGOTÁ D.C.,SAL,2021-08-01,011902,BASE,758.0314228867718
BOGOTÁ D.C.,SAL,2021-09-01,011902,BASE,758.0314228867718
BOGOTÁ D.C.,SAL,2021-10-01,011902,BASE,766.8223164114313
BOGOTÁ D.C.,SAL,2021-11-01,011902,BASE,772.6829120945374
BOGOTÁ D.C.,SAL,2021-12-01,011902,BASE,778.5435077776438
BOGOTÁ D.C.,SAL,2022-01-01,011902,BASE,786.7239225853128
BOGOTÁ D.C.,SAL,2022-02-01,011902,BASE,822.9863583745328
BOGOTÁ D.C.,SAL,2022-03-01,011902,BASE,842.2164379597251
BOGOTÁ D.C.,SAL,2022-04-01,011902,BASE,854.4260122995297
BOGOTÁ D.C.,SAL,2022-05-01,011902,BASE,878.6009694923428
BOGOTÁ D.C.,SAL,2022-06-01,011902,BASE,894.3513203906908
BOGOTÁ D.C.,SAL,2022-07-01,011902,BASE,912.2993946702036
BOGOTÁ D.C.,SAL,2022-08-01,011902,BASE,923.2269637043288
BOGOTÁ D.C.,SAL,2022-09-01,011902,BASE,937.8784529120944
BOGOTÁ D.C.,SAL,2022-10-01,011902,BASE,949.4775485349089
BOGOTÁ D.C.,SAL,2022-11-01,011902,BASE,956.9253888821896
BOGOTÁ D.C.,SAL,2022-12-01,011902,BASE,994.0424948751959
BOGOTÁ D.C.,SAL,2023-01-01,011902,BASE,1013.4557180754853
BOGOTÁ D.C.,SAL,2023-02-01,011902,BASE,1038.973728445677
BOGOTÁ D.C.,SAL,2023-03-01,011902,BASE,1057.5933293138792
BOGOTÁ D.C.,SAL,2023-04-01,011902,BASE,1074.1983504160135
BOGOTÁ D.C.,SAL,2023-05-01,011902,BASE,1090.7423236464485
BOGOTÁ D.C.,SAL,2023-06-01,011902,BASE,1099.2890256843118
BOGOTÁ D.C.,SAL,2023-07-01,011902,BASE,1106.1874351863014
BOGOTÁ D.C.,SAL,2023-08-01,011902,BASE,1117.3591957072229
BOGOTÁ D.C.,SAL,2023-09-01,011902,BASE,1125.966945616785
BOGOTÁ D.C.,SAL,2023-10-01,011902,BASE,1127.859429639455
BOGOTÁ D.C.,SAL,2023-11-01,011902,BASE,1130.0571530206198
BOGOTÁ D.C.,SAL,2023-12-01,011902,BASE,1179.078593994935
BOGOTÁ D.C.,SAL,2024-01-01,011902,BASE,1170.8371313155671
BOGOTÁ D.C.,SAL,2024-02-01,011902,BASE,1175.8430567948872
BOGOTÁ D.C.,SAL,2024-03-01,011902,BASE,1172.729615338237
BOGOTÁ D.C.,SAL,2024-04-01,011902,BASE,1180.0553599421198
BOGOTÁ D.C.,SAL,2024-05-01,011902,BASE,1184.6339503195466
BOGOTÁ D.C.,SAL,2024-06-01,011902,BASE,1184.0845194742553
BOGOTÁ D.C.,SAL,2024-07-01,011902,BASE,1184.5729024478476
BOGOTÁ D.C.,SAL,2024-08-01,011902,BASE,1186.038051368624
BOGOTÁ D.C.,SAL,2024-09-01,011902,BASE,1189.9451151573614
BOGOTÁ D.C.,SAL,2024-10-01,011902,BASE,1186.9537694441094
BOGOTÁ D.C.,SAL,2024-11-01,011902,BASE,1226.3296466899794
BOGOTÁ D.C.,SAL,2024-12-01,011902,BASE,1233.655391293862
BOGOTÁ D.C.,TOMATE,2019-01-01,011713,BASE,1425.3858249215855
BOGOTÁ D.C.,TOMATE,2019-02-01,011713,BASE,1306.7427852865699
BOGOTÁ D.C.,TOMATE,2019-03-01,011713,BASE,1259.5240479041918
BOGOTÁ D.C.,TOMATE,2019-04-01,011713,BASE,1305.3119144568009
BOGOTÁ D.C.,TOMATE,2019-05-01,011713,BASE,1804.9243125178216
BOGOTÁ D.C.,TOMATE,2019-06-01,011713,BASE,2089.5483684060455
BOGOTÁ D.C.,TOMATE,2019-07-01,011713,BASE,1771.2988480182496
BOGOTÁ D.C.,TOMATE,2019-08-01,011713,BASE,1647.1708035357856
BOGOTÁ D.C.,TOMATE,2019-09-01,011713,BASE,1471.6506484174508
BOGOTÁ D.C.,TOMATE,2019-10-01,011713,BASE,1562.1532284003422
BOGOTÁ D.C.,TOMATE,2019-11-01,011713,BASE,1361.7120729968638
BOGOTÁ D.C.,TOMATE,2019-12-01,011713,BASE,1350.9805417735959
BOGOTÁ D.C.,TOMATE,2020-01-01,011713,BASE,1462.5884664955802
BOGOTÁ D.C.,TOMATE,2020-02-01,011713,BASE,1645.3822149985745
BOGOTÁ D.C.,TOMATE,2020-03-01,011713,BASE,1706.1942252637584
BOGOTÁ D.C.,TOMATE,2020-04-01,011713,BASE,1578.7274821785004
BOGOTÁ D.C.,TOMATE,2020-05-01,011713,BASE,1479.1627202737384
BOGOTÁ D.C.,TOMATE,2020-06-01,011713,BASE,1411.1963558597092
BOGOTÁ D.C.,TOMATE,2020-07-01,011713,BASE,1316.758881094953
BOGOTÁ D.C.,TOMATE,2020-08-01,011713,BASE,1332.975417165669
BOGOTÁ D.C.,TOMATE,2020-09-01,011713,BASE,1559.7684436840607
BOGOTÁ D.C.,TOMATE,2020-10-01,011713,BASE,1516.126883376105
BOGOTÁ D.C.,TOMATE,2020-11-01,011713,BASE,1483.6938112346736
BOGOTÁ D.C.,TOMATE,2020-12-01,011713,BASE,1515.2922087254065
BOGOTÁ D.C.,TOMATE,2021-01-01,011713,BASE,1930.4832278300544
BOGOTÁ D.C.,TOMATE,2021-02-01,011713,BASE,1792.7619104647847
BOGOTÁ D.C.,TOMATE,2021-03-01,011713,BASE,1858.3434901625324
BOGOTÁ D.C.,TOMATE,2021-04-01,011713,BASE,1648.959392072997
BOGOTÁ D.C.,TOMATE,2021-05-01,011713,BASE,1793.119628172227
BOGOTÁ D.C.,TOMATE,2021-06-01,011713,BASE,1404.7574371257485
BOGOTÁ D.C.,TOMATE,2021-07-01,011713,BASE,1378.8825229540919
BOGOTÁ D.C.,TOMATE,2021-08-01,011713,BASE,1446.729648132307
BOGOTÁ D.C.,TOMATE,2021-09-01,011713,BASE,1494.9022994011978
BOGOTÁ D.C.,TOMATE,2021-10-01,011713,BASE,1470.2197775876818
BOGOTÁ D.C.,TOMATE,2021-11-01,011713,BASE,1613.9030567436557
BOGOTÁ D.C.,TOMATE,2021-12-01,011713,BASE,1644.3090618762476
BOGOTÁ D.C.,TOMATE,2022-01-01,011713,BASE,1734.3346849158827
BOGOTÁ D.C.,TOMATE,2022-02-01,011713,BASE,2078.220641003707
BOGOTÁ D.C.,TOMATE,2022-03-01,011713,BASE,2216.8958722554894
BOGOTÁ D.C.,TOMATE,2022-04-01,011713,BASE,2198.0560729968633
BOGOTÁ D.C.,TOMATE,2022-05-01,011713,BASE,2898.4673441688055
BOGOTÁ D.C.,TOMATE,2022-06-01,011713,BASE,2477.552841745082
BOGOTÁ D.C.,TOMATE,2022-07-01,011713,BASE,2236.4511069289993
BOGOTÁ D.C.,TOMATE,2022-08-01,011713,BASE,2030.4057074422585
BOGOTÁ D.C.,TOMATE,2022-09-01,011713,BASE,2032.1942959794699
BOGOTÁ D.C.,TOMATE,2022-10-01,011713,BASE,1820.544652409467
BOGOTÁ D.C.,TOMATE,2022-11-01,011713,BASE,1774.1605896777874
BOGOTÁ D.C.,TOMATE,2022-12-01,011713,BASE,2052.703444539493
BOGOTÁ D.C.,TOMATE,2023-01-01,011713,BASE,2424.8490995152556
BOGOTÁ D.C.,TOMATE,2023-02-01,011713,BASE,2475.645013972056
BOGOTÁ D.C.,TOMATE,2023-03-01,011713,BASE,1936.5644288565727
BOGOTÁ D.C.,TOMATE,2023-04-01,011713,BASE,1754.4861157684632
BOGOTÁ D.C.,TOMATE,2023-05-01,011713,BASE,1708.9367276874823
BOGOTÁ D.C.,TOMATE,2023-06-01,011713,BASE,1675.9074593669807
BOGOTÁ D.C.,TOMATE,2023-07-01,011713,BASE,1764.3829723410324
BOGOTÁ D.C.,TOMATE,2023-08-01,011713,BASE,2248.494269746222
BOGOTÁ D.C.,TOMATE,2023-09-01,011713,BASE,3407.380402623325
BOGOTÁ D.C.,TOMATE,2023-10-01,011713,BASE,3318.7856504134593
BOGOTÁ D.C.,TOMATE,2023-11-01,011713,BASE,2676.443887082977
BOGOTÁ D.C.,TOMATE,2023-12-01,011713,BASE,2359.148280581694
BOGOTÁ D.C.,TOMATE,2024-01-01,011713,BASE,2324.9266199030512
BOGOTÁ D.C.,TOMATE,2024-02-01,011713,BASE,2537.887895067009
BOGOTÁ D.C.,TOMATE,2024-03-01,011713,BASE,2510.2243923581414
BOGOTÁ D.C.,TOMATE,2024-04-01,011713,BASE,2644.6070111206163
BOGOTÁ D.C.,TOMATE,2024-05-01,011713,BASE,2452.6318414599377
BOGOTÁ D.C.,TOMATE,2024-06-01,011713,BASE,2025.278420302253
BOGOTÁ D.C.,TOMATE,2024-07-01,011713,BASE,1948.011395494725
BOGOTÁ D.C.,TOMATE,2024-08-01,011713,BASE,1892.445911605361
BOGOTÁ D.C.,TOMATE,2024-09-01,011713,BASE,1967.3281516966072
BOGOTÁ D.C.,TOMATE,2024-10-01,011713,BASE,1623.919152552039
BOGOTÁ D.C.,TOMATE,2024-11-01,011713,BASE,1777.3800490447677
BOGOTÁ D.C.,TOMATE,2024-12-01,011713,BASE,2048.0531143427434
BOGOTÁ D.C.,TOMATE DE ÁRBOL,2019-01-01,011607,BASE,1652.1463311073458
BOGOTÁ D.C.,TOMATE DE ÁRBOL,2019-02-01,011607,BASE,1582.9075520781423
BOGOTÁ D.C.,TOMATE DE ÁRBOL,2019-03-01,011607,BASE,1684.0391338582676
BOGOTÁ D.C.,TOMATE DE ÁRBOL,2019-04-01,011607,BASE,1692.7972610385727
BOGOTÁ D.C.,TOMATE DE ÁRBOL,2019-05-01,011607,BASE,1669.9930808332504
BOGOTÁ D.C.,TOMATE DE ÁRBOL,2019-06-01,011607,BASE,1742.8673088806938
BOGOTÁ D.C.,TOMATE DE ÁRBOL,2019-07-01,011607,BASE,1900.6788458088308
BOGOTÁ D.C.,TOMATE DE ÁRBOL,2019-08-01,011607,BASE,1866.9683185487893
BOGOTÁ D.C.,TOMATE DE ÁRBOL,2019-09-01,011607,BASE,1729.6474942689126
BOGOTÁ D.C.,TOMATE DE ÁRBOL,2019-10-01,011607,BASE,1732.1262095086217
BOGOTÁ D.C.,TOMATE DE ÁRBOL,2019-11-01,011607,BASE,1714.775202830659
BOGOTÁ D.C.,TOMATE DE ÁRBOL,2019-12-01,011607,BASE,1666.8533748629525
BOGOTÁ D.C.,TOMATE DE ÁRBOL,2020-01-01,011607,BASE,1641.9009747832154
BOGOTÁ D.C.,TOMATE DE ÁRBOL,2020-02-01,011607,BASE,1626.6981879796672
BOGOTÁ D.C.,TOMATE DE ÁRBOL,2020-03-01,011607,BASE,1861.349897338782
BOGOTÁ D.C.,TOMATE DE ÁRBOL,2020-04-01,011607,BASE,1968.4303956942094
BOGOTÁ D.C.,TOMATE DE ÁRBOL,2020-05-01,011607,BASE,1999.4969600318948
BOGOTÁ D.C.,TOMATE DE ÁRBOL,2020-06-01,011607,BASE,2058.655630419615
BOGOTÁ D.C.,TOMATE DE ÁRBOL,2020-07-01,011607,BASE,2036.6776886275295
BOGOTÁ D.C.,TOMATE DE ÁRBOL,2020-08-01,011607,BASE,1907.1235054320744
BOGOTÁ D.C.,TOMATE DE ÁRBOL,2020-09-01,011607,BASE,1730.3084849995014
BOGOTÁ D.C.,TOMATE DE ÁRBOL,2020-10-01,011607,BASE,1715.6014412438951
BOGOTÁ D.C.,TOMATE DE ÁRBOL,2020-11-01,011607,BASE,1708.9915339380047
BOGOTÁ D.C.,TOMATE DE ÁRBOL,2020-12-01,011607,BASE,1693.623499451809
BOGOTÁ D.C.,TOMATE DE ÁRBOL,2021-01-01,011607,BASE,1720.7241194059602
BOGOTÁ D.C.,TOMATE DE ÁRBOL,2021-02-01,011607,BASE,1830.4485806837438
BOGOTÁ D.C.,TOMATE DE ÁRBOL,2021-03-01,011607,BASE,1841.6854231037578
BOGOTÁ D.C.,TOMATE DE ÁRBOL,2021-04-01,011607,BASE,1885.9718020532243
BOGOTÁ D.C.,TOMATE DE ÁRBOL,2021-05-01,011607,BASE,2095.0101206020136
BOGOTÁ D.C.,TOMATE DE ÁRBOL,2021-06-01,011607,BASE,2018.6656912189776
BOGOTÁ D.C.,TOMATE DE ÁRBOL,2021-07-01,011607,BASE,2124.2589604305795
BOGOTÁ D.C.,TOMATE DE ÁRBOL,2021-08-01,011607,BASE,2197.463683843317
BOGOTÁ D.C.,TOMATE DE ÁRBOL,2021-09-01,011607,BASE,2215.145185886575
BOGOTÁ D.C.,TOMATE DE ÁRBOL,2021-10-01,011607,BASE,2198.4551699392005
BOGOTÁ D.C.,TOMATE DE ÁRBOL,2021-11-01,011607,BASE,2202.0906189574403
BOGOTÁ D.C.,TOMATE DE ÁRBOL,2021-12-01,011607,BASE,2089.722194757301
BOGOTÁ D.C.,TOMATE DE ÁRBOL,2022-01-01,011607,BASE,2094.679625236719
BOGOTÁ D.C.,TOMATE DE ÁRBOL,2022-02-01,011607,BASE,2188.044565932423
BOGOTÁ D.C.,TOMATE DE ÁRBOL,2022-03-01,011607,BASE,2232.9919356124788
BOGOTÁ D.C.,TOMATE DE ÁRBOL,2022-04-01,011607,BASE,2375.9311811023626
BOGOTÁ D.C.,TOMATE DE ÁRBOL,2022-05-01,011607,BASE,2578.524840027908
BOGOTÁ D.C.,TOMATE DE ÁRBOL,2022-06-01,011607,BASE,2567.9489883384836
BOGOTÁ D.C.,TOMATE DE ÁRBOL,2022-07-01,011607,BASE,2539.856882288448
BOGOTÁ D.C.,TOMATE DE ÁRBOL,2022-08-01,011607,BASE,2683.126623143626
BOGOTÁ D.C.,TOMATE DE ÁRBOL,2022-09-01,011607,BASE,2911.1684251968504
BOGOTÁ D.C.,TOMATE DE ÁRBOL,2022-10-01,011607,BASE,2845.730342868534
BOGOTÁ D.C.,TOMATE DE ÁRBOL,2022-11-01,011607,BASE,2692.2152456892254
BOGOTÁ D.C.,TOMATE DE ÁRBOL,2022-12-01,011607,BASE,2509.947051729293
BOGOTÁ D.C.,TOMATE DE ÁRBOL,2023-01-01,011607,BASE,2611.5743765573607
BOGOTÁ D.C.,TOMATE DE ÁRBOL,2023-02-01,011607,BASE,2803.922679158776
BOGOTÁ D.C.,TOMATE DE ÁRBOL,2023-03-01,011607,BASE,2818.464475231736
BOGOTÁ D.C.,TOMATE DE ÁRBOL,2023-04-01,011607,BASE,2801.6092116017144
BOGOTÁ D.C.,TOMATE DE ÁRBOL,2023-05-01,011607,BASE,2816.6467507226153
BOGOTÁ D.C.,TOMATE DE ÁRBOL,2023-06-01,011607,BASE,2874.4834396491574
BOGOTÁ D.C.,TOMATE DE ÁRBOL,2023-07-01,011607,BASE,3281.1579866440748
BOGOTÁ D.C.,TOMATE DE ÁRBOL,2023-08-01,011607,BASE,3279.8360051828963
BOGOTÁ D.C.,TOMATE DE ÁRBOL,2023-09-01,011607,BASE,2905.715251669491
BOGOTÁ D.C.,TOMATE DE ÁRBOL,2023-10-01,011607,BASE,2638.8402441941594
BOGOTÁ D.C.,TOMATE DE ÁRBOL,2023-11-01,011607,BASE,2434.9246038074357
BOGOTÁ D.C.,TOMATE DE ÁRBOL,2023-12-01,011607,BASE,2231.339458786006
BOGOTÁ D.C.,TOMATE DE ÁRBOL,2024-01-01,011607,BASE,2097.3235881590754
BOGOTÁ D.C.,TOMATE DE ÁRBOL,2024-02-01,011607,BASE,2337.9242140934916
BOGOTÁ D.C.,TOMATE DE ÁRBOL,2024-03-01,011607,BASE,2323.3824180205324
BOGOTÁ D.C.,TOMATE DE ÁRBOL,2024-04-01,011607,BASE,2758.810061796073
BOGOTÁ D.C.,TOMATE DE ÁRBOL,2024-05-01,011607,BASE,3085.339482707067
BOGOTÁ D.C.,TOMATE DE ÁRBOL,2024-06-01,011607,BASE,3186.8015598524867
BOGOTÁ D.C.,TOMATE DE ÁRBOL,2024-07-01,011607,BASE,3315.5295046347055
BOGOTÁ D.C.,TOMATE DE ÁRBOL,2024-08-01,011607,BASE,3124.9989265424106
BOGOTÁ D.C.,TOMATE DE ÁRBOL,2024-09-01,011607,BASE,2964.3781790092694
BOGOTÁ D.C.,TOMATE DE ÁRBOL,2024-10-01,011607,BASE,2848.704801156184
BOGOTÁ D.C.,TOMATE DE ÁRBOL,2024-11-01,011607,BASE,2776.9873068872726
BOGOTÁ D.C.,TOMATE DE ÁRBOL,2024-12-01,011607,BASE,2802.931193062893
BOGOTÁ D.C.,VISCERAS - HIGADO,2019-01-01,011201,BASE_lowR2,5619.268376944411
BOGOTÁ D.C.,VISCERAS - HIGADO,2019-02-01,011201,BASE_lowR2,5567.54196310141
BOGOTÁ D.C.,VISCERAS - HIGADO,2019-03-01,011201,BASE_lowR2,5592.570873025443
BOGOTÁ D.C.,VISCERAS - HIGADO,2019-04-01,011201,BASE_lowR2,5566.429567104787
BOGOTÁ D.C.,VISCERAS - HIGADO,2019-05-01,011201,BASE_lowR2,5660.983226817799
BOGOTÁ D.C.,VISCERAS - HIGADO,2019-06-01,011201,BASE_lowR2,5805.038508380562
BOGOTÁ D.C.,VISCERAS - HIGADO,2019-07-01,011201,BASE_lowR2,5799.476528397443
BOGOTÁ D.C.,VISCERAS - HIGADO,2019-08-01,011201,BASE_lowR2,5757.205480525744
BOGOTÁ D.C.,VISCERAS - HIGADO,2019-09-01,011201,BASE_lowR2,5771.666628481851
BOGOTÁ D.C.,VISCERAS - HIGADO,2019-10-01,011201,BASE_lowR2,5714.934432654046
BOGOTÁ D.C.,VISCERAS - HIGADO,2019-11-01,011201,BASE_lowR2,5742.744332569637
BOGOTÁ D.C.,VISCERAS - HIGADO,2019-12-01,011201,BASE_lowR2,5757.761678524056
BOGOTÁ D.C.,VISCERAS - HIGADO,2020-01-01,011201,BASE_lowR2,5769.441836488605
BOGOTÁ D.C.,VISCERAS - HIGADO,2020-02-01,011201,BASE_lowR2,5812.269082358615
BOGOTÁ D.C.,VISCERAS - HIGADO,2020-03-01,011201,BASE_lowR2,5805.5947063788735
BOGOTÁ D.C.,VISCERAS - HIGADO,2020-04-01,011201,BASE_lowR2,5870.113674183046
BOGOTÁ D.C.,VISCERAS - HIGADO,2020-05-01,011201,BASE_lowR2,5856.20872422525
BOGOTÁ D.C.,VISCERAS - HIGADO,2020-06-01,011201,BASE_lowR2,5851.202942240444
BOGOTÁ D.C.,VISCERAS - HIGADO,2020-07-01,011201,BASE_lowR2,5875.119456167852
BOGOTÁ D.C.,VISCERAS - HIGADO,2020-08-01,011201,BASE_lowR2,5816.162468346798
BOGOTÁ D.C.,VISCERAS - HIGADO,2020-09-01,011201,BASE_lowR2,5852.87153623538
BOGOTÁ D.C.,VISCERAS - HIGADO,2020-10-01,011201,BASE_lowR2,5910.716128059808
BOGOTÁ D.C.,VISCERAS - HIGADO,2020-11-01,011201,BASE_lowR2,5936.8574339804645
BOGOTÁ D.C.,VISCERAS - HIGADO,2020-12-01,011201,BASE_lowR2,5975.791293862293
BOGOTÁ D.C.,VISCERAS - HIGADO,2021-01-01,011201,BASE_lowR2,6070.344953575304
BOGOTÁ D.C.,VISCERAS - HIGADO,2021-02-01,011201,BASE_lowR2,6093.705269504401
BOGOTÁ D.C.,VISCERAS - HIGADO,2021-03-01,011201,BASE_lowR2,6135.420119377789
BOGOTÁ D.C.,VISCERAS - HIGADO,2021-04-01,011201,BASE_lowR2,6379.03484263837
BOGOTÁ D.C.,VISCERAS - HIGADO,2021-05-01,011201,BASE_lowR2,6931.339454962016
BOGOTÁ D.C.,VISCERAS - HIGADO,2021-06-01,011201,BASE_lowR2,6980.284878813457
BOGOTÁ D.C.,VISCERAS - HIGADO,2021-07-01,011201,BASE_lowR2,7089.855884480888
BOGOTÁ D.C.,VISCERAS - HIGADO,2021-08-01,011201,BASE_lowR2,7215.000434101048
BOGOTÁ D.C.,VISCERAS - HIGADO,2021-09-01,011201,BASE_lowR2,7273.957421922102
BOGOTÁ D.C.,VISCERAS - HIGADO,2021-10-01,011201,BASE_lowR2,7395.764783552393
BOGOTÁ D.C.,VISCERAS - HIGADO,2021-11-01,011201,BASE_lowR2,7537.039075123598
BOGOTÁ D.C.,VISCERAS - HIGADO,2021-12-01,011201,BASE_lowR2,7766.748848426382
BOGOTÁ D.C.,VISCERAS - HIGADO,2022-01-01,011201,BASE_lowR2,7973.098305800071
BOGOTÁ D.C.,VISCERAS - HIGADO,2022-02-01,011201,BASE_lowR2,8080.444519474256
BOGOTÁ D.C.,VISCERAS - HIGADO,2022-03-01,011201,BASE_lowR2,8171.104793199082
BOGOTÁ D.C.,VISCERAS - HIGADO,2022-04-01,011201,BASE_lowR2,8320.165856746653
BOGOTÁ D.C.,VISCERAS - HIGADO,2022-05-01,011201,BASE_lowR2,8547.09464005788
BOGOTÁ D.C.,VISCERAS - HIGADO,2022-06-01,011201,BASE_lowR2,8747.325919450139
BOGOTÁ D.C.,VISCERAS - HIGADO,2022-07-01,011201,BASE_lowR2,8876.920053056794
BOGOTÁ D.C.,VISCERAS - HIGADO,2022-08-01,011201,BASE_lowR2,9010.407572651633
BOGOTÁ D.C.,VISCERAS - HIGADO,2022-09-01,011201,BASE_lowR2,9108.854618352829
BOGOTÁ D.C.,VISCERAS - HIGADO,2022-10-01,011201,BASE_lowR2,9132.771132280235
BOGOTÁ D.C.,VISCERAS - HIGADO,2022-11-01,011201,BASE_lowR2,9164.47441818401
BOGOTÁ D.C.,VISCERAS - HIGADO,2022-12-01,011201,BASE_lowR2,9411.426329434462
BOGOTÁ D.C.,VISCERAS - HIGADO,2023-01-01,011201,BASE_lowR2,9470.383317255517
BOGOTÁ D.C.,VISCERAS - HIGADO,2023-02-01,011201,BASE_lowR2,9592.746876884119
BOGOTÁ D.C.,VISCERAS - HIGADO,2023-03-01,011201,BASE_lowR2,9656.153448691668
BOGOTÁ D.C.,VISCERAS - HIGADO,2023-04-01,011201,BASE_lowR2,9776.292216327023
BOGOTÁ D.C.,VISCERAS - HIGADO,2023-05-01,011201,BASE_lowR2,9823.012848185217
BOGOTÁ D.C.,VISCERAS - HIGADO,2023-06-01,011201,BASE_lowR2,9824.681442180152
BOGOTÁ D.C.,VISCERAS - HIGADO,2023-07-01,011201,BASE_lowR2,9885.863221994452
BOGOTÁ D.C.,VISCERAS - HIGADO,2023-08-01,011201,BASE_lowR2,9892.537597974195
BOGOTÁ D.C.,VISCERAS - HIGADO,2023-09-01,011201,BASE_lowR2,9900.880567948872
BOGOTÁ D.C.,VISCERAS - HIGADO,2023-10-01,011201,BASE_lowR2,9811.332690220666
BOGOTÁ D.C.,VISCERAS - HIGADO,2023-11-01,011201,BASE_lowR2,9894.762389967442
BOGOTÁ D.C.,VISCERAS - HIGADO,2023-12-01,011201,BASE_lowR2,9898.655775955624
BOGOTÁ D.C.,VISCERAS - HIGADO,2024-01-01,011201,BASE_lowR2,9969.84911973954
BOGOTÁ D.C.,VISCERAS - HIGADO,2024-02-01,011201,BASE_lowR2,9941.483021825636
BOGOTÁ D.C.,VISCERAS - HIGADO,2024-03-01,011201,BASE_lowR2,9957.612763776679
BOGOTÁ D.C.,VISCERAS - HIGADO,2024-04-01,011201,BASE_lowR2,9895.874785964064
BOGOTÁ D.C.,VISCERAS - HIGADO,2024-05-01,011201,BASE_lowR2,9889.756607982636
BOGOTÁ D.C.,VISCERAS - HIGADO,2024-06-01,011201,BASE_lowR2,9860.278114072107
BOGOTÁ D.C.,VISCERAS - HIGADO,2024-07-01,011201,BASE_lowR2,9865.283896056915
BOGOTÁ D.C.,VISCERAS - HIGADO,2024-08-01,011201,BASE_lowR2,9799.65253225612
BOGOTÁ D.C.,VISCERAS - HIGADO,2024-09-01,011201,BASE_lowR2,9804.658314240925
BOGOTÁ D.C.,VISCERAS - HIGADO,2024-10-01,011201,BASE_lowR2,9784.078988303387
BOGOTÁ D.C.,VISCERAS - HIGADO,2024-11-01,011201,BASE_lowR2,9815.226076208852
BOGOTÁ D.C.,VISCERAS - HIGADO,2024-12-01,011201,BASE_lowR2,9857.49712408055
BOGOTÁ D.C.,YUCA,2019-01-01,011706,BASE,1673.0361493987048
BOGOTÁ D.C.,YUCA,2019-02-01,011706,BASE,1642.358341813136
BOGOTÁ D.C.,YUCA,2019-03-01,011706,BASE,1592.1156059204438
BOGOTÁ D.C.,YUCA,2019-04-01,011706,BASE,1772.5825046253467
BOGOTÁ D.C.,YUCA,2019-05-01,011706,BASE,1820.007890841813
BOGOTÁ D.C.,YUCA,2019-06-01,011706,BASE,1771.643388066605
BOGOTÁ D.C.,YUCA,2019-07-01,011706,BASE,1710.13125346901
BOGOTÁ D.C.,YUCA,2019-08-01,011706,BASE,1610.428378815911
BOGOTÁ D.C.,YUCA,2019-09-01,011706,BASE,1560.65520120259
BOGOTÁ D.C.,YUCA,2019-10-01,011706,BASE,1490.2214592969472
BOGOTÁ D.C.,YUCA,2019-11-01,011706,BASE,1457.8219380203516
BOGOTÁ D.C.,YUCA,2019-12-01,011706,BASE,1414.4660568917668
BOGOTÁ D.C.,YUCA,2020-01-01,011706,BASE,1435.9092183163734
BOGOTÁ D.C.,YUCA,2020-02-01,011706,BASE,1409.1443963922293
BOGOTÁ D.C.,YUCA,2020-03-01,011706,BASE,1455.6306660499536
BOGOTÁ D.C.,YUCA,2020-04-01,011706,BASE,1447.4916558741907
BOGOTÁ D.C.,YUCA,2020-05-01,011706,BASE,1439.1961262719703
BOGOTÁ D.C.,YUCA,2020-06-01,011706,BASE,1429.8049606845511
BOGOTÁ D.C.,YUCA,2020-07-01,011706,BASE,1434.970101757632
BOGOTÁ D.C.,YUCA,2020-08-01,011706,BASE,1378.3100693802035
BOGOTÁ D.C.,YUCA,2020-09-01,011706,BASE,1371.73625346901
BOGOTÁ D.C.,YUCA,2020-10-01,011706,BASE,1349.8235337650322
BOGOTÁ D.C.,YUCA,2020-11-01,011706,BASE,1298.7982007400553
BOGOTÁ D.C.,YUCA,2020-12-01,011706,BASE,1257.1640333024975
BOGOTÁ D.C.,YUCA,2021-01-01,011706,BASE,1248.0859065679924
BOGOTÁ D.C.,YUCA,2021-02-01,011706,BASE,1252.311931082331
BOGOTÁ D.C.,YUCA,2021-03-01,011706,BASE,1227.8949005550414
BOGOTÁ D.C.,YUCA,2021-04-01,011706,BASE,1214.2777104532838
BOGOTÁ D.C.,YUCA,2021-05-01,011706,BASE,1507.2820767807584
BOGOTÁ D.C.,YUCA,2021-06-01,011706,BASE,1308.6589246068454
BOGOTÁ D.C.,YUCA,2021-07-01,011706,BASE,1323.99782839963
BOGOTÁ D.C.,YUCA,2021-08-01,011706,BASE,1390.3620652173913
BOGOTÁ D.C.,YUCA,2021-09-01,011706,BASE,1438.8830874190564
BOGOTÁ D.C.,YUCA,2021-10-01,011706,BASE,1461.4218848288622
BOGOTÁ D.C.,YUCA,2021-11-01,011706,BASE,1472.5347641073079
BOGOTÁ D.C.,YUCA,2021-12-01,011706,BASE,1534.8294958371878
BOGOTÁ D.C.,YUCA,2022-01-01,011706,BASE,1761.782664199815
BOGOTÁ D.C.,YUCA,2022-02-01,011706,BASE,1963.0666466234966
BOGOTÁ D.C.,YUCA,2022-03-01,011706,BASE,2113.4818154486584
BOGOTÁ D.C.,YUCA,2022-04-01,011706,BASE,2337.930672987974
BOGOTÁ D.C.,YUCA,2022-05-01,011706,BASE,2768.3590957446804
BOGOTÁ D.C.,YUCA,2022-06-01,011706,BASE,3081.710987511563
BOGOTÁ D.C.,YUCA,2022-07-01,011706,BASE,3203.9526595744674
BOGOTÁ D.C.,YUCA,2022-08-01,011706,BASE,3145.5709135060124
BOGOTÁ D.C.,YUCA,2022-09-01,011706,BASE,3156.9968316373725
BOGOTÁ D.C.,YUCA,2022-10-01,011706,BASE,3293.3252520814053
BOGOTÁ D.C.,YUCA,2022-11-01,011706,BASE,3412.1234967622568
BOGOTÁ D.C.,YUCA,2022-12-01,011706,BASE,3286.438397317298
BOGOTÁ D.C.,YUCA,2023-01-01,011706,BASE,3257.3257839962994
BOGOTÁ D.C.,YUCA,2023-02-01,011706,BASE,2969.7995975948197
BOGOTÁ D.C.,YUCA,2023-03-01,011706,BASE,2598.8485568917663
BOGOTÁ D.C.,YUCA,2023-04-01,011706,BASE,2557.2143894542087
BOGOTÁ D.C.,YUCA,2023-05-01,011706,BASE,2511.6672363552266
BOGOTÁ D.C.,YUCA,2023-06-01,011706,BASE,2427.4597849213687
BOGOTÁ D.C.,YUCA,2023-07-01,011706,BASE,2430.5901734505082
BOGOTÁ D.C.,YUCA,2023-08-01,011706,BASE,2445.146480111008
BOGOTÁ D.C.,YUCA,2023-09-01,011706,BASE,2341.530619796484
BOGOTÁ D.C.,YUCA,2023-10-01,011706,BASE,2160.1246045328394
BOGOTÁ D.C.,YUCA,2023-11-01,011706,BASE,2124.7512141535612
BOGOTÁ D.C.,YUCA,2023-12-01,011706,BASE,2036.4742576318222
BOGOTÁ D.C.,YUCA,2024-01-01,011706,BASE,2062.456482423682
BOGOTÁ D.C.,YUCA,2024-02-01,011706,BASE,2100.9602613320994
BOGOTÁ D.C.,YUCA,2024-03-01,011706,BASE,2034.5960245143388
BOGOTÁ D.C.,YUCA,2024-04-01,011706,BASE,2008.4572802960217
BOGOTÁ D.C.,YUCA,2024-05-01,011706,BASE,2016.1267321924142
BOGOTÁ D.C.,YUCA,2024-06-01,011706,BASE,2055.1000693802034
BOGOTÁ D.C.,YUCA,2024-07-01,011706,BASE,2127.8816026827008
BOGOTÁ D.C.,YUCA,2024-08-01,011706,BASE,2062.2999629972246
BOGOTÁ D.C.,YUCA,2024-09-01,011706,BASE,2179.84605226642
BOGOTÁ D.C.,YUCA,2024-10-01,011706,BASE,2137.116248843663
BOGOTÁ D.C.,YUCA,2024-11-01,011706,BASE,2072.4737257169286
BOGOTÁ D.C.,YUCA,2024-12-01,011706,BASE,2048.5262534690096
BOGOTÁ D.C.,ZANAHORIA,2019-01-01,011715,BASE,980.9613673872616
BOGOTÁ D.C.,ZANAHORIA,2019-02-01,011715,BASE,1070.1036884007435
BOGOTÁ D.C.,ZANAHORIA,2019-03-01,011715,BASE,984.2863917945141
BOGOTÁ D.C.,ZANAHORIA,2019-04-01,011715,BASE,913.3525377731287
BOGOTÁ D.C.,ZANAHORIA,2019-05-01,011715,BASE,1061.949461878196
BOGOTÁ D.C.,ZANAHORIA,2019-06-01,011715,BASE,1235.721570781032
BOGOTÁ D.C.,ZANAHORIA,2019-07-01,011715,BASE,1277.7593793584379
BOGOTÁ D.C.,ZANAHORIA,2019-08-01,011715,BASE,1178.483650627615
BOGOTÁ D.C.,ZANAHORIA,2019-09-01,011715,BASE,1185.8462046722452
BOGOTÁ D.C.,ZANAHORIA,2019-10-01,011715,BASE,1131.9333089260806
BOGOTÁ D.C.,ZANAHORIA,2019-11-01,011715,BASE,978.1905137145512
BOGOTÁ D.C.,ZANAHORIA,2019-12-01,011715,BASE,993.3906252905624
BOGOTÁ D.C.,ZANAHORIA,2020-01-01,011715,BASE,1266.200961180846
BOGOTÁ D.C.,ZANAHORIA,2020-02-01,011715,BASE,1151.725120874012
BOGOTÁ D.C.,ZANAHORIA,2020-03-01,011715,BASE,1233.1882188516968
BOGOTÁ D.C.,ZANAHORIA,2020-04-01,011715,BASE,1176.9003056717804
BOGOTÁ D.C.,ZANAHORIA,2020-05-01,011715,BASE,1388.3560245234773
BOGOTÁ D.C.,ZANAHORIA,2020-06-01,011715,BASE,1491.8276173872616
BOGOTÁ D.C.,ZANAHORIA,2020-07-01,011715,BASE,1509.1652446536493
BOGOTÁ D.C.,ZANAHORIA,2020-08-01,011715,BASE,1422.5562755695023
BOGOTÁ D.C.,ZANAHORIA,2020-09-01,011715,BASE,1374.2642544165503
BOGOTÁ D.C.,ZANAHORIA,2020-10-01,011715,BASE,1272.8510099953508
BOGOTÁ D.C.,ZANAHORIA,2020-11-01,011715,BASE,1183.4711872384937
BOGOTÁ D.C.,ZANAHORIA,2020-12-01,011715,BASE,1085.0662982333797
BOGOTÁ D.C.,ZANAHORIA,2021-01-01,011715,BASE,1140.6417061831705
BOGOTÁ D.C.,ZANAHORIA,2021-02-01,011715,BASE,1132.487479660623
BOGOTÁ D.C.,ZANAHORIA,2021-03-01,011715,BASE,1077.9412459321245
BOGOTÁ D.C.,ZANAHORIA,2021-04-01,011715,BASE,1142.0667166434214
BOGOTÁ D.C.,ZANAHORIA,2021-05-01,011715,BASE,1409.414512436076
BOGOTÁ D.C.,ZANAHORIA,2021-06-01,011715,BASE,1460.635721757322
BOGOTÁ D.C.,ZANAHORIA,2021-07-01,011715,BASE,1496.7359867503485
BOGOTÁ D.C.,ZANAHORIA,2021-08-01,011715,BASE,1469.4232862622036
BOGOTÁ D.C.,ZANAHORIA,2021-09-01,011715,BASE,1546.8488546025103
BOGOTÁ D.C.,ZANAHORIA,2021-10-01,011715,BASE,1568.6990149930264
BOGOTÁ D.C.,ZANAHORIA,2021-11-01,011715,BASE,1446.8606206415618
BOGOTÁ D.C.,ZANAHORIA,2021-12-01,011715,BASE,1335.23480125523
BOGOTÁ D.C.,ZANAHORIA,2022-01-01,011715,BASE,1410.4436866573685
BOGOTÁ D.C.,ZANAHORIA,2022-02-01,011715,BASE,1359.3016445839141
BOGOTÁ D.C.,ZANAHORIA,2022-03-01,011715,BASE,1389.7018677359365
BOGOTÁ D.C.,ZANAHORIA,2022-04-01,011715,BASE,1417.5687389586237
BOGOTÁ D.C.,ZANAHORIA,2022-05-01,011715,BASE,1704.1541759646673
BOGOTÁ D.C.,ZANAHORIA,2022-06-01,011715,BASE,1900.2514487447697
BOGOTÁ D.C.,ZANAHORIA,2022-07-01,011715,BASE,1896.0555846118082
BOGOTÁ D.C.,ZANAHORIA,2022-08-01,011715,BASE,1763.2921100650856
BOGOTÁ D.C.,ZANAHORIA,2022-09-01,011715,BASE,1653.1704683867965
BOGOTÁ D.C.,ZANAHORIA,2022-10-01,011715,BASE,1604.3242764993024
BOGOTÁ D.C.,ZANAHORIA,2022-11-01,011715,BASE,1601.870091817759
BOGOTÁ D.C.,ZANAHORIA,2022-12-01,011715,BASE,1682.6998518131102
BOGOTÁ D.C.,ZANAHORIA,2023-01-01,011715,BASE,1795.8298489074846
BOGOTÁ D.C.,ZANAHORIA,2023-02-01,011715,BASE,1856.946964202696
BOGOTÁ D.C.,ZANAHORIA,2023-03-01,011715,BASE,1751.5753573919108
BOGOTÁ D.C.,ZANAHORIA,2023-04-01,011715,BASE,1864.6261872384935
BOGOTÁ D.C.,ZANAHORIA,2023-05-01,011715,BASE,1956.9351981636446
BOGOTÁ D.C.,ZANAHORIA,2023-06-01,011715,BASE,1820.3716957229194
BOGOTÁ D.C.,ZANAHORIA,2023-07-01,011715,BASE,1691.9624198047418
BOGOTÁ D.C.,ZANAHORIA,2023-08-01,011715,BASE,1621.424402022315
BOGOTÁ D.C.,ZANAHORIA,2023-09-01,011715,BASE,1514.3111157601113
BOGOTÁ D.C.,ZANAHORIA,2023-10-01,011715,BASE,1409.5728469316596
BOGOTÁ D.C.,ZANAHORIA,2023-11-01,011715,BASE,1357.0057943979543
BOGOTÁ D.C.,ZANAHORIA,2023-12-01,011715,BASE,1406.9603277545327
BOGOTÁ D.C.,ZANAHORIA,2024-01-01,011715,BASE,1519.3778196187816
BOGOTÁ D.C.,ZANAHORIA,2024-02-01,011715,BASE,1825.8342358205482
BOGOTÁ D.C.,ZANAHORIA,2024-03-01,011715,BASE,1980.9228742445373
BOGOTÁ D.C.,ZANAHORIA,2024-04-01,011715,BASE,2080.119435727568
BOGOTÁ D.C.,ZANAHORIA,2024-05-01,011715,BASE,1862.726173291492
BOGOTÁ D.C.,ZANAHORIA,2024-06-01,011715,BASE,1948.7809716410968
BOGOTÁ D.C.,ZANAHORIA,2024-07-01,011715,BASE,2111.3904986052994
BOGOTÁ D.C.,ZANAHORIA,2024-08-01,011715,BASE,2111.3113313575077
BOGOTÁ D.C.,ZANAHORIA,2024-09-01,011715,BASE,2070.4610314969777
BOGOTÁ D.C.,ZANAHORIA,2024-10-01,011715,BASE,1929.5433304277076
BOGOTÁ D.C.,ZANAHORIA,2024-11-01,011715,BASE,1863.913682008368
BOGOTÁ D.C.,ZANAHORIA,2024-12-01,011715,BASE,1925.5058007903299
CALI,ACEITE DE GIRASOL,2019-01-01,011501,D_city,5402.010520491985
CALI,ACEITE DE GIRASOL,2019-02-01,011501,D_city,5460.590493837856
CALI,ACEITE DE GIRASOL,2019-03-01,011501,D_city,5447.6876637476635
CALI,ACEITE DE GIRASOL,2019-04-01,011501,D_city,5502.258834973053
CALI,ACEITE DE GIRASOL,2019-05-01,011501,D_city,5577.0951888561585
CALI,ACEITE DE GIRASOL,2019-06-01,011501,D_city,5587.000845709195
CALI,ACEITE DE GIRASOL,2019-07-01,011501,D_city,5557.774839989223
CALI,ACEITE DE GIRASOL,2019-08-01,011501,D_city,5523.08290808283
CALI,ACEITE DE GIRASOL,2019-09-01,011501,D_city,5528.040033272039
CALI,ACEITE DE GIRASOL,2019-10-01,011501,D_city,5553.315485346333
CALI,ACEITE DE GIRASOL,2019-11-01,011501,D_city,5572.141798022759
CALI,ACEITE DE GIRASOL,2019-12-01,011501,D_city,5634.032322970962
CALI,ACEITE DE GIRASOL,2020-01-01,011501,D_city,5722.064658740417
CALI,ACEITE DE GIRASOL,2020-02-01,011501,D_city,5886.939315018307
CALI,ACEITE DE GIRASOL,2020-03-01,011501,D_city,5958.88613446184
CALI,ACEITE DE GIRASOL,2020-04-01,011501,D_city,6001.231073738335
CALI,ACEITE DE GIRASOL,2020-05-01,011501,D_city,6039.614926056614
CALI,ACEITE DE GIRASOL,2020-06-01,011501,D_city,6114.354642861296
CALI,ACEITE DE GIRASOL,2020-07-01,011501,D_city,6163.483003655733
CALI,ACEITE DE GIRASOL,2020-08-01,011501,D_city,6169.37615867765
CALI,ACEITE DE GIRASOL,2020-09-01,011501,D_city,6187.052746394351
CALI,ACEITE DE GIRASOL,2020-10-01,011501,D_city,6181.161029511535
CALI,ACEITE DE GIRASOL,2020-11-01,011501,D_city,6193.925811596715
CALI,ACEITE DE GIRASOL,2020-12-01,011501,D_city,6230.734753115476
CALI,ACEITE DE GIRASOL,2021-01-01,011501,D_city,6297.434453950637
CALI,ACEITE DE GIRASOL,2021-02-01,011501,D_city,6406.182948291118
CALI,ACEITE DE GIRASOL,2021-03-01,011501,D_city,6611.4958680086875
CALI,ACEITE DE GIRASOL,2021-04-01,011501,D_city,6917.481894575928
CALI,ACEITE DE GIRASOL,2021-05-01,011501,D_city,7385.929598306574
CALI,ACEITE DE GIRASOL,2021-06-01,011501,D_city,7705.0079590314945
CALI,ACEITE DE GIRASOL,2021-07-01,011501,D_city,7903.317350571767
CALI,ACEITE DE GIRASOL,2021-08-01,011501,D_city,8077.690142087843
CALI,ACEITE DE GIRASOL,2021-09-01,011501,D_city,8272.818437480162
CALI,ACEITE DE GIRASOL,2021-10-01,011501,D_city,8349.89807400102
CALI,ACEITE DE GIRASOL,2021-11-01,011501,D_city,8526.80893942933
CALI,ACEITE DE GIRASOL,2021-12-01,011501,D_city,8670.497517181326
CALI,ACEITE DE GIRASOL,2022-01-01,011501,D_city,8893.02973820418
CALI,ACEITE DE GIRASOL,2022-02-01,011501,D_city,8998.17340855127
CALI,ACEITE DE GIRASOL,2022-03-01,011501,D_city,9137.410924007398
CALI,ACEITE DE GIRASOL,2022-04-01,011501,D_city,9358.015522848598
CALI,ACEITE DE GIRASOL,2022-05-01,011501,D_city,9437.134768520844
CALI,ACEITE DE GIRASOL,2022-06-01,011501,D_city,9582.434485080728
CALI,ACEITE DE GIRASOL,2022-07-01,011501,D_city,9757.774648249018
CALI,ACEITE DE GIRASOL,2022-08-01,011501,D_city,9967.263586798685
CALI,ACEITE DE GIRASOL,2022-09-01,011501,D_city,9999.31415630898
CALI,ACEITE DE GIRASOL,2022-10-01,011501,D_city,10071.866949697092
CALI,ACEITE DE GIRASOL,2022-11-01,011501,D_city,10077.04758357083
CALI,ACEITE DE GIRASOL,2022-12-01,011501,D_city,10096.355219547586
CALI,ACEITE DE GIRASOL,2023-01-01,011501,D_city,10167.907338801597
CALI,ACEITE DE GIRASOL,2023-02-01,011501,D_city,10382.777425147764
CALI,ACEITE DE GIRASOL,2023-03-01,011501,D_city,10585.075996190619
CALI,ACEITE DE GIRASOL,2023-04-01,011501,D_city,10638.99764568935
CALI,ACEITE DE GIRASOL,2023-05-01,011501,D_city,10638.99764568935
CALI,ACEITE DE GIRASOL,2023-06-01,011501,D_city,10440.543956789674
CALI,ACEITE DE GIRASOL,2023-07-01,011501,D_city,10279.386685054516
CALI,ACEITE DE GIRASOL,2023-08-01,011501,D_city,9994.130099896269
CALI,ACEITE DE GIRASOL,2023-09-01,011501,D_city,9864.453810175706
CALI,ACEITE DE GIRASOL,2023-10-01,011501,D_city,9745.967765081654
CALI,ACEITE DE GIRASOL,2023-11-01,011501,D_city,9423.399568779476
CALI,ACEITE DE GIRASOL,2023-12-01,011501,D_city,9382.657548230427
CALI,ACEITE DE GIRASOL,2024-01-01,011501,D_city,9301.128162359173
CALI,ACEITE DE GIRASOL,2024-02-01,011501,D_city,9276.942058883922
CALI,ACEITE DE GIRASOL,2024-03-01,011501,D_city,9191.536247850014
CALI,ACEITE DE GIRASOL,2024-04-01,011501,D_city,9131.711933835522
CALI,ACEITE DE GIRASOL,2024-05-01,011501,D_city,9074.705316247184
CALI,ACEITE DE GIRASOL,2024-06-01,011501,D_city,9064.726023689986
CALI,ACEITE DE GIRASOL,2024-07-01,011501,D_city,8971.540624237636
CALI,ACEITE DE GIRASOL,2024-08-01,011501,D_city,8920.63421353077
CALI,ACEITE DE GIRASOL,2024-09-01,011501,D_city,8813.983347609288
CALI,ACEITE DE GIRASOL,2024-10-01,011501,D_city,8822.557555546933
CALI,ACEITE DE GIRASOL,2024-11-01,011501,D_city,8905.405060259756
CALI,ACEITE DE GIRASOL,2024-12-01,011501,D_city,8960.600207276442
CALI,ACEITE DE SOYA O DE MAÍZ,2019-01-01,011501,D_city,3313.0005374840916
CALI,ACEITE DE SOYA O DE MAÍZ,2019-02-01,011501,D_city,3352.5230192309905
CALI,ACEITE DE SOYA O DE MAÍZ,2019-03-01,011501,D_city,3343.8141549370052
CALI,ACEITE DE SOYA O DE MAÍZ,2019-04-01,011501,D_city,3380.6613488752705
CALI,ACEITE DE SOYA O DE MAÍZ,2019-05-01,011501,D_city,3431.250958326401
CALI,ACEITE DE SOYA O DE MAÍZ,2019-06-01,011501,D_city,3437.95229653241
CALI,ACEITE DE SOYA O DE MAÍZ,2019-07-01,011501,D_city,3418.1838366691036
CALI,ACEITE DE SOYA O DE MAÍZ,2019-08-01,011501,D_city,3394.731652887131
CALI,ACEITE DE SOYA O DE MAÍZ,2019-09-01,011501,D_city,3398.0818367205
CALI,ACEITE DE SOYA O DE MAÍZ,2019-10-01,011501,D_city,3415.168438843958
CALI,ACEITE DE SOYA O DE MAÍZ,2019-11-01,011501,D_city,3427.9003527690948
CALI,ACEITE DE SOYA O DE MAÍZ,2019-12-01,011501,D_city,3469.785958013304
CALI,ACEITE DE SOYA O DE MAÍZ,2020-01-01,011501,D_city,3529.44234572809
CALI,ACEITE DE SOYA O DE MAÍZ,2020-02-01,011501,D_city,3641.4169462663667
CALI,ACEITE DE SOYA O DE MAÍZ,2020-03-01,011501,D_city,3690.378021254023
CALI,ACEITE DE SOYA O DE MAÍZ,2020-04-01,011501,D_city,3719.2220517024593
CALI,ACEITE DE SOYA O DE MAÍZ,2020-05-01,011501,D_city,3745.385422945185
CALI,ACEITE DE SOYA O DE MAÍZ,2020-06-01,011501,D_city,3796.377241263267
CALI,ACEITE DE SOYA O DE MAÍZ,2020-07-01,011501,D_city,3829.9293361291298
CALI,ACEITE DE SOYA O DE MAÍZ,2020-08-01,011501,D_city,3833.9558440149326
CALI,ACEITE DE SOYA O DE MAÍZ,2020-09-01,011501,D_city,3846.035696073124
CALI,ACEITE DE SOYA O DE MAÍZ,2020-10-01,011501,D_city,3842.0090240428467
CALI,ACEITE DE SOYA O DE MAÍZ,2020-11-01,011501,D_city,3850.7335491168974
CALI,ACEITE DE SOYA O DE MAÍZ,2020-12-01,011501,D_city,3875.9018808581072
CALI,ACEITE DE SOYA O DE MAÍZ,2021-01-01,011501,D_city,3921.545846336094
CALI,ACEITE DE SOYA O DE MAÍZ,2021-02-01,011501,D_city,3996.0676584410744
CALI,ACEITE DE SOYA O DE MAÍZ,2021-03-01,011501,D_city,4137.103863360901
CALI,ACEITE DE SOYA O DE MAÍZ,2021-04-01,011501,D_city,4348.102190111527
CALI,ACEITE DE SOYA O DE MAÍZ,2021-05-01,011501,D_city,4672.9203365824105
CALI,ACEITE DE SOYA O DE MAÍZ,2021-06-01,011501,D_city,4895.352002897444
CALI,ACEITE DE SOYA O DE MAÍZ,2021-07-01,011501,D_city,5034.059870588566
CALI,ACEITE DE SOYA O DE MAÍZ,2021-08-01,011501,D_city,5156.312012140362
CALI,ACEITE DE SOYA O DE MAÍZ,2021-09-01,011501,D_city,5293.427214256104
CALI,ACEITE DE SOYA O DE MAÍZ,2021-10-01,011501,D_city,5347.679656354664
CALI,ACEITE DE SOYA O DE MAÍZ,2021-11-01,011501,D_city,5472.386087396307
CALI,ACEITE DE SOYA O DE MAÍZ,2021-12-01,011501,D_city,5573.863652963288
CALI,ACEITE DE SOYA O DE MAÍZ,2022-01-01,011501,D_city,5731.352813780026
CALI,ACEITE DE SOYA O DE MAÍZ,2022-02-01,011501,D_city,5805.901584869826
CALI,ACEITE DE SOYA O DE MAÍZ,2022-03-01,011501,D_city,5904.756830718251
CALI,ACEITE DE SOYA O DE MAÍZ,2022-04-01,011501,D_city,6061.68701876665
CALI,ACEITE DE SOYA O DE MAÍZ,2022-05-01,011501,D_city,6118.059809899127
CALI,ACEITE DE SOYA O DE MAÍZ,2022-06-01,011501,D_city,6221.708738405404
CALI,ACEITE DE SOYA O DE MAÍZ,2022-07-01,011501,D_city,6346.995079074469
CALI,ACEITE DE SOYA O DE MAÍZ,2022-08-01,011501,D_city,6496.97551508415
CALI,ACEITE DE SOYA O DE MAÍZ,2022-09-01,011501,D_city,6519.9494782111
CALI,ACEITE DE SOYA O DE MAÍZ,2022-10-01,011501,D_city,6571.982618265694
CALI,ACEITE DE SOYA O DE MAÍZ,2022-11-01,011501,D_city,6575.69947581168
CALI,ACEITE DE SOYA O DE MAÍZ,2022-12-01,011501,D_city,6589.553457181535
CALI,ACEITE DE SOYA O DE MAÍZ,2023-01-01,011501,D_city,6640.917844644372
CALI,ACEITE DE SOYA O DE MAÍZ,2023-02-01,011501,D_city,6795.379771284609
CALI,ACEITE DE SOYA O DE MAÍZ,2023-03-01,011501,D_city,6941.095629552676
CALI,ACEITE DE SOYA O DE MAÍZ,2023-04-01,011501,D_city,6979.982462779485
CALI,ACEITE DE SOYA O DE MAÍZ,2023-05-01,011501,D_city,6979.982462779485
CALI,ACEITE DE SOYA O DE MAÍZ,2023-06-01,011501,D_city,6836.960486321737
CALI,ACEITE DE SOYA O DE MAÍZ,2023-07-01,011501,D_city,6721.015991246683
CALI,ACEITE DE SOYA O DE MAÍZ,2023-08-01,011501,D_city,6516.233030639658
CALI,ACEITE DE SOYA O DE MAÍZ,2023-09-01,011501,D_city,6423.330803496499
CALI,ACEITE DE SOYA O DE MAÍZ,2023-10-01,011501,D_city,6338.551589580874
CALI,ACEITE DE SOYA O DE MAÍZ,2023-11-01,011501,D_city,6108.270038360899
CALI,ACEITE DE SOYA O DE MAÍZ,2023-12-01,011501,D_city,6079.23949817147
CALI,ACEITE DE SOYA O DE MAÍZ,2024-01-01,011501,D_city,6021.183812474055
CALI,ACEITE DE SOYA O DE MAÍZ,2024-02-01,011501,D_city,6003.971016942074
CALI,ACEITE DE SOYA O DE MAÍZ,2024-03-01,011501,D_city,5943.225094502355
CALI,ACEITE DE SOYA O DE MAÍZ,2024-04-01,011501,D_city,5900.707728241551
CALI,ACEITE DE SOYA O DE MAÍZ,2024-05-01,011501,D_city,5860.218686727145
CALI,ACEITE DE SOYA O DE MAÍZ,2024-06-01,011501,D_city,5853.1334762535935
CALI,ACEITE DE SOYA O DE MAÍZ,2024-07-01,011501,D_city,5787.010219424292
CALI,ACEITE DE SOYA O DE MAÍZ,2024-08-01,011501,D_city,5750.916440763931
CALI,ACEITE DE SOYA O DE MAÍZ,2024-09-01,011501,D_city,5675.365154029393
CALI,ACEITE DE SOYA O DE MAÍZ,2024-10-01,011501,D_city,5681.435760562863
CALI,ACEITE DE SOYA O DE MAÍZ,2024-11-01,011501,D_city,5740.122608749883
CALI,ACEITE DE SOYA O DE MAÍZ,2024-12-01,011501,D_city,5779.251497000238
CALI,AGUACATE,2019-01-01,011609,D_city,2781.054269598362
CALI,AGUACATE,2019-02-01,011609,D_city,2970.2567403383596
CALI,AGUACATE,2019-03-01,011609,D_city,3406.703520323246
CALI,AGUACATE,2019-04-01,011609,D_city,3333.887031392052
CALI,AGUACATE,2019-05-01,011609,D_city,3067.3614009099692
CALI,AGUACATE,2019-06-01,011609,D_city,3087.0733040095074
CALI,AGUACATE,2019-07-01,011609,D_city,3323.552443300742
CALI,AGUACATE,2019-08-01,011609,D_city,3582.6139334176796
CALI,AGUACATE,2019-09-01,011609,D_city,3874.671476869841
CALI,AGUACATE,2019-10-01,011609,D_city,3821.23793048746
CALI,AGUACATE,2019-11-01,011609,D_city,3563.7533079037253
CALI,AGUACATE,2019-12-01,011609,D_city,3326.577310287048
CALI,AGUACATE,2020-01-01,011609,D_city,3340.4401253202454
CALI,AGUACATE,2020-02-01,011609,D_city,3521.996727799002
CALI,AGUACATE,2020-03-01,011609,D_city,3907.52228200285
CALI,AGUACATE,2020-04-01,011609,D_city,3904.5134278316527
CALI,AGUACATE,2020-05-01,011609,D_city,3628.1174674143776
CALI,AGUACATE,2020-06-01,011609,D_city,3369.6718560630266
CALI,AGUACATE,2020-07-01,011609,D_city,3199.958516344048
CALI,AGUACATE,2020-08-01,011609,D_city,3243.612404808114
CALI,AGUACATE,2020-09-01,011609,D_city,3344.220563637357
CALI,AGUACATE,2020-10-01,011609,D_city,3494.0660642851085
CALI,AGUACATE,2020-11-01,011609,D_city,3530.5506030139495
CALI,AGUACATE,2020-12-01,011609,D_city,3336.407502333509
CALI,AGUACATE,2021-01-01,011609,D_city,3405.1922845116605
CALI,AGUACATE,2021-02-01,011609,D_city,3534.575719596206
CALI,AGUACATE,2021-03-01,011609,D_city,3802.9193739504317
CALI,AGUACATE,2021-04-01,011609,D_city,3898.495490141002
CALI,AGUACATE,2021-05-01,011609,D_city,4979.458563911126
CALI,AGUACATE,2021-06-01,011609,D_city,3919.0555160961967
CALI,AGUACATE,2021-07-01,011609,D_city,3961.418037623874
CALI,AGUACATE,2021-08-01,011609,D_city,4230.2911110377445
CALI,AGUACATE,2021-09-01,011609,D_city,4309.791941953981
CALI,AGUACATE,2021-10-01,011609,D_city,4589.166884027622
CALI,AGUACATE,2021-11-01,011609,D_city,4503.3434824042
CALI,AGUACATE,2021-12-01,011609,D_city,4375.0064830918
CALI,AGUACATE,2022-01-01,011609,D_city,4726.025945012413
CALI,AGUACATE,2022-02-01,011609,D_city,5159.936622703981
CALI,AGUACATE,2022-03-01,011609,D_city,5640.2152289344385
CALI,AGUACATE,2022-04-01,011609,D_city,5666.4715021779
CALI,AGUACATE,2022-05-01,011609,D_city,5385.118708425253
CALI,AGUACATE,2022-06-01,011609,D_city,5331.024389086645
CALI,AGUACATE,2022-07-01,011609,D_city,5478.377036346496
CALI,AGUACATE,2022-08-01,011609,D_city,5723.181298545577
CALI,AGUACATE,2022-09-01,011609,D_city,6127.3005157494
CALI,AGUACATE,2022-10-01,011609,D_city,6308.54346674412
CALI,AGUACATE,2022-11-01,011609,D_city,6055.643821438944
CALI,AGUACATE,2022-12-01,011609,D_city,5627.085582514083
CALI,AGUACATE,2023-01-01,011609,D_city,5900.868407387616
CALI,AGUACATE,2023-02-01,011609,D_city,6270.531408679067
CALI,AGUACATE,2023-03-01,011609,D_city,7084.963178194327
CALI,AGUACATE,2023-04-01,011609,D_city,6806.9541378457425
CALI,AGUACATE,2023-05-01,011609,D_city,6466.681934784095
CALI,AGUACATE,2023-06-01,011609,D_city,6204.362411413488
CALI,AGUACATE,2023-07-01,011609,D_city,6573.186821101289
CALI,AGUACATE,2023-08-01,011609,D_city,7069.473153422643
CALI,AGUACATE,2023-09-01,011609,D_city,7420.310584867223
CALI,AGUACATE,2023-10-01,011609,D_city,7710.050176379693
CALI,AGUACATE,2023-11-01,011609,D_city,7152.565329469093
CALI,AGUACATE,2023-12-01,011609,D_city,6428.454326665339
CALI,AGUACATE,2024-01-01,011609,D_city,6644.404818439036
CALI,AGUACATE,2024-02-01,011609,D_city,7124.052092647543
CALI,AGUACATE,2024-03-01,011609,D_city,7744.86319150655
CALI,AGUACATE,2024-04-01,011609,D_city,8241.745301614439
CALI,AGUACATE,2024-05-01,011609,D_city,7978.61530515021
CALI,AGUACATE,2024-06-01,011609,D_city,7459.094676671084
CALI,AGUACATE,2024-07-01,011609,D_city,7239.556769364804
CALI,AGUACATE,2024-08-01,011609,D_city,7533.698569651153
CALI,AGUACATE,2024-09-01,011609,D_city,8444.471939324165
CALI,AGUACATE,2024-10-01,011609,D_city,8599.404180273834
CALI,AGUACATE,2024-11-01,011609,D_city,8273.546735315642
CALI,AGUACATE,2024-12-01,011609,D_city,7704.410961585748
CALI,AHUYAMA,2019-01-01,011716,BASE_lowR2,1427.655741501681
CALI,AHUYAMA,2019-02-01,011716,BASE_lowR2,1432.8704893537542
CALI,AHUYAMA,2019-03-01,011716,BASE_lowR2,1400.7523832648485
CALI,AHUYAMA,2019-04-01,011716,BASE_lowR2,1369.5824131490474
CALI,AHUYAMA,2019-05-01,011716,BASE_lowR2,1386.1747926783712
CALI,AHUYAMA,2019-06-01,011716,BASE_lowR2,1532.1877325364214
CALI,AHUYAMA,2019-07-01,011716,BASE_lowR2,1634.8234516249531
CALI,AHUYAMA,2019-08-01,011716,BASE_lowR2,1615.9792491595067
CALI,AHUYAMA,2019-09-01,011716,BASE_lowR2,1721.1038251774373
CALI,AHUYAMA,2019-10-01,011716,BASE_lowR2,1654.3787560702278
CALI,AHUYAMA,2019-11-01,011716,BASE_lowR2,1508.3658162121778
CALI,AHUYAMA,2019-12-01,011716,BASE_lowR2,1435.3593462831527
CALI,AHUYAMA,2020-01-01,011716,BASE_lowR2,1757.844094135226
CALI,AHUYAMA,2020-02-01,011716,BASE_lowR2,1933.4862831527828
CALI,AHUYAMA,2020-03-01,011716,BASE_lowR2,2100.358214419126
CALI,AHUYAMA,2020-04-01,011716,BASE_lowR2,1832.0357340306314
CALI,AHUYAMA,2020-05-01,011716,BASE_lowR2,1613.2533582368324
CALI,AHUYAMA,2020-06-01,011716,BASE_lowR2,1631.8605267090027
CALI,AHUYAMA,2020-07-01,011716,BASE_lowR2,1564.1873216286888
CALI,AHUYAMA,2020-08-01,011716,BASE_lowR2,1617.164419125887
CALI,AHUYAMA,2020-09-01,011716,BASE_lowR2,1848.035528576765
CALI,AHUYAMA,2020-10-01,011716,BASE_lowR2,1870.5537579379904
CALI,AHUYAMA,2020-11-01,011716,BASE_lowR2,1787.2363093014567
CALI,AHUYAMA,2020-12-01,011716,BASE_lowR2,1743.3850205453864
CALI,AHUYAMA,2021-01-01,011716,BASE_lowR2,1723.3556481135597
CALI,AHUYAMA,2021-02-01,011716,BASE_lowR2,1710.200261486739
CALI,AHUYAMA,2021-03-01,011716,BASE_lowR2,1770.2883787822188
CALI,AHUYAMA,2021-04-01,011716,BASE_lowR2,1841.2800597683977
CALI,AHUYAMA,2021-05-01,011716,BASE_lowR2,2250.5192491595067
CALI,AHUYAMA,2021-06-01,011716,BASE_lowR2,2100.1211804258496
CALI,AHUYAMA,2021-07-01,011716,BASE_lowR2,2149.779802017183
CALI,AHUYAMA,2021-08-01,011716,BASE_lowR2,2081.3954949570416
CALI,AHUYAMA,2021-09-01,011716,BASE_lowR2,2058.403197609264
CALI,AHUYAMA,2021-10-01,011716,BASE_lowR2,1930.878909226746
CALI,AHUYAMA,2021-11-01,011716,BASE_lowR2,2020.7147926783714
CALI,AHUYAMA,2021-12-01,011716,BASE_lowR2,2176.8016772506535
CALI,AHUYAMA,2022-01-01,011716,BASE_lowR2,2462.072088158386
CALI,AHUYAMA,2022-02-01,011716,BASE_lowR2,2470.131243929772
CALI,AHUYAMA,2022-03-01,011716,BASE_lowR2,2516.945457601793
CALI,AHUYAMA,2022-04-01,011716,BASE_lowR2,2412.0579155771384
CALI,AHUYAMA,2022-05-01,011716,BASE_lowR2,2455.0795853567424
CALI,AHUYAMA,2022-06-01,011716,BASE_lowR2,2587.700104594696
CALI,AHUYAMA,2022-07-01,011716,BASE_lowR2,2773.890306313037
CALI,AHUYAMA,2022-08-01,011716,BASE_lowR2,2937.9178296600667
CALI,AHUYAMA,2022-09-01,011716,BASE_lowR2,2858.1558909226746
CALI,AHUYAMA,2022-10-01,011716,BASE_lowR2,2693.8913335823686
CALI,AHUYAMA,2022-11-01,011716,BASE_lowR2,2615.07753081808
CALI,AHUYAMA,2022-12-01,011716,BASE_lowR2,2577.2706088905493
CALI,AHUYAMA,2023-01-01,011716,BASE_lowR2,2964.584153903623
CALI,AHUYAMA,2023-02-01,011716,BASE_lowR2,2910.540403436683
CALI,AHUYAMA,2023-03-01,011716,BASE_lowR2,3137.974519985057
CALI,AHUYAMA,2023-04-01,011716,BASE_lowR2,3174.7147889428466
CALI,AHUYAMA,2023-05-01,011716,BASE_lowR2,3005.828068733657
CALI,AHUYAMA,2023-06-01,011716,BASE_lowR2,2906.0367575644377
CALI,AHUYAMA,2023-07-01,011716,BASE_lowR2,2753.2683488980197
CALI,AHUYAMA,2023-08-01,011716,BASE_lowR2,2935.5474897273066
CALI,AHUYAMA,2023-09-01,011716,BASE_lowR2,3111.189678744863
CALI,AHUYAMA,2023-10-01,011716,BASE_lowR2,3189.5294135226
CALI,AHUYAMA,2023-11-01,011716,BASE_lowR2,2835.7561785580874
CALI,AHUYAMA,2023-12-01,011716,BASE_lowR2,2675.639716100112
CALI,AHUYAMA,2024-01-01,011716,BASE_lowR2,3160.729783339559
CALI,AHUYAMA,2024-02-01,011716,BASE_lowR2,3519.243698169593
CALI,AHUYAMA,2024-03-01,011716,BASE_lowR2,3692.634064251027
CALI,AHUYAMA,2024-04-01,011716,BASE_lowR2,3779.0329548001496
CALI,AHUYAMA,2024-05-01,011716,BASE_lowR2,3436.6373515128876
CALI,AHUYAMA,2024-06-01,011716,BASE_lowR2,3207.069929025028
CALI,AHUYAMA,2024-07-01,011716,BASE_lowR2,3189.0553455360473
CALI,AHUYAMA,2024-08-01,011716,BASE_lowR2,3264.6691893911093
CALI,AHUYAMA,2024-09-01,011716,BASE_lowR2,3483.214531191632
CALI,AHUYAMA,2024-10-01,011716,BASE_lowR2,3512.9622973477776
CALI,AHUYAMA,2024-11-01,011716,BASE_lowR2,3280.787500933881
CALI,AHUYAMA,2024-12-01,011716,BASE_lowR2,2993.2652670900256
CALI,AJO,2019-01-01,011716,BASE_lowR2,6492.791750093388
CALI,AJO,2019-02-01,011716,BASE_lowR2,6516.5077418752335
CALI,AJO,2019-03-01,011716,BASE_lowR2,6370.4387924915945
CALI,AJO,2019-04-01,011716,BASE_lowR2,6228.681841613747
CALI,AJO,2019-05-01,011716,BASE_lowR2,6304.141815465072
CALI,AJO,2019-06-01,011716,BASE_lowR2,6968.189585356743
CALI,AJO,2019-07-01,011716,BASE_lowR2,7434.963423608516
CALI,AJO,2019-08-01,011716,BASE_lowR2,7349.262453305939
CALI,AJO,2019-09-01,011716,BASE_lowR2,7827.355287635412
CALI,AJO,2019-10-01,011716,BASE_lowR2,7523.898392790436
CALI,AJO,2019-11-01,011716,BASE_lowR2,6859.850622898767
CALI,AJO,2019-12-01,011716,BASE_lowR2,6527.826737952932
CALI,AJO,2020-01-01,011716,BASE_lowR2,7994.445229734777
CALI,AJO,2020-02-01,011716,BASE_lowR2,8793.242952932385
CALI,AJO,2020-03-01,011716,BASE_lowR2,9552.154689951438
CALI,AJO,2020-04-01,011716,BASE_lowR2,8331.85911281285
CALI,AJO,2020-05-01,011716,BASE_lowR2,7336.865457601793
CALI,AJO,2020-06-01,011716,BASE_lowR2,7421.488428277923
CALI,AJO,2020-07-01,011716,BASE_lowR2,7113.719534927157
CALI,AJO,2020-08-01,011716,BASE_lowR2,7354.652451438175
CALI,AJO,2020-09-01,011716,BASE_lowR2,8404.624087598057
CALI,AJO,2020-10-01,011716,BASE_lowR2,8507.034052110572
CALI,AJO,2020-11-01,011716,BASE_lowR2,8128.11718341427
CALI,AJO,2020-12-01,011716,BASE_lowR2,7928.6872525214785
CALI,AJO,2021-01-01,011716,BASE_lowR2,7837.596284086663
CALI,AJO,2021-02-01,011716,BASE_lowR2,7777.767304818828
CALI,AJO,2021-03-01,011716,BASE_lowR2,8051.040210123272
CALI,AJO,2021-04-01,011716,BASE_lowR2,8373.901098244303
CALI,AJO,2021-05-01,011716,BASE_lowR2,10235.06745330594
CALI,AJO,2021-06-01,011716,BASE_lowR2,9551.07669032499
CALI,AJO,2021-07-01,011716,BASE_lowR2,9776.917612065745
CALI,AJO,2021-08-01,011716,BASE_lowR2,9465.914719835637
CALI,AJO,2021-09-01,011716,BASE_lowR2,9361.348756070227
CALI,AJO,2021-10-01,011716,BASE_lowR2,8781.384957041462
CALI,AJO,2021-11-01,011716,BASE_lowR2,9189.946815465073
CALI,AJO,2021-12-01,011716,BASE_lowR2,9899.809569480762
CALI,AJO,2022-01-01,011716,BASE_lowR2,11197.182119910347
CALI,AJO,2022-02-01,011716,BASE_lowR2,11233.834107209563
CALI,AJO,2022-03-01,011716,BASE_lowR2,11446.739033432947
CALI,AJO,2022-04-01,011716,BASE_lowR2,10969.724198729922
CALI,AJO,2022-05-01,011716,BASE_lowR2,11165.381130930145
CALI,AJO,2022-06-01,011716,BASE_lowR2,11768.521921927531
CALI,AJO,2022-07-01,011716,BASE_lowR2,12615.290628502054
CALI,AJO,2022-08-01,011716,BASE_lowR2,13361.266370003734
CALI,AJO,2022-09-01,011716,BASE_lowR2,12998.519495704146
CALI,AJO,2022-10-01,011716,BASE_lowR2,12251.46575457602
CALI,AJO,2022-11-01,011716,BASE_lowR2,11893.030878782218
CALI,AJO,2022-12-01,011716,BASE_lowR2,11721.08993836384
CALI,AJO,2023-01-01,011716,BASE_lowR2,13482.54132797908
CALI,AJO,2023-02-01,011716,BASE_lowR2,13236.757413149047
CALI,AJO,2023-03-01,011716,BASE_lowR2,14271.098054725437
CALI,AJO,2023-04-01,011716,BASE_lowR2,14438.187996824805
CALI,AJO,2023-05-01,011716,BASE_lowR2,13670.113262980949
CALI,AJO,2023-06-01,011716,BASE_lowR2,13216.275420246544
CALI,AJO,2023-07-01,011716,BASE_lowR2,12521.50466100112
CALI,AJO,2023-08-01,011716,BASE_lowR2,13350.48637373926
CALI,AJO,2023-09-01,011716,BASE_lowR2,14149.284096936868
CALI,AJO,2023-10-01,011716,BASE_lowR2,14505.562973477774
CALI,AJO,2023-11-01,011716,BASE_lowR2,12896.648531004856
CALI,AJO,2023-12-01,011716,BASE_lowR2,12168.459783339558
CALI,AJO,2024-01-01,011716,BASE_lowR2,14374.5860188644
CALI,AJO,2024-02-01,011716,BASE_lowR2,16005.060453866268
CALI,AJO,2024-03-01,011716,BASE_lowR2,16793.617180612626
CALI,AJO,2024-04-01,011716,BASE_lowR2,17186.548044452746
CALI,AJO,2024-05-01,011716,BASE_lowR2,15629.377584049309
CALI,AJO,2024-06-01,011716,BASE_lowR2,14585.334945834891
CALI,AJO,2024-07-01,011716,BASE_lowR2,14503.406974224878
CALI,AJO,2024-08-01,011716,BASE_lowR2,14847.288855061635
CALI,AJO,2024-09-01,011716,BASE_lowR2,15841.204510646245
CALI,AJO,2024-10-01,011716,BASE_lowR2,15976.49346376541
CALI,AJO,2024-11-01,011716,BASE_lowR2,14920.592829660065
CALI,AJO,2024-12-01,011716,BASE_lowR2,13612.979282779228
CALI,ARRACACHA,2019-01-01,011712,BASE,2302.7461079176705
CALI,ARRACACHA,2019-02-01,011712,BASE,2235.8313248655663
CALI,ARRACACHA,2019-03-01,011712,BASE,2187.3455312442056
CALI,ARRACACHA,2019-04-01,011712,BASE,2166.064436306323
CALI,ARRACACHA,2019-05-01,011712,BASE,2131.8391702206563
CALI,ARRACACHA,2019-06-01,011712,BASE,2107.4865770443166
CALI,ARRACACHA,2019-07-01,011712,BASE,2156.8499415909514
CALI,ARRACACHA,2019-08-01,011712,BASE,2209.5041971073615
CALI,ARRACACHA,2019-09-01,011712,BASE,2372.2936037455956
CALI,ARRACACHA,2019-10-01,011712,BASE,2461.3670526608566
CALI,ARRACACHA,2019-11-01,011712,BASE,2489.22992953829
CALI,ARRACACHA,2019-12-01,011712,BASE,2485.28086037456
CALI,ARRACACHA,2020-01-01,011712,BASE,2675.055572964955
CALI,ARRACACHA,2020-02-01,011712,BASE,2637.1006304468756
CALI,ARRACACHA,2020-03-01,011712,BASE,2678.1270712034116
CALI,ARRACACHA,2020-04-01,011712,BASE,2670.22893287595
CALI,ARRACACHA,2020-05-01,011712,BASE,2502.6128861487114
CALI,ARRACACHA,2020-06-01,011712,BASE,2426.4836083812347
CALI,ARRACACHA,2020-07-01,011712,BASE,2423.1927174114594
CALI,ARRACACHA,2020-08-01,011712,BASE,2432.845997589468
CALI,ARRACACHA,2020-09-01,011712,BASE,2449.5198451696647
CALI,ARRACACHA,2020-10-01,011712,BASE,2487.474787687743
CALI,ARRACACHA,2020-11-01,011712,BASE,2372.2936037455956
CALI,ARRACACHA,2020-12-01,011712,BASE,2279.7098711292415
CALI,ARRACACHA,2021-01-01,011712,BASE,2283.8783330242904
CALI,ARRACACHA,2021-02-01,011712,BASE,2235.8313248655663
CALI,ARRACACHA,2021-03-01,011712,BASE,2175.278931021695
CALI,ARRACACHA,2021-04-01,011712,BASE,2113.8489662525494
CALI,ARRACACHA,2021-05-01,011712,BASE,2698.5305952160206
CALI,ARRACACHA,2021-06-01,011712,BASE,2239.5610012979787
CALI,ARRACACHA,2021-07-01,011712,BASE,1933.7275338401632
CALI,ARRACACHA,2021-08-01,011712,BASE,1873.6139254589282
CALI,ARRACACHA,2021-09-01,011712,BASE,1836.755946597441
CALI,ARRACACHA,2021-10-01,011712,BASE,1804.0664296310033
CALI,ARRACACHA,2021-11-01,011712,BASE,1798.581611348044
CALI,ARRACACHA,2021-12-01,011712,BASE,1831.4905210458
CALI,ARRACACHA,2022-01-01,011712,BASE,2037.2809030224364
CALI,ARRACACHA,2022-02-01,011712,BASE,2118.4562136102354
CALI,ARRACACHA,2022-03-01,011712,BASE,2123.9410318931946
CALI,ARRACACHA,2022-04-01,011712,BASE,2454.565877989987
CALI,ARRACACHA,2022-05-01,011712,BASE,2621.0849610606338
CALI,ARRACACHA,2022-06-01,011712,BASE,2661.0144381605783
CALI,ARRACACHA,2022-07-01,011712,BASE,3045.1711106990547
CALI,ARRACACHA,2022-08-01,011712,BASE,3595.40808084554
CALI,ARRACACHA,2022-09-01,011712,BASE,3882.373773409976
CALI,ARRACACHA,2022-10-01,011712,BASE,4505.449130354163
CALI,ARRACACHA,2022-11-01,011712,BASE,4873.8095262377155
CALI,ARRACACHA,2022-12-01,011712,BASE,5047.787962173187
CALI,ARRACACHA,2023-01-01,011712,BASE,5410.005361579826
CALI,ARRACACHA,2023-02-01,011712,BASE,5165.382466159836
CALI,ARRACACHA,2023-03-01,011712,BASE,5298.553854070091
CALI,ARRACACHA,2023-04-01,011712,BASE,5243.266885777861
CALI,ARRACACHA,2023-05-01,011712,BASE,5228.34818004821
CALI,ARRACACHA,2023-06-01,011712,BASE,5149.3667967735955
CALI,ARRACACHA,2023-07-01,011712,BASE,4972.316862599665
CALI,ARRACACHA,2023-08-01,011712,BASE,5062.2678824402
CALI,ARRACACHA,2023-09-01,011712,BASE,5095.396184869274
CALI,ARRACACHA,2023-10-01,011712,BASE,5103.733108659373
CALI,ARRACACHA,2023-11-01,011712,BASE,5053.492173187466
CALI,ARRACACHA,2023-12-01,011712,BASE,4780.348222696087
CALI,ARRACACHA,2024-01-01,011712,BASE,4924.489247172261
CALI,ARRACACHA,2024-02-01,011712,BASE,4756.434414982385
CALI,ARRACACHA,2024-03-01,011712,BASE,4381.272844427962
CALI,ARRACACHA,2024-04-01,011712,BASE,4454.330623956981
CALI,ARRACACHA,2024-05-01,011712,BASE,4429.539245318005
CALI,ARRACACHA,2024-06-01,011712,BASE,4399.04365566475
CALI,ARRACACHA,2024-07-01,011712,BASE,4071.490307806416
CALI,ARRACACHA,2024-08-01,011712,BASE,3714.3189412201004
CALI,ARRACACHA,2024-09-01,011712,BASE,3611.423750231782
CALI,ARRACACHA,2024-10-01,011712,BASE,3378.648062302985
CALI,ARRACACHA,2024-11-01,011712,BASE,3010.945844613388
CALI,ARRACACHA,2024-12-01,011712,BASE,2758.8635963285737
CALI,ARROZ INTEGRAL,2019-01-01,011101,D_city,1568.237132873614
CALI,ARROZ INTEGRAL,2019-02-01,011101,D_city,1562.2752909026738
CALI,ARROZ INTEGRAL,2019-03-01,011101,D_city,1561.0824462033393
CALI,ARROZ INTEGRAL,2019-04-01,011101,D_city,1565.5879147224225
CALI,ARROZ INTEGRAL,2019-05-01,011101,D_city,1581.4715426396217
CALI,ARROZ INTEGRAL,2019-06-01,011101,D_city,1590.1956629305425
CALI,ARROZ INTEGRAL,2019-07-01,011101,D_city,1631.8510867252471
CALI,ARROZ INTEGRAL,2019-08-01,011101,D_city,1670.9642769003308
CALI,ARROZ INTEGRAL,2019-09-01,011101,D_city,1677.2493697139626
CALI,ARROZ INTEGRAL,2019-10-01,011101,D_city,1686.276996915332
CALI,ARROZ INTEGRAL,2019-11-01,011101,D_city,1703.2627154185188
CALI,ARROZ INTEGRAL,2019-12-01,011101,D_city,1797.072090933367
CALI,ARROZ INTEGRAL,2020-01-01,011101,D_city,1927.2748942306148
CALI,ARROZ INTEGRAL,2020-02-01,011101,D_city,2023.5743422038654
CALI,ARROZ INTEGRAL,2020-03-01,011101,D_city,2045.4687456685353
CALI,ARROZ INTEGRAL,2020-04-01,011101,D_city,2119.8338625357806
CALI,ARROZ INTEGRAL,2020-05-01,011101,D_city,2130.1330305967135
CALI,ARROZ INTEGRAL,2020-06-01,011101,D_city,2126.742803087114
CALI,ARROZ INTEGRAL,2020-07-01,011101,D_city,2053.5580293860376
CALI,ARROZ INTEGRAL,2020-08-01,011101,D_city,1963.499421455385
CALI,ARROZ INTEGRAL,2020-09-01,011101,D_city,1937.6185631853125
CALI,ARROZ INTEGRAL,2020-10-01,011101,D_city,1906.1743734982667
CALI,ARROZ INTEGRAL,2020-11-01,011101,D_city,1891.7001784358238
CALI,ARROZ INTEGRAL,2020-12-01,011101,D_city,1882.2110235522064
CALI,ARROZ INTEGRAL,2021-01-01,011101,D_city,1867.5762169376464
CALI,ARROZ INTEGRAL,2021-02-01,011101,D_city,1846.358693508065
CALI,ARROZ INTEGRAL,2021-03-01,011101,D_city,1822.776614643196
CALI,ARROZ INTEGRAL,2021-04-01,011101,D_city,1816.9696007218279
CALI,ARROZ INTEGRAL,2021-05-01,011101,D_city,1834.8964234637572
CALI,ARROZ INTEGRAL,2021-06-01,011101,D_city,1838.3750588939274
CALI,ARROZ INTEGRAL,2021-07-01,011101,D_city,1803.9242554136551
CALI,ARROZ INTEGRAL,2021-08-01,011101,D_city,1757.4205435713548
CALI,ARROZ INTEGRAL,2021-09-01,011101,D_city,1721.2614146606102
CALI,ARROZ INTEGRAL,2021-10-01,011101,D_city,1661.528887357976
CALI,ARROZ INTEGRAL,2021-11-01,011101,D_city,1647.8834413106667
CALI,ARROZ INTEGRAL,2021-12-01,011101,D_city,1646.832976150598
CALI,ARROZ INTEGRAL,2022-01-01,011101,D_city,1673.1907185231216
CALI,ARROZ INTEGRAL,2022-02-01,011101,D_city,1739.0972441125105
CALI,ARROZ INTEGRAL,2022-03-01,011101,D_city,1838.3750588939274
CALI,ARROZ INTEGRAL,2022-04-01,011101,D_city,1952.6699013698692
CALI,ARROZ INTEGRAL,2022-05-01,011101,D_city,2042.3073528496504
CALI,ARROZ INTEGRAL,2022-06-01,011101,D_city,2094.803069313841
CALI,ARROZ INTEGRAL,2022-07-01,011101,D_city,2121.969772450057
CALI,ARROZ INTEGRAL,2022-08-01,011101,D_city,2156.970573746374
CALI,ARROZ INTEGRAL,2022-09-01,011101,D_city,2200.1146322758664
CALI,ARROZ INTEGRAL,2022-10-01,011101,D_city,2251.444840390156
CALI,ARROZ INTEGRAL,2022-11-01,011101,D_city,2330.0381363458923
CALI,ARROZ INTEGRAL,2022-12-01,011101,D_city,2394.2780731090716
CALI,ARROZ INTEGRAL,2023-01-01,011101,D_city,2423.155186372117
CALI,ARROZ INTEGRAL,2023-02-01,011101,D_city,2442.0463320995045
CALI,ARROZ INTEGRAL,2023-03-01,011101,D_city,2463.115425386695
CALI,ARROZ INTEGRAL,2023-04-01,011101,D_city,2477.429332281788
CALI,ARROZ INTEGRAL,2023-05-01,011101,D_city,2485.4974733999243
CALI,ARROZ INTEGRAL,2023-06-01,011101,D_city,2462.748211466025
CALI,ARROZ INTEGRAL,2023-07-01,011101,D_city,2446.703854145461
CALI,ARROZ INTEGRAL,2023-08-01,011101,D_city,2441.4333848461165
CALI,ARROZ INTEGRAL,2023-09-01,011101,D_city,2441.801156421668
CALI,ARROZ INTEGRAL,2023-10-01,011101,D_city,2435.4250785193403
CALI,ARROZ INTEGRAL,2023-11-01,011101,D_city,2443.149569478515
CALI,ARROZ INTEGRAL,2023-12-01,011101,D_city,2434.811840614176
CALI,ARROZ INTEGRAL,2024-01-01,011101,D_city,2443.517295942625
CALI,ARROZ INTEGRAL,2024-02-01,011101,D_city,2438.73609762257
CALI,ARROZ INTEGRAL,2024-03-01,011101,D_city,2470.4576992542
CALI,ARROZ INTEGRAL,2024-04-01,011101,D_city,2460.055017160174
CALI,ARROZ INTEGRAL,2024-05-01,011101,D_city,2470.70237605415
CALI,ARROZ INTEGRAL,2024-06-01,011101,D_city,2486.597319951548
CALI,ARROZ INTEGRAL,2024-07-01,011101,D_city,2479.263403029837
CALI,ARROZ INTEGRAL,2024-08-01,011101,D_city,2446.2136616032767
CALI,ARROZ INTEGRAL,2024-09-01,011101,D_city,2432.6039608101796
CALI,ARROZ INTEGRAL,2024-10-01,011101,D_city,2442.414087558918
CALI,ARROZ INTEGRAL,2024-11-01,011101,D_city,2461.401678621836
CALI,ARROZ INTEGRAL,2024-12-01,011101,D_city,2451.9723420941073
CALI,ARROZ PARA SECO,2019-01-01,011101,D_city,1344.9903294081275
CALI,ARROZ PARA SECO,2019-02-01,011101,D_city,1338.612735858015
CALI,ARROZ PARA SECO,2019-03-01,011101,D_city,1337.337431017966
CALI,ARROZ PARA SECO,2019-04-01,011101,D_city,1342.1556235875628
CALI,ARROZ PARA SECO,2019-05-01,011101,D_city,1359.169110043674
CALI,ARROZ PARA SECO,2019-06-01,011101,D_city,1368.5318725201257
CALI,ARROZ PARA SECO,2019-07-01,011101,D_city,1413.4114056953858
CALI,ARROZ PARA SECO,2019-08-01,011101,D_city,1455.811392995468
CALI,ARROZ PARA SECO,2019-09-01,011101,D_city,1462.647765073189
CALI,ARROZ PARA SECO,2019-10-01,011101,D_city,1472.4783370239707
CALI,ARROZ PARA SECO,2019-11-01,011101,D_city,1491.0101641108017
CALI,ARROZ PARA SECO,2019-12-01,011101,D_city,1594.1755120902242
CALI,ARROZ PARA SECO,2020-01-01,011101,D_city,1739.580476333725
CALI,ARROZ PARA SECO,2020-02-01,011101,D_city,1848.711184387027
CALI,ARROZ PARA SECO,2020-03-01,011101,D_city,1873.7052712509787
CALI,ARROZ PARA SECO,2020-04-01,011101,D_city,1959.091253969313
CALI,ARROZ PARA SECO,2020-05-01,011101,D_city,1970.9760006527902
CALI,ARROZ PARA SECO,2020-06-01,011101,D_city,1967.0622643188194
CALI,ARROZ PARA SECO,2020-07-01,011101,D_city,1882.9566173839462
CALI,ARROZ PARA SECO,2020-08-01,011101,D_city,1780.4767025346132
CALI,ARROZ PARA SECO,2020-09-01,011101,D_city,1751.2388427814171
CALI,ARROZ PARA SECO,2020-10-01,011101,D_city,1715.8461718258081
CALI,ARROZ PARA SECO,2020-11-01,011101,D_city,1699.602871765117
CALI,ARROZ PARA SECO,2020-12-01,011101,D_city,1688.9705997931571
CALI,ARROZ PARA SECO,2021-01-01,011101,D_city,1672.598852085126
CALI,ARROZ PARA SECO,2021-02-01,011101,D_city,1648.9195848046056
CALI,ARROZ PARA SECO,2021-03-01,011101,D_city,1622.6804773518702
CALI,ARROZ PARA SECO,2021-04-01,011101,D_city,1616.2320383048368
CALI,ARROZ PARA SECO,2021-05-01,011101,D_city,1636.1554010394793
CALI,ARROZ PARA SECO,2021-06-01,011101,D_city,1640.0270655795143
CALI,ARROZ PARA SECO,2021-07-01,011101,D_city,1601.7643841716742
CALI,ARROZ PARA SECO,2021-08-01,011101,D_city,1550.4022766277249
CALI,ARROZ PARA SECO,2021-09-01,011101,D_city,1510.6972228760262
CALI,ARROZ PARA SECO,2021-10-01,011101,D_city,1445.5603719781645
CALI,ARROZ PARA SECO,2021-11-01,011101,D_city,1430.760883732343
CALI,ARROZ PARA SECO,2021-12-01,011101,D_city,1429.6228327327171
CALI,ARROZ PARA SECO,2022-01-01,011101,D_city,1458.2323929119746
CALI,ARROZ PARA SECO,2022-02-01,011101,D_city,1530.2565401995173
CALI,ARROZ PARA SECO,2022-03-01,011101,D_city,1640.0270655795143
CALI,ARROZ PARA SECO,2022-04-01,011101,D_city,1768.230789828044
CALI,ARROZ PARA SECO,2022-05-01,011101,D_city,1870.0921920426351
CALI,ARROZ PARA SECO,2022-06-01,011101,D_city,1930.2666511987068
CALI,ARROZ PARA SECO,2022-07-01,011101,D_city,1961.5548177638593
CALI,ARROZ PARA SECO,2022-08-01,011101,D_city,2002.0120689674725
CALI,ARROZ PARA SECO,2022-09-01,011101,D_city,2052.1062494546277
CALI,ARROZ PARA SECO,2022-10-01,011101,D_city,2112.0229847752917
CALI,ARROZ PARA SECO,2022-11-01,011101,D_city,2204.4194729752853
CALI,ARROZ PARA SECO,2022-12-01,011101,D_city,2280.518926240359
CALI,ARROZ PARA SECO,2023-01-01,011101,D_city,2314.8931942860463
CALI,ARROZ PARA SECO,2023-02-01,011101,D_city,2337.4356109143155
CALI,ARROZ PARA SECO,2023-03-01,011101,D_city,2362.6279549403093
CALI,ARROZ PARA SECO,2023-04-01,011101,D_city,2379.7736392642473
CALI,ARROZ PARA SECO,2023-05-01,011101,D_city,2389.4487690805445
CALI,ARROZ PARA SECO,2023-06-01,011101,D_city,2362.1884178709315
CALI,ARROZ PARA SECO,2023-07-01,011101,D_city,2342.9999949728926
CALI,ARROZ PARA SECO,2023-08-01,011101,D_city,2336.7035129971287
CALI,ARROZ PARA SECO,2023-09-01,011101,D_city,2337.142770130995
CALI,ARROZ PARA SECO,2023-10-01,011101,D_city,2329.5296669455274
CALI,ARROZ PARA SECO,2023-11-01,011101,D_city,2338.7534211037378
CALI,ARROZ PARA SECO,2023-12-01,011101,D_city,2328.7977147274446
CALI,ARROZ PARA SECO,2024-01-01,011101,D_city,2339.192700860552
CALI,ARROZ PARA SECO,2024-02-01,011101,D_city,2333.482442263435
CALI,ARROZ PARA SECO,2024-03-01,011101,D_city,2371.4197039225965
CALI,ARROZ PARA SECO,2024-04-01,011101,D_city,2358.9652928638934
CALI,ARROZ PARA SECO,2024-05-01,011101,D_city,2371.7127952362753
CALI,ARROZ PARA SECO,2024-06-01,011101,D_city,2390.7682834775974
CALI,ARROZ PARA SECO,2024-07-01,011101,D_city,2381.972329870024
CALI,ARROZ PARA SECO,2024-08-01,011101,D_city,2342.4142337489648
CALI,ARROZ PARA SECO,2024-09-01,011101,D_city,2326.1627986546146
CALI,ARROZ PARA SECO,2024-10-01,011101,D_city,2337.874876129816
CALI,ARROZ PARA SECO,2024-11-01,011101,D_city,2360.5768230554427
CALI,ARROZ PARA SECO,2024-12-01,011101,D_city,2349.2974710024987
CALI,ARVEJA FRESCA,2019-01-01,011716,BASE_lowR2,5745.777756817332
CALI,ARVEJA FRESCA,2019-02-01,011716,BASE_lowR2,5766.765156892043
CALI,ARVEJA FRESCA,2019-03-01,011716,BASE_lowR2,5637.501851886439
CALI,ARVEJA FRESCA,2019-04-01,011716,BASE_lowR2,5512.054437803512
CALI,ARVEJA FRESCA,2019-05-01,011716,BASE_lowR2,5578.832528950316
CALI,ARVEJA FRESCA,2019-06-01,011716,BASE_lowR2,6166.479731042212
CALI,ARVEJA FRESCA,2019-07-01,011716,BASE_lowR2,6579.5499234217405
CALI,ARVEJA FRESCA,2019-08-01,011716,BASE_lowR2,6503.709091333582
CALI,ARVEJA FRESCA,2019-09-01,011716,BASE_lowR2,6926.795997385132
CALI,ARVEJA FRESCA,2019-10-01,011716,BASE_lowR2,6658.252673701905
CALI,ARVEJA FRESCA,2019-11-01,011716,BASE_lowR2,6070.605471610012
CALI,ARVEJA FRESCA,2019-12-01,011716,BASE_lowR2,5776.781870564064
CALI,ARVEJA FRESCA,2020-01-01,011716,BASE_lowR2,7074.661770638774
CALI,ARVEJA FRESCA,2020-02-01,011716,BASE_lowR2,7781.555564064251
CALI,ARVEJA FRESCA,2020-03-01,011716,BASE_lowR2,8453.152366454988
CALI,ARVEJA FRESCA,2020-04-01,011716,BASE_lowR2,7373.255235338065
CALI,ARVEJA FRESCA,2020-05-01,011716,BASE_lowR2,6492.738404930893
CALI,ARVEJA FRESCA,2020-06-01,011716,BASE_lowR2,6567.625264288383
CALI,ARVEJA FRESCA,2020-07-01,011716,BASE_lowR2,6295.26604968248
CALI,ARVEJA FRESCA,2020-08-01,011716,BASE_lowR2,6508.478954986925
CALI,ARVEJA FRESCA,2020-09-01,011716,BASE_lowR2,7437.648394658199
CALI,ARVEJA FRESCA,2020-10-01,011716,BASE_lowR2,7528.275804071723
CALI,ARVEJA FRESCA,2020-11-01,011716,BASE_lowR2,7192.954389241688
CALI,ARVEJA FRESCA,2020-12-01,011716,BASE_lowR2,7016.469434067986
CALI,ARVEJA FRESCA,2021-01-01,011716,BASE_lowR2,6935.858738326484
CALI,ARVEJA FRESCA,2021-02-01,011716,BASE_lowR2,6882.913251774375
CALI,ARVEJA FRESCA,2021-03-01,011716,BASE_lowR2,7124.74533899888
CALI,ARVEJA FRESCA,2021-04-01,011716,BASE_lowR2,7410.460171834143
CALI,ARVEJA FRESCA,2021-05-01,011716,BASE_lowR2,9057.494091333581
CALI,ARVEJA FRESCA,2021-06-01,011716,BASE_lowR2,8452.198393724317
CALI,ARVEJA FRESCA,2021-07-01,011716,BASE_lowR2,8652.055680799402
CALI,ARVEJA FRESCA,2021-08-01,011716,BASE_lowR2,8376.834548001494
CALI,ARVEJA FRESCA,2021-09-01,011716,BASE_lowR2,8284.299193126633
CALI,ARVEJA FRESCA,2021-10-01,011716,BASE_lowR2,7771.061864026894
CALI,ARVEJA FRESCA,2021-11-01,011716,BASE_lowR2,8132.617528950318
CALI,ARVEJA FRESCA,2021-12-01,011716,BASE_lowR2,8760.80857209563
CALI,ARVEJA FRESCA,2022-01-01,011716,BASE_lowR2,9908.91475345536
CALI,ARVEJA FRESCA,2022-02-01,011716,BASE_lowR2,9941.349826298094
CALI,ARVEJA FRESCA,2022-03-01,011716,BASE_lowR2,10129.759440605156
CALI,ARVEJA FRESCA,2022-04-01,011716,BASE_lowR2,9707.626507284273
CALI,ARVEJA FRESCA,2022-05-01,011716,BASE_lowR2,9880.772557900635
CALI,ARVEJA FRESCA,2022-06-01,011716,BASE_lowR2,10414.52030070975
CALI,ARVEJA FRESCA,2022-07-01,011716,BASE_lowR2,11163.86588064998
CALI,ARVEJA FRESCA,2022-08-01,011716,BASE_lowR2,11824.015010272691
CALI,ARVEJA FRESCA,2022-09-01,011716,BASE_lowR2,11503.00318640269
CALI,ARVEJA FRESCA,2022-10-01,011716,BASE_lowR2,10841.90008404931
CALI,ARVEJA FRESCA,2022-11-01,011716,BASE_lowR2,10524.70415110198
CALI,ARVEJA FRESCA,2022-12-01,011716,BASE_lowR2,10372.545500560329
CALI,ARVEJA FRESCA,2023-01-01,011716,BASE_lowR2,11931.336942472915
CALI,ARVEJA FRESCA,2023-02-01,011716,BASE_lowR2,11713.831159880463
CALI,ARVEJA FRESCA,2023-03-01,011716,BASE_lowR2,12629.167994957039
CALI,ARVEJA FRESCA,2023-04-01,011716,BASE_lowR2,12777.033768210684
CALI,ARVEJA FRESCA,2023-05-01,011716,BASE_lowR2,12097.328197609264
CALI,ARVEJA FRESCA,2023-06-01,011716,BASE_lowR2,11695.70567799776
CALI,ARVEJA FRESCA,2023-07-01,011716,BASE_lowR2,11080.870253081806
CALI,ARVEJA FRESCA,2023-08-01,011716,BASE_lowR2,11814.475282966006
CALI,ARVEJA FRESCA,2023-09-01,011716,BASE_lowR2,12521.369076391482
CALI,ARVEJA FRESCA,2023-10-01,011716,BASE_lowR2,12836.657063877476
CALI,ARVEJA FRESCA,2023-11-01,011716,BASE_lowR2,11412.852763354502
CALI,ARVEJA FRESCA,2023-12-01,011716,BASE_lowR2,10768.44418378782
CALI,ARVEJA FRESCA,2024-01-01,011716,BASE_lowR2,12720.749377101232
CALI,ARVEJA FRESCA,2024-02-01,011716,BASE_lowR2,14163.633132237579
CALI,ARVEJA FRESCA,2024-03-01,011716,BASE_lowR2,14861.464184721703
CALI,ARVEJA FRESCA,2024-04-01,011716,BASE_lowR2,15209.18724505043
CALI,ARVEJA FRESCA,2024-05-01,011716,BASE_lowR2,13831.173635599553
CALI,ARVEJA FRESCA,2024-06-01,011716,BASE_lowR2,12907.251045946956
CALI,ARVEJA FRESCA,2024-07-01,011716,BASE_lowR2,12834.749118416135
CALI,ARVEJA FRESCA,2024-08-01,011716,BASE_lowR2,13139.066419499439
CALI,ARVEJA FRESCA,2024-09-01,011716,BASE_lowR2,14018.629277175942
CALI,ARVEJA FRESCA,2024-10-01,011716,BASE_lowR2,14138.35285487486
CALI,ARVEJA FRESCA,2024-11-01,011716,BASE_lowR2,13203.936565184908
CALI,ARVEJA FRESCA,2024-12-01,011716,BASE_lowR2,12046.767642883824
CALI,ARVEJA SECA,2019-01-01,011716,BASE_lowR2,1446.0374785207323
CALI,ARVEJA SECA,2019-02-01,011716,BASE_lowR2,1451.319368696302
CALI,ARVEJA SECA,2019-03-01,011716,BASE_lowR2,1418.787726933134
CALI,ARVEJA SECA,2019-04-01,011716,BASE_lowR2,1387.2164288382521
CALI,ARVEJA SECA,2019-05-01,011716,BASE_lowR2,1404.0224430332462
CALI,ARVEJA SECA,2019-06-01,011716,BASE_lowR2,1551.9153679491972
CALI,ARVEJA SECA,2019-07-01,011716,BASE_lowR2,1655.8725700410907
CALI,ARVEJA SECA,2019-08-01,011716,BASE_lowR2,1636.7857396339186
CALI,ARVEJA SECA,2019-09-01,011716,BASE_lowR2,1743.2638438550616
CALI,ARVEJA SECA,2019-10-01,011716,BASE_lowR2,1675.6796581994772
CALI,ARVEJA SECA,2019-11-01,011716,BASE_lowR2,1527.7867332835265
CALI,ARVEJA SECA,2019-12-01,011716,BASE_lowR2,1453.840270825551
CALI,ARVEJA SECA,2020-01-01,011716,BASE_lowR2,1780.4771610011207
CALI,ARVEJA SECA,2020-02-01,011716,BASE_lowR2,1958.38082555099
CALI,ARVEJA SECA,2020-03-01,011716,BASE_lowR2,2127.4013111692193
CALI,ARVEJA SECA,2020-04-01,011716,BASE_lowR2,1855.6240530444531
CALI,ARVEJA SECA,2020-05-01,011716,BASE_lowR2,1634.0247515875983
CALI,ARVEJA SECA,2020-06-01,011716,BASE_lowR2,1652.871496077699
CALI,ARVEJA SECA,2020-07-01,011716,BASE_lowR2,1584.326966753829
CALI,ARVEJA SECA,2020-08-01,011716,BASE_lowR2,1637.986169219275
CALI,ARVEJA SECA,2020-09-01,011716,BASE_lowR2,1871.8298524467689
CALI,ARVEJA SECA,2020-10-01,011716,BASE_lowR2,1894.6380145685473
CALI,ARVEJA SECA,2020-11-01,011716,BASE_lowR2,1810.247814717968
CALI,ARVEJA SECA,2020-12-01,011716,BASE_lowR2,1765.8319200597684
CALI,ARVEJA SECA,2021-01-01,011716,BASE_lowR2,1745.5446600672394
CALI,ARVEJA SECA,2021-02-01,011716,BASE_lowR2,1732.21989166978
CALI,ARVEJA SECA,2021-03-01,011716,BASE_lowR2,1793.0816716473666
CALI,ARVEJA SECA,2021-04-01,011716,BASE_lowR2,1864.9874038102357
CALI,ARVEJA SECA,2021-05-01,011716,BASE_lowR2,2279.4957396339187
CALI,ARVEJA SECA,2021-06-01,011716,BASE_lowR2,2127.1612252521477
CALI,ARVEJA SECA,2021-07-01,011716,BASE_lowR2,2177.4592248785953
CALI,ARVEJA SECA,2021-08-01,011716,BASE_lowR2,2108.194437803512
CALI,ARVEJA SECA,2021-09-01,011716,BASE_lowR2,2084.9061038475907
CALI,ARVEJA SECA,2021-10-01,011716,BASE_lowR2,1955.739880463205
CALI,ARVEJA SECA,2021-11-01,011716,BASE_lowR2,2046.7324430332465
CALI,ARVEJA SECA,2021-12-01,011716,BASE_lowR2,2204.8290194247293
CALI,ARVEJA SECA,2022-01-01,011716,BASE_lowR2,2493.7724206200974
CALI,ARVEJA SECA,2022-02-01,011716,BASE_lowR2,2501.935341800523
CALI,ARVEJA SECA,2022-03-01,011716,BASE_lowR2,2549.3523104221144
CALI,ARVEJA SECA,2022-04-01,011716,BASE_lowR2,2443.1142921180426
CALI,ARVEJA SECA,2022-05-01,011716,BASE_lowR2,2486.6898860664924
CALI,ARVEJA SECA,2022-06-01,011716,BASE_lowR2,2621.017956667912
CALI,ARVEJA SECA,2022-07-01,011716,BASE_lowR2,2809.6054445274563
CALI,ARVEJA SECA,2022-08-01,011716,BASE_lowR2,2975.744899140829
CALI,ARVEJA SECA,2022-09-01,011716,BASE_lowR2,2894.9559880463207
CALI,ARVEJA SECA,2022-10-01,011716,BASE_lowR2,2728.5764475158767
CALI,ARVEJA SECA,2022-11-01,011716,BASE_lowR2,2648.747880089653
CALI,ARVEJA SECA,2022-12-01,011716,BASE_lowR2,2610.454176316773
CALI,ARVEJA SECA,2023-01-01,011716,BASE_lowR2,3002.754564811356
CALI,ARVEJA SECA,2023-02-01,011716,BASE_lowR2,2948.014975719089
CALI,ARVEJA SECA,2023-03-01,011716,BASE_lowR2,3178.3774131490472
CALI,ARVEJA SECA,2023-04-01,011716,BASE_lowR2,3215.590730295107
CALI,ARVEJA SECA,2023-05-01,011716,BASE_lowR2,3044.529514381771
CALI,ARVEJA SECA,2023-06-01,011716,BASE_lowR2,2943.4533432947333
CALI,ARVEJA SECA,2023-07-01,011716,BASE_lowR2,2788.717969742249
CALI,ARVEJA SECA,2023-08-01,011716,BASE_lowR2,2973.3440399701162
CALI,ARVEJA SECA,2023-09-01,011716,BASE_lowR2,3151.247704519985
CALI,ARVEJA SECA,2023-10-01,011716,BASE_lowR2,3230.5961001120663
CALI,ARVEJA SECA,2023-11-01,011716,BASE_lowR2,2872.2678688830783
CALI,ARVEJA SECA,2023-12-01,011716,BASE_lowR2,2710.0898319013822
CALI,ARVEJA SECA,2024-01-01,011716,BASE_lowR2,3201.4256611878973
CALI,ARVEJA SECA,2024-02-01,011716,BASE_lowR2,3564.5556107583116
CALI,ARVEJA SECA,2024-03-01,011716,BASE_lowR2,3740.1784590960033
CALI,ARVEJA SECA,2024-04-01,011716,BASE_lowR2,3827.68977586851
CALI,ARVEJA SECA,2024-05-01,011716,BASE_lowR2,3480.885668658947
CALI,ARVEJA SECA,2024-06-01,011716,BASE_lowR2,3248.362457975346
CALI,ARVEJA SECA,2024-07-01,011716,BASE_lowR2,3230.115928277923
CALI,ARVEJA SECA,2024-08-01,011716,BASE_lowR2,3306.7033358236836
CALI,ARVEJA SECA,2024-09-01,011716,BASE_lowR2,3528.062551363467
CALI,ARVEJA SECA,2024-10-01,011716,BASE_lowR2,3558.1933339559214
CALI,ARVEJA SECA,2024-11-01,011716,BASE_lowR2,3323.029178184535
CALI,ARVEJA SECA,2024-12-01,011716,BASE_lowR2,3031.804960776989
CALI,ARVEJA TARRO,2019-01-01,011703,D_city,4238.113971070671
CALI,ARVEJA TARRO,2019-02-01,011703,D_city,4217.131768520429
CALI,ARVEJA TARRO,2019-03-01,011703,D_city,4174.304682000795
CALI,ARVEJA TARRO,2019-04-01,011703,D_city,4154.207564954188
CALI,ARVEJA TARRO,2019-05-01,011703,D_city,4198.7753942859035
CALI,ARVEJA TARRO,2019-06-01,011703,D_city,4248.16925728819
CALI,ARVEJA TARRO,2019-07-01,011703,D_city,4292.772469974801
CALI,ARVEJA TARRO,2019-08-01,011703,D_city,4299.333164321221
CALI,ARVEJA TARRO,2019-09-01,011703,D_city,4294.959328385479
CALI,ARVEJA TARRO,2019-10-01,011703,D_city,4311.143313601157
CALI,ARVEJA TARRO,2019-11-01,011703,D_city,4315.955186893771
CALI,ARVEJA TARRO,2019-12-01,011703,D_city,4301.520141808766
CALI,ARVEJA TARRO,2020-01-01,011703,D_city,4345.267994284595
CALI,ARVEJA TARRO,2020-02-01,011703,D_city,4347.4558006166835
CALI,ARVEJA TARRO,2020-03-01,011703,D_city,4344.392882750222
CALI,ARVEJA TARRO,2020-04-01,011703,D_city,4477.04327795527
CALI,ARVEJA TARRO,2020-05-01,011703,D_city,4526.111495359998
CALI,ARVEJA TARRO,2020-06-01,011703,D_city,4554.159010124569
CALI,ARVEJA TARRO,2020-07-01,011703,D_city,4583.089462869113
CALI,ARVEJA TARRO,2020-08-01,011703,D_city,4590.980718547353
CALI,ARVEJA TARRO,2020-09-01,011703,D_city,4599.310902129047
CALI,ARVEJA TARRO,2020-10-01,011703,D_city,4608.080097739133
CALI,ARVEJA TARRO,2020-11-01,011703,D_city,4630.882789161823
CALI,ARVEJA TARRO,2020-12-01,011703,D_city,4586.596627841419
CALI,ARVEJA TARRO,2021-01-01,011703,D_city,4599.310902129047
CALI,ARVEJA TARRO,2021-02-01,011703,D_city,4627.81296239996
CALI,ARVEJA TARRO,2021-03-01,011703,D_city,4715.550730131772
CALI,ARVEJA TARRO,2021-04-01,011703,D_city,4731.788633177416
CALI,ARVEJA TARRO,2021-05-01,011703,D_city,4728.277566595332
CALI,ARVEJA TARRO,2021-06-01,011703,D_city,4723.450001875347
CALI,ARVEJA TARRO,2021-07-01,011703,D_city,4716.867242672324
CALI,ARVEJA TARRO,2021-08-01,011703,D_city,4769.977468247004
CALI,ARVEJA TARRO,2021-09-01,011703,D_city,4823.547981009285
CALI,ARVEJA TARRO,2021-10-01,011703,D_city,4823.987171580628
CALI,ARVEJA TARRO,2021-11-01,011703,D_city,4883.290940328857
CALI,ARVEJA TARRO,2021-12-01,011703,D_city,4898.230766477314
CALI,ARVEJA TARRO,2022-01-01,011703,D_city,5018.247311860625
CALI,ARVEJA TARRO,2022-02-01,011703,D_city,5117.239168988553
CALI,ARVEJA TARRO,2022-03-01,011703,D_city,5220.263184085574
CALI,ARVEJA TARRO,2022-04-01,011703,D_city,5280.173818289008
CALI,ARVEJA TARRO,2022-05-01,011703,D_city,5301.765223977343
CALI,ARVEJA TARRO,2022-06-01,011703,D_city,5553.599382464676
CALI,ARVEJA TARRO,2022-07-01,011703,D_city,5656.038335428525
CALI,ARVEJA TARRO,2022-08-01,011703,D_city,5754.565786725148
CALI,ARVEJA TARRO,2022-09-01,011703,D_city,6099.215520633383
CALI,ARVEJA TARRO,2022-10-01,011703,D_city,6358.494386445603
CALI,ARVEJA TARRO,2022-11-01,011703,D_city,6663.462035450697
CALI,ARVEJA TARRO,2022-12-01,011703,D_city,6794.570411634387
CALI,ARVEJA TARRO,2023-01-01,011703,D_city,6783.456007918382
CALI,ARVEJA TARRO,2023-02-01,011703,D_city,7021.889526590993
CALI,ARVEJA TARRO,2023-03-01,011703,D_city,7363.13558674889
CALI,ARVEJA TARRO,2023-04-01,011703,D_city,7456.788412567459
CALI,ARVEJA TARRO,2023-05-01,011703,D_city,7532.633365901572
CALI,ARVEJA TARRO,2023-06-01,011703,D_city,7553.1608121586805
CALI,ARVEJA TARRO,2023-07-01,011703,D_city,7566.5493494207485
CALI,ARVEJA TARRO,2023-08-01,011703,D_city,7608.05917825938
CALI,ARVEJA TARRO,2023-09-01,011703,D_city,7632.6118059671035
CALI,ARVEJA TARRO,2023-10-01,011703,D_city,7660.739185956272
CALI,ARVEJA TARRO,2023-11-01,011703,D_city,7767.924747686324
CALI,ARVEJA TARRO,2023-12-01,011703,D_city,7966.803781100956
CALI,ARVEJA TARRO,2024-01-01,011703,D_city,8224.491810553984
CALI,ARVEJA TARRO,2024-02-01,011703,D_city,8298.809954058786
CALI,ARVEJA TARRO,2024-03-01,011703,D_city,8305.974406295316
CALI,ARVEJA TARRO,2024-04-01,011703,D_city,8275.974735502135
CALI,ARVEJA TARRO,2024-05-01,011703,D_city,8332.84306367349
CALI,ARVEJA TARRO,2024-06-01,011703,D_city,8279.10884828528
CALI,ARVEJA TARRO,2024-07-01,011703,D_city,8417.947487477577
CALI,ARVEJA TARRO,2024-08-01,011703,D_city,8355.235972363327
CALI,ARVEJA TARRO,2024-09-01,011703,D_city,8253.58944747089
CALI,ARVEJA TARRO,2024-10-01,011703,D_city,8232.549250688568
CALI,ARVEJA TARRO,2024-11-01,011703,D_city,8230.311044650432
CALI,ARVEJA TARRO,2024-12-01,011703,D_city,8215.987040263266
CALI,AVENA HOJUELAS,2019-01-01,011103,D_city,6524.3062721039305
CALI,AVENA HOJUELAS,2019-02-01,011103,D_city,6528.823466605955
CALI,AVENA HOJUELAS,2019-03-01,011103,D_city,6417.8295184986955
CALI,AVENA HOJUELAS,2019-04-01,011103,D_city,6410.731066469933
CALI,AVENA HOJUELAS,2019-05-01,011103,D_city,6404.277928066766
CALI,AVENA HOJUELAS,2019-06-01,011103,D_city,6375.884116879475
CALI,AVENA HOJUELAS,2019-07-01,011103,D_city,6363.62315183988
CALI,AVENA HOJUELAS,2019-08-01,011103,D_city,6273.279177985715
CALI,AVENA HOJUELAS,2019-09-01,011103,D_city,6216.491518251728
CALI,AVENA HOJUELAS,2019-10-01,011103,D_city,6164.866360158892
CALI,AVENA HOJUELAS,2019-11-01,011103,D_city,6112.595874983577
CALI,AVENA HOJUELAS,2019-12-01,011103,D_city,6088.719229357382
CALI,AVENA HOJUELAS,2020-01-01,011103,D_city,6082.911396232711
CALI,AVENA HOJUELAS,2020-02-01,011103,D_city,6042.256559907812
CALI,AVENA HOJUELAS,2020-03-01,011103,D_city,6032.576835821378
CALI,AVENA HOJUELAS,2020-04-01,011103,D_city,6136.472517940516
CALI,AVENA HOJUELAS,2020-05-01,011103,D_city,6195.841456492729
CALI,AVENA HOJUELAS,2020-06-01,011103,D_city,6245.530664280271
CALI,AVENA HOJUELAS,2020-07-01,011103,D_city,6288.121404803801
CALI,AVENA HOJUELAS,2020-08-01,011103,D_city,6204.230544319514
CALI,AVENA HOJUELAS,2020-09-01,011103,D_city,6245.530664280271
CALI,AVENA HOJUELAS,2020-10-01,011103,D_city,6290.057347358277
CALI,AVENA HOJUELAS,2020-11-01,011103,D_city,6352.007500126095
CALI,AVENA HOJUELAS,2020-12-01,011103,D_city,6350.071558114725
CALI,AVENA HOJUELAS,2021-01-01,011103,D_city,6420.410773726157
CALI,AVENA HOJUELAS,2021-02-01,011103,D_city,6468.8093037548315
CALI,AVENA HOJUELAS,2021-03-01,011103,D_city,6634.009541990208
CALI,AVENA HOJUELAS,2021-04-01,011103,D_city,6660.467381629708
CALI,AVENA HOJUELAS,2021-05-01,011103,D_city,6683.698652979017
CALI,AVENA HOJUELAS,2021-06-01,011103,D_city,6683.0533399172255
CALI,AVENA HOJUELAS,2021-07-01,011103,D_city,6653.368937144124
CALI,AVENA HOJUELAS,2021-08-01,011103,D_city,6661.112694754022
CALI,AVENA HOJUELAS,2021-09-01,011103,D_city,6697.895539887645
CALI,AVENA HOJUELAS,2021-10-01,011103,D_city,6706.929922017341
CALI,AVENA HOJUELAS,2021-11-01,011103,D_city,6752.101827450817
CALI,AVENA HOJUELAS,2021-12-01,011103,D_city,6796.628411484655
CALI,AVENA HOJUELAS,2022-01-01,011103,D_city,6907.622178936675
CALI,AVENA HOJUELAS,2022-02-01,011103,D_city,7063.142430203502
CALI,AVENA HOJUELAS,2022-03-01,011103,D_city,7097.343966014848
CALI,AVENA HOJUELAS,2022-04-01,011103,D_city,7054.753373526775
CALI,AVENA HOJUELAS,2022-05-01,011103,D_city,7062.497118161575
CALI,AVENA HOJUELAS,2022-06-01,011103,D_city,7032.16745028479
CALI,AVENA HOJUELAS,2022-07-01,011103,D_city,7067.014302419638
CALI,AVENA HOJUELAS,2022-08-01,011103,D_city,7078.629918703905
CALI,AVENA HOJUELAS,2022-09-01,011103,D_city,7198.657921860353
CALI,AVENA HOJUELAS,2022-10-01,011103,D_city,7253.509409552565
CALI,AVENA HOJUELAS,2022-11-01,011103,D_city,7431.61533524962
CALI,AVENA HOJUELAS,2022-12-01,011103,D_city,7576.164982097571
CALI,AVENA HOJUELAS,2023-01-01,011103,D_city,7833.6438459708415
CALI,AVENA HOJUELAS,2023-02-01,011103,D_city,8018.202481089825
CALI,AVENA HOJUELAS,2023-03-01,011103,D_city,8152.42686646549
CALI,AVENA HOJUELAS,2023-04-01,011103,D_city,8290.523043108466
CALI,AVENA HOJUELAS,2023-05-01,011103,D_city,8493.15002454963
CALI,AVENA HOJUELAS,2023-06-01,011103,D_city,8481.53446887402
CALI,AVENA HOJUELAS,2023-07-01,011103,D_city,8540.902859779442
CALI,AVENA HOJUELAS,2023-08-01,011103,D_city,8629.955424017913
CALI,AVENA HOJUELAS,2023-09-01,011103,D_city,8657.703681400906
CALI,AVENA HOJUELAS,2023-10-01,011103,D_city,8744.174978817951
CALI,AVENA HOJUELAS,2023-11-01,011103,D_city,8795.799622309722
CALI,AVENA HOJUELAS,2023-12-01,011103,D_city,8807.415165898476
CALI,AVENA HOJUELAS,2024-01-01,011103,D_city,8754.499908212498
CALI,AVENA HOJUELAS,2024-02-01,011103,D_city,8717.717345650824
CALI,AVENA HOJUELAS,2024-03-01,011103,D_city,8667.383305470164
CALI,AVENA HOJUELAS,2024-04-01,011103,D_city,8605.433706065984
CALI,AVENA HOJUELAS,2024-05-01,011103,D_city,8521.543603177228
CALI,AVENA HOJUELAS,2024-06-01,011103,D_city,8500.248419460862
CALI,AVENA HOJUELAS,2024-07-01,011103,D_city,8495.085950451343
CALI,AVENA HOJUELAS,2024-08-01,011103,D_city,8486.0516294686
CALI,AVENA HOJUELAS,2024-09-01,011103,D_city,8406.033345857271
CALI,AVENA HOJUELAS,2024-10-01,011103,D_city,8346.664927811775
CALI,AVENA HOJUELAS,2024-11-01,011103,D_city,8243.415476286984
CALI,AVENA HOJUELAS,2024-12-01,011103,D_city,8165.97836337945
CALI,AVENA MOLIDA,2019-01-01,011103,D_city,6872.349364792575
CALI,AVENA MOLIDA,2019-02-01,011103,D_city,6876.7601516309705
CALI,AVENA MOLIDA,2019-03-01,011103,D_city,6768.315881880893
CALI,AVENA MOLIDA,2019-04-01,011103,D_city,6761.375857596397
CALI,AVENA MOLIDA,2019-05-01,011103,D_city,6755.066257733438
CALI,AVENA MOLIDA,2019-06-01,011103,D_city,6727.298496742209
CALI,AVENA MOLIDA,2019-07-01,011103,D_city,6715.305083618697
CALI,AVENA MOLIDA,2019-08-01,011103,D_city,6626.880314935852
CALI,AVENA MOLIDA,2019-09-01,011103,D_city,6571.251507589607
CALI,AVENA MOLIDA,2019-10-01,011103,D_city,6520.647666453623
CALI,AVENA MOLIDA,2019-11-01,011103,D_city,6469.37974375538
CALI,AVENA MOLIDA,2019-12-01,011103,D_city,6445.950427121982
CALI,AVENA MOLIDA,2020-01-01,011103,D_city,6440.250390777721
CALI,AVENA MOLIDA,2020-02-01,011103,D_city,6400.338987215517
CALI,AVENA MOLIDA,2020-03-01,011103,D_city,6390.833386764923
CALI,AVENA MOLIDA,2020-04-01,011103,D_city,6492.802379369493
CALI,AVENA MOLIDA,2020-05-01,011103,D_city,6551.013667339128
CALI,AVENA MOLIDA,2020-06-01,011103,D_city,6599.702671003335
CALI,AVENA MOLIDA,2020-07-01,011103,D_city,6641.413589222172
CALI,AVENA MOLIDA,2020-08-01,011103,D_city,6559.235882967313
CALI,AVENA MOLIDA,2020-09-01,011103,D_city,6599.702671003335
CALI,AVENA MOLIDA,2020-10-01,011103,D_city,6643.309048925568
CALI,AVENA MOLIDA,2020-11-01,011103,D_city,6703.94134640012
CALI,AVENA MOLIDA,2020-12-01,011103,D_city,6702.047242759502
CALI,AVENA MOLIDA,2021-01-01,011103,D_city,6770.83938809264
CALI,AVENA MOLIDA,2021-02-01,011103,D_city,6818.141449276675
CALI,AVENA MOLIDA,2021-03-01,011103,D_city,6979.405817557998
CALI,AVENA MOLIDA,2021-04-01,011103,D_city,7005.2058931538495
CALI,AVENA MOLIDA,2021-05-01,011103,D_city,7027.8534482011455
CALI,AVENA MOLIDA,2021-06-01,011103,D_city,7027.22442714735
CALI,AVENA MOLIDA,2021-07-01,011103,D_city,6998.284657357493
CALI,AVENA MOLIDA,2021-08-01,011103,D_city,7005.835069694124
CALI,AVENA MOLIDA,2021-09-01,011103,D_city,7041.690790349251
CALI,AVENA MOLIDA,2021-10-01,011103,D_city,7050.495256535532
CALI,AVENA MOLIDA,2021-11-01,011103,D_city,7094.5046243583465
CALI,AVENA MOLIDA,2021-12-01,011103,D_city,7137.864252983066
CALI,AVENA MOLIDA,2022-01-01,011103,D_city,7245.859171411559
CALI,AVENA MOLIDA,2022-02-01,011103,D_city,7396.965101149906
CALI,AVENA MOLIDA,2022-03-01,011103,D_city,7430.163104069956
CALI,AVENA MOLIDA,2022-04-01,011103,D_city,7388.820404284576
CALI,AVENA MOLIDA,2022-05-01,011103,D_city,7396.338611092386
CALI,AVENA MOLIDA,2022-06-01,011103,D_city,7366.888856819642
CALI,AVENA MOLIDA,2022-07-01,011103,D_city,7400.723953748657
CALI,AVENA MOLIDA,2022-08-01,011103,D_city,7411.999609747245
CALI,AVENA MOLIDA,2022-09-01,011103,D_city,7528.436051829729
CALI,AVENA MOLIDA,2022-10-01,011103,D_city,7581.598938327101
CALI,AVENA MOLIDA,2022-11-01,011103,D_city,7754.020834195027
CALI,AVENA MOLIDA,2022-12-01,011103,D_city,7893.735466980541
CALI,AVENA MOLIDA,2023-01-01,011103,D_city,8142.122882689272
CALI,AVENA MOLIDA,2023-02-01,011103,D_city,8319.79739428769
CALI,AVENA MOLIDA,2023-03-01,011103,D_city,8448.827398480265
CALI,AVENA MOLIDA,2023-04-01,011103,D_city,8581.41765606445
CALI,AVENA MOLIDA,2023-05-01,011103,D_city,8775.675057268627
CALI,AVENA MOLIDA,2023-06-01,011103,D_city,8764.548500864768
CALI,AVENA MOLIDA,2023-07-01,011103,D_city,8821.405912480797
CALI,AVENA MOLIDA,2023-08-01,011103,D_city,8906.63800522602
CALI,AVENA MOLIDA,2023-09-01,011103,D_city,8933.182680771884
CALI,AVENA MOLIDA,2023-10-01,011103,D_city,9015.863558462017
CALI,AVENA MOLIDA,2023-11-01,011103,D_city,9065.196786916407
CALI,AVENA MOLIDA,2023-12-01,011103,D_city,9076.293845749244
CALI,AVENA MOLIDA,2024-01-01,011103,D_city,9025.731901454576
CALI,AVENA MOLIDA,2024-02-01,011103,D_city,8990.57204353906
CALI,AVENA MOLIDA,2024-03-01,011103,D_city,8942.440989023306
CALI,AVENA MOLIDA,2024-04-01,011103,D_city,8883.174733099577
CALI,AVENA MOLIDA,2024-05-01,011103,D_city,8802.868632461323
CALI,AVENA MOLIDA,2024-06-01,011103,D_city,8782.474072493227
CALI,AVENA MOLIDA,2024-07-01,011103,D_city,8777.529375279852
CALI,AVENA MOLIDA,2024-08-01,011103,D_city,8768.87562714065
CALI,AVENA MOLIDA,2024-09-01,011103,D_city,8692.198690871657
CALI,AVENA MOLIDA,2024-10-01,011103,D_city,8635.274931763075
CALI,AVENA MOLIDA,2024-11-01,011103,D_city,8536.206525539945
CALI,AVENA MOLIDA,2024-12-01,011103,D_city,8461.845804968352
CALI,AZÚCAR NATURAL O MORENA,2019-01-01,011801,D_city,1372.65916244292
CALI,AZÚCAR NATURAL O MORENA,2019-02-01,011801,D_city,1371.288940582281
CALI,AZÚCAR NATURAL O MORENA,2019-03-01,011801,D_city,1370.7408508098483
CALI,AZÚCAR NATURAL O MORENA,2019-04-01,011801,D_city,1392.3899522155887
CALI,AZÚCAR NATURAL O MORENA,2019-05-01,011801,D_city,1462.9488650513247
CALI,AZÚCAR NATURAL O MORENA,2019-06-01,011801,D_city,1507.4716072380886
CALI,AZÚCAR NATURAL O MORENA,2019-07-01,011801,D_city,1520.2113074323936
CALI,AZÚCAR NATURAL O MORENA,2019-08-01,011801,D_city,1527.8823864559909
CALI,AZÚCAR NATURAL O MORENA,2019-09-01,011801,D_city,1522.8140065707405
CALI,AZÚCAR NATURAL O MORENA,2019-10-01,011801,D_city,1514.0469722810483
CALI,AZÚCAR NATURAL O MORENA,2019-11-01,011801,D_city,1517.0606556384375
CALI,AZÚCAR NATURAL O MORENA,2019-12-01,011801,D_city,1520.6222607220757
CALI,AZÚCAR NATURAL O MORENA,2020-01-01,011801,D_city,1513.4990281245166
CALI,AZÚCAR NATURAL O MORENA,2020-02-01,011801,D_city,1503.0879878203862
CALI,AZÚCAR NATURAL O MORENA,2020-03-01,011801,D_city,1502.5400329838824
CALI,AZÚCAR NATURAL O MORENA,2020-04-01,011801,D_city,1514.7319017286713
CALI,AZÚCAR NATURAL O MORENA,2020-05-01,011801,D_city,1522.1290869026166
CALI,AZÚCAR NATURAL O MORENA,2020-06-01,011801,D_city,1526.238592523265
CALI,AZÚCAR NATURAL O MORENA,2020-07-01,011801,D_city,1525.6906601572416
CALI,AZÚCAR NATURAL O MORENA,2020-08-01,011801,D_city,1515.827787116954
CALI,AZÚCAR NATURAL O MORENA,2020-09-01,011801,D_city,1513.7730002692888
CALI,AZÚCAR NATURAL O MORENA,2020-10-01,011801,D_city,1518.7044761533389
CALI,AZÚCAR NATURAL O MORENA,2020-11-01,011801,D_city,1516.649699763346
CALI,AZÚCAR NATURAL O MORENA,2020-12-01,011801,D_city,1504.4578725677068
CALI,AZÚCAR NATURAL O MORENA,2021-01-01,011801,D_city,1496.786474798805
CALI,AZÚCAR NATURAL O MORENA,2021-02-01,011801,D_city,1485.142187174601
CALI,AZÚCAR NATURAL O MORENA,2021-03-01,011801,D_city,1479.5254433514417
CALI,AZÚCAR NATURAL O MORENA,2021-04-01,011801,D_city,1497.4714253083418
CALI,AZÚCAR NATURAL O MORENA,2021-05-01,011801,D_city,1547.6075450731175
CALI,AZÚCAR NATURAL O MORENA,2021-06-01,011801,D_city,1557.4698709417814
CALI,AZÚCAR NATURAL O MORENA,2021-07-01,011801,D_city,1577.8788755589194
CALI,AZÚCAR NATURAL O MORENA,2021-08-01,011801,D_city,1594.041208520153
CALI,AZÚCAR NATURAL O MORENA,2021-09-01,011801,D_city,1614.4489506766536
CALI,AZÚCAR NATURAL O MORENA,2021-10-01,011801,D_city,1634.9929585842763
CALI,AZÚCAR NATURAL O MORENA,2021-11-01,011801,D_city,1651.0168036037583
CALI,AZÚCAR NATURAL O MORENA,2021-12-01,011801,D_city,1665.807674792378
CALI,AZÚCAR NATURAL O MORENA,2022-01-01,011801,D_city,1683.7479812155023
CALI,AZÚCAR NATURAL O MORENA,2022-02-01,011801,D_city,1693.0603041735546
CALI,AZÚCAR NATURAL O MORENA,2022-03-01,011801,D_city,1704.7005147430095
CALI,AZÚCAR NATURAL O MORENA,2022-04-01,011801,D_city,1736.3334258872715
CALI,AZÚCAR NATURAL O MORENA,2022-05-01,011801,D_city,1815.8882181723336
CALI,AZÚCAR NATURAL O MORENA,2022-06-01,011801,D_city,1960.3229442381573
CALI,AZÚCAR NATURAL O MORENA,2022-07-01,011801,D_city,2080.777364258253
CALI,AZÚCAR NATURAL O MORENA,2022-08-01,011801,D_city,2220.9190234320436
CALI,AZÚCAR NATURAL O MORENA,2022-09-01,011801,D_city,2322.3152407023717
CALI,AZÚCAR NATURAL O MORENA,2022-10-01,011801,D_city,2380.191933079776
CALI,AZÚCAR NATURAL O MORENA,2022-11-01,011801,D_city,2402.0828371332864
CALI,AZÚCAR NATURAL O MORENA,2022-12-01,011801,D_city,2429.172090539826
CALI,AZÚCAR NATURAL O MORENA,2023-01-01,011801,D_city,2439.8433916123113
CALI,AZÚCAR NATURAL O MORENA,2023-02-01,011801,D_city,2447.641570879709
CALI,AZÚCAR NATURAL O MORENA,2023-03-01,011801,D_city,2454.2084069823977
CALI,AZÚCAR NATURAL O MORENA,2023-04-01,011801,D_city,2452.977128807311
CALI,AZÚCAR NATURAL O MORENA,2023-05-01,011801,D_city,2469.1204224506505
CALI,AZÚCAR NATURAL O MORENA,2023-06-01,011801,D_city,2466.5210977314496
CALI,AZÚCAR NATURAL O MORENA,2023-07-01,011801,D_city,2463.3745369233275
CALI,AZÚCAR NATURAL O MORENA,2023-08-01,011801,D_city,2454.071598378124
CALI,AZÚCAR NATURAL O MORENA,2023-09-01,011801,D_city,2451.335421994737
CALI,AZÚCAR NATURAL O MORENA,2023-10-01,011801,D_city,2449.1464749896872
CALI,AZÚCAR NATURAL O MORENA,2023-11-01,011801,D_city,2499.0805320465615
CALI,AZÚCAR NATURAL O MORENA,2023-12-01,011801,D_city,2540.8041960369233
CALI,AZÚCAR NATURAL O MORENA,2024-01-01,011801,D_city,2566.1110947784123
CALI,AZÚCAR NATURAL O MORENA,2024-02-01,011801,D_city,2582.936391651265
CALI,AZÚCAR NATURAL O MORENA,2024-03-01,011801,D_city,2598.5303066784118
CALI,AZÚCAR NATURAL O MORENA,2024-04-01,011801,D_city,2590.870169356132
CALI,AZÚCAR NATURAL O MORENA,2024-05-01,011801,D_city,2583.346761065064
CALI,AZÚCAR NATURAL O MORENA,2024-06-01,011801,D_city,2587.8608130817165
CALI,AZÚCAR NATURAL O MORENA,2024-07-01,011801,D_city,2581.978862338867
CALI,AZÚCAR NATURAL O MORENA,2024-08-01,011801,D_city,2566.6582635493423
CALI,AZÚCAR NATURAL O MORENA,2024-09-01,011801,D_city,2568.710143654037
CALI,AZÚCAR NATURAL O MORENA,2024-10-01,011801,D_city,2546.9599901404035
CALI,AZÚCAR NATURAL O MORENA,2024-11-01,011801,D_city,2541.624970893481
CALI,AZÚCAR NATURAL O MORENA,2024-12-01,011801,D_city,2507.699014750942
CALI,AZÚCAR REFINADA,2019-01-01,011801,D_city,1341.0301058288303
CALI,AZÚCAR REFINADA,2019-02-01,011801,D_city,1339.6582821481518
CALI,AZÚCAR REFINADA,2019-03-01,011801,D_city,1339.109561161136
CALI,AZÚCAR REFINADA,2019-04-01,011801,D_city,1360.7877097849976
CALI,AZÚCAR REFINADA,2019-05-01,011801,D_city,1431.4986668427778
CALI,AZÚCAR REFINADA,2019-06-01,011801,D_city,1476.161153893337
CALI,AZÚCAR REFINADA,2019-07-01,011801,D_city,1488.9469030351972
CALI,AZÚCAR REFINADA,2019-08-01,011801,D_city,1496.646992971015
CALI,AZÚCAR REFINADA,2019-09-01,011801,D_city,1491.5593374643847
CALI,AZÚCAR REFINADA,2019-10-01,011801,D_city,1482.7599531395772
CALI,AZÚCAR REFINADA,2019-11-01,011801,D_city,1485.7846147486698
CALI,AZÚCAR REFINADA,2019-12-01,011801,D_city,1489.359386111131
CALI,AZÚCAR REFINADA,2020-01-01,011801,D_city,1482.2100289603752
CALI,AZÚCAR REFINADA,2020-02-01,011801,D_city,1471.7623078029706
CALI,AZÚCAR REFINADA,2020-03-01,011801,D_city,1471.2124719704925
CALI,AZÚCAR REFINADA,2020-04-01,011801,D_city,1483.4473645521014
CALI,AZÚCAR REFINADA,2020-05-01,011801,D_city,1490.871845140576
CALI,AZÚCAR REFINADA,2020-06-01,011801,D_city,1494.996901585955
CALI,AZÚCAR REFINADA,2020-07-01,011801,D_city,1494.4468798549863
CALI,AZÚCAR REFINADA,2020-08-01,011801,D_city,1484.5472371073154
CALI,AZÚCAR REFINADA,2020-09-01,011801,D_city,1482.4849904997714
CALI,AZÚCAR REFINADA,2020-10-01,011801,D_city,1487.434486189988
CALI,AZÚCAR REFINADA,2020-11-01,011801,D_city,1485.37215306335
CALI,AZÚCAR REFINADA,2020-12-01,011801,D_city,1473.136916772092
CALI,AZÚCAR REFINADA,2021-01-01,011801,D_city,1465.4394637300675
CALI,AZÚCAR REFINADA,2021-02-01,011801,D_city,1453.7574980014488
CALI,AZÚCAR REFINADA,2021-03-01,011801,D_city,1448.1233905380254
CALI,AZÚCAR REFINADA,2021-04-01,011801,D_city,1466.1267009218238
CALI,AZÚCAR REFINADA,2021-05-01,011801,D_city,1516.4511397904778
CALI,AZÚCAR REFINADA,2021-06-01,011801,D_city,1526.355310928828
CALI,AZÚCAR REFINADA,2021-07-01,011801,D_city,1546.8558379882322
CALI,AZÚCAR REFINADA,2021-08-01,011801,D_city,1563.0953194451195
CALI,AZÚCAR REFINADA,2021-09-01,011801,D_city,1583.6063028033336
CALI,AZÚCAR REFINADA,2021-10-01,011801,D_city,1604.2607354647655
CALI,AZÚCAR REFINADA,2021-11-01,011801,D_city,1620.3751809649477
CALI,AZÚCAR REFINADA,2021-12-01,011801,D_city,1635.2531243418885
CALI,AZÚCAR REFINADA,2022-01-01,011801,D_city,1653.3034370836872
CALI,AZÚCAR REFINADA,2022-02-01,011801,D_city,1662.6747448066753
CALI,AZÚCAR REFINADA,2022-03-01,011801,D_city,1674.3904816543418
CALI,AZÚCAR REFINADA,2022-04-01,011801,D_city,1706.2386222846956
CALI,AZÚCAR REFINADA,2022-05-01,011801,D_city,1786.3977499050563
CALI,AZÚCAR REFINADA,2022-06-01,011801,D_city,1932.1499213671168
CALI,AZÚCAR REFINADA,2022-07-01,011801,D_city,2053.907836911361
CALI,AZÚCAR REFINADA,2022-08-01,011801,D_city,2195.785606720136
CALI,AZÚCAR REFINADA,2022-09-01,011801,D_city,2298.577320466929
CALI,AZÚCAR REFINADA,2022-10-01,011801,D_city,2357.3007894933307
CALI,AZÚCAR REFINADA,2022-11-01,011801,D_city,2379.5212499386494
CALI,AZÚCAR REFINADA,2022-12-01,011801,D_city,2407.0252653164484
CALI,AZÚCAR REFINADA,2023-01-01,011801,D_city,2417.8620469581715
CALI,AZÚCAR REFINADA,2023-02-01,011801,D_city,2425.781896625358
CALI,AZÚCAR REFINADA,2023-03-01,011801,D_city,2432.4516765606863
CALI,AZÚCAR REFINADA,2023-04-01,011801,D_city,2431.201062730916
CALI,AZÚCAR REFINADA,2023-05-01,011801,D_city,2447.599099147234
CALI,AZÚCAR REFINADA,2023-06-01,011801,D_city,2444.958576812643
CALI,AZÚCAR REFINADA,2023-07-01,011801,D_city,2441.7622373711724
CALI,AZÚCAR REFINADA,2023-08-01,011801,D_city,2432.3127187832224
CALI,AZÚCAR REFINADA,2023-09-01,011801,D_city,2429.533599218353
CALI,AZÚCAR REFINADA,2023-10-01,011801,D_city,2427.3103529498258
CALI,AZÚCAR REFINADA,2023-11-01,011801,D_city,2478.0390148879064
CALI,AZÚCAR REFINADA,2023-12-01,011801,D_city,2520.445931043599
CALI,AZÚCAR REFINADA,2024-01-01,011801,D_city,2546.1756789537094
CALI,AZÚCAR REFINADA,2024-02-01,011801,D_city,2563.285593411061
CALI,AZÚCAR REFINADA,2024-03-01,011801,D_city,2579.1457640283516
CALI,AZÚCAR REFINADA,2024-04-01,011801,D_city,2571.3545392410265
CALI,AZÚCAR REFINADA,2024-05-01,011801,D_city,2563.7029392521495
CALI,AZÚCAR REFINADA,2024-06-01,011801,D_city,2568.293840207927
CALI,AZÚCAR REFINADA,2024-07-01,011801,D_city,2562.3117921507974
CALI,AZÚCAR REFINADA,2024-08-01,011801,D_city,2546.732060000071
CALI,AZÚCAR REFINADA,2024-09-01,011801,D_city,2548.818512278619
CALI,AZÚCAR REFINADA,2024-10-01,011801,D_city,2526.703998960921
CALI,AZÚCAR REFINADA,2024-11-01,011801,D_city,2521.280320746155
CALI,AZÚCAR REFINADA,2024-12-01,011801,D_city,2486.7972019145814
CALI,BANANOS,2019-01-01,011606,BASE,753.5024999999999
CALI,BANANOS,2019-02-01,011606,BASE,726.0525
CALI,BANANOS,2019-03-01,011606,BASE,761.5087500000001
CALI,BANANOS,2019-04-01,011606,BASE,797.1937499999999
CALI,BANANOS,2019-05-01,011606,BASE,816.71375
CALI,BANANOS,2019-06-01,011606,BASE,792.00875
CALI,BANANOS,2019-07-01,011606,BASE,774.4712499999999
CALI,BANANOS,2019-08-01,011606,BASE,793.3812499999999
CALI,BANANOS,2019-09-01,011606,BASE,800.7774999999999
CALI,BANANOS,2019-10-01,011606,BASE,821.2887499999999
CALI,BANANOS,2019-11-01,011606,BASE,900.8175
CALI,BANANOS,2019-12-01,011606,BASE,874.6637499999999
CALI,BANANOS,2020-01-01,011606,BASE,870.9274999999999
CALI,BANANOS,2020-02-01,011606,BASE,865.66625
CALI,BANANOS,2020-03-01,011606,BASE,917.8212500000001
CALI,BANANOS,2020-04-01,011606,BASE,980.4225000000001
CALI,BANANOS,2020-05-01,011606,BASE,1005.2037500000001
CALI,BANANOS,2020-06-01,011606,BASE,990.4875000000001
CALI,BANANOS,2020-07-01,011606,BASE,944.7375
CALI,BANANOS,2020-08-01,011606,BASE,935.66375
CALI,BANANOS,2020-09-01,011606,BASE,967.155
CALI,BANANOS,2020-10-01,011606,BASE,962.885
CALI,BANANOS,2020-11-01,011606,BASE,967.0024999999999
CALI,BANANOS,2020-12-01,011606,BASE,970.73875
CALI,BANANOS,2021-01-01,011606,BASE,991.7075
CALI,BANANOS,2021-02-01,011606,BASE,994.83375
CALI,BANANOS,2021-03-01,011606,BASE,1001.4675000000001
CALI,BANANOS,2021-04-01,011606,BASE,994.0712500000001
CALI,BANANOS,2021-05-01,011606,BASE,1345.1262499999998
CALI,BANANOS,2021-06-01,011606,BASE,1053.6225
CALI,BANANOS,2021-07-01,011606,BASE,996.3587499999999
CALI,BANANOS,2021-08-01,011606,BASE,976.1525000000001
CALI,BANANOS,2021-09-01,011606,BASE,975.61875
CALI,BANANOS,2021-10-01,011606,BASE,1005.8899999999999
CALI,BANANOS,2021-11-01,011606,BASE,1005.0512500000001
CALI,BANANOS,2021-12-01,011606,BASE,988.1999999999999
CALI,BANANOS,2022-01-01,011606,BASE,1019.08125
CALI,BANANOS,2022-02-01,011606,BASE,1054.9187499999998
CALI,BANANOS,2022-03-01,011606,BASE,1088.3925000000002
CALI,BANANOS,2022-04-01,011606,BASE,1110.12375
CALI,BANANOS,2022-05-01,011606,BASE,1144.5887500000001
CALI,BANANOS,2022-06-01,011606,BASE,1128.9575
CALI,BANANOS,2022-07-01,011606,BASE,1124.23
CALI,BANANOS,2022-08-01,011606,BASE,1155.3400000000001
CALI,BANANOS,2022-09-01,011606,BASE,1160.22
CALI,BANANOS,2022-10-01,011606,BASE,1163.04125
CALI,BANANOS,2022-11-01,011606,BASE,1214.0525
CALI,BANANOS,2022-12-01,011606,BASE,1231.2849999999999
CALI,BANANOS,2023-01-01,011606,BASE,1244.3999999999999
CALI,BANANOS,2023-02-01,011606,BASE,1283.135
CALI,BANANOS,2023-03-01,011606,BASE,1293.3525
CALI,BANANOS,2023-04-01,011606,BASE,1337.0437499999998
CALI,BANANOS,2023-05-01,011606,BASE,1331.5537499999998
CALI,BANANOS,2023-06-01,011606,BASE,1311.5
CALI,BANANOS,2023-07-01,011606,BASE,1295.56375
CALI,BANANOS,2023-08-01,011606,BASE,1314.01625
CALI,BANANOS,2023-09-01,011606,BASE,1329.2662500000001
CALI,BANANOS,2023-10-01,011606,BASE,1311.4237500000002
CALI,BANANOS,2023-11-01,011606,BASE,1347.71875
CALI,BANANOS,2023-12-01,011606,BASE,1348.0237499999998
CALI,BANANOS,2024-01-01,011606,BASE,1333.6887499999998
CALI,BANANOS,2024-02-01,011606,BASE,1320.6499999999999
CALI,BANANOS,2024-03-01,011606,BASE,1388.2837499999998
CALI,BANANOS,2024-04-01,011606,BASE,1524.085
CALI,BANANOS,2024-05-01,011606,BASE,1629.69125
CALI,BANANOS,2024-06-01,011606,BASE,1667.66375
CALI,BANANOS,2024-07-01,011606,BASE,1675.365
CALI,BANANOS,2024-08-01,011606,BASE,1711.12625
CALI,BANANOS,2024-09-01,011606,BASE,1686.1162499999998
CALI,BANANOS,2024-10-01,011606,BASE,1686.345
CALI,BANANOS,2024-11-01,011606,BASE,1721.1912499999999
CALI,BANANOS,2024-12-01,011606,BASE,1749.9375
CALI,CAFÉ MOLIDO,2019-01-01,012101,BASE,8148.1278742165105
CALI,CAFÉ MOLIDO,2019-02-01,012101,BASE,8196.14420907256
CALI,CAFÉ MOLIDO,2019-03-01,012101,BASE,8209.979424200574
CALI,CAFÉ MOLIDO,2019-04-01,012101,BASE,8358.09760968873
CALI,CAFÉ MOLIDO,2019-05-01,012101,BASE,8386.58187612876
CALI,CAFÉ MOLIDO,2019-06-01,012101,BASE,8401.230927440774
CALI,CAFÉ MOLIDO,2019-07-01,012101,BASE,8317.405800488687
CALI,CAFÉ MOLIDO,2019-08-01,012101,BASE,8217.303949856581
CALI,CAFÉ MOLIDO,2019-09-01,012101,BASE,8200.213389992565
CALI,CAFÉ MOLIDO,2019-10-01,012101,BASE,8203.468734728567
CALI,CAFÉ MOLIDO,2019-11-01,012101,BASE,8223.000803144589
CALI,CAFÉ MOLIDO,2019-12-01,012101,BASE,8212.420932752577
CALI,CAFÉ MOLIDO,2020-01-01,012101,BASE,8218.931622224583
CALI,CAFÉ MOLIDO,2020-02-01,012101,BASE,8376.00200573675
CALI,CAFÉ MOLIDO,2020-03-01,012101,BASE,8494.00825241687
CALI,CAFÉ MOLIDO,2020-04-01,012101,BASE,8596.551611600979
CALI,CAFÉ MOLIDO,2020-05-01,012101,BASE,8600.620792520984
CALI,CAFÉ MOLIDO,2020-06-01,012101,BASE,8593.296266864974
CALI,CAFÉ MOLIDO,2020-07-01,012101,BASE,8606.31764580899
CALI,CAFÉ MOLIDO,2020-08-01,012101,BASE,8637.24342080102
CALI,CAFÉ MOLIDO,2020-09-01,012101,BASE,8618.525188569001
CALI,CAFÉ MOLIDO,2020-10-01,012101,BASE,8562.370491872942
CALI,CAFÉ MOLIDO,2020-11-01,012101,BASE,8590.854758312973
CALI,CAFÉ MOLIDO,2020-12-01,012101,BASE,8590.854758312973
CALI,CAFÉ MOLIDO,2021-01-01,012101,BASE,8625.849714225009
CALI,CAFÉ MOLIDO,2021-02-01,012101,BASE,8603.876137256986
CALI,CAFÉ MOLIDO,2021-03-01,012101,BASE,8634.801912249019
CALI,CAFÉ MOLIDO,2021-04-01,012101,BASE,8646.19561882503
CALI,CAFÉ MOLIDO,2021-05-01,012101,BASE,8686.073591841072
CALI,CAFÉ MOLIDO,2021-06-01,012101,BASE,8716.185530649103
CALI,CAFÉ MOLIDO,2021-07-01,012101,BASE,8884.649620737278
CALI,CAFÉ MOLIDO,2021-08-01,012101,BASE,9124.731295017531
CALI,CAFÉ MOLIDO,2021-09-01,012101,BASE,10117.611439498567
CALI,CAFÉ MOLIDO,2021-10-01,012101,BASE,10608.354658451079
CALI,CAFÉ MOLIDO,2021-11-01,012101,BASE,10636.838924891108
CALI,CAFÉ MOLIDO,2021-12-01,012101,BASE,10997.368354403487
CALI,CAFÉ MOLIDO,2022-01-01,012101,BASE,11339.179551683845
CALI,CAFÉ MOLIDO,2022-02-01,012101,BASE,11723.310230532245
CALI,CAFÉ MOLIDO,2022-03-01,012101,BASE,11895.843501540423
CALI,CAFÉ MOLIDO,2022-04-01,012101,BASE,12406.932625092957
CALI,CAFÉ MOLIDO,2022-05-01,012101,BASE,12956.27204929353
CALI,CAFÉ MOLIDO,2022-06-01,012101,BASE,13189.029197917775
CALI,CAFÉ MOLIDO,2022-07-01,012101,BASE,13567.46302347817
CALI,CAFÉ MOLIDO,2022-08-01,012101,BASE,13976.008787846597
CALI,CAFÉ MOLIDO,2022-09-01,012101,BASE,14561.157004143206
CALI,CAFÉ MOLIDO,2022-10-01,012101,BASE,15250.476251991926
CALI,CAFÉ MOLIDO,2022-11-01,012101,BASE,16085.472176776799
CALI,CAFÉ MOLIDO,2022-12-01,012101,BASE,16664.109703601403
CALI,CAFÉ MOLIDO,2023-01-01,012101,BASE,17050.68189100181
CALI,CAFÉ MOLIDO,2023-02-01,012101,BASE,17048.240382449803
CALI,CAFÉ MOLIDO,2023-03-01,012101,BASE,17067.772450865825
CALI,CAFÉ MOLIDO,2023-04-01,012101,BASE,17065.330942313823
CALI,CAFÉ MOLIDO,2023-05-01,012101,BASE,17152.411414001912
CALI,CAFÉ MOLIDO,2023-06-01,012101,BASE,17133.693181769897
CALI,CAFÉ MOLIDO,2023-07-01,012101,BASE,17071.02779560183
CALI,CAFÉ MOLIDO,2023-08-01,012101,BASE,17009.176245617764
CALI,CAFÉ MOLIDO,2023-09-01,012101,BASE,17078.352321257837
CALI,CAFÉ MOLIDO,2023-10-01,012101,BASE,17067.772450865825
CALI,CAFÉ MOLIDO,2023-11-01,012101,BASE,16945.697023265697
CALI,CAFÉ MOLIDO,2023-12-01,012101,BASE,16938.37249760969
CALI,CAFÉ MOLIDO,2024-01-01,012101,BASE,16926.978791033678
CALI,CAFÉ MOLIDO,2024-02-01,012101,BASE,16825.24926803357
CALI,CAFÉ MOLIDO,2024-03-01,012101,BASE,16769.094571337515
CALI,CAFÉ MOLIDO,2024-04-01,012101,BASE,16670.620393073412
CALI,CAFÉ MOLIDO,2024-05-01,012101,BASE,16641.32229044938
CALI,CAFÉ MOLIDO,2024-06-01,012101,BASE,16575.40155954531
CALI,CAFÉ MOLIDO,2024-07-01,012101,BASE,16510.294664825244
CALI,CAFÉ MOLIDO,2024-08-01,012101,BASE,16432.16639116116
CALI,CAFÉ MOLIDO,2024-09-01,012101,BASE,16541.220439817273
CALI,CAFÉ MOLIDO,2024-10-01,012101,BASE,16750.376339105496
CALI,CAFÉ MOLIDO,2024-11-01,012101,BASE,16900.936033145652
CALI,CAFÉ MOLIDO,2024-12-01,012101,BASE,17120.671802825884
CALI,CAMARONES O VARIEDAD DISPONIBLE,2019-01-01,011303,BASE_lowR2,25167.029702970303
CALI,CAMARONES O VARIEDAD DISPONIBLE,2019-02-01,011303,BASE_lowR2,25547.09810981098
CALI,CAMARONES O VARIEDAD DISPONIBLE,2019-03-01,011303,BASE_lowR2,25944.669666966696
CALI,CAMARONES O VARIEDAD DISPONIBLE,2019-04-01,011303,BASE_lowR2,26004.680468046805
CALI,CAMARONES O VARIEDAD DISPONIBLE,2019-05-01,011303,BASE_lowR2,26209.717371737173
CALI,CAMARONES O VARIEDAD DISPONIBLE,2019-06-01,011303,BASE_lowR2,26277.229522952297
CALI,CAMARONES O VARIEDAD DISPONIBLE,2019-07-01,011303,BASE_lowR2,26372.246624662468
CALI,CAMARONES O VARIEDAD DISPONIBLE,2019-08-01,011303,BASE_lowR2,26539.77677767777
CALI,CAMARONES O VARIEDAD DISPONIBLE,2019-09-01,011303,BASE_lowR2,26554.779477947795
CALI,CAMARONES O VARIEDAD DISPONIBLE,2019-10-01,011303,BASE_lowR2,26667.299729973
CALI,CAMARONES O VARIEDAD DISPONIBLE,2019-11-01,011303,BASE_lowR2,26727.310531053106
CALI,CAMARONES O VARIEDAD DISPONIBLE,2019-12-01,011303,BASE_lowR2,26882.338433843386
CALI,CAMARONES O VARIEDAD DISPONIBLE,2020-01-01,011303,BASE_lowR2,26909.843384338437
CALI,CAMARONES O VARIEDAD DISPONIBLE,2020-02-01,011303,BASE_lowR2,26962.352835283527
CALI,CAMARONES O VARIEDAD DISPONIBLE,2020-03-01,011303,BASE_lowR2,27302.414041404143
CALI,CAMARONES O VARIEDAD DISPONIBLE,2020-04-01,011303,BASE_lowR2,28425.11611161116
CALI,CAMARONES O VARIEDAD DISPONIBLE,2020-05-01,011303,BASE_lowR2,28765.177317731774
CALI,CAMARONES O VARIEDAD DISPONIBLE,2020-06-01,011303,BASE_lowR2,28785.180918091814
CALI,CAMARONES O VARIEDAD DISPONIBLE,2020-07-01,011303,BASE_lowR2,29050.22862286229
CALI,CAMARONES O VARIEDAD DISPONIBLE,2020-08-01,011303,BASE_lowR2,29162.74887488749
CALI,CAMARONES O VARIEDAD DISPONIBLE,2020-09-01,011303,BASE_lowR2,29412.793879387937
CALI,CAMARONES O VARIEDAD DISPONIBLE,2020-10-01,011303,BASE_lowR2,29507.810981098115
CALI,CAMARONES O VARIEDAD DISPONIBLE,2020-11-01,011303,BASE_lowR2,29632.83348334834
CALI,CAMARONES O VARIEDAD DISPONIBLE,2020-12-01,011303,BASE_lowR2,29957.891989198924
CALI,CAMARONES O VARIEDAD DISPONIBLE,2021-01-01,011303,BASE_lowR2,30120.421242124212
CALI,CAMARONES O VARIEDAD DISPONIBLE,2021-02-01,011303,BASE_lowR2,30360.464446444646
CALI,CAMARONES O VARIEDAD DISPONIBLE,2021-03-01,011303,BASE_lowR2,30650.51665166517
CALI,CAMARONES O VARIEDAD DISPONIBLE,2021-04-01,011303,BASE_lowR2,30985.576957695772
CALI,CAMARONES O VARIEDAD DISPONIBLE,2021-05-01,011303,BASE_lowR2,31800.72367236724
CALI,CAMARONES O VARIEDAD DISPONIBLE,2021-06-01,011303,BASE_lowR2,31873.23672367237
CALI,CAMARONES O VARIEDAD DISPONIBLE,2021-07-01,011303,BASE_lowR2,32025.764176417644
CALI,CAMARONES O VARIEDAD DISPONIBLE,2021-08-01,011303,BASE_lowR2,32143.285328532857
CALI,CAMARONES O VARIEDAD DISPONIBLE,2021-09-01,011303,BASE_lowR2,32368.325832583254
CALI,CAMARONES O VARIEDAD DISPONIBLE,2021-10-01,011303,BASE_lowR2,32315.816381638164
CALI,CAMARONES O VARIEDAD DISPONIBLE,2021-11-01,011303,BASE_lowR2,32528.354635463547
CALI,CAMARONES O VARIEDAD DISPONIBLE,2021-12-01,011303,BASE_lowR2,32638.37443744375
CALI,CAMARONES O VARIEDAD DISPONIBLE,2022-01-01,011303,BASE_lowR2,33143.46534653466
CALI,CAMARONES O VARIEDAD DISPONIBLE,2022-02-01,011303,BASE_lowR2,33571.042304230425
CALI,CAMARONES O VARIEDAD DISPONIBLE,2022-03-01,011303,BASE_lowR2,33813.58595859585
CALI,CAMARONES O VARIEDAD DISPONIBLE,2022-04-01,011303,BASE_lowR2,34416.19441944194
CALI,CAMARONES O VARIEDAD DISPONIBLE,2022-05-01,011303,BASE_lowR2,35021.30333033304
CALI,CAMARONES O VARIEDAD DISPONIBLE,2022-06-01,011303,BASE_lowR2,35518.89288928893
CALI,CAMARONES O VARIEDAD DISPONIBLE,2022-07-01,011303,BASE_lowR2,36196.514851485146
CALI,CAMARONES O VARIEDAD DISPONIBLE,2022-08-01,011303,BASE_lowR2,36826.628262826285
CALI,CAMARONES O VARIEDAD DISPONIBLE,2022-09-01,011303,BASE_lowR2,37806.80468046804
CALI,CAMARONES O VARIEDAD DISPONIBLE,2022-10-01,011303,BASE_lowR2,38016.842484248424
CALI,CAMARONES O VARIEDAD DISPONIBLE,2022-11-01,011303,BASE_lowR2,38769.47794779479
CALI,CAMARONES O VARIEDAD DISPONIBLE,2022-12-01,011303,BASE_lowR2,39377.08730873087
CALI,CAMARONES O VARIEDAD DISPONIBLE,2023-01-01,011303,BASE_lowR2,39794.66246624663
CALI,CAMARONES O VARIEDAD DISPONIBLE,2023-02-01,011303,BASE_lowR2,39414.59405940594
CALI,CAMARONES O VARIEDAD DISPONIBLE,2023-03-01,011303,BASE_lowR2,39654.63726372638
CALI,CAMARONES O VARIEDAD DISPONIBLE,2023-04-01,011303,BASE_lowR2,39737.15211521152
CALI,CAMARONES O VARIEDAD DISPONIBLE,2023-05-01,011303,BASE_lowR2,39539.61656165617
CALI,CAMARONES O VARIEDAD DISPONIBLE,2023-06-01,011303,BASE_lowR2,39717.148514851484
CALI,CAMARONES O VARIEDAD DISPONIBLE,2023-07-01,011303,BASE_lowR2,39457.101710171024
CALI,CAMARONES O VARIEDAD DISPONIBLE,2023-08-01,011303,BASE_lowR2,39727.150315031504
CALI,CAMARONES O VARIEDAD DISPONIBLE,2023-09-01,011303,BASE_lowR2,39842.17101710171
CALI,CAMARONES O VARIEDAD DISPONIBLE,2023-10-01,011303,BASE_lowR2,39477.10531053106
CALI,CAMARONES O VARIEDAD DISPONIBLE,2023-11-01,011303,BASE_lowR2,39617.13051305131
CALI,CAMARONES O VARIEDAD DISPONIBLE,2023-12-01,011303,BASE_lowR2,39449.600360036005
CALI,CAMARONES O VARIEDAD DISPONIBLE,2024-01-01,011303,BASE_lowR2,39309.575157515756
CALI,CAMARONES O VARIEDAD DISPONIBLE,2024-02-01,011303,BASE_lowR2,39709.64716471647
CALI,CAMARONES O VARIEDAD DISPONIBLE,2024-03-01,011303,BASE_lowR2,40094.71647164717
CALI,CAMARONES O VARIEDAD DISPONIBLE,2024-04-01,011303,BASE_lowR2,40649.816381638164
CALI,CAMARONES O VARIEDAD DISPONIBLE,2024-05-01,011303,BASE_lowR2,40692.324032403245
CALI,CAMARONES O VARIEDAD DISPONIBLE,2024-06-01,011303,BASE_lowR2,40822.347434743475
CALI,CAMARONES O VARIEDAD DISPONIBLE,2024-07-01,011303,BASE_lowR2,40952.37083708371
CALI,CAMARONES O VARIEDAD DISPONIBLE,2024-08-01,011303,BASE_lowR2,41089.89558955896
CALI,CAMARONES O VARIEDAD DISPONIBLE,2024-09-01,011303,BASE_lowR2,41029.88478847885
CALI,CAMARONES O VARIEDAD DISPONIBLE,2024-10-01,011303,BASE_lowR2,40964.87308730873
CALI,CAMARONES O VARIEDAD DISPONIBLE,2024-11-01,011303,BASE_lowR2,41154.907290729076
CALI,CAMARONES O VARIEDAD DISPONIBLE,2024-12-01,011303,BASE_lowR2,41202.41584158416
CALI,CARNE DE CERDO CON HUESO,2019-01-01,011202,D_city,5839.071290718783
CALI,CARNE DE CERDO CON HUESO,2019-02-01,011202,D_city,5883.75880048507
CALI,CARNE DE CERDO CON HUESO,2019-03-01,011202,D_city,5867.559776687452
CALI,CARNE DE CERDO CON HUESO,2019-04-01,011202,D_city,5851.7863928484
CALI,CARNE DE CERDO CON HUESO,2019-05-01,011202,D_city,5860.550869004107
CALI,CARNE DE CERDO CON HUESO,2019-06-01,011202,D_city,5872.814900977337
CALI,CARNE DE CERDO CON HUESO,2019-07-01,011202,D_city,5913.934102715974
CALI,CARNE DE CERDO CON HUESO,2019-08-01,011202,D_city,5903.006072872018
CALI,CARNE DE CERDO CON HUESO,2019-09-01,011202,D_city,5868.87368274099
CALI,CARNE DE CERDO CON HUESO,2019-10-01,011202,D_city,5887.6971922576095
CALI,CARNE DE CERDO CON HUESO,2019-11-01,011202,D_city,5913.497091429185
CALI,CARNE DE CERDO CON HUESO,2019-12-01,011202,D_city,5979.818407825075
CALI,CARNE DE CERDO CON HUESO,2020-01-01,011202,D_city,6050.2743349486855
CALI,CARNE DE CERDO CON HUESO,2020-02-01,011202,D_city,6001.58904146397
CALI,CARNE DE CERDO CON HUESO,2020-03-01,011202,D_city,6021.163496160873
CALI,CARNE DE CERDO CON HUESO,2020-04-01,011202,D_city,5919.177524781892
CALI,CARNE DE CERDO CON HUESO,2020-05-01,011202,D_city,5836.000953043163
CALI,CARNE DE CERDO CON HUESO,2020-06-01,011202,D_city,5733.098161138599
CALI,CARNE DE CERDO CON HUESO,2020-07-01,011202,D_city,5753.808413594737
CALI,CARNE DE CERDO CON HUESO,2020-08-01,011202,D_city,5855.292629338271
CALI,CARNE DE CERDO CON HUESO,2020-09-01,011202,D_city,5922.672408417491
CALI,CARNE DE CERDO CON HUESO,2020-10-01,011202,D_city,6021.5982791009565
CALI,CARNE DE CERDO CON HUESO,2020-11-01,011202,D_city,6216.362946530586
CALI,CARNE DE CERDO CON HUESO,2020-12-01,011202,D_city,6464.449894051409
CALI,CARNE DE CERDO CON HUESO,2021-01-01,011202,D_city,6616.498301218895
CALI,CARNE DE CERDO CON HUESO,2021-02-01,011202,D_city,6614.38157604575
CALI,CARNE DE CERDO CON HUESO,2021-03-01,011202,D_city,6622.000889034919
CALI,CARNE DE CERDO CON HUESO,2021-04-01,011202,D_city,6615.228289143573
CALI,CARNE DE CERDO CON HUESO,2021-05-01,011202,D_city,6836.8660842127965
CALI,CARNE DE CERDO CON HUESO,2021-06-01,011202,D_city,6852.798568359084
CALI,CARNE DE CERDO CON HUESO,2021-07-01,011202,D_city,6950.261942597638
CALI,CARNE DE CERDO CON HUESO,2021-08-01,011202,D_city,7091.793347256542
CALI,CARNE DE CERDO CON HUESO,2021-09-01,011202,D_city,7302.19410415022
CALI,CARNE DE CERDO CON HUESO,2021-10-01,011202,D_city,7440.144951845009
CALI,CARNE DE CERDO CON HUESO,2021-11-01,011202,D_city,7558.221559601353
CALI,CARNE DE CERDO CON HUESO,2021-12-01,011202,D_city,7596.514329420092
CALI,CARNE DE CERDO CON HUESO,2022-01-01,011202,D_city,7671.718648166903
CALI,CARNE DE CERDO CON HUESO,2022-02-01,011202,D_city,7670.50078890429
CALI,CARNE DE CERDO CON HUESO,2022-03-01,011202,D_city,7494.958793783902
CALI,CARNE DE CERDO CON HUESO,2022-04-01,011202,D_city,7393.832276759465
CALI,CARNE DE CERDO CON HUESO,2022-05-01,011202,D_city,7357.708779866625
CALI,CARNE DE CERDO CON HUESO,2022-06-01,011202,D_city,7377.008247491189
CALI,CARNE DE CERDO CON HUESO,2022-07-01,011202,D_city,7503.538715766124
CALI,CARNE DE CERDO CON HUESO,2022-08-01,011202,D_city,7618.487576945963
CALI,CARNE DE CERDO CON HUESO,2022-09-01,011202,D_city,7798.887585316199
CALI,CARNE DE CERDO CON HUESO,2022-10-01,011202,D_city,8030.254968249246
CALI,CARNE DE CERDO CON HUESO,2022-11-01,011202,D_city,8251.0013450049
CALI,CARNE DE CERDO CON HUESO,2022-12-01,011202,D_city,8514.656298434811
CALI,CARNE DE CERDO CON HUESO,2023-01-01,011202,D_city,8706.382729091829
CALI,CARNE DE CERDO CON HUESO,2023-02-01,011202,D_city,8788.129047390063
CALI,CARNE DE CERDO CON HUESO,2023-03-01,011202,D_city,8754.909040284929
CALI,CARNE DE CERDO CON HUESO,2023-04-01,011202,D_city,8629.915668224035
CALI,CARNE DE CERDO CON HUESO,2023-05-01,011202,D_city,8519.7795342732
CALI,CARNE DE CERDO CON HUESO,2023-06-01,011202,D_city,8527.659731646205
CALI,CARNE DE CERDO CON HUESO,2023-07-01,011202,D_city,8460.217158931575
CALI,CARNE DE CERDO CON HUESO,2023-08-01,011202,D_city,8523.325878542806
CALI,CARNE DE CERDO CON HUESO,2023-09-01,011202,D_city,8540.263758240055
CALI,CARNE DE CERDO CON HUESO,2023-10-01,011202,D_city,8561.127594321963
CALI,CARNE DE CERDO CON HUESO,2023-11-01,011202,D_city,8550.106987680969
CALI,CARNE DE CERDO CON HUESO,2023-12-01,011202,D_city,8596.523798188917
CALI,CARNE DE CERDO CON HUESO,2024-01-01,011202,D_city,8667.97702030763
CALI,CARNE DE CERDO CON HUESO,2024-02-01,011202,D_city,8656.995108345885
CALI,CARNE DE CERDO CON HUESO,2024-03-01,011202,D_city,8589.447865703081
CALI,CARNE DE CERDO CON HUESO,2024-04-01,011202,D_city,8698.940481082584
CALI,CARNE DE CERDO CON HUESO,2024-05-01,011202,D_city,8633.841715072933
CALI,CARNE DE CERDO CON HUESO,2024-06-01,011202,D_city,8638.94481989369
CALI,CARNE DE CERDO CON HUESO,2024-07-01,011202,D_city,8615.777706157118
CALI,CARNE DE CERDO CON HUESO,2024-08-01,011202,D_city,8622.062055752554
CALI,CARNE DE CERDO CON HUESO,2024-09-01,011202,D_city,8649.540848296587
CALI,CARNE DE CERDO CON HUESO,2024-10-01,011202,D_city,8678.56298878733
CALI,CARNE DE CERDO CON HUESO,2024-11-01,011202,D_city,8702.465981244231
CALI,CARNE DE CERDO CON HUESO,2024-12-01,011202,D_city,8909.37383940227
CALI,CARNE DE CERDO SIN HUESO,2019-01-01,011202,D_city,7622.641674833624
CALI,CARNE DE CERDO SIN HUESO,2019-02-01,011202,D_city,7708.26277516314
CALI,CARNE DE CERDO SIN HUESO,2019-03-01,011202,D_city,7677.190433928701
CALI,CARNE DE CERDO SIN HUESO,2019-04-01,011202,D_city,7646.972851513939
CALI,CARNE DE CERDO SIN HUESO,2019-05-01,011202,D_city,7663.758572329517
CALI,CARNE DE CERDO SIN HUESO,2019-06-01,011202,D_city,7687.2662438250245
CALI,CARNE DE CERDO SIN HUESO,2019-07-01,011202,D_city,7766.24998267974
CALI,CARNE DE CERDO SIN HUESO,2019-08-01,011202,D_city,7745.233898691685
CALI,CARNE DE CERDO SIN HUESO,2019-09-01,011202,D_city,7679.7092327036435
CALI,CARNE DE CERDO SIN HUESO,2019-10-01,011202,D_city,7715.823264560236
CALI,CARNE DE CERDO SIN HUESO,2019-11-01,011202,D_city,7765.409203727083
CALI,CARNE DE CERDO SIN HUESO,2019-12-01,011202,D_city,7893.336661320857
CALI,CARNE DE CERDO SIN HUESO,2020-01-01,011202,D_city,8029.964034409073
CALI,CARNE DE CERDO SIN HUESO,2020-02-01,011202,D_city,7935.474546878087
CALI,CARNE DE CERDO SIN HUESO,2020-03-01,011202,D_city,7973.422394553948
CALI,CARNE DE CERDO SIN HUESO,2020-04-01,011202,D_city,7776.340210582228
CALI,CARNE DE CERDO SIN HUESO,2020-05-01,011202,D_city,7616.770074142506
CALI,CARNE DE CERDO SIN HUESO,2020-06-01,011202,D_city,7420.815968569749
CALI,CARNE DE CERDO SIN HUESO,2020-07-01,011202,D_city,7460.123327599609
CALI,CARNE DE CERDO SIN HUESO,2020-08-01,011202,D_city,7653.686591927969
CALI,CARNE DE CERDO SIN HUESO,2020-09-01,011202,D_city,7783.067931716643
CALI,CARNE DE CERDO SIN HUESO,2020-10-01,011202,D_city,7974.265934968653
CALI,CARNE DE CERDO SIN HUESO,2020-11-01,011202,D_city,8354.969255922251
CALI,CARNE DE CERDO SIN HUESO,2020-12-01,011202,D_city,8847.981847635016
CALI,CARNE DE CERDO SIN HUESO,2021-01-01,011202,D_city,9154.541765324027
CALI,CARNE DE CERDO SIN HUESO,2021-02-01,011202,D_city,9150.251320473588
CALI,CARNE DE CERDO SIN HUESO,2021-03-01,011202,D_city,9165.698089145886
CALI,CARNE DE CERDO SIN HUESO,2021-04-01,011202,D_city,9151.967468474035
CALI,CARNE DE CERDO SIN HUESO,2021-05-01,011202,D_city,9604.683544364916
CALI,CARNE DE CERDO SIN HUESO,2021-06-01,011202,D_city,9637.49355899612
CALI,CARNE DE CERDO SIN HUESO,2021-07-01,011202,D_city,9838.972514547953
CALI,CARNE DE CERDO SIN HUESO,2021-08-01,011202,D_city,10133.894703515758
CALI,CARNE DE CERDO SIN HUESO,2021-09-01,011202,D_city,10577.40095045884
CALI,CARNE DE CERDO SIN HUESO,2021-10-01,011202,D_city,10871.44275985771
CALI,CARNE DE CERDO SIN HUESO,2021-11-01,011202,D_city,11125.14641182961
CALI,CARNE DE CERDO SIN HUESO,2021-12-01,011202,D_city,11207.821668256738
CALI,CARNE DE CERDO SIN HUESO,2022-01-01,011202,D_city,11370.754378486967
CALI,CARNE DE CERDO SIN HUESO,2022-02-01,011202,D_city,11368.10990365604
CALI,CARNE DE CERDO SIN HUESO,2022-03-01,011202,D_city,10988.98669046649
CALI,CARNE DE CERDO SIN HUESO,2022-04-01,011202,D_city,10772.442208230701
CALI,CARNE DE CERDO SIN HUESO,2022-05-01,011202,D_city,10695.422476322989
CALI,CARNE DE CERDO SIN HUESO,2022-06-01,011202,D_city,10736.549485963675
CALI,CARNE DE CERDO SIN HUESO,2022-07-01,011202,D_city,11007.421941855708
CALI,CARNE DE CERDO SIN HUESO,2022-08-01,011202,D_city,11255.350236017135
CALI,CARNE DE CERDO SIN HUESO,2022-09-01,011202,D_city,11647.962120323053
CALI,CARNE DE CERDO SIN HUESO,2022-10-01,011202,D_city,12157.70527690653
CALI,CARNE DE CERDO SIN HUESO,2022-11-01,011202,D_city,12650.460889388825
CALI,CARNE DE CERDO SIN HUESO,2022-12-01,011202,D_city,13247.076373234826
CALI,CARNE DE CERDO SIN HUESO,2023-01-01,011202,D_city,13686.370870800612
CALI,CARNE DE CERDO SIN HUESO,2023-02-01,011202,D_city,13875.05098288665
CALI,CARNE DE CERDO SIN HUESO,2023-03-01,011202,D_city,13798.276401613286
CALI,CARNE DE CERDO SIN HUESO,2023-04-01,011202,D_city,13510.62003172112
CALI,CARNE DE CERDO SIN HUESO,2023-05-01,011202,D_city,13258.755752931336
CALI,CARNE DE CERDO SIN HUESO,2023-06-01,011202,D_city,13276.726521408085
CALI,CARNE DE CERDO SIN HUESO,2023-07-01,011202,D_city,13123.174175018861
CALI,CARNE DE CERDO SIN HUESO,2023-08-01,011202,D_city,13266.842225082411
CALI,CARNE DE CERDO SIN HUESO,2023-09-01,011202,D_city,13305.486026957771
CALI,CARNE DE CERDO SIN HUESO,2023-10-01,011202,D_city,13353.135919012706
CALI,CARNE DE CERDO SIN HUESO,2023-11-01,011202,D_city,13327.959758228122
CALI,CARNE DE CERDO SIN HUESO,2023-12-01,011202,D_city,13434.099141657769
CALI,CARNE DE CERDO SIN HUESO,2024-01-01,011202,D_city,13598.009587106833
CALI,CARNE DE CERDO SIN HUESO,2024-02-01,011202,D_city,13572.776562759693
CALI,CARNE DE CERDO SIN HUESO,2024-03-01,011202,D_city,13417.90164242367
CALI,CARNE DE CERDO SIN HUESO,2024-04-01,011202,D_city,13669.234056336603
CALI,CARNE DE CERDO SIN HUESO,2024-05-01,011202,D_city,13519.626030841218
CALI,CARNE DE CERDO SIN HUESO,2024-06-01,011202,D_city,13531.334942315627
CALI,CARNE DE CERDO SIN HUESO,2024-07-01,011202,D_city,13478.204603160018
CALI,CARNE DE CERDO SIN HUESO,2024-08-01,011202,D_city,13492.610267763937
CALI,CARNE DE CERDO SIN HUESO,2024-09-01,011202,D_city,13555.657466233064
CALI,CARNE DE CERDO SIN HUESO,2024-10-01,011202,D_city,13622.346934294024
CALI,CARNE DE CERDO SIN HUESO,2024-11-01,011202,D_city,13677.351162762017
CALI,CARNE DE CERDO SIN HUESO,2024-12-01,011202,D_city,14156.403431336865
CALI,CARNE DE RES CON HUESO,2019-01-01,011201,D_city,3121.366769118752
CALI,CARNE DE RES CON HUESO,2019-02-01,011201,D_city,3129.3900420644
CALI,CARNE DE RES CON HUESO,2019-03-01,011201,D_city,3139.913511615858
CALI,CARNE DE RES CON HUESO,2019-04-01,011201,D_city,3158.9356804009053
CALI,CARNE DE RES CON HUESO,2019-05-01,011201,D_city,3200.6435329477713
CALI,CARNE DE RES CON HUESO,2019-06-01,011201,D_city,3220.828664520968
CALI,CARNE DE RES CON HUESO,2019-07-01,011201,D_city,3260.8648777574444
CALI,CARNE DE RES CON HUESO,2019-08-01,011201,D_city,3246.7033872280194
CALI,CARNE DE RES CON HUESO,2019-09-01,011201,D_city,3251.42543847807
CALI,CARNE DE RES CON HUESO,2019-10-01,011201,D_city,3257.636294458689
CALI,CARNE DE RES CON HUESO,2019-11-01,011201,D_city,3267.8162879548036
CALI,CARNE DE RES CON HUESO,2019-12-01,011201,D_city,3289.889620867174
CALI,CARNE DE RES CON HUESO,2020-01-01,011201,D_city,3264.092735921238
CALI,CARNE DE RES CON HUESO,2020-02-01,011201,D_city,3288.6504385719013
CALI,CARNE DE RES CON HUESO,2020-03-01,011201,D_city,3306.2369246744042
CALI,CARNE DE RES CON HUESO,2020-04-01,011201,D_city,3320.587609987062
CALI,CARNE DE RES CON HUESO,2020-05-01,011201,D_city,3328.499206026487
CALI,CARNE DE RES CON HUESO,2020-06-01,011201,D_city,3332.4534039270775
CALI,CARNE DE RES CON HUESO,2020-07-01,011201,D_city,3317.124941952095
CALI,CARNE DE RES CON HUESO,2020-08-01,011201,D_city,3315.1459062725235
CALI,CARNE DE RES CON HUESO,2020-09-01,011201,D_city,3345.297206316715
CALI,CARNE DE RES CON HUESO,2020-10-01,011201,D_city,3334.4301036529455
CALI,CARNE DE RES CON HUESO,2020-11-01,011201,D_city,3342.3342464058383
CALI,CARNE DE RES CON HUESO,2020-12-01,011201,D_city,3354.9227185201958
CALI,CARNE DE RES CON HUESO,2021-01-01,011201,D_city,3397.0533117881964
CALI,CARNE DE RES CON HUESO,2021-02-01,011201,D_city,3396.5612437539276
CALI,CARNE DE RES CON HUESO,2021-03-01,011201,D_city,3425.811259724868
CALI,CARNE DE RES CON HUESO,2021-04-01,011201,D_city,3559.7895118074557
CALI,CARNE DE RES CON HUESO,2021-05-01,011201,D_city,4026.306276340735
CALI,CARNE DE RES CON HUESO,2021-06-01,011201,D_city,4177.643855204146
CALI,CARNE DE RES CON HUESO,2021-07-01,011201,D_city,4141.2214448783125
CALI,CARNE DE RES CON HUESO,2021-08-01,011201,D_city,4110.146265692845
CALI,CARNE DE RES CON HUESO,2021-09-01,011201,D_city,4155.329030953966
CALI,CARNE DE RES CON HUESO,2021-10-01,011201,D_city,4177.878604058109
CALI,CARNE DE RES CON HUESO,2021-11-01,011201,D_city,4268.737654086396
CALI,CARNE DE RES CON HUESO,2021-12-01,011201,D_city,4301.647123033786
CALI,CARNE DE RES CON HUESO,2022-01-01,011201,D_city,4403.051678863895
CALI,CARNE DE RES CON HUESO,2022-02-01,011201,D_city,4445.224131912202
CALI,CARNE DE RES CON HUESO,2022-03-01,011201,D_city,4489.6155880039805
CALI,CARNE DE RES CON HUESO,2022-04-01,011201,D_city,4546.347114472711
CALI,CARNE DE RES CON HUESO,2022-05-01,011201,D_city,4660.706502013276
CALI,CARNE DE RES CON HUESO,2022-06-01,011201,D_city,4747.5415575483485
CALI,CARNE DE RES CON HUESO,2022-07-01,011201,D_city,4832.882152703341
CALI,CARNE DE RES CON HUESO,2022-08-01,011201,D_city,4877.124114964909
CALI,CARNE DE RES CON HUESO,2022-09-01,011201,D_city,4882.562974779476
CALI,CARNE DE RES CON HUESO,2022-10-01,011201,D_city,4912.67847324639
CALI,CARNE DE RES CON HUESO,2022-11-01,011201,D_city,4948.626348608688
CALI,CARNE DE RES CON HUESO,2022-12-01,011201,D_city,4961.273117766421
CALI,CARNE DE RES CON HUESO,2023-01-01,011201,D_city,5015.165873279235
CALI,CARNE DE RES CON HUESO,2023-02-01,011201,D_city,5016.742336326448
CALI,CARNE DE RES CON HUESO,2023-03-01,011201,D_city,5042.175438281107
CALI,CARNE DE RES CON HUESO,2023-04-01,011201,D_city,4976.394470668229
CALI,CARNE DE RES CON HUESO,2023-05-01,011201,D_city,4998.9442891687395
CALI,CARNE DE RES CON HUESO,2023-06-01,011201,D_city,5000.296543581145
CALI,CARNE DE RES CON HUESO,2023-07-01,011201,D_city,5033.4009384887495
CALI,CARNE DE RES CON HUESO,2023-08-01,011201,D_city,5025.748542028141
CALI,CARNE DE RES CON HUESO,2023-09-01,011201,D_city,5027.774433518966
CALI,CARNE DE RES CON HUESO,2023-10-01,011201,D_city,5037.451138523857
CALI,CARNE DE RES CON HUESO,2023-11-01,011201,D_city,5030.25027162301
CALI,CARNE DE RES CON HUESO,2023-12-01,011201,D_city,5024.622966690633
CALI,CARNE DE RES CON HUESO,2024-01-01,011201,D_city,5009.7600031407
CALI,CARNE DE RES CON HUESO,2024-02-01,011201,D_city,5033.85099722242
CALI,CARNE DE RES CON HUESO,2024-03-01,011201,D_city,5048.472942880725
CALI,CARNE DE RES CON HUESO,2024-04-01,011201,D_city,5055.667909284561
CALI,CARNE DE RES CON HUESO,2024-05-01,011201,D_city,5070.9495072881955
CALI,CARNE DE RES CON HUESO,2024-06-01,011201,D_city,5102.378792258592
CALI,CARNE DE RES CON HUESO,2024-07-01,011201,D_city,5102.603128904076
CALI,CARNE DE RES CON HUESO,2024-08-01,011201,D_city,5133.764212181182
CALI,CARNE DE RES CON HUESO,2024-09-01,011201,D_city,5136.228362264447
CALI,CARNE DE RES CON HUESO,2024-10-01,011201,D_city,5110.004983630771
CALI,CARNE DE RES CON HUESO,2024-11-01,011201,D_city,5126.146050597879
CALI,CARNE DE RES CON HUESO,2024-12-01,011201,D_city,5117.628593501508
CALI,CARNE DE RES SIN HUESO,2019-01-01,011201,D_city,8949.376533107246
CALI,CARNE DE RES SIN HUESO,2019-02-01,011201,D_city,8978.862770675898
CALI,CARNE DE RES SIN HUESO,2019-03-01,011201,D_city,9017.569699914711
CALI,CARNE DE RES SIN HUESO,2019-04-01,011201,D_city,9087.628738142012
CALI,CARNE DE RES SIN HUESO,2019-05-01,011201,D_city,9241.654670819162
CALI,CARNE DE RES SIN HUESO,2019-06-01,011201,D_city,9316.401271807421
CALI,CARNE DE RES SIN HUESO,2019-07-01,011201,D_city,9465.047175838095
CALI,CARNE DE RES SIN HUESO,2019-08-01,011201,D_city,9412.409562905626
CALI,CARNE DE RES SIN HUESO,2019-09-01,011201,D_city,9429.954047702802
CALI,CARNE DE RES SIN HUESO,2019-10-01,011201,D_city,9453.04100884804
CALI,CARNE DE RES SIN HUESO,2019-11-01,011201,D_city,9490.908809283057
CALI,CARNE DE RES SIN HUESO,2019-12-01,011201,D_city,9573.13170844082
CALI,CARNE DE RES SIN HUESO,2020-01-01,011201,D_city,9477.053989924712
CALI,CARNE DE RES SIN HUESO,2020-02-01,011201,D_city,9568.51164645877
CALI,CARNE DE RES SIN HUESO,2020-03-01,011201,D_city,9634.125389263367
CALI,CARNE DE RES SIN HUESO,2020-04-01,011201,D_city,9687.739447603024
CALI,CARNE DE RES SIN HUESO,2020-05-01,011201,D_city,9717.325019456728
CALI,CARNE DE RES SIN HUESO,2020-06-01,011201,D_city,9732.119241409764
CALI,CARNE DE RES SIN HUESO,2020-07-01,011201,D_city,9674.796966256525
CALI,CARNE DE RES SIN HUESO,2020-08-01,011201,D_city,9667.401592831346
CALI,CARNE DE RES SIN HUESO,2020-09-01,011201,D_city,9780.20705532587
CALI,CARNE DE RES SIN HUESO,2020-10-01,011201,D_city,9739.516710809843
CALI,CARNE DE RES SIN HUESO,2020-11-01,011201,D_city,9769.108974029179
CALI,CARNE DE RES SIN HUESO,2020-12-01,011201,D_city,9816.279512145631
CALI,CARNE DE RES SIN HUESO,2021-01-01,011201,D_city,9974.509605898744
CALI,CARNE DE RES SIN HUESO,2021-02-01,011201,D_city,9972.658341697796
CALI,CARNE DE RES SIN HUESO,2021-03-01,011201,D_city,10082.833886238404
CALI,CARNE DE RES SIN HUESO,2021-04-01,011201,D_city,10590.84959219685
CALI,CARNE DE RES SIN HUESO,2021-05-01,011201,D_city,12401.088874901687
CALI,CARNE DE RES SIN HUESO,2021-06-01,011201,D_city,13001.47778352092
CALI,CARNE DE RES SIN HUESO,2021-07-01,011201,D_city,12856.414055997413
CALI,CARNE DE RES SIN HUESO,2021-08-01,011201,D_city,12732.930690758572
CALI,CARNE DE RES SIN HUESO,2021-09-01,011201,D_city,12912.55955032451
CALI,CARNE DE RES SIN HUESO,2021-10-01,011201,D_city,13002.413902665347
CALI,CARNE DE RES SIN HUESO,2021-11-01,011201,D_city,13365.842415776566
CALI,CARNE DE RES SIN HUESO,2021-12-01,011201,D_city,13498.01777860659
CALI,CARNE DE RES SIN HUESO,2022-01-01,011201,D_city,13907.076177158457
CALI,CARNE DE RES SIN HUESO,2022-02-01,011201,D_city,14077.982144310405
CALI,CARNE DE RES SIN HUESO,2022-03-01,011201,D_city,14258.37413205315
CALI,CARNE DE RES SIN HUESO,2022-04-01,011201,D_city,14489.643003453799
CALI,CARNE DE RES SIN HUESO,2022-05-01,011201,D_city,14958.299541444252
CALI,CARNE DE RES SIN HUESO,2022-06-01,011201,D_city,15316.33015306858
CALI,CARNE DE RES SIN HUESO,2022-07-01,011201,D_city,15669.998843486415
CALI,CARNE DE RES SIN HUESO,2022-08-01,011201,D_city,15854.04117262826
CALI,CARNE DE RES SIN HUESO,2022-09-01,011201,D_city,15876.698832442567
CALI,CARNE DE RES SIN HUESO,2022-10-01,011201,D_city,16002.284884707871
CALI,CARNE DE RES SIN HUESO,2022-11-01,011201,D_city,16152.47654203777
CALI,CARNE DE RES SIN HUESO,2022-12-01,011201,D_city,16205.388393474068
CALI,CARNE DE RES SIN HUESO,2023-01-01,011201,D_city,16431.290873844864
CALI,CARNE DE RES SIN HUESO,2023-02-01,011201,D_city,16437.90926281839
CALI,CARNE DE RES SIN HUESO,2023-03-01,011201,D_city,16544.76460750804
CALI,CARNE DE RES SIN HUESO,2023-04-01,011201,D_city,16268.703288275054
CALI,CARNE DE RES SIN HUESO,2023-05-01,011201,D_city,16363.222597177064
CALI,CARNE DE RES SIN HUESO,2023-06-01,011201,D_city,16368.89449478266
CALI,CARNE DE RES SIN HUESO,2023-07-01,011201,D_city,16507.88200592128
CALI,CARNE DE RES SIN HUESO,2023-08-01,011201,D_city,16475.730799110224
CALI,CARNE DE RES SIN HUESO,2023-09-01,011201,D_city,16484.241153474
CALI,CARNE DE RES SIN HUESO,2023-10-01,011201,D_city,16524.904310534403
CALI,CARNE DE RES SIN HUESO,2023-11-01,011201,D_city,16494.642951202215
CALI,CARNE DE RES SIN HUESO,2023-12-01,011201,D_city,16471.002905159923
CALI,CARNE DE RES SIN HUESO,2024-01-01,011201,D_city,16408.60011463206
CALI,CARNE DE RES SIN HUESO,2024-02-01,011201,D_city,16509.773336286842
CALI,CARNE DE RES SIN HUESO,2024-03-01,011201,D_city,16571.246578997856
CALI,CARNE DE RES SIN HUESO,2024-04-01,011201,D_city,16601.513890979637
CALI,CARNE DE RES SIN HUESO,2024-05-01,011201,D_city,16665.83970932695
CALI,CARNE DE RES SIN HUESO,2024-06-01,011201,D_city,16798.30839789667
CALI,CARNE DE RES SIN HUESO,2024-07-01,011201,D_city,16799.254762895867
CALI,CARNE DE RES SIN HUESO,2024-08-01,011201,D_city,16930.821485168766
CALI,CARNE DE RES SIN HUESO,2024-09-01,011201,D_city,16941.2350996521
CALI,CARNE DE RES SIN HUESO,2024-10-01,011201,D_city,16830.486077894155
CALI,CARNE DE RES SIN HUESO,2024-11-01,011201,D_city,16898.635670647152
CALI,CARNE DE RES SIN HUESO,2024-12-01,011201,D_city,16862.666371905732
CALI,CEBOLLA CABEZONA,2019-01-01,011714,D_city,2113.3215019533404
CALI,CEBOLLA CABEZONA,2019-02-01,011714,D_city,1960.2033943038093
CALI,CEBOLLA CABEZONA,2019-03-01,011714,D_city,1834.5748751859296
CALI,CEBOLLA CABEZONA,2019-04-01,011714,D_city,1975.1133019870647
CALI,CEBOLLA CABEZONA,2019-05-01,011714,D_city,1740.0774045889045
CALI,CEBOLLA CABEZONA,2019-06-01,011714,D_city,1830.3868972408468
CALI,CEBOLLA CABEZONA,2019-07-01,011714,D_city,2297.397780832465
CALI,CEBOLLA CABEZONA,2019-08-01,011714,D_city,2118.5231919153334
CALI,CEBOLLA CABEZONA,2019-09-01,011714,D_city,1895.7677365773989
CALI,CEBOLLA CABEZONA,2019-10-01,011714,D_city,1673.1738970831482
CALI,CEBOLLA CABEZONA,2019-11-01,011714,D_city,1484.2850986867395
CALI,CEBOLLA CABEZONA,2019-12-01,011714,D_city,1448.5524509881805
CALI,CEBOLLA CABEZONA,2020-01-01,011714,D_city,1447.9586774989348
CALI,CEBOLLA CABEZONA,2020-02-01,011714,D_city,1340.6814468986886
CALI,CEBOLLA CABEZONA,2020-03-01,011714,D_city,1542.891956916878
CALI,CEBOLLA CABEZONA,2020-04-01,011714,D_city,1953.1838345542858
CALI,CEBOLLA CABEZONA,2020-05-01,011714,D_city,2046.624870409492
CALI,CEBOLLA CABEZONA,2020-06-01,011714,D_city,2441.921039379051
CALI,CEBOLLA CABEZONA,2020-07-01,011714,D_city,2459.431758415068
CALI,CEBOLLA CABEZONA,2020-08-01,011714,D_city,2358.6009015146374
CALI,CEBOLLA CABEZONA,2020-09-01,011714,D_city,2136.1014684805564
CALI,CEBOLLA CABEZONA,2020-10-01,011714,D_city,1781.1427215875667
CALI,CEBOLLA CABEZONA,2020-11-01,011714,D_city,1771.1664499399224
CALI,CEBOLLA CABEZONA,2020-12-01,011714,D_city,1683.6309497700563
CALI,CEBOLLA CABEZONA,2021-01-01,011714,D_city,2181.399410124532
CALI,CEBOLLA CABEZONA,2021-02-01,011714,D_city,2420.858278241855
CALI,CEBOLLA CABEZONA,2021-03-01,011714,D_city,2542.6745161496556
CALI,CEBOLLA CABEZONA,2021-04-01,011714,D_city,2662.9275553681914
CALI,CEBOLLA CABEZONA,2021-05-01,011714,D_city,5406.415704481768
CALI,CEBOLLA CABEZONA,2021-06-01,011714,D_city,2237.0219806753285
CALI,CEBOLLA CABEZONA,2021-07-01,011714,D_city,1452.908570394887
CALI,CEBOLLA CABEZONA,2021-08-01,011714,D_city,1300.6066829473716
CALI,CEBOLLA CABEZONA,2021-09-01,011714,D_city,1216.5946957830458
CALI,CEBOLLA CABEZONA,2021-10-01,011714,D_city,1257.1889741423065
CALI,CEBOLLA CABEZONA,2021-11-01,011714,D_city,1290.9706323069086
CALI,CEBOLLA CABEZONA,2021-12-01,011714,D_city,1497.8381694513585
CALI,CEBOLLA CABEZONA,2022-01-01,011714,D_city,1975.7529022624199
CALI,CEBOLLA CABEZONA,2022-02-01,011714,D_city,2579.8831454431897
CALI,CEBOLLA CABEZONA,2022-03-01,011714,D_city,3061.020633315713
CALI,CEBOLLA CABEZONA,2022-04-01,011714,D_city,3613.4213165376073
CALI,CEBOLLA CABEZONA,2022-05-01,011714,D_city,3483.6555965578564
CALI,CEBOLLA CABEZONA,2022-06-01,011714,D_city,2957.5006062414545
CALI,CEBOLLA CABEZONA,2022-07-01,011714,D_city,3106.0872882960225
CALI,CEBOLLA CABEZONA,2022-08-01,011714,D_city,3674.150870091405
CALI,CEBOLLA CABEZONA,2022-09-01,011714,D_city,3771.421068701361
CALI,CEBOLLA CABEZONA,2022-10-01,011714,D_city,3881.5723323869875
CALI,CEBOLLA CABEZONA,2022-11-01,011714,D_city,3758.980344212208
CALI,CEBOLLA CABEZONA,2022-12-01,011714,D_city,5012.189517125878
CALI,CEBOLLA CABEZONA,2023-01-01,011714,D_city,5963.829705287255
CALI,CEBOLLA CABEZONA,2023-02-01,011714,D_city,5981.336415280964
CALI,CEBOLLA CABEZONA,2023-03-01,011714,D_city,5474.623213987245
CALI,CEBOLLA CABEZONA,2023-04-01,011714,D_city,4798.797603855435
CALI,CEBOLLA CABEZONA,2023-05-01,011714,D_city,3638.8192243729573
CALI,CEBOLLA CABEZONA,2023-06-01,011714,D_city,3170.63820217299
CALI,CEBOLLA CABEZONA,2023-07-01,011714,D_city,3249.429203725108
CALI,CEBOLLA CABEZONA,2023-08-01,011714,D_city,4545.70077381246
CALI,CEBOLLA CABEZONA,2023-09-01,011714,D_city,5571.713512551575
CALI,CEBOLLA CABEZONA,2023-10-01,011714,D_city,4504.618457468182
CALI,CEBOLLA CABEZONA,2023-11-01,011714,D_city,3554.898407401166
CALI,CEBOLLA CABEZONA,2023-12-01,011714,D_city,3133.4408937966996
CALI,CEBOLLA CABEZONA,2024-01-01,011714,D_city,3271.544542541452
CALI,CEBOLLA CABEZONA,2024-02-01,011714,D_city,3064.099108438771
CALI,CEBOLLA CABEZONA,2024-03-01,011714,D_city,2867.1890200379917
CALI,CEBOLLA CABEZONA,2024-04-01,011714,D_city,2802.10057708628
CALI,CEBOLLA CABEZONA,2024-05-01,011714,D_city,2926.3072063242225
CALI,CEBOLLA CABEZONA,2024-06-01,011714,D_city,4716.430979516245
CALI,CEBOLLA CABEZONA,2024-07-01,011714,D_city,5590.031732799145
CALI,CEBOLLA CABEZONA,2024-08-01,011714,D_city,4746.127764855084
CALI,CEBOLLA CABEZONA,2024-09-01,011714,D_city,4009.3922067358767
CALI,CEBOLLA CABEZONA,2024-10-01,011714,D_city,2860.4311266510176
CALI,CEBOLLA CABEZONA,2024-11-01,011714,D_city,2625.4339721738424
CALI,CEBOLLA CABEZONA,2024-12-01,011714,D_city,2786.347565081627
CALI,CEBOLLA LARGA,2019-01-01,011714,D_city,1311.339144996989
CALI,CEBOLLA LARGA,2019-02-01,011714,D_city,1270.1461983735562
CALI,CEBOLLA LARGA,2019-03-01,011714,D_city,1234.9428185450463
CALI,CEBOLLA LARGA,2019-04-01,011714,D_city,1274.237002715991
CALI,CEBOLLA LARGA,2019-05-01,011714,D_city,1207.5378251485354
CALI,CEBOLLA LARGA,2019-06-01,011714,D_city,1233.7457180489273
CALI,CEBOLLA LARGA,2019-07-01,011714,D_city,1358.6470280496087
CALI,CEBOLLA LARGA,2019-08-01,011714,D_city,1312.7078685855479
CALI,CEBOLLA LARGA,2019-09-01,011714,D_city,1252.257879846106
CALI,CEBOLLA LARGA,2019-10-01,011714,D_city,1187.613282152087
CALI,CEBOLLA LARGA,2019-11-01,011714,D_city,1128.7519448603366
CALI,CEBOLLA LARGA,2019-12-01,011714,D_city,1117.1397892981718
CALI,CEBOLLA LARGA,2020-01-01,011714,D_city,1116.9454437649272
CALI,CEBOLLA LARGA,2020-02-01,011714,D_city,1081.0493884074945
CALI,CEBOLLA LARGA,2020-03-01,011714,D_city,1147.4542845006229
CALI,CEBOLLA LARGA,2020-04-01,011714,D_city,1268.2140525056723
CALI,CEBOLLA LARGA,2020-05-01,011714,D_city,1293.6145666344357
CALI,CEBOLLA LARGA,2020-06-01,011714,D_city,1394.280341598186
CALI,CEBOLLA LARGA,2020-07-01,011714,D_city,1398.5144090149315
CALI,CEBOLLA LARGA,2020-08-01,011714,D_city,1373.890241879258
CALI,CEBOLLA LARGA,2020-09-01,011714,D_city,1317.318989050927
CALI,CEBOLLA LARGA,2020-10-01,011714,D_city,1219.5497557724816
CALI,CEBOLLA LARGA,2020-11-01,011714,D_city,1216.646402266691
CALI,CEBOLLA LARGA,2020-12-01,011714,D_city,1190.7573586788944
CALI,CEBOLLA LARGA,2021-01-01,011714,D_city,1329.1017538861204
CALI,CEBOLLA LARGA,2021-02-01,011714,D_city,1389.1641740827665
CALI,CEBOLLA LARGA,2021-03-01,011714,D_city,1418.4087999067974
CALI,CEBOLLA LARGA,2021-04-01,011714,D_city,1446.4972680668602
CALI,CEBOLLA LARGA,2021-05-01,011714,D_city,1953.5656132298313
CALI,CEBOLLA LARGA,2021-06-01,011714,D_city,1343.3790691901434
CALI,CEBOLLA LARGA,2021-07-01,011714,D_city,1118.5641724162722
CALI,CEBOLLA LARGA,2021-08-01,011714,D_city,1067.216914654791
CALI,CEBOLLA LARGA,2021-09-01,011714,D_city,1037.400328839091
CALI,CEBOLLA LARGA,2021-10-01,011714,D_city,1051.9507550337942
CALI,CEBOLLA LARGA,2021-11-01,011714,D_city,1063.8544033940325
CALI,CEBOLLA LARGA,2021-12-01,011714,D_city,1133.1141961958656
CALI,CEBOLLA LARGA,2022-01-01,011714,D_city,1274.4120903949433
CALI,CEBOLLA LARGA,2022-02-01,011714,D_city,1427.1801098336332
CALI,CEBOLLA LARGA,2022-03-01,011714,D_city,1534.5958498675927
CALI,CEBOLLA LARGA,2022-04-01,011714,D_city,1646.530519009766
CALI,CEBOLLA LARGA,2022-05-01,011714,D_city,1621.1738539377757
CALI,CEBOLLA LARGA,2022-06-01,011714,D_city,1512.3543396624304
CALI,CEBOLLA LARGA,2022-07-01,011714,D_city,1544.1431859599354
CALI,CEBOLLA LARGA,2022-08-01,011714,D_city,1658.2172486763277
CALI,CEBOLLA LARGA,2022-09-01,011714,D_city,1676.7064057821372
CALI,CEBOLLA LARGA,2022-10-01,011714,D_city,1697.3155452838644
CALI,CEBOLLA LARGA,2022-11-01,011714,D_city,1674.3570989278771
CALI,CEBOLLA LARGA,2022-12-01,011714,D_city,1891.796356823008
CALI,CEBOLLA LARGA,2023-01-01,011714,D_city,2036.630412679927
CALI,CEBOLLA LARGA,2023-02-01,011714,D_city,2039.1652741058012
CALI,CEBOLLA LARGA,2023-03-01,011714,D_city,1963.986639941421
CALI,CEBOLLA LARGA,2023-04-01,011714,D_city,1857.1893200812976
CALI,CEBOLLA LARGA,2023-05-01,011714,D_city,1651.4317152882775
CALI,CEBOLLA LARGA,2023-06-01,011714,D_city,1557.6803633986513
CALI,CEBOLLA LARGA,2023-07-01,011714,D_city,1573.9905998085899
CALI,CEBOLLA LARGA,2023-08-01,011714,D_city,1814.974102442654
CALI,CEBOLLA LARGA,2023-09-01,011714,D_city,1978.6923964559055
CALI,CEBOLLA LARGA,2023-10-01,011714,D_city,1807.9951965462565
CALI,CEBOLLA LARGA,2023-11-01,011714,D_city,1635.160965260962
CALI,CEBOLLA LARGA,2023-12-01,011714,D_city,1549.8991833035568
CALI,CEBOLLA LARGA,2024-01-01,011714,D_city,1578.5276055895342
CALI,CEBOLLA LARGA,2024-02-01,011714,D_city,1535.250586989492
CALI,CEBOLLA LARGA,2024-03-01,011714,D_city,1492.581744396776
CALI,CEBOLLA LARGA,2024-04-01,011714,D_city,1478.1081159701284
CALI,CEBOLLA LARGA,2024-05-01,011714,D_city,1505.5647366857258
CALI,CEBOLLA LARGA,2024-06-01,011714,D_city,1843.5947991908085
CALI,CEBOLLA LARGA,2024-07-01,011714,D_city,1981.450379250734
CALI,CEBOLLA LARGA,2024-08-01,011714,D_city,1848.5118588445443
CALI,CEBOLLA LARGA,2024-09-01,011714,D_city,1720.8127946166035
CALI,CEBOLLA LARGA,2024-10-01,011714,D_city,1491.0878591383503
CALI,CEBOLLA LARGA,2024-11-01,011714,D_city,1437.8193822366004
CALI,CEBOLLA LARGA,2024-12-01,011714,D_city,1474.576125308916
CALI,CURUBAS,2019-01-01,011609,D_city,1519.6940491136204
CALI,CURUBAS,2019-02-01,011609,D_city,1566.0836562742095
CALI,CURUBAS,2019-03-01,011609,D_city,1667.308134866078
CALI,CURUBAS,2019-04-01,011609,D_city,1650.9314879400665
CALI,CURUBAS,2019-05-01,011609,D_city,1589.2695657031732
CALI,CURUBAS,2019-06-01,011609,D_city,1593.9273261643489
CALI,CURUBAS,2019-07-01,011609,D_city,1648.5915223677036
CALI,CURUBAS,2019-08-01,011609,D_city,1706.102681488332
CALI,CURUBAS,2019-09-01,011609,D_city,1768.291840623539
CALI,CURUBAS,2019-10-01,011609,D_city,1757.1093072777376
CALI,CURUBAS,2019-11-01,011609,D_city,1701.9934984403028
CALI,CURUBAS,2019-12-01,011609,D_city,1649.2768237162138
CALI,CURUBAS,2020-01-01,011609,D_city,1652.4132040108557
CALI,CURUBAS,2020-02-01,011609,D_city,1692.8537257808823
CALI,CURUBAS,2020-03-01,011609,D_city,1775.1252963739532
CALI,CURUBAS,2020-04-01,011609,D_city,1774.5007112733713
CALI,CURUBAS,2020-05-01,011609,D_city,1715.9684629313308
CALI,CURUBAS,2020-06-01,011609,D_city,1659.003620668393
CALI,CURUBAS,2020-07-01,011609,D_city,1620.2952761846007
CALI,CURUBAS,2020-08-01,011609,D_city,1630.3563443762055
CALI,CURUBAS,2020-09-01,011609,D_city,1653.2672785684806
CALI,CURUBAS,2020-10-01,011609,D_city,1686.7073093544084
CALI,CURUBAS,2020-11-01,011609,D_city,1694.7307907047107
CALI,CURUBAS,2020-12-01,011609,D_city,1651.5015771348067
CALI,CURUBAS,2021-01-01,011609,D_city,1666.9701959697961
CALI,CURUBAS,2021-02-01,011609,D_city,1695.6132088317484
CALI,CURUBAS,2021-03-01,011609,D_city,1753.2560813695968
CALI,CURUBAS,2021-04-01,011609,D_city,1773.250708663531
CALI,CURUBAS,2021-05-01,011609,D_city,1983.016424576392
CALI,CURUBAS,2021-06-01,011609,D_city,1777.5169760552253
CALI,CURUBAS,2021-07-01,011609,D_city,1786.2691616122597
CALI,CURUBAS,2021-08-01,011609,D_city,1840.6703828360949
CALI,CURUBAS,2021-09-01,011609,D_city,1856.3938596152714
CALI,CURUBAS,2021-10-01,011609,D_city,1910.4330641679655
CALI,CURUBAS,2021-11-01,011609,D_city,1894.0272695261624
CALI,CURUBAS,2021-12-01,011609,D_city,1869.1745934987161
CALI,CURUBAS,2022-01-01,011609,D_city,1936.2536048973118
CALI,CURUBAS,2022-02-01,011609,D_city,2015.5343898886913
CALI,CURUBAS,2022-03-01,011609,D_city,2099.1718828526996
CALI,CURUBAS,2022-04-01,011609,D_city,2103.6305947055985
CALI,CURUBAS,2022-05-01,011609,D_city,2055.2524165857676
CALI,CURUBAS,2022-06-01,011609,D_city,2045.7947733500725
CALI,CURUBAS,2022-07-01,011609,D_city,2071.4369555684684
CALI,CURUBAS,2022-08-01,011609,D_city,2113.222635416408
CALI,CURUBAS,2022-09-01,011609,D_city,2180.130233153595
CALI,CURUBAS,2022-10-01,011609,D_city,2209.358036174246
CALI,CURUBAS,2022-11-01,011609,D_city,2168.4452639476503
CALI,CURUBAS,2022-12-01,011609,D_city,2096.9380419462814
CALI,CURUBAS,2023-01-01,011609,D_city,2142.9472527354615
CALI,CURUBAS,2023-02-01,011609,D_city,2203.266276426376
CALI,CURUBAS,2023-03-01,011609,D_city,2329.6739378248585
CALI,CURUBAS,2023-04-01,011609,D_city,2287.456984563356
CALI,CURUBAS,2023-05-01,011609,D_city,2234.48949765065
CALI,CURUBAS,2023-06-01,011609,D_city,2192.6140873078266
CALI,CURUBAS,2023-07-01,011609,D_city,2251.2276658227443
CALI,CURUBAS,2023-08-01,011609,D_city,2327.34563310341
CALI,CURUBAS,2023-09-01,011609,D_city,2379.4177995652594
CALI,CURUBAS,2023-10-01,011609,D_city,2421.4217219319185
CALI,CURUBAS,2023-11-01,011609,D_city,2339.802990086011
CALI,CURUBAS,2023-12-01,011609,D_city,2228.4452142990813
CALI,CURUBAS,2024-01-01,011609,D_city,2262.3381405779305
CALI,CURUBAS,2024-02-01,011609,D_city,2335.5371266125057
CALI,CURUBAS,2024-03-01,011609,D_city,2426.4105129634218
CALI,CURUBAS,2024-04-01,011609,D_city,2496.3281249772263
CALI,CURUBAS,2024-05-01,011609,D_city,2459.5967821267022
CALI,CURUBAS,2024-06-01,011609,D_city,2385.0914044482847
CALI,CURUBAS,2024-07-01,011609,D_city,2352.7609955426956
CALI,CURUBAS,2024-08-01,011609,D_city,2395.9600964593237
CALI,CURUBAS,2024-09-01,011609,D_city,2524.1951691189042
CALI,CURUBAS,2024-10-01,011609,D_city,2545.2482308360413
CALI,CURUBAS,2024-11-01,011609,D_city,2500.724015148798
CALI,CURUBAS,2024-12-01,011609,D_city,2420.612457894401
CALI,FRÍJOL FRESCO,2019-01-01,011716,BASE_lowR2,5682.364138961524
CALI,FRÍJOL FRESCO,2019-02-01,011716,BASE_lowR2,5703.119910347404
CALI,FRÍJOL FRESCO,2019-03-01,011716,BASE_lowR2,5575.283227493463
CALI,FRÍJOL FRESCO,2019-04-01,011716,BASE_lowR2,5451.220321255137
CALI,FRÍJOL FRESCO,2019-05-01,011716,BASE_lowR2,5517.261412028389
CALI,FRÍJOL FRESCO,2019-06-01,011716,BASE_lowR2,6098.423010833022
CALI,FRÍJOL FRESCO,2019-07-01,011716,BASE_lowR2,6506.934329473291
CALI,FRÍJOL FRESCO,2019-08-01,011716,BASE_lowR2,6431.9305192379525
CALI,FRÍJOL FRESCO,2019-09-01,011716,BASE_lowR2,6850.34800149421
CALI,FRÍJOL FRESCO,2019-10-01,011716,BASE_lowR2,6584.76847217034
CALI,FRÍJOL FRESCO,2019-11-01,011716,BASE_lowR2,6003.6068733657075
CALI,FRÍJOL FRESCO,2019-12-01,011716,BASE_lowR2,5713.026073963391
CALI,FRÍJOL FRESCO,2020-01-01,011716,BASE_lowR2,6996.581845349271
CALI,FRÍJOL FRESCO,2020-02-01,011716,BASE_lowR2,7695.673963391856
CALI,FRÍJOL FRESCO,2020-03-01,011716,BASE_lowR2,8359.858647740008
CALI,FRÍJOL FRESCO,2020-04-01,011716,BASE_lowR2,7291.879865521107
CALI,FRÍJOL FRESCO,2020-05-01,011716,BASE_lowR2,6421.0809114680615
CALI,FRÍJOL FRESCO,2020-06-01,011716,BASE_lowR2,6495.1412775494955
CALI,FRÍJOL FRESCO,2020-07-01,011716,BASE_lowR2,6225.787971610011
CALI,FRÍJOL FRESCO,2020-08-01,011716,BASE_lowR2,6436.64774000747
CALI,FRÍJOL FRESCO,2020-09-01,011716,BASE_lowR2,7355.5623459096005
CALI,FRÍJOL FRESCO,2020-10-01,011716,BASE_lowR2,7445.189540530445
CALI,FRÍJOL FRESCO,2020-11-01,011716,BASE_lowR2,7113.568920433321
CALI,FRÍJOL FRESCO,2020-12-01,011716,BASE_lowR2,6939.03175196115
CALI,FRÍJOL FRESCO,2021-01-01,011716,BASE_lowR2,6859.310720956294
CALI,FRÍJOL FRESCO,2021-02-01,011716,BASE_lowR2,6806.949570414644
CALI,FRÍJOL FRESCO,2021-03-01,011716,BASE_lowR2,7046.112663429212
CALI,FRÍJOL FRESCO,2021-04-01,011716,BASE_lowR2,7328.674187523347
CALI,FRÍJOL FRESCO,2021-05-01,011716,BASE_lowR2,8957.530519237953
CALI,FRÍJOL FRESCO,2021-06-01,011716,BASE_lowR2,8358.915203586103
CALI,FRÍJOL FRESCO,2021-07-01,011716,BASE_lowR2,8556.566753828913
CALI,FRÍJOL FRESCO,2021-08-01,011716,BASE_lowR2,8284.383115427718
CALI,FRÍJOL FRESCO,2021-09-01,011716,BASE_lowR2,8192.869032499066
CALI,FRÍJOL FRESCO,2021-10-01,011716,BASE_lowR2,7685.296077698916
CALI,FRÍJOL FRESCO,2021-11-01,011716,BASE_lowR2,8042.86141202839
CALI,FRÍJOL FRESCO,2021-12-01,011716,BASE_lowR2,8664.119387373925
CALI,FRÍJOL FRESCO,2022-01-01,011716,BASE_lowR2,9799.554426596937
CALI,FRÍJOL FRESCO,2022-02-01,011716,BASE_lowR2,9831.631527829659
CALI,FRÍJOL FRESCO,2022-03-01,011716,BASE_lowR2,10017.961748225625
CALI,FRÍJOL FRESCO,2022-04-01,011716,BASE_lowR2,9600.487710123272
CALI,FRÍJOL FRESCO,2022-05-01,011716,BASE_lowR2,9771.72282405678
CALI,FRÍJOL FRESCO,2022-06-01,011716,BASE_lowR2,10299.579828165859
CALI,FRÍJOL FRESCO,2022-07-01,011716,BASE_lowR2,11040.655211057154
CALI,FRÍJOL FRESCO,2022-08-01,011716,BASE_lowR2,11693.51856555846
CALI,FRÍJOL FRESCO,2022-09-01,011716,BASE_lowR2,11376.049607769892
CALI,FRÍJOL FRESCO,2022-10-01,011716,BASE_lowR2,10722.242809114681
CALI,FRÍJOL FRESCO,2022-11-01,011716,BASE_lowR2,10408.547627941725
CALI,FRÍJOL FRESCO,2022-12-01,011716,BASE_lowR2,10258.068285394098
CALI,FRÍJOL FRESCO,2023-01-01,011716,BASE_lowR2,11799.656032872617
CALI,FRÍJOL FRESCO,2023-02-01,011716,BASE_lowR2,11584.550765782593
CALI,FRÍJOL FRESCO,2023-03-01,011716,BASE_lowR2,12489.785431453118
CALI,FRÍJOL FRESCO,2023-04-01,011716,BASE_lowR2,12636.019275308181
CALI,FRÍJOL FRESCO,2023-05-01,011716,BASE_lowR2,11963.81531565185
CALI,FRÍJOL FRESCO,2023-06-01,011716,BASE_lowR2,11566.625326858424
CALI,FRÍJOL FRESCO,2023-07-01,011716,BASE_lowR2,10958.575569667537
CALI,FRÍJOL FRESCO,2023-08-01,011716,BASE_lowR2,11684.084124019424
CALI,FRÍJOL FRESCO,2023-09-01,011716,BASE_lowR2,12383.176242062009
CALI,FRÍJOL FRESCO,2023-10-01,011716,BASE_lowR2,12694.984534927158
CALI,FRÍJOL FRESCO,2023-11-01,011716,BASE_lowR2,11286.894135225999
CALI,FRÍJOL FRESCO,2023-12-01,011716,BASE_lowR2,10649.597609264101
CALI,FRÍJOL FRESCO,2024-01-01,011716,BASE_lowR2,12580.356070227866
CALI,FRÍJOL FRESCO,2024-02-01,011716,BASE_lowR2,14007.315353007098
CALI,FRÍJOL FRESCO,2024-03-01,011716,BASE_lowR2,14697.444751587598
CALI,FRÍJOL FRESCO,2024-04-01,011716,BASE_lowR2,15041.33014568547
CALI,FRÍJOL FRESCO,2024-05-01,011716,BASE_lowR2,13678.525065371685
CALI,FRÍJOL FRESCO,2024-06-01,011716,BASE_lowR2,12764.799402316026
CALI,FRÍJOL FRESCO,2024-07-01,011716,BASE_lowR2,12693.097646619348
CALI,FRÍJOL FRESCO,2024-08-01,011716,BASE_lowR2,12994.056331714606
CALI,FRÍJOL FRESCO,2024-09-01,011716,BASE_lowR2,13863.911841613746
CALI,FRÍJOL FRESCO,2024-10-01,011716,BASE_lowR2,13982.314082928653
CALI,FRÍJOL FRESCO,2024-11-01,011716,BASE_lowR2,13058.21053418005
CALI,FRÍJOL FRESCO,2024-12-01,011716,BASE_lowR2,11913.812775494956
CALI,FRÍJOL SECO,2019-01-01,011716,BASE_lowR2,4286.409581621218
CALI,FRÍJOL SECO,2019-02-01,011716,BASE_lowR2,4302.0663989540535
CALI,FRÍJOL SECO,2019-03-01,011716,BASE_lowR2,4205.6346376540905
CALI,FRÍJOL SECO,2019-04-01,011716,BASE_lowR2,4112.049570414644
CALI,FRÍJOL SECO,2019-05-01,011716,BASE_lowR2,4161.866716473664
CALI,FRÍJOL SECO,2019-06-01,011716,BASE_lowR2,4600.257601793052
CALI,FRÍJOL SECO,2019-07-01,011716,BASE_lowR2,4908.412233843855
CALI,FRÍJOL SECO,2019-08-01,011716,BASE_lowR2,4851.834189391109
CALI,FRÍJOL SECO,2019-09-01,011716,BASE_lowR2,5167.461393350766
CALI,FRÍJOL SECO,2019-10-01,011716,BASE_lowR2,4967.125298841987
CALI,FRÍJOL SECO,2019-11-01,011716,BASE_lowR2,4528.7344135226
CALI,FRÍJOL SECO,2019-12-01,011716,BASE_lowR2,4309.538970862906
CALI,FRÍJOL SECO,2020-01-01,011716,BASE_lowR2,5277.770788195742
CALI,FRÍJOL SECO,2020-02-01,011716,BASE_lowR2,5805.1208629062385
CALI,FRÍJOL SECO,2020-03-01,011716,BASE_lowR2,6306.139017556968
CALI,FRÍJOL SECO,2020-04-01,011716,BASE_lowR2,5500.52459843108
CALI,FRÍJOL SECO,2020-05-01,011716,BASE_lowR2,4843.649943967128
CALI,FRÍJOL SECO,2020-06-01,011716,BASE_lowR2,4899.516314904745
CALI,FRÍJOL SECO,2020-07-01,011716,BASE_lowR2,4696.33352633545
CALI,FRÍJOL SECO,2020-08-01,011716,BASE_lowR2,4855.3925569667535
CALI,FRÍJOL SECO,2020-09-01,011716,BASE_lowR2,5548.562560702279
CALI,FRÍJOL SECO,2020-10-01,011716,BASE_lowR2,5616.171544639523
CALI,FRÍJOL SECO,2020-11-01,011716,BASE_lowR2,5366.018304071722
CALI,FRÍJOL SECO,2020-12-01,011716,BASE_lowR2,5234.35870377288
CALI,FRÍJOL SECO,2021-01-01,011716,BASE_lowR2,5174.22229174449
CALI,FRÍJOL SECO,2021-02-01,011716,BASE_lowR2,5134.724411654838
CALI,FRÍJOL SECO,2021-03-01,011716,BASE_lowR2,5315.133647740008
CALI,FRÍJOL SECO,2021-04-01,011716,BASE_lowR2,5528.279865521106
CALI,FRÍJOL SECO,2021-05-01,011716,BASE_lowR2,6756.98418939111
CALI,FRÍJOL SECO,2021-06-01,011716,BASE_lowR2,6305.427344041837
CALI,FRÍJOL SECO,2021-07-01,011716,BASE_lowR2,6454.522945461337
CALI,FRÍJOL SECO,2021-08-01,011716,BASE_lowR2,6249.205136346657
CALI,FRÍJOL SECO,2021-09-01,011716,BASE_lowR2,6180.172805379156
CALI,FRÍJOL SECO,2021-10-01,011716,BASE_lowR2,5797.2924542398205
CALI,FRÍJOL SECO,2021-11-01,011716,BASE_lowR2,6067.016716473665
CALI,FRÍJOL SECO,2021-12-01,011716,BASE_lowR2,6535.653726186029
CALI,FRÍJOL SECO,2022-01-01,011716,BASE_lowR2,7392.152801643631
CALI,FRÍJOL SECO,2022-02-01,011716,BASE_lowR2,7416.349701158013
CALI,FRÍJOL SECO,2022-03-01,011716,BASE_lowR2,7556.905220395966
CALI,FRÍJOL SECO,2022-04-01,011716,BASE_lowR2,7241.989689951439
CALI,FRÍJOL SECO,2022-05-01,011716,BASE_lowR2,7371.15843294733
CALI,FRÍJOL SECO,2022-06-01,011716,BASE_lowR2,7769.339764661936
CALI,FRÍJOL SECO,2022-07-01,011716,BASE_lowR2,8328.359310795668
CALI,FRÍJOL SECO,2022-08-01,011716,BASE_lowR2,8820.837383264849
CALI,FRÍJOL SECO,2022-09-01,011716,BASE_lowR2,8581.359245423982
CALI,FRÍJOL SECO,2022-10-01,011716,BASE_lowR2,8088.169499439673
CALI,FRÍJOL SECO,2022-11-01,011716,BASE_lowR2,7851.538055659321
CALI,FRÍJOL SECO,2022-12-01,011716,BASE_lowR2,7738.026129996266
CALI,FRÍJOL SECO,2023-01-01,011716,BASE_lowR2,8900.900653716846
CALI,FRÍJOL SECO,2023-02-01,011716,BASE_lowR2,8738.639092267464
CALI,FRÍJOL SECO,2023-03-01,011716,BASE_lowR2,9421.489830033619
CALI,FRÍJOL SECO,2023-04-01,011716,BASE_lowR2,9531.799224878596
CALI,FRÍJOL SECO,2023-05-01,011716,BASE_lowR2,9024.731845349272
CALI,FRÍJOL SECO,2023-06-01,011716,BASE_lowR2,8725.117295480015
CALI,FRÍJOL SECO,2023-07-01,011716,BASE_lowR2,8266.443714979454
CALI,FRÍJOL SECO,2023-08-01,011716,BASE_lowR2,8813.72064811356
CALI,FRÍJOL SECO,2023-09-01,011716,BASE_lowR2,9341.070722824057
CALI,FRÍJOL SECO,2023-10-01,011716,BASE_lowR2,9576.27881957415
CALI,FRÍJOL SECO,2023-11-01,011716,BASE_lowR2,8514.106098244305
CALI,FRÍJOL SECO,2023-12-01,011716,BASE_lowR2,8033.370638774748
CALI,FRÍJOL SECO,2024-01-01,011716,BASE_lowR2,9489.810487485993
CALI,FRÍJOL SECO,2024-02-01,011716,BASE_lowR2,10566.216679118417
CALI,FRÍJOL SECO,2024-03-01,011716,BASE_lowR2,11086.80585543519
CALI,FRÍJOL SECO,2024-04-01,011716,BASE_lowR2,11346.210851699665
CALI,FRÍJOL SECO,2024-05-01,011716,BASE_lowR2,10318.198459096004
CALI,FRÍJOL SECO,2024-06-01,011716,BASE_lowR2,9628.942659693688
CALI,FRÍJOL SECO,2024-07-01,011716,BASE_lowR2,9574.855472543892
CALI,FRÍJOL SECO,2024-08-01,011716,BASE_lowR2,9801.879323870004
CALI,FRÍJOL SECO,2024-09-01,011716,BASE_lowR2,10458.042304818828
CALI,FRÍJOL SECO,2024-10-01,011716,BASE_lowR2,10547.357330967503
CALI,FRÍJOL SECO,2024-11-01,011716,BASE_lowR2,9850.273122898767
CALI,FRÍJOL SECO,2024-12-01,011716,BASE_lowR2,8987.013149047441
CALI,FRÍJOL TARRO,2019-01-01,011703,D_city,5771.947086986476
CALI,FRÍJOL TARRO,2019-02-01,011703,D_city,5741.168132279962
CALI,FRÍJOL TARRO,2019-03-01,011703,D_city,5678.381540194811
CALI,FRÍJOL TARRO,2019-04-01,011703,D_city,5648.935319353732
CALI,FRÍJOL TARRO,2019-05-01,011703,D_city,5714.250729822676
CALI,FRÍJOL TARRO,2019-06-01,011703,D_city,5786.701442988778
CALI,FRÍJOL TARRO,2019-07-01,011703,D_city,5852.181244939894
CALI,FRÍJOL TARRO,2019-08-01,011703,D_city,5861.817131112287
CALI,FRÍJOL TARRO,2019-09-01,011703,D_city,5855.393022285504
CALI,FRÍJOL TARRO,2019-10-01,011703,D_city,5879.165911015924
CALI,FRÍJOL TARRO,2019-11-01,011703,D_city,5886.235472645256
CALI,FRÍJOL TARRO,2019-12-01,011703,D_city,5865.029462433441
CALI,FRÍJOL TARRO,2020-01-01,011703,D_city,5929.314727837377
CALI,FRÍJOL TARRO,2020-02-01,011703,D_city,5932.53091696353
CALI,FRÍJOL TARRO,2020-03-01,011703,D_city,5928.028303399002
CALI,FRÍJOL TARRO,2020-04-01,011703,D_city,6123.252443227766
CALI,FRÍJOL TARRO,2020-05-01,011703,D_city,6195.581163512361
CALI,FRÍJOL TARRO,2020-06-01,011703,D_city,6236.9517150940765
CALI,FRÍJOL TARRO,2020-07-01,011703,D_city,6279.645253298747
CALI,FRÍJOL TARRO,2020-08-01,011703,D_city,6291.294238494222
CALI,FRÍJOL TARRO,2020-09-01,011703,D_city,6303.592843604062
CALI,FRÍJOL TARRO,2020-10-01,011703,D_city,6316.541462386631
CALI,FRÍJOL TARRO,2020-11-01,011703,D_city,6350.220888796627
CALI,FRÍJOL TARRO,2020-12-01,011703,D_city,6284.822300564419
CALI,FRÍJOL TARRO,2021-01-01,011703,D_city,6303.592843604062
CALI,FRÍJOL TARRO,2021-02-01,011703,D_city,6345.686026545803
CALI,FRÍJOL TARRO,2021-03-01,011703,D_city,6475.38661767634
CALI,FRÍJOL TARRO,2021-04-01,011703,D_city,6499.411279253972
CALI,FRÍJOL TARRO,2021-05-01,011703,D_city,6494.215967560371
CALI,FRÍJOL TARRO,2021-06-01,011703,D_city,6487.073125569382
CALI,FRÍJOL TARRO,2021-07-01,011703,D_city,6477.334215524449
CALI,FRÍJOL TARRO,2021-08-01,011703,D_city,6555.938355718185
CALI,FRÍJOL TARRO,2021-09-01,011703,D_city,6635.292292734232
CALI,FRÍJOL TARRO,2021-10-01,011703,D_city,6635.943147830896
CALI,FRÍJOL TARRO,2021-11-01,011703,D_city,6723.869822744259
CALI,FRÍJOL TARRO,2021-12-01,011703,D_city,6746.033400094918
CALI,FRÍJOL TARRO,2022-01-01,011703,D_city,6924.269103059663
CALI,FRÍJOL TARRO,2022-02-01,011703,D_city,7071.529736875642
CALI,FRÍJOL TARRO,2022-03-01,011703,D_city,7225.022596554587
CALI,FRÍJOL TARRO,2022-04-01,011703,D_city,7314.389963907975
CALI,FRÍJOL TARRO,2022-05-01,011703,D_city,7346.616651792971
CALI,FRÍJOL TARRO,2022-06-01,011703,D_city,7723.236361711351
CALI,FRÍJOL TARRO,2022-07-01,011703,D_city,7876.816123627573
CALI,FRÍJOL TARRO,2022-08-01,011703,D_city,8024.734685671857
CALI,FRÍJOL TARRO,2022-09-01,011703,D_city,8543.676376109026
CALI,FRÍJOL TARRO,2022-10-01,011703,D_city,8935.578915979864
CALI,FRÍJOL TARRO,2022-11-01,011703,D_city,9398.120964144484
CALI,FRÍJOL TARRO,2022-12-01,011703,D_city,9597.48004288069
CALI,FRÍJOL TARRO,2023-01-01,011703,D_city,9580.568227529802
CALI,FRÍJOL TARRO,2023-02-01,011703,D_city,9943.836281412587
CALI,FRÍJOL TARRO,2023-03-01,011703,D_city,10465.399553182559
CALI,FRÍJOL TARRO,2023-04-01,011703,D_city,10608.870126030186
CALI,FRÍJOL TARRO,2023-05-01,011703,D_city,10725.162298000843
CALI,FRÍJOL TARRO,2023-06-01,011703,D_city,10756.652394127008
CALI,FRÍJOL TARRO,2023-07-01,011703,D_city,10777.194624182644
CALI,FRÍJOL TARRO,2023-08-01,011703,D_city,10840.901606851372
CALI,FRÍJOL TARRO,2023-09-01,011703,D_city,10878.59627544744
CALI,FRÍJOL TARRO,2023-10-01,011703,D_city,10921.790637594113
CALI,FRÍJOL TARRO,2023-11-01,011703,D_city,11086.504276519994
CALI,FRÍJOL TARRO,2023-12-01,011703,D_city,11392.588631989009
CALI,FRÍJOL TARRO,2024-01-01,011703,D_city,11790.060257034695
CALI,FRÍJOL TARRO,2024-02-01,011703,D_city,11904.87280407307
CALI,FRÍJOL TARRO,2024-03-01,011703,D_city,11915.945228807226
CALI,FRÍJOL TARRO,2024-04-01,011703,D_city,11869.586660047627
CALI,FRÍJOL TARRO,2024-05-01,011703,D_city,11957.476424404658
CALI,FRÍJOL TARRO,2024-06-01,011703,D_city,11874.429205813496
CALI,FRÍJOL TARRO,2024-07-01,011703,D_city,12089.091502304449
CALI,FRÍJOL TARRO,2024-08-01,011703,D_city,11992.097314188248
CALI,FRÍJOL TARRO,2024-09-01,011703,D_city,11835.003075760507
CALI,FRÍJOL TARRO,2024-10-01,011703,D_city,11802.504165177763
CALI,FRÍJOL TARRO,2024-11-01,011703,D_city,11799.047385963788
CALI,FRÍJOL TARRO,2024-12-01,011703,D_city,11776.926514605379
CALI,GUAYABAS,2019-01-01,011609,BASE_lowR2,1619.9884138097539
CALI,GUAYABAS,2019-02-01,011609,BASE_lowR2,1733.9582146306134
CALI,GUAYABAS,2019-03-01,011609,BASE_lowR2,1997.7517696764849
CALI,GUAYABAS,2019-04-01,011609,BASE_lowR2,1953.6590354901018
CALI,GUAYABAS,2019-05-01,011609,BASE_lowR2,1792.5451001931435
CALI,GUAYABAS,2019-06-01,011609,BASE_lowR2,1804.4455613230325
CALI,GUAYABAS,2019-07-01,011609,BASE_lowR2,1947.4036648961855
CALI,GUAYABAS,2019-08-01,011609,BASE_lowR2,2104.3982098020283
CALI,GUAYABAS,2019-09-01,011609,BASE_lowR2,2281.837136648962
CALI,GUAYABAS,2019-10-01,011609,BASE_lowR2,2249.339723563496
CALI,GUAYABAS,2019-11-01,011609,BASE_lowR2,2092.9554587155963
CALI,GUAYABAS,2019-12-01,011609,BASE_lowR2,1949.2345050700146
CALI,GUAYABAS,2020-01-01,011609,BASE_lowR2,1957.6258558667312
CALI,GUAYABAS,2020-02-01,011609,BASE_lowR2,2067.628836310961
CALI,GUAYABAS,2020-03-01,011609,BASE_lowR2,2301.823808546596
CALI,GUAYABAS,2020-04-01,011609,BASE_lowR2,2299.992968372767
CALI,GUAYABAS,2020-05-01,011609,BASE_lowR2,2132.01338242395
CALI,GUAYABAS,2020-06-01,011609,BASE_lowR2,1975.3239775470786
CALI,GUAYABAS,2020-07-01,011609,BASE_lowR2,1872.6443577981652
CALI,GUAYABAS,2020-08-01,011609,BASE_lowR2,1899.038970304201
CALI,GUAYABAS,2020-09-01,011609,BASE_lowR2,1959.9144060840176
CALI,GUAYABAS,2020-10-01,011609,BASE_lowR2,2050.693564703042
CALI,GUAYABAS,2020-11-01,011609,BASE_lowR2,2072.816216803477
CALI,GUAYABAS,2020-12-01,011609,BASE_lowR2,1955.184735634959
CALI,GUAYABAS,2021-01-01,011609,BASE_lowR2,1996.8363495895703
CALI,GUAYABAS,2021-02-01,011609,BASE_lowR2,2075.257337035249
CALI,GUAYABAS,2021-03-01,011609,BASE_lowR2,2238.2021125060355
CALI,GUAYABAS,2021-04-01,011609,BASE_lowR2,2296.3312880251087
CALI,GUAYABAS,2021-05-01,011609,BASE_lowR2,2956.806880733945
CALI,GUAYABAS,2021-06-01,011609,BASE_lowR2,2308.842029212941
CALI,GUAYABAS,2021-07-01,011609,BASE_lowR2,2334.6263616610336
CALI,GUAYABAS,2021-08-01,011609,BASE_lowR2,2498.486557218735
CALI,GUAYABAS,2021-09-01,011609,BASE_lowR2,2547.0038218252053
CALI,GUAYABAS,2021-10-01,011609,BASE_lowR2,2717.729668034766
CALI,GUAYABAS,2021-11-01,011609,BASE_lowR2,2665.245583051666
CALI,GUAYABAS,2021-12-01,011609,BASE_lowR2,2586.8245956059877
CALI,GUAYABAS,2022-01-01,011609,BASE_lowR2,2801.4906059874456
CALI,GUAYABAS,2022-02-01,011609,BASE_lowR2,3067.572711250604
CALI,GUAYABAS,2022-03-01,011609,BASE_lowR2,3362.948259295026
CALI,GUAYABAS,2022-04-01,011609,BASE_lowR2,3379.120680830517
CALI,GUAYABAS,2022-05-01,011609,BASE_lowR2,3205.953714389184
CALI,GUAYABAS,2022-06-01,011609,BASE_lowR2,3172.693451231289
CALI,GUAYABAS,2022-07-01,011609,BASE_lowR2,3263.320039835828
CALI,GUAYABAS,2022-08-01,011609,BASE_lowR2,3414.059214147755
CALI,GUAYABAS,2022-09-01,011609,BASE_lowR2,3663.3586178174796
CALI,GUAYABAS,2022-10-01,011609,BASE_lowR2,3775.345008450024
CALI,GUAYABAS,2022-11-01,011609,BASE_lowR2,3619.1133136166104
CALI,GUAYABAS,2022-12-01,011609,BASE_lowR2,3354.862048527282
CALI,GUAYABAS,2023-01-01,011609,BASE_lowR2,3523.604484548527
CALI,GUAYABAS,2023-02-01,011609,BASE_lowR2,3751.8492262192176
CALI,GUAYABAS,2023-03-01,011609,BASE_lowR2,4256.245694109127
CALI,GUAYABAS,2023-04-01,011609,BASE_lowR2,4083.8415777402224
CALI,GUAYABAS,2023-05-01,011609,BASE_lowR2,3873.1423877353936
CALI,GUAYABAS,2023-06-01,011609,BASE_lowR2,3710.960462337035
CALI,GUAYABAS,2023-07-01,011609,BASE_lowR2,3939.0526339932403
CALI,GUAYABAS,2023-08-01,011609,BASE_lowR2,4246.633783196524
CALI,GUAYABAS,2023-09-01,011609,BASE_lowR2,4464.503763882183
CALI,GUAYABAS,2023-10-01,011609,BASE_lowR2,4644.68895098986
CALI,GUAYABAS,2023-11-01,011609,BASE_lowR2,4298.202448092709
CALI,GUAYABAS,2023-12-01,011609,BASE_lowR2,3849.4940354901014
CALI,GUAYABAS,2024-01-01,011609,BASE_lowR2,3983.1453681796233
CALI,GUAYABAS,2024-02-01,011609,BASE_lowR2,4280.5043264123615
CALI,GUAYABAS,2024-03-01,011609,BASE_lowR2,4666.353893046838
CALI,GUAYABAS,2024-04-01,011609,BASE_lowR2,4975.918452438435
CALI,GUAYABAS,2024-05-01,011609,BASE_lowR2,4811.905686866248
CALI,GUAYABAS,2024-06-01,011609,BASE_lowR2,4488.609826170931
CALI,GUAYABAS,2024-07-01,011609,BASE_lowR2,4352.212233220666
CALI,GUAYABAS,2024-08-01,011609,BASE_lowR2,4534.991110574601
CALI,GUAYABAS,2024-09-01,011609,BASE_lowR2,5102.398994447127
CALI,GUAYABAS,2024-10-01,011609,BASE_lowR2,5199.128383631097
CALI,GUAYABAS,2024-11-01,011609,BASE_lowR2,4995.752554321584
CALI,GUAYABAS,2024-12-01,011609,BASE_lowR2,4641.179840656688
CALI,HABICHUELAS FRESCAS,2019-01-01,011716,D_city,2302.2456757032774
CALI,HABICHUELAS FRESCAS,2019-02-01,011716,D_city,2318.5155820494724
CALI,HABICHUELAS FRESCAS,2019-03-01,011716,D_city,2219.1860272410972
CALI,HABICHUELAS FRESCAS,2019-04-01,011716,D_city,2124.79569007755
CALI,HABICHUELAS FRESCAS,2019-05-01,011716,D_city,2174.7952273980572
CALI,HABICHUELAS FRESCAS,2019-06-01,011716,D_city,2638.9138392214004
CALI,HABICHUELAS FRESCAS,2019-07-01,011716,D_city,2990.97597721337
CALI,HABICHUELAS FRESCAS,2019-08-01,011716,D_city,2924.7441187480777
CALI,HABICHUELAS FRESCAS,2019-09-01,011716,D_city,3303.3485216013373
CALI,HABICHUELAS FRESCAS,2019-10-01,011716,D_city,3060.463072448344
CALI,HABICHUELAS FRESCAS,2019-11-01,011716,D_city,2560.242220535761
CALI,HABICHUELAS FRESCAS,2019-12-01,011716,D_city,2326.300241894481
CALI,HABICHUELAS FRESCAS,2020-01-01,011716,D_city,3440.901319210325
CALI,HABICHUELAS FRESCAS,2020-02-01,011716,D_city,4135.792933538913
CALI,HABICHUELAS FRESCAS,2020-03-01,011716,D_city,4852.8752205589935
CALI,HABICHUELAS FRESCAS,2020-04-01,011716,D_city,3726.9093580493677
CALI,HABICHUELAS FRESCAS,2020-05-01,011716,D_city,2915.2226335995592
CALI,HABICHUELAS FRESCAS,2020-06-01,011716,D_city,2980.5147792673138
CALI,HABICHUELAS FRESCAS,2020-07-01,011716,D_city,2746.3981186287324
CALI,HABICHUELAS FRESCAS,2020-08-01,011716,D_city,2928.888564934512
CALI,HABICHUELAS FRESCAS,2020-09-01,011716,D_city,3790.0308504359327
CALI,HABICHUELAS FRESCAS,2020-10-01,011716,D_city,3879.7342808876265
CALI,HABICHUELAS FRESCAS,2020-11-01,011716,D_city,3552.8908007124887
CALI,HABICHUELAS FRESCAS,2020-12-01,011716,D_city,3386.4447135839114
CALI,HABICHUELAS FRESCAS,2021-01-01,011716,D_city,3311.701311690012
CALI,HABICHUELAS FRESCAS,2021-02-01,011716,D_city,3263.047339589158
CALI,HABICHUELAS FRESCAS,2021-03-01,011716,D_city,3488.105074965874
CALI,HABICHUELAS FRESCAS,2021-04-01,011716,D_city,3763.3171953238325
CALI,HABICHUELAS FRESCAS,2021-05-01,011716,D_city,5545.265487744544
CALI,HABICHUELAS FRESCAS,2021-06-01,011716,D_city,4851.817480339497
CALI,HABICHUELAS FRESCAS,2021-07-01,011716,D_city,5075.8412917294445
CALI,HABICHUELAS FRESCAS,2021-08-01,011716,D_city,4768.6074507524045
CALI,HABICHUELAS FRESCAS,2021-09-01,011716,D_city,4667.387964292227
CALI,HABICHUELAS FRESCAS,2021-10-01,011716,D_city,4125.027448221111
CALI,HABICHUELAS FRESCAS,2021-11-01,011716,D_city,4503.738019281379
CALI,HABICHUELAS FRESCAS,2021-12-01,011716,D_city,5199.792063690587
CALI,HABICHUELAS FRESCAS,2022-01-01,011716,D_city,6596.051954202301
CALI,HABICHUELAS FRESCAS,2022-02-01,011716,D_city,6637.817660590041
CALI,HABICHUELAS FRESCAS,2022-03-01,011716,D_city,6882.94025756318
CALI,HABICHUELAS FRESCAS,2022-04-01,011716,D_city,6339.7029717961095
CALI,HABICHUELAS FRESCAS,2022-05-01,011716,D_city,6559.917080200591
CALI,HABICHUELAS FRESCAS,2022-06-01,011716,D_city,7261.54499454871
CALI,HABICHUELAS FRESCAS,2022-07-01,011716,D_city,8304.461171815346
CALI,HABICHUELAS FRESCAS,2022-08-01,011716,D_city,9279.01883062636
CALI,HABICHUELAS FRESCAS,2022-09-01,011716,D_city,8798.606885415882
CALI,HABICHUELAS FRESCAS,2022-10-01,011716,D_city,7848.093046839641
CALI,HABICHUELAS FRESCAS,2022-11-01,011716,D_city,7410.662047275627
CALI,HABICHUELAS FRESCAS,2022-12-01,011716,D_city,7205.123081322729
CALI,HABICHUELAS FRESCAS,2023-01-01,011716,D_city,9442.37767194488
CALI,HABICHUELAS FRESCAS,2023-02-01,011716,D_city,9112.734565687351
CALI,HABICHUELAS FRESCAS,2023-03-01,011716,D_city,10538.059472770847
CALI,HABICHUELAS FRESCAS,2023-04-01,011716,D_city,10777.666813186677
CALI,HABICHUELAS FRESCAS,2023-05-01,011716,D_city,9697.745919062645
CALI,HABICHUELAS FRESCAS,2023-06-01,011716,D_city,9085.519356242112
CALI,HABICHUELAS FRESCAS,2023-07-01,011716,D_city,8185.629840745665
CALI,HABICHUELAS FRESCAS,2023-08-01,011716,D_city,9264.564590031283
CALI,HABICHUELAS FRESCAS,2023-09-01,011716,D_city,10365.015880571218
CALI,HABICHUELAS FRESCAS,2023-10-01,011716,D_city,10875.017467191983
CALI,HABICHUELAS FRESCAS,2023-11-01,011716,D_city,8665.907916087202
CALI,HABICHUELAS FRESCAS,2023-12-01,011716,D_city,7745.717052879107
CALI,HABICHUELAS FRESCAS,2024-01-01,011716,D_city,10686.155215299863
CALI,HABICHUELAS FRESCAS,2024-02-01,011716,D_city,13150.64813575814
CALI,HABICHUELAS FRESCAS,2024-03-01,011716,D_city,14430.766630941507
CALI,HABICHUELAS FRESCAS,2024-04-01,011716,D_city,15090.018182094096
CALI,HABICHUELAS FRESCAS,2024-05-01,011716,D_city,12560.962878616483
CALI,HABICHUELAS FRESCAS,2024-06-01,011716,D_city,10990.826365587342
CALI,HABICHUELAS FRESCAS,2024-07-01,011716,D_city,10871.89570818541
CALI,HABICHUELAS FRESCAS,2024-08-01,011716,D_city,11375.276817223265
CALI,HABICHUELAS FRESCAS,2024-09-01,011716,D_city,12891.849890820906
CALI,HABICHUELAS FRESCAS,2024-10-01,011716,D_city,13105.350180291927
CALI,HABICHUELAS FRESCAS,2024-11-01,011716,D_city,11484.000749995377
CALI,HABICHUELAS FRESCAS,2024-12-01,011716,D_city,9619.61330342283
CALI,HARINA DE TRIGO,2019-01-01,011105,BASE_lowR2,1220.1361827305761
CALI,HARINA DE TRIGO,2019-02-01,011105,BASE_lowR2,1222.5887177712407
CALI,HARINA DE TRIGO,2019-03-01,011105,BASE_lowR2,1220.1361827305761
CALI,HARINA DE TRIGO,2019-04-01,011105,BASE_lowR2,1215.8442464094135
CALI,HARINA DE TRIGO,2019-05-01,011105,BASE_lowR2,1230.8047101574668
CALI,HARINA DE TRIGO,2019-06-01,011105,BASE_lowR2,1227.0032808444369
CALI,HARINA DE TRIGO,2019-07-01,011105,BASE_lowR2,1215.4763661533138
CALI,HARINA DE TRIGO,2019-08-01,011105,BASE_lowR2,1263.300799446271
CALI,HARINA DE TRIGO,2019-09-01,011105,BASE_lowR2,1205.6662259906557
CALI,HARINA DE TRIGO,2019-10-01,011105,BASE_lowR2,1212.0428170963835
CALI,HARINA DE TRIGO,2019-11-01,011105,BASE_lowR2,1215.108485897214
CALI,HARINA DE TRIGO,2019-12-01,011105,BASE_lowR2,1227.6164146046028
CALI,HARINA DE TRIGO,2020-01-01,011105,BASE_lowR2,1233.9930057103304
CALI,HARINA DE TRIGO,2020-02-01,011105,BASE_lowR2,1244.0483993770547
CALI,HARINA DE TRIGO,2020-03-01,011105,BASE_lowR2,1254.8395535559785
CALI,HARINA DE TRIGO,2020-04-01,011105,BASE_lowR2,1265.1402007267693
CALI,HARINA DE TRIGO,2020-05-01,011105,BASE_lowR2,1280.4685447309223
CALI,HARINA DE TRIGO,2020-06-01,011105,BASE_lowR2,1285.0057345561515
CALI,HARINA DE TRIGO,2020-07-01,011105,BASE_lowR2,1286.9677625886832
CALI,HARINA DE TRIGO,2020-08-01,011105,BASE_lowR2,1283.1663332756532
CALI,HARINA DE TRIGO,2020-09-01,011105,BASE_lowR2,1267.102228759301
CALI,HARINA DE TRIGO,2020-10-01,011105,BASE_lowR2,1262.3197854300051
CALI,HARINA DE TRIGO,2020-11-01,011105,BASE_lowR2,1277.034995673992
CALI,HARINA DE TRIGO,2020-12-01,011105,BASE_lowR2,1289.1750441252811
CALI,HARINA DE TRIGO,2021-01-01,011105,BASE_lowR2,1299.475691296072
CALI,HARINA DE TRIGO,2021-02-01,011105,BASE_lowR2,1289.4202976293477
CALI,HARINA DE TRIGO,2021-03-01,011105,BASE_lowR2,1287.0903893407162
CALI,HARINA DE TRIGO,2021-04-01,011105,BASE_lowR2,1299.475691296072
CALI,HARINA DE TRIGO,2021-05-01,011105,BASE_lowR2,1326.821456999481
CALI,HARINA DE TRIGO,2021-06-01,011105,BASE_lowR2,1332.2170340889427
CALI,HARINA DE TRIGO,2021-07-01,011105,BASE_lowR2,1341.6592939955008
CALI,HARINA DE TRIGO,2021-08-01,011105,BASE_lowR2,1348.8942723654611
CALI,HARINA DE TRIGO,2021-09-01,011105,BASE_lowR2,1358.0912787679529
CALI,HARINA DE TRIGO,2021-10-01,011105,BASE_lowR2,1378.447319605468
CALI,HARINA DE TRIGO,2021-11-01,011105,BASE_lowR2,1390.8326215608238
CALI,HARINA DE TRIGO,2021-12-01,011105,BASE_lowR2,1436.2045198131163
CALI,HARINA DE TRIGO,2022-01-01,011105,BASE_lowR2,1485.6231008825057
CALI,HARINA DE TRIGO,2022-02-01,011105,BASE_lowR2,1519.3454576916422
CALI,HARINA DE TRIGO,2022-03-01,011105,BASE_lowR2,1522.6563799965393
CALI,HARINA DE TRIGO,2022-04-01,011105,BASE_lowR2,1542.7671673299878
CALI,HARINA DE TRIGO,2022-05-01,011105,BASE_lowR2,1575.5085101228585
CALI,HARINA DE TRIGO,2022-06-01,011105,BASE_lowR2,1567.0472642325662
CALI,HARINA DE TRIGO,2022-07-01,011105,BASE_lowR2,1596.232431216473
CALI,HARINA DE TRIGO,2022-08-01,011105,BASE_lowR2,1668.4595881640423
CALI,HARINA DE TRIGO,2022-09-01,011105,BASE_lowR2,1784.3418688354384
CALI,HARINA DE TRIGO,2022-10-01,011105,BASE_lowR2,1819.7810001730402
CALI,HARINA DE TRIGO,2022-11-01,011105,BASE_lowR2,1874.5951583318915
CALI,HARINA DE TRIGO,2022-12-01,011105,BASE_lowR2,1926.4662744419447
CALI,HARINA DE TRIGO,2023-01-01,011105,BASE_lowR2,1959.2076172348159
CALI,HARINA DE TRIGO,2023-02-01,011105,BASE_lowR2,1975.1490949991348
CALI,HARINA DE TRIGO,2023-03-01,011105,BASE_lowR2,2017.4553244505971
CALI,HARINA DE TRIGO,2023-04-01,011105,BASE_lowR2,2069.8169475687837
CALI,HARINA DE TRIGO,2023-05-01,011105,BASE_lowR2,2042.4711818653745
CALI,HARINA DE TRIGO,2023-06-01,011105,BASE_lowR2,2016.8421906904307
CALI,HARINA DE TRIGO,2023-07-01,011105,BASE_lowR2,2007.0320505277728
CALI,HARINA DE TRIGO,2023-08-01,011105,BASE_lowR2,2021.1341270115934
CALI,HARINA DE TRIGO,2023-09-01,011105,BASE_lowR2,2019.5399792351618
CALI,HARINA DE TRIGO,2023-10-01,011105,BASE_lowR2,2007.522557535906
CALI,HARINA DE TRIGO,2023-11-01,011105,BASE_lowR2,2003.966381726942
CALI,HARINA DE TRIGO,2023-12-01,011105,BASE_lowR2,1988.392784218723
CALI,HARINA DE TRIGO,2024-01-01,011105,BASE_lowR2,1972.5739332064372
CALI,HARINA DE TRIGO,2024-02-01,011105,BASE_lowR2,1914.6941062467554
CALI,HARINA DE TRIGO,2024-03-01,011105,BASE_lowR2,1822.7240422218374
CALI,HARINA DE TRIGO,2024-04-01,011105,BASE_lowR2,1775.1448624329469
CALI,HARINA DE TRIGO,2024-05-01,011105,BASE_lowR2,1724.2547603391592
CALI,HARINA DE TRIGO,2024-06-01,011105,BASE_lowR2,1725.7262813635575
CALI,HARINA DE TRIGO,2024-07-01,011105,BASE_lowR2,1716.6519017130993
CALI,HARINA DE TRIGO,2024-08-01,011105,BASE_lowR2,1677.1660875584012
CALI,HARINA DE TRIGO,2024-09-01,011105,BASE_lowR2,1677.0434608063679
CALI,HARINA DE TRIGO,2024-10-01,011105,BASE_lowR2,1705.2476137740093
CALI,HARINA DE TRIGO,2024-11-01,011105,BASE_lowR2,1680.7222633673646
CALI,HARINA DE TRIGO,2024-12-01,011105,BASE_lowR2,1648.7166810866931
CALI,HARINA PRECOCIDA,2019-01-01,011106,BASE,1336.2039453192594
CALI,HARINA PRECOCIDA,2019-02-01,011106,BASE,1327.6590759646997
CALI,HARINA PRECOCIDA,2019-03-01,011106,BASE,1313.3731225125455
CALI,HARINA PRECOCIDA,2019-04-01,011106,BASE,1299.4877098113861
CALI,HARINA PRECOCIDA,2019-05-01,011106,BASE,1319.3812337774702
CALI,HARINA PRECOCIDA,2019-06-01,011106,BASE,1327.3920487973699
CALI,HARINA PRECOCIDA,2019-07-01,011106,BASE,1329.6617797196748
CALI,HARINA PRECOCIDA,2019-08-01,011106,BASE,1339.0077305762245
CALI,HARINA PRECOCIDA,2019-09-01,011106,BASE,1362.3726077175984
CALI,HARINA PRECOCIDA,2019-10-01,011106,BASE,1373.1872079944628
CALI,HARINA PRECOCIDA,2019-11-01,011106,BASE,1381.0645094306974
CALI,HARINA PRECOCIDA,2019-12-01,011106,BASE,1399.8899247274614
CALI,HARINA PRECOCIDA,2020-01-01,011106,BASE,1410.571011420661
CALI,HARINA PRECOCIDA,2020-02-01,011106,BASE,1418.8488536078908
CALI,HARINA PRECOCIDA,2020-03-01,011106,BASE,1415.377500432601
CALI,HARINA PRECOCIDA,2020-04-01,011106,BASE,1422.3202067831805
CALI,HARINA PRECOCIDA,2020-05-01,011106,BASE,1439.810486243295
CALI,HARINA PRECOCIDA,2020-06-01,011106,BASE,1461.8402275480187
CALI,HARINA PRECOCIDA,2020-07-01,011106,BASE,1477.0607760858281
CALI,HARINA PRECOCIDA,2020-08-01,011106,BASE,1490.8126752033224
CALI,HARINA PRECOCIDA,2020-09-01,011106,BASE,1500.559166810867
CALI,HARINA PRECOCIDA,2020-10-01,011106,BASE,1497.8888951375673
CALI,HARINA PRECOCIDA,2020-11-01,011106,BASE,1483.4694281017478
CALI,HARINA PRECOCIDA,2020-12-01,011106,BASE,1475.3250994981831
CALI,HARINA PRECOCIDA,2021-01-01,011106,BASE,1477.3278032531582
CALI,HARINA PRECOCIDA,2021-02-01,011106,BASE,1474.791045163523
CALI,HARINA PRECOCIDA,2021-03-01,011106,BASE,1467.3142844782835
CALI,HARINA PRECOCIDA,2021-04-01,011106,BASE,1472.5213142412183
CALI,HARINA PRECOCIDA,2021-05-01,011106,BASE,1499.357544557882
CALI,HARINA PRECOCIDA,2021-06-01,011106,BASE,1525.2591797888908
CALI,HARINA PRECOCIDA,2021-07-01,011106,BASE,1545.28621733864
CALI,HARINA PRECOCIDA,2021-08-01,011106,BASE,1565.5802820557192
CALI,HARINA PRECOCIDA,2021-09-01,011106,BASE,1576.9289366672435
CALI,HARINA PRECOCIDA,2021-10-01,011106,BASE,1576.7954230835785
CALI,HARINA PRECOCIDA,2021-11-01,011106,BASE,1580.1332626752032
CALI,HARINA PRECOCIDA,2021-12-01,011106,BASE,1597.2230013843227
CALI,HARINA PRECOCIDA,2022-01-01,011106,BASE,1617.2500389340717
CALI,HARINA PRECOCIDA,2022-02-01,011106,BASE,1654.500328776605
CALI,HARINA PRECOCIDA,2022-03-01,011106,BASE,1686.143048105209
CALI,HARINA PRECOCIDA,2022-04-01,011106,BASE,1749.829027513411
CALI,HARINA PRECOCIDA,2022-05-01,011106,BASE,1766.91876622253
CALI,HARINA PRECOCIDA,2022-06-01,011106,BASE,1810.844735248313
CALI,HARINA PRECOCIDA,2022-07-01,011106,BASE,1878.1355814154697
CALI,HARINA PRECOCIDA,2022-08-01,011106,BASE,1928.0696617061778
CALI,HARINA PRECOCIDA,2022-09-01,011106,BASE,1980.5405000865203
CALI,HARINA PRECOCIDA,2022-10-01,011106,BASE,2006.175108150199
CALI,HARINA PRECOCIDA,2022-11-01,011106,BASE,2030.341066793563
CALI,HARINA PRECOCIDA,2022-12-01,011106,BASE,2041.9567485724176
CALI,HARINA PRECOCIDA,2023-01-01,011106,BASE,2077.0708210763105
CALI,HARINA PRECOCIDA,2023-02-01,011106,BASE,2110.9832713272194
CALI,HARINA PRECOCIDA,2023-03-01,011106,BASE,2159.048161446617
CALI,HARINA PRECOCIDA,2023-04-01,011106,BASE,2172.5330333967813
CALI,HARINA PRECOCIDA,2023-05-01,011106,BASE,2188.688177020246
CALI,HARINA PRECOCIDA,2023-06-01,011106,BASE,2165.9908677971966
CALI,HARINA PRECOCIDA,2023-07-01,011106,BASE,2081.7437965045856
CALI,HARINA PRECOCIDA,2023-08-01,011106,BASE,2032.3437705485378
CALI,HARINA PRECOCIDA,2023-09-01,011106,BASE,1944.4918324969717
CALI,HARINA PRECOCIDA,2023-10-01,011106,BASE,1918.990738016958
CALI,HARINA PRECOCIDA,2023-11-01,011106,BASE,1868.1220626405955
CALI,HARINA PRECOCIDA,2023-12-01,011106,BASE,1829.5366369614123
CALI,HARINA PRECOCIDA,2024-01-01,011106,BASE,1793.3544557881987
CALI,HARINA PRECOCIDA,2024-02-01,011106,BASE,1754.3684893580207
CALI,HARINA PRECOCIDA,2024-03-01,011106,BASE,1725.262528119052
CALI,HARINA PRECOCIDA,2024-04-01,011106,BASE,1683.7398035992387
CALI,HARINA PRECOCIDA,2024-05-01,011106,BASE,1638.3451851531406
CALI,HARINA PRECOCIDA,2024-06-01,011106,BASE,1622.1900415296766
CALI,HARINA PRECOCIDA,2024-07-01,011106,BASE,1592.282998788718
CALI,HARINA PRECOCIDA,2024-08-01,011106,BASE,1587.209482609448
CALI,HARINA PRECOCIDA,2024-09-01,011106,BASE,1574.7927193286037
CALI,HARINA PRECOCIDA,2024-10-01,011106,BASE,1570.6537982349887
CALI,HARINA PRECOCIDA,2024-11-01,011106,BASE,1570.3867710676589
CALI,HARINA PRECOCIDA,2024-12-01,011106,BASE,1572.5229884062987
CALI,HUEVOS,2019-01-01,011405,BASE,3498.873119318182
CALI,HUEVOS,2019-02-01,011405,BASE,3506.2310539772725
CALI,HUEVOS,2019-03-01,011405,BASE,3526.9033465909088
CALI,HUEVOS,2019-04-01,011405,BASE,3574.554732954545
CALI,HUEVOS,2019-05-01,011405,BASE,3649.1852130681823
CALI,HUEVOS,2019-06-01,011405,BASE,3704.5449119318187
CALI,HUEVOS,2019-07-01,011405,BASE,3704.194534090909
CALI,HUEVOS,2019-08-01,011405,BASE,3693.683198863636
CALI,HUEVOS,2019-09-01,011405,BASE,3701.7418892045453
CALI,HUEVOS,2019-10-01,011405,BASE,3692.9824431818183
CALI,HUEVOS,2019-11-01,011405,BASE,3714.0051136363636
CALI,HUEVOS,2019-12-01,011405,BASE,3716.1073806818185
CALI,HUEVOS,2020-01-01,011405,BASE,3713.3043579545456
CALI,HUEVOS,2020-02-01,011405,BASE,3688.4275312499994
CALI,HUEVOS,2020-03-01,011405,BASE,3722.0638039772725
CALI,HUEVOS,2020-04-01,011405,BASE,3897.953480113636
CALI,HUEVOS,2020-05-01,011405,BASE,3882.8872329545447
CALI,HUEVOS,2020-06-01,011405,BASE,3790.7378607954547
CALI,HUEVOS,2020-07-01,011405,BASE,3739.2323181818183
CALI,HUEVOS,2020-08-01,011405,BASE,3619.4030965909087
CALI,HUEVOS,2020-09-01,011405,BASE,3584.7156903409095
CALI,HUEVOS,2020-10-01,011405,BASE,3673.711661931818
CALI,HUEVOS,2020-11-01,011405,BASE,3735.027784090909
CALI,HUEVOS,2020-12-01,011405,BASE,3858.360784090909
CALI,HUEVOS,2021-01-01,011405,BASE,3843.6449147727276
CALI,HUEVOS,2021-02-01,011405,BASE,3867.8209857954544
CALI,HUEVOS,2021-03-01,011405,BASE,3900.055747159091
CALI,HUEVOS,2021-04-01,011405,BASE,3960.6711136363633
CALI,HUEVOS,2021-05-01,011405,BASE,4276.711926136364
CALI,HUEVOS,2021-06-01,011405,BASE,4617.629565340909
CALI,HUEVOS,2021-07-01,011405,BASE,4849.930073863636
CALI,HUEVOS,2021-08-01,011405,BASE,4736.407653409091
CALI,HUEVOS,2021-09-01,011405,BASE,4468.018227272727
CALI,HUEVOS,2021-10-01,011405,BASE,4335.92578125
CALI,HUEVOS,2021-11-01,011405,BASE,4424.22099715909
CALI,HUEVOS,2021-12-01,011405,BASE,4583.642914772727
CALI,HUEVOS,2022-01-01,011405,BASE,4858.689519886363
CALI,HUEVOS,2022-02-01,011405,BASE,4957.1456931818175
CALI,HUEVOS,2022-03-01,011405,BASE,5216.775673295454
CALI,HUEVOS,2022-04-01,011405,BASE,5485.165099431819
CALI,HUEVOS,2022-05-01,011405,BASE,5553.839156249999
CALI,HUEVOS,2022-06-01,011405,BASE,5539.473664772727
CALI,HUEVOS,2022-07-01,011405,BASE,5561.8978465909095
CALI,HUEVOS,2022-08-01,011405,BASE,5643.886261363637
CALI,HUEVOS,2022-09-01,011405,BASE,5828.885761363636
CALI,HUEVOS,2022-10-01,011405,BASE,5962.02934090909
CALI,HUEVOS,2022-11-01,011405,BASE,6034.907931818182
CALI,HUEVOS,2022-12-01,011405,BASE,6129.860326704545
CALI,HUEVOS,2023-01-01,011405,BASE,6234.973678977272
CALI,HUEVOS,2023-02-01,011405,BASE,6310.304914772727
CALI,HUEVOS,2023-03-01,011405,BASE,6363.562346590909
CALI,HUEVOS,2023-04-01,011405,BASE,6347.795343749999
CALI,HUEVOS,2023-05-01,011405,BASE,6274.215997159091
CALI,HUEVOS,2023-06-01,011405,BASE,6248.638414772728
CALI,HUEVOS,2023-07-01,011405,BASE,6204.490806818182
CALI,HUEVOS,2023-08-01,011405,BASE,6292.786022727271
CALI,HUEVOS,2023-09-01,011405,BASE,6409.812221590909
CALI,HUEVOS,2023-10-01,011405,BASE,6428.382247159091
CALI,HUEVOS,2023-11-01,011405,BASE,6463.420031250001
CALI,HUEVOS,2023-12-01,011405,BASE,6524.385775568183
CALI,HUEVOS,2024-01-01,011405,BASE,6375.124815340909
CALI,HUEVOS,2024-02-01,011405,BASE,6282.2746875
CALI,HUEVOS,2024-03-01,011405,BASE,6265.106173295454
CALI,HUEVOS,2024-04-01,011405,BASE,6203.439673295455
CALI,HUEVOS,2024-05-01,011405,BASE,6283.676198863636
CALI,HUEVOS,2024-06-01,011405,BASE,6294.537911931819
CALI,HUEVOS,2024-07-01,011405,BASE,6237.776701704545
CALI,HUEVOS,2024-08-01,011405,BASE,6173.307178977272
CALI,HUEVOS,2024-09-01,011405,BASE,6122.852769886364
CALI,HUEVOS,2024-10-01,011405,BASE,6070.296093749999
CALI,HUEVOS,2024-11-01,011405,BASE,6024.04621875
CALI,HUEVOS,2024-12-01,011405,BASE,6042.616244318182
CALI,LECHE EN POLVO ENTERA,2019-01-01,011401,BASE_lowR2,10029.433239247313
CALI,LECHE EN POLVO ENTERA,2019-02-01,011401,BASE_lowR2,10029.433239247313
CALI,LECHE EN POLVO ENTERA,2019-03-01,011401,BASE_lowR2,10053.569045698925
CALI,LECHE EN POLVO ENTERA,2019-04-01,011401,BASE_lowR2,10078.710510752688
CALI,LECHE EN POLVO ENTERA,2019-05-01,011401,BASE_lowR2,10040.495483870967
CALI,LECHE EN POLVO ENTERA,2019-06-01,011401,BASE_lowR2,10031.444556451612
CALI,LECHE EN POLVO ENTERA,2019-07-01,011401,BASE_lowR2,10087.761438172043
CALI,LECHE EN POLVO ENTERA,2019-08-01,011401,BASE_lowR2,10088.767096774192
CALI,LECHE EN POLVO ENTERA,2019-09-01,011401,BASE_lowR2,10193.355591397849
CALI,LECHE EN POLVO ENTERA,2019-10-01,011401,BASE_lowR2,10159.16319892473
CALI,LECHE EN POLVO ENTERA,2019-11-01,011401,BASE_lowR2,10245.649838709678
CALI,LECHE EN POLVO ENTERA,2019-12-01,011401,BASE_lowR2,10264.757352150536
CALI,LECHE EN POLVO ENTERA,2020-01-01,011401,BASE_lowR2,10337.164771505377
CALI,LECHE EN POLVO ENTERA,2020-02-01,011401,BASE_lowR2,10488.013561827958
CALI,LECHE EN POLVO ENTERA,2020-03-01,011401,BASE_lowR2,10648.918938172044
CALI,LECHE EN POLVO ENTERA,2020-04-01,011401,BASE_lowR2,10763.564018817204
CALI,LECHE EN POLVO ENTERA,2020-05-01,011401,BASE_lowR2,10920.44676075269
CALI,LECHE EN POLVO ENTERA,2020-06-01,011401,BASE_lowR2,10974.752325268817
CALI,LECHE EN POLVO ENTERA,2020-07-01,011401,BASE_lowR2,11001.905107526884
CALI,LECHE EN POLVO ENTERA,2020-08-01,011401,BASE_lowR2,11078.335161290323
CALI,LECHE EN POLVO ENTERA,2020-09-01,011401,BASE_lowR2,11135.657701612903
CALI,LECHE EN POLVO ENTERA,2020-10-01,011401,BASE_lowR2,11150.742580645161
CALI,LECHE EN POLVO ENTERA,2020-11-01,011401,BASE_lowR2,11121.578481182796
CALI,LECHE EN POLVO ENTERA,2020-12-01,011401,BASE_lowR2,11177.895362903228
CALI,LECHE EN POLVO ENTERA,2021-01-01,011401,BASE_lowR2,11232.200927419355
CALI,LECHE EN POLVO ENTERA,2021-02-01,011401,BASE_lowR2,11221.138682795698
CALI,LECHE EN POLVO ENTERA,2021-03-01,011401,BASE_lowR2,11217.116048387097
CALI,LECHE EN POLVO ENTERA,2021-04-01,011401,BASE_lowR2,11284.495174731182
CALI,LECHE EN POLVO ENTERA,2021-05-01,011401,BASE_lowR2,11464.508064516129
CALI,LECHE EN POLVO ENTERA,2021-06-01,011401,BASE_lowR2,11422.270403225806
CALI,LECHE EN POLVO ENTERA,2021-07-01,011401,BASE_lowR2,11478.587284946236
CALI,LECHE EN POLVO ENTERA,2021-08-01,011401,BASE_lowR2,11540.938118279571
CALI,LECHE EN POLVO ENTERA,2021-09-01,011401,BASE_lowR2,11671.67373655914
CALI,LECHE EN POLVO ENTERA,2021-10-01,011401,BASE_lowR2,11864.760188172042
CALI,LECHE EN POLVO ENTERA,2021-11-01,011401,BASE_lowR2,12181.542647849463
CALI,LECHE EN POLVO ENTERA,2021-12-01,011401,BASE_lowR2,12385.69134408602
CALI,LECHE EN POLVO ENTERA,2022-01-01,011401,BASE_lowR2,12967.967674731182
CALI,LECHE EN POLVO ENTERA,2022-02-01,011401,BASE_lowR2,13552.255322580644
CALI,LECHE EN POLVO ENTERA,2022-03-01,011401,BASE_lowR2,14080.226088709676
CALI,LECHE EN POLVO ENTERA,2022-04-01,011401,BASE_lowR2,14668.536370967744
CALI,LECHE EN POLVO ENTERA,2022-05-01,011401,BASE_lowR2,15235.727822580646
CALI,LECHE EN POLVO ENTERA,2022-06-01,011401,BASE_lowR2,15712.410000000002
CALI,LECHE EN POLVO ENTERA,2022-07-01,011401,BASE_lowR2,15868.287083333333
CALI,LECHE EN POLVO ENTERA,2022-08-01,011401,BASE_lowR2,15978.90952956989
CALI,LECHE EN POLVO ENTERA,2022-09-01,011401,BASE_lowR2,16040.254704301076
CALI,LECHE EN POLVO ENTERA,2022-10-01,011401,BASE_lowR2,16181.046908602151
CALI,LECHE EN POLVO ENTERA,2022-11-01,011401,BASE_lowR2,16649.683817204303
CALI,LECHE EN POLVO ENTERA,2022-12-01,011401,BASE_lowR2,17039.87935483871
CALI,LECHE EN POLVO ENTERA,2023-01-01,011401,BASE_lowR2,17557.79353494624
CALI,LECHE EN POLVO ENTERA,2023-02-01,011401,BASE_lowR2,18307.009193548387
CALI,LECHE EN POLVO ENTERA,2023-03-01,011401,BASE_lowR2,18795.759274193548
CALI,LECHE EN POLVO ENTERA,2023-04-01,011401,BASE_lowR2,19182.93783602151
CALI,LECHE EN POLVO ENTERA,2023-05-01,011401,BASE_lowR2,19324.73569892473
CALI,LECHE EN POLVO ENTERA,2023-06-01,011401,BASE_lowR2,19405.188387096772
CALI,LECHE EN POLVO ENTERA,2023-07-01,011401,BASE_lowR2,19468.54487903226
CALI,LECHE EN POLVO ENTERA,2023-08-01,011401,BASE_lowR2,19536.929663978495
CALI,LECHE EN POLVO ENTERA,2023-09-01,011401,BASE_lowR2,19624.42196236559
CALI,LECHE EN POLVO ENTERA,2023-10-01,011401,BASE_lowR2,19566.093763440862
CALI,LECHE EN POLVO ENTERA,2023-11-01,011401,BASE_lowR2,19505.754247311826
CALI,LECHE EN POLVO ENTERA,2023-12-01,011401,BASE_lowR2,19483.62975806452
CALI,LECHE EN POLVO ENTERA,2024-01-01,011401,BASE_lowR2,19533.912688172044
CALI,LECHE EN POLVO ENTERA,2024-02-01,011401,BASE_lowR2,19445.414731182795
CALI,LECHE EN POLVO ENTERA,2024-03-01,011401,BASE_lowR2,19402.171411290325
CALI,LECHE EN POLVO ENTERA,2024-04-01,011401,BASE_lowR2,19315.684771505377
CALI,LECHE EN POLVO ENTERA,2024-05-01,011401,BASE_lowR2,19191.988763440862
CALI,LECHE EN POLVO ENTERA,2024-06-01,011401,BASE_lowR2,19205.062325268816
CALI,LECHE EN POLVO ENTERA,2024-07-01,011401,BASE_lowR2,19160.813346774194
CALI,LECHE EN POLVO ENTERA,2024-08-01,011401,BASE_lowR2,19165.841639784947
CALI,LECHE EN POLVO ENTERA,2024-09-01,011401,BASE_lowR2,19081.366317204305
CALI,LECHE EN POLVO ENTERA,2024-10-01,011401,BASE_lowR2,19121.59266129032
CALI,LECHE EN POLVO ENTERA,2024-11-01,011401,BASE_lowR2,19007.953239247312
CALI,LECHE EN POLVO ENTERA,2024-12-01,011401,BASE_lowR2,19008.958897849465
CALI,LECHE EN POLVO LACTANTE,2019-01-01,011401,BASE_lowR2,37150.3097016129
CALI,LECHE EN POLVO LACTANTE,2019-02-01,011401,BASE_lowR2,37150.3097016129
CALI,LECHE EN POLVO LACTANTE,2019-03-01,011401,BASE_lowR2,37239.71183064516
CALI,LECHE EN POLVO LACTANTE,2019-04-01,011401,BASE_lowR2,37332.8390483871
CALI,LECHE EN POLVO LACTANTE,2019-05-01,011401,BASE_lowR2,37191.28567741935
CALI,LECHE EN POLVO LACTANTE,2019-06-01,011401,BASE_lowR2,37157.75987903225
CALI,LECHE EN POLVO LACTANTE,2019-07-01,011401,BASE_lowR2,37366.36484677419
CALI,LECHE EN POLVO LACTANTE,2019-08-01,011401,BASE_lowR2,37370.08993548386
CALI,LECHE EN POLVO LACTANTE,2019-09-01,011401,BASE_lowR2,37757.49916129032
CALI,LECHE EN POLVO LACTANTE,2019-10-01,011401,BASE_lowR2,37630.84614516128
CALI,LECHE EN POLVO LACTANTE,2019-11-01,011401,BASE_lowR2,37951.20377419354
CALI,LECHE EN POLVO LACTANTE,2019-12-01,011401,BASE_lowR2,38021.98045967741
CALI,LECHE EN POLVO LACTANTE,2020-01-01,011401,BASE_lowR2,38290.18684677419
CALI,LECHE EN POLVO LACTANTE,2020-02-01,011401,BASE_lowR2,38848.95015322581
CALI,LECHE EN POLVO LACTANTE,2020-03-01,011401,BASE_lowR2,39444.96434677419
CALI,LECHE EN POLVO LACTANTE,2020-04-01,011401,BASE_lowR2,39869.62445967742
CALI,LECHE EN POLVO LACTANTE,2020-05-01,011401,BASE_lowR2,40450.7382983871
CALI,LECHE EN POLVO LACTANTE,2020-06-01,011401,BASE_lowR2,40651.89308870967
CALI,LECHE EN POLVO LACTANTE,2020-07-01,011401,BASE_lowR2,40752.47048387097
CALI,LECHE EN POLVO LACTANTE,2020-08-01,011401,BASE_lowR2,41035.57722580645
CALI,LECHE EN POLVO LACTANTE,2020-09-01,011401,BASE_lowR2,41247.907282258064
CALI,LECHE EN POLVO LACTANTE,2020-10-01,011401,BASE_lowR2,41303.78361290322
CALI,LECHE EN POLVO LACTANTE,2020-11-01,011401,BASE_lowR2,41195.75604032258
CALI,LECHE EN POLVO LACTANTE,2020-12-01,011401,BASE_lowR2,41404.361008064516
CALI,LECHE EN POLVO LACTANTE,2021-01-01,011401,BASE_lowR2,41605.51579838709
CALI,LECHE EN POLVO LACTANTE,2021-02-01,011401,BASE_lowR2,41564.53982258064
CALI,LECHE EN POLVO LACTANTE,2021-03-01,011401,BASE_lowR2,41549.63946774194
CALI,LECHE EN POLVO LACTANTE,2021-04-01,011401,BASE_lowR2,41799.22041129032
CALI,LECHE EN POLVO LACTANTE,2021-05-01,011401,BASE_lowR2,42466.011290322574
CALI,LECHE EN POLVO LACTANTE,2021-06-01,011401,BASE_lowR2,42309.55756451612
CALI,LECHE EN POLVO LACTANTE,2021-07-01,011401,BASE_lowR2,42518.16253225806
CALI,LECHE EN POLVO LACTANTE,2021-08-01,011401,BASE_lowR2,42749.11803225806
CALI,LECHE EN POLVO LACTANTE,2021-09-01,011401,BASE_lowR2,43233.37956451613
CALI,LECHE EN POLVO LACTANTE,2021-10-01,011401,BASE_lowR2,43948.59659677419
CALI,LECHE EN POLVO LACTANTE,2021-11-01,011401,BASE_lowR2,45121.99954032258
CALI,LECHE EN POLVO LACTANTE,2021-12-01,011401,BASE_lowR2,45878.19254838709
CALI,LECHE EN POLVO LACTANTE,2022-01-01,011401,BASE_lowR2,48035.01891129032
CALI,LECHE EN POLVO LACTANTE,2022-02-01,011401,BASE_lowR2,50199.295451612896
CALI,LECHE EN POLVO LACTANTE,2022-03-01,011401,BASE_lowR2,52154.96702419354
CALI,LECHE EN POLVO LACTANTE,2022-04-01,011401,BASE_lowR2,54334.14391935484
CALI,LECHE EN POLVO LACTANTE,2022-05-01,011401,BASE_lowR2,56435.0939516129
CALI,LECHE EN POLVO LACTANTE,2022-06-01,011401,BASE_lowR2,58200.786
CALI,LECHE EN POLVO LACTANTE,2022-07-01,011401,BASE_lowR2,58778.17474999999
CALI,LECHE EN POLVO LACTANTE,2022-08-01,011401,BASE_lowR2,59187.93450806451
CALI,LECHE EN POLVO LACTANTE,2022-09-01,011401,BASE_lowR2,59415.16491935484
CALI,LECHE EN POLVO LACTANTE,2022-10-01,011401,BASE_lowR2,59936.67733870968
CALI,LECHE EN POLVO LACTANTE,2022-11-01,011401,BASE_lowR2,61672.56867741935
CALI,LECHE EN POLVO LACTANTE,2022-12-01,011401,BASE_lowR2,63117.90309677419
CALI,LECHE EN POLVO LACTANTE,2023-01-01,011401,BASE_lowR2,65036.32378225806
CALI,LECHE EN POLVO LACTANTE,2023-02-01,011401,BASE_lowR2,67811.51487096773
CALI,LECHE EN POLVO LACTANTE,2023-03-01,011401,BASE_lowR2,69621.90798387096
CALI,LECHE EN POLVO LACTANTE,2023-04-01,011401,BASE_lowR2,71056.06713709678
CALI,LECHE EN POLVO LACTANTE,2023-05-01,011401,BASE_lowR2,71581.30464516129
CALI,LECHE EN POLVO LACTANTE,2023-06-01,011401,BASE_lowR2,71879.31174193547
CALI,LECHE EN POLVO LACTANTE,2023-07-01,011401,BASE_lowR2,72113.99233064515
CALI,LECHE EN POLVO LACTANTE,2023-08-01,011401,BASE_lowR2,72367.29836290322
CALI,LECHE EN POLVO LACTANTE,2023-09-01,011401,BASE_lowR2,72691.38108064515
CALI,LECHE EN POLVO LACTANTE,2023-10-01,011401,BASE_lowR2,72475.32593548387
CALI,LECHE EN POLVO LACTANTE,2023-11-01,011401,BASE_lowR2,72251.82061290322
CALI,LECHE EN POLVO LACTANTE,2023-12-01,011401,BASE_lowR2,72169.86866129033
CALI,LECHE EN POLVO LACTANTE,2024-01-01,011401,BASE_lowR2,72356.1230967742
CALI,LECHE EN POLVO LACTANTE,2024-02-01,011401,BASE_lowR2,72028.31529032257
CALI,LECHE EN POLVO LACTANTE,2024-03-01,011401,BASE_lowR2,71868.13647580644
CALI,LECHE EN POLVO LACTANTE,2024-04-01,011401,BASE_lowR2,71547.77884677419
CALI,LECHE EN POLVO LACTANTE,2024-05-01,011401,BASE_lowR2,71089.59293548387
CALI,LECHE EN POLVO LACTANTE,2024-06-01,011401,BASE_lowR2,71138.01908870967
CALI,LECHE EN POLVO LACTANTE,2024-07-01,011401,BASE_lowR2,70974.11518548387
CALI,LECHE EN POLVO LACTANTE,2024-08-01,011401,BASE_lowR2,70992.74062903225
CALI,LECHE EN POLVO LACTANTE,2024-09-01,011401,BASE_lowR2,70679.83317741936
CALI,LECHE EN POLVO LACTANTE,2024-10-01,011401,BASE_lowR2,70828.83672580644
CALI,LECHE EN POLVO LACTANTE,2024-11-01,011401,BASE_lowR2,70407.9017016129
CALI,LECHE EN POLVO LACTANTE,2024-12-01,011401,BASE_lowR2,70411.62679032258
CALI,LECHE LARGA VIDA,2019-01-01,011401,D_city,1616.9944629680708
CALI,LECHE LARGA VIDA,2019-02-01,011401,D_city,1616.9944629680708
CALI,LECHE LARGA VIDA,2019-03-01,011401,D_city,1622.0899295101685
CALI,LECHE LARGA VIDA,2019-04-01,011401,D_city,1627.4017275881092
CALI,LECHE LARGA VIDA,2019-05-01,011401,D_city,1619.329415398398
CALI,LECHE LARGA VIDA,2019-06-01,011401,D_city,1617.4189406161056
CALI,LECHE LARGA VIDA,2019-07-01,011401,D_city,1629.314977842976
CALI,LECHE LARGA VIDA,2019-08-01,011401,D_city,1629.527593954304
CALI,LECHE LARGA VIDA,2019-09-01,011401,D_city,1651.6753389567934
CALI,LECHE LARGA VIDA,2019-10-01,011401,D_city,1644.4269685198785
CALI,LECHE LARGA VIDA,2019-11-01,011401,D_city,1662.7756140340216
CALI,LECHE LARGA VIDA,2019-12-01,011401,D_city,1666.8358570116307
CALI,LECHE LARGA VIDA,2020-01-01,011401,D_city,1682.2432129833435
CALI,LECHE LARGA VIDA,2020-02-01,011401,D_city,1714.4488971487176
CALI,LECHE LARGA VIDA,2020-03-01,011401,D_city,1748.9596952801915
CALI,LECHE LARGA VIDA,2020-04-01,011401,D_city,1773.6472619008568
CALI,LECHE LARGA VIDA,2020-05-01,011401,D_city,1807.5620035712957
CALI,LECHE LARGA VIDA,2020-06-01,011401,D_city,1819.3369494084127
CALI,LECHE LARGA VIDA,2020-07-01,011401,D_city,1825.2311821050748
CALI,LECHE LARGA VIDA,2020-08-01,011401,D_city,1841.8464712144491
CALI,LECHE LARGA VIDA,2020-09-01,011401,D_city,1854.3312145010123
CALI,LECHE LARGA VIDA,2020-10-01,011401,D_city,1857.6199790201972
CALI,LECHE LARGA VIDA,2020-11-01,011401,D_city,1851.262942557474
CALI,LECHE LARGA VIDA,2020-12-01,011401,D_city,1863.5432190601055
CALI,LECHE LARGA VIDA,2021-01-01,011401,D_city,1875.403033359557
CALI,LECHE LARGA VIDA,2021-02-01,011401,D_city,1872.9857053996964
CALI,LECHE LARGA VIDA,2021-03-01,011401,D_city,1872.1068595498223
CALI,LECHE LARGA VIDA,2021-04-01,011401,D_city,1886.840352603764
CALI,LECHE LARGA VIDA,2021-05-01,011401,D_city,1926.3360994164918
CALI,LECHE LARGA VIDA,2021-06-01,011401,D_city,1917.0516168202253
CALI,LECHE LARGA VIDA,2021-07-01,011401,D_city,1929.433278178628
CALI,LECHE LARGA VIDA,2021-08-01,011401,D_city,1943.1634533120073
CALI,LECHE LARGA VIDA,2021-09-01,011401,D_city,1972.0268996157488
CALI,LECHE LARGA VIDA,2021-10-01,011401,D_city,2014.8387952236171
CALI,LECHE LARGA VIDA,2021-11-01,011401,D_city,2085.543432154813
CALI,LECHE LARGA VIDA,2021-12-01,011401,D_city,2131.4115420201056
CALI,LECHE LARGA VIDA,2022-01-01,011401,D_city,2263.5150365409568
CALI,LECHE LARGA VIDA,2022-02-01,011401,D_city,2397.930323829863
CALI,LECHE LARGA VIDA,2022-03-01,011401,D_city,2520.9420474489852
CALI,LECHE LARGA VIDA,2022-04-01,011401,D_city,2659.699475361892
CALI,LECHE LARGA VIDA,2022-05-01,011401,D_city,2795.1148701621473
CALI,LECHE LARGA VIDA,2022-06-01,011401,D_city,2910.1348298658245
CALI,LECHE LARGA VIDA,2022-07-01,011401,D_city,2947.982993125496
CALI,LECHE LARGA VIDA,2022-08-01,011401,D_city,2974.912819860975
CALI,LECHE LARGA VIDA,2022-09-01,011401,D_city,2989.8715058361718
CALI,LECHE LARGA VIDA,2022-10-01,011401,D_city,3024.2697156682607
CALI,LECHE LARGA VIDA,2022-11-01,011401,D_city,3139.43062273272
CALI,LECHE LARGA VIDA,2022-12-01,011401,D_city,3236.0839865112926
CALI,LECHE LARGA VIDA,2023-01-01,011401,D_city,3365.43210629615
CALI,LECHE LARGA VIDA,2023-02-01,011401,D_city,3554.6370268615497
CALI,LECHE LARGA VIDA,2023-03-01,011401,D_city,3679.3667619941943
CALI,LECHE LARGA VIDA,2023-04-01,011401,D_city,3778.890465298085
CALI,LECHE LARGA VIDA,2023-05-01,011401,D_city,3815.495627835135
CALI,LECHE LARGA VIDA,2023-06-01,011401,D_city,3836.301483323288
CALI,LECHE LARGA VIDA,2023-07-01,011401,D_city,3852.7048684021756
CALI,LECHE LARGA VIDA,2023-08-01,011401,D_city,3870.4286262157925
CALI,LECHE LARGA VIDA,2023-09-01,011401,D_city,3893.1325688573365
CALI,LECHE LARGA VIDA,2023-10-01,011401,D_city,3877.993123822023
CALI,LECHE LARGA VIDA,2023-11-01,011401,D_city,3862.3462964028345
CALI,LECHE LARGA VIDA,2023-12-01,011401,D_city,3856.6128698529924
CALI,LECHE LARGA VIDA,2024-01-01,011401,D_city,3869.646291000158
CALI,LECHE LARGA VIDA,2024-02-01,011401,D_city,3846.7144165461013
CALI,LECHE LARGA VIDA,2024-03-01,011401,D_city,3835.5207819815378
CALI,LECHE LARGA VIDA,2024-04-01,011401,D_city,3813.156641334201
CALI,LECHE LARGA VIDA,2024-05-01,011401,D_city,3781.224474587205
CALI,LECHE LARGA VIDA,2024-06-01,011401,D_city,3784.596421750125
CALI,LECHE LARGA VIDA,2024-07-01,011401,D_city,3773.1865417704994
CALI,LECHE LARGA VIDA,2024-08-01,011401,D_city,3774.4827094317384
CALI,LECHE LARGA VIDA,2024-09-01,011401,D_city,3752.721052792478
CALI,LECHE LARGA VIDA,2024-10-01,011401,D_city,3763.080042191872
CALI,LECHE LARGA VIDA,2024-11-01,011401,D_city,3733.8332917541507
CALI,LECHE LARGA VIDA,2024-12-01,011401,D_city,3734.091876173938
CALI,LECHE PASTEURIZADA,2019-01-01,011401,D_city,1067.6154846867282
CALI,LECHE PASTEURIZADA,2019-02-01,011401,D_city,1067.6154846867282
CALI,LECHE PASTEURIZADA,2019-03-01,011401,D_city,1070.1616094470962
CALI,LECHE PASTEURIZADA,2019-04-01,011401,D_city,1072.8137643974624
CALI,LECHE PASTEURIZADA,2019-05-01,011401,D_city,1068.782465354441
CALI,LECHE PASTEURIZADA,2019-06-01,011401,D_city,1067.8276638489472
CALI,LECHE PASTEURIZADA,2019-07-01,011401,D_city,1073.7685256344678
CALI,LECHE PASTEURIZADA,2019-08-01,011401,D_city,1073.8746097415844
CALI,LECHE PASTEURIZADA,2019-09-01,011401,D_city,1084.9068404014365
CALI,LECHE PASTEURIZADA,2019-10-01,011401,D_city,1081.3002619084555
CALI,LECHE PASTEURIZADA,2019-11-01,011401,D_city,1090.4225740607242
CALI,LECHE PASTEURIZADA,2019-12-01,011401,D_city,1092.4378751793442
CALI,LECHE PASTEURIZADA,2020-01-01,011401,D_city,1100.074500688145
CALI,LECHE PASTEURIZADA,2020-02-01,011401,D_city,1115.9825989622632
CALI,LECHE PASTEURIZADA,2020-03-01,011401,D_city,1132.9489741607624
CALI,LECHE PASTEURIZADA,2020-04-01,011401,D_city,1145.0361106029075
CALI,LECHE PASTEURIZADA,2020-05-01,011401,D_city,1161.5745324003847
CALI,LECHE PASTEURIZADA,2020-06-01,011401,D_city,1167.2988722792004
CALI,LECHE PASTEURIZADA,2020-07-01,011401,D_city,1170.1609467958046
CALI,LECHE PASTEURIZADA,2020-08-01,011401,D_city,1178.2168166418035
CALI,LECHE PASTEURIZADA,2020-09-01,011401,D_city,1184.2583914551797
CALI,LECHE PASTEURIZADA,2020-10-01,011401,D_city,1185.8482331079508
CALI,LECHE PASTEURIZADA,2020-11-01,011401,D_city,1182.774521804745
CALI,LECHE PASTEURIZADA,2020-12-01,011401,D_city,1188.7098994506177
CALI,LECHE PASTEURIZADA,2021-01-01,011401,D_city,1194.433045098265
CALI,LECHE PASTEURIZADA,2021-02-01,011401,D_city,1193.2672393163316
CALI,LECHE PASTEURIZADA,2021-03-01,011401,D_city,1192.8433073838416
CALI,LECHE PASTEURIZADA,2021-04-01,011401,D_city,1199.9439876322676
CALI,LECHE PASTEURIZADA,2021-05-01,011401,D_city,1218.9126014120473
CALI,LECHE PASTEURIZADA,2021-06-01,011401,D_city,1214.4621068338483
CALI,LECHE PASTEURIZADA,2021-07-01,011401,D_city,1220.3960668718137
CALI,LECHE PASTEURIZADA,2021-08-01,011401,D_city,1226.9655035732694
CALI,LECHE PASTEURIZADA,2021-09-01,011401,D_city,1240.7390966681135
CALI,LECHE PASTEURIZADA,2021-10-01,011401,D_city,1261.0791057134488
CALI,LECHE PASTEURIZADA,2021-11-01,011401,D_city,1294.4430194043882
CALI,LECHE PASTEURIZADA,2021-12-01,011401,D_city,1315.9400688089781
CALI,LECHE PASTEURIZADA,2022-01-01,011401,D_city,1377.2370161993292
CALI,LECHE PASTEURIZADA,2022-02-01,011401,D_city,1438.7208619264945
CALI,LECHE PASTEURIZADA,2022-03-01,011401,D_city,1494.2580588651745
CALI,LECHE PASTEURIZADA,2022-04-01,011401,D_city,1556.1203741427105
CALI,LECHE PASTEURIZADA,2022-05-01,011401,D_city,1615.7408929214812
CALI,LECHE PASTEURIZADA,2022-06-01,011401,D_city,1665.8320599375108
CALI,LECHE PASTEURIZADA,2022-07-01,011401,D_city,1682.209103008666
CALI,LECHE PASTEURIZADA,2022-08-01,011401,D_city,1693.8306438153463
CALI,LECHE PASTEURIZADA,2022-09-01,011401,D_city,1700.2750048407213
CALI,LECHE PASTEURIZADA,2022-10-01,011401,D_city,1715.064506499782
CALI,LECHE PASTEURIZADA,2022-11-01,011401,D_city,1764.2841539804765
CALI,LECHE PASTEURIZADA,2022-12-01,011401,D_city,1805.2558173185607
CALI,LECHE PASTEURIZADA,2023-01-01,011401,D_city,1859.625333598519
CALI,LECHE PASTEURIZADA,2023-02-01,011401,D_city,1938.2510163471043
CALI,LECHE PASTEURIZADA,2023-03-01,011401,D_city,1989.5267595239868
CALI,LECHE PASTEURIZADA,2023-04-01,011401,D_city,2030.1379214840442
CALI,LECHE PASTEURIZADA,2023-05-01,011401,D_city,2045.0092517099529
CALI,LECHE PASTEURIZADA,2023-06-01,011401,D_city,2053.4464499022283
CALI,LECHE PASTEURIZADA,2023-07-01,011401,D_city,2060.090522422721
CALI,LECHE PASTEURIZADA,2023-08-01,011401,D_city,2067.2616845096936
CALI,LECHE PASTEURIZADA,2023-09-01,011401,D_city,2076.4362252222677
CALI,LECHE PASTEURIZADA,2023-10-01,011401,D_city,2070.3199056437156
CALI,LECHE PASTEURIZADA,2023-11-01,011401,D_city,2063.9925062565308
CALI,LECHE PASTEURIZADA,2023-12-01,011401,D_city,2061.6724158217603
CALI,LECHE PASTEURIZADA,2024-01-01,011401,D_city,2066.945314468377
CALI,LECHE PASTEURIZADA,2024-02-01,011401,D_city,2057.6649311724786
CALI,LECHE PASTEURIZADA,2024-03-01,011401,D_city,2053.130060644641
CALI,LECHE PASTEURIZADA,2024-04-01,011401,D_city,2044.0600472067995
CALI,LECHE PASTEURIZADA,2024-05-01,011401,D_city,2031.0871847327712
CALI,LECHE PASTEURIZADA,2024-06-01,011401,D_city,2032.458335665019
CALI,LECHE PASTEURIZADA,2024-07-01,011401,D_city,2027.8174832805273
CALI,LECHE PASTEURIZADA,2024-08-01,011401,D_city,2028.344857710377
CALI,LECHE PASTEURIZADA,2024-09-01,011401,D_city,2019.4848021977953
CALI,LECHE PASTEURIZADA,2024-10-01,011401,D_city,2023.7039200670645
CALI,LECHE PASTEURIZADA,2024-11-01,011401,D_city,2011.7847061533816
CALI,LECHE PASTEURIZADA,2024-12-01,011401,D_city,2011.8901887221411
CALI,LECHUGA,2019-01-01,011716,BASE_lowR2,1053.1250373552484
CALI,LECHUGA,2019-02-01,011716,BASE_lowR2,1056.9717500933882
CALI,LECHUGA,2019-03-01,011716,BASE_lowR2,1033.2794966380275
CALI,LECHUGA,2019-04-01,011716,BASE_lowR2,1010.2866454986927
CALI,LECHUGA,2019-05-01,011716,BASE_lowR2,1022.526186029137
CALI,LECHUGA,2019-06-01,011716,BASE_lowR2,1130.234142697049
CALI,LECHUGA,2019-07-01,011716,BASE_lowR2,1205.9444434067987
CALI,LECHUGA,2019-08-01,011716,BASE_lowR2,1192.0438223757938
CALI,LECHUGA,2019-09-01,011716,BASE_lowR2,1269.5900541651101
CALI,LECHUGA,2019-10-01,011716,BASE_lowR2,1220.3696161748226
CALI,LECHUGA,2019-11-01,011716,BASE_lowR2,1112.6616595069108
CALI,LECHUGA,2019-12-01,011716,BASE_lowR2,1058.8076811729547
CALI,LECHUGA,2020-01-01,011716,BASE_lowR2,1296.6918939110944
CALI,LECHUGA,2020-02-01,011716,BASE_lowR2,1426.2561729548001
CALI,LECHUGA,2020-03-01,011716,BASE_lowR2,1549.3509805752708
CALI,LECHUGA,2020-04-01,011716,BASE_lowR2,1351.4201251400823
CALI,LECHUGA,2020-05-01,011716,BASE_lowR2,1190.0330407172207
CALI,LECHUGA,2020-06-01,011716,BASE_lowR2,1203.7588111692194
CALI,LECHUGA,2020-07-01,011716,BASE_lowR2,1153.8389708629063
CALI,LECHUGA,2020-08-01,011716,BASE_lowR2,1192.9180752708253
CALI,LECHUGA,2020-09-01,011716,BASE_lowR2,1363.222539223011
CALI,LECHUGA,2020-10-01,011716,BASE_lowR2,1379.8333442286144
CALI,LECHUGA,2020-11-01,011716,BASE_lowR2,1318.373365707882
CALI,LECHUGA,2020-12-01,011716,BASE_lowR2,1286.026008591707
CALI,LECHUGA,2021-01-01,011716,BASE_lowR2,1271.2511346656704
CALI,LECHUGA,2021-02-01,011716,BASE_lowR2,1261.5469275308183
CALI,LECHUGA,2021-03-01,011716,BASE_lowR2,1305.871549308928
CALI,LECHUGA,2021-04-01,011716,BASE_lowR2,1358.2392977213299
CALI,LECHUGA,2021-05-01,011716,BASE_lowR2,1660.1188223757938
CALI,LECHUGA,2021-06-01,011716,BASE_lowR2,1549.1761299962643
CALI,LECHUGA,2021-07-01,011716,BASE_lowR2,1585.8073262980947
CALI,LECHUGA,2021-08-01,011716,BASE_lowR2,1535.3629342547629
CALI,LECHUGA,2021-09-01,011716,BASE_lowR2,1518.4024280911467
CALI,LECHUGA,2021-10-01,011716,BASE_lowR2,1424.3328165857301
CALI,LECHUGA,2021-11-01,011716,BASE_lowR2,1490.6011860291371
CALI,LECHUGA,2021-12-01,011716,BASE_lowR2,1605.7402923048187
CALI,LECHUGA,2022-01-01,011716,BASE_lowR2,1816.1729641389616
CALI,LECHUGA,2022-02-01,011716,BASE_lowR2,1822.1178838251774
CALI,LECHUGA,2022-03-01,011716,BASE_lowR2,1856.6508731789318
CALI,LECHUGA,2022-04-01,011716,BASE_lowR2,1779.2794919686216
CALI,LECHUGA,2022-05-01,011716,BASE_lowR2,1811.0148720582742
CALI,LECHUGA,2022-06-01,011716,BASE_lowR2,1908.8437710123274
CALI,LECHUGA,2022-07-01,011716,BASE_lowR2,2046.1889008218154
CALI,LECHUGA,2022-08-01,011716,BASE_lowR2,2167.18550149421
CALI,LECHUGA,2022-09-01,011716,BASE_lowR2,2108.348281658573
CALI,LECHUGA,2022-10-01,011716,BASE_lowR2,1987.1768304071725
CALI,LECHUGA,2022-11-01,011716,BASE_lowR2,1929.0390128875608
CALI,LECHUGA,2022-12-01,011716,BASE_lowR2,1901.150345536048
CALI,LECHUGA,2023-01-01,011716,BASE_lowR2,2186.8561916324243
CALI,LECHUGA,2023-02-01,011716,BASE_lowR2,2146.9902596189763
CALI,LECHUGA,2023-03-01,011716,BASE_lowR2,2314.7593901755695
CALI,LECHUGA,2023-04-01,011716,BASE_lowR2,2341.8612299215542
CALI,LECHUGA,2023-05-01,011716,BASE_lowR2,2217.2801923795296
CALI,LECHUGA,2023-06-01,011716,BASE_lowR2,2143.668098617856
CALI,LECHUGA,2023-07-01,011716,BASE_lowR2,2030.9769004482628
CALI,LECHUGA,2023-08-01,011716,BASE_lowR2,2165.4369957041463
CALI,LECHUGA,2023-09-01,011716,BASE_lowR2,2295.0012747478518
CALI,LECHUGA,2023-10-01,011716,BASE_lowR2,2352.789391109451
CALI,LECHUGA,2023-11-01,011716,BASE_lowR2,2091.824901942473
CALI,LECHUGA,2023-12-01,011716,BASE_lowR2,1973.713335823683
CALI,LECHUGA,2024-01-01,011716,BASE_lowR2,2331.545045760179
CALI,LECHUGA,2024-02-01,011716,BASE_lowR2,2596.0065465072844
CALI,LECHUGA,2024-03-01,011716,BASE_lowR2,2723.9097450504296
CALI,LECHUGA,2024-04-01,011716,BASE_lowR2,2787.6427810982445
CALI,LECHUGA,2024-05-01,011716,BASE_lowR2,2535.0711197235714
CALI,LECHUGA,2024-06-01,011716,BASE_lowR2,2365.7283339559212
CALI,LECHUGA,2024-07-01,011716,BASE_lowR2,2352.439689951438
CALI,LECHUGA,2024-08-01,011716,BASE_lowR2,2408.217024654464
CALI,LECHUGA,2024-09-01,011716,BASE_lowR2,2569.429258498319
CALI,LECHUGA,2024-10-01,011716,BASE_lowR2,2591.373006163616
CALI,LECHUGA,2024-11-01,011716,BASE_lowR2,2420.1068640268954
CALI,LECHUGA,2024-12-01,011716,BASE_lowR2,2208.0131116921925
CALI,LENTEJAS,2019-01-01,011702,BASE,2236.2586720698255
CALI,LENTEJAS,2019-02-01,011702,BASE,2210.9825623441393
CALI,LENTEJAS,2019-03-01,011702,BASE,2167.2007294264336
CALI,LENTEJAS,2019-04-01,011702,BASE,2147.1152493765585
CALI,LENTEJAS,2019-05-01,011702,BASE,2123.1932169576057
CALI,LENTEJAS,2019-06-01,011702,BASE,2114.39171446384
CALI,LENTEJAS,2019-07-01,011702,BASE,2129.9636034912714
CALI,LENTEJAS,2019-08-01,011702,BASE,2158.173547381546
CALI,LENTEJAS,2019-09-01,011702,BASE,2147.5666084788027
CALI,LENTEJAS,2019-10-01,011702,BASE,2123.4188965087283
CALI,LENTEJAS,2019-11-01,011702,BASE,2121.6134600997507
CALI,LENTEJAS,2019-12-01,011702,BASE,2120.4850623441394
CALI,LENTEJAS,2020-01-01,011702,BASE,2129.2865648379047
CALI,LENTEJAS,2020-02-01,011702,BASE,2137.6367082294264
CALI,LENTEJAS,2020-03-01,011702,BASE,2140.570542394015
CALI,LENTEJAS,2020-04-01,011702,BASE,2395.1370760598497
CALI,LENTEJAS,2020-05-01,011702,BASE,2655.1199189526183
CALI,LENTEJAS,2020-06-01,011702,BASE,2732.5280049875305
CALI,LENTEJAS,2020-07-01,011702,BASE,2745.6174189526178
CALI,LENTEJAS,2020-08-01,011702,BASE,2655.1199189526183
CALI,LENTEJAS,2020-09-01,011702,BASE,2593.509401496259
CALI,LENTEJAS,2020-10-01,011702,BASE,2529.416408977556
CALI,LENTEJAS,2020-11-01,011702,BASE,2488.1170511221944
CALI,LENTEJAS,2020-12-01,011702,BASE,2460.5841458852865
CALI,LENTEJAS,2021-01-01,011702,BASE,2433.502599750623
CALI,LENTEJAS,2021-02-01,011702,BASE,2449.9772069825435
CALI,LENTEJAS,2021-03-01,011702,BASE,2435.9850748129675
CALI,LENTEJAS,2021-04-01,011702,BASE,2464.646377805486
CALI,LENTEJAS,2021-05-01,011702,BASE,2527.3852930174558
CALI,LENTEJAS,2021-06-01,011702,BASE,2670.69180798005
CALI,LENTEJAS,2021-07-01,011702,BASE,2707.4775748129678
CALI,LENTEJAS,2021-08-01,011702,BASE,2727.7887344139654
CALI,LENTEJAS,2021-09-01,011702,BASE,2781.7261471321694
CALI,LENTEJAS,2021-10-01,011702,BASE,2811.2901683291766
CALI,LENTEJAS,2021-11-01,011702,BASE,2820.0916708229424
CALI,LENTEJAS,2021-12-01,011702,BASE,2872.4493266832915
CALI,LENTEJAS,2022-01-01,011702,BASE,2952.7912468827926
CALI,LENTEJAS,2022-02-01,011702,BASE,3116.8602805486285
CALI,LENTEJAS,2022-03-01,011702,BASE,3243.6921882793013
CALI,LENTEJAS,2022-04-01,011702,BASE,3407.0841832917704
CALI,LENTEJAS,2022-05-01,011702,BASE,3552.1961346633416
CALI,LENTEJAS,2022-06-01,011702,BASE,3730.9343391521193
CALI,LENTEJAS,2022-07-01,011702,BASE,4006.489071072319
CALI,LENTEJAS,2022-08-01,011702,BASE,4283.849239401496
CALI,LENTEJAS,2022-09-01,011702,BASE,4383.825280548628
CALI,LENTEJAS,2022-10-01,011702,BASE,4391.949744389028
CALI,LENTEJAS,2022-11-01,011702,BASE,4502.984083541147
CALI,LENTEJAS,2022-12-01,011702,BASE,4605.893958852867
CALI,LENTEJAS,2023-01-01,011702,BASE,4682.399326683291
CALI,LENTEJAS,2023-02-01,011702,BASE,4741.5273690773065
CALI,LENTEJAS,2023-03-01,011702,BASE,4792.982306733166
CALI,LENTEJAS,2023-04-01,011702,BASE,4773.79954488778
CALI,LENTEJAS,2023-05-01,011702,BASE,4727.53523690773
CALI,LENTEJAS,2023-06-01,011702,BASE,4667.9558354114715
CALI,LENTEJAS,2023-07-01,011702,BASE,4608.150754364089
CALI,LENTEJAS,2023-08-01,011702,BASE,4547.442955112219
CALI,LENTEJAS,2023-09-01,011702,BASE,4347.942231920199
CALI,LENTEJAS,2023-10-01,011702,BASE,4091.344582294264
CALI,LENTEJAS,2023-11-01,011702,BASE,3968.8005860349126
CALI,LENTEJAS,2023-12-01,011702,BASE,3937.656807980049
CALI,LENTEJAS,2024-01-01,011702,BASE,3887.3302680798
CALI,LENTEJAS,2024-02-01,011702,BASE,3893.197936408977
CALI,LENTEJAS,2024-03-01,011702,BASE,3883.719395261845
CALI,LENTEJAS,2024-04-01,011702,BASE,3846.256589775561
CALI,LENTEJAS,2024-05-01,011702,BASE,3818.9493640897754
CALI,LENTEJAS,2024-06-01,011702,BASE,3823.237275561097
CALI,LENTEJAS,2024-07-01,011702,BASE,3851.898578553616
CALI,LENTEJAS,2024-08-01,011702,BASE,3829.3306234413963
CALI,LENTEJAS,2024-09-01,011702,BASE,3830.233341645885
CALI,LENTEJAS,2024-10-01,011702,BASE,3790.2880610972566
CALI,LENTEJAS,2024-11-01,011702,BASE,3796.8327680798006
CALI,LENTEJAS,2024-12-01,011702,BASE,3824.817032418952
CALI,LIMONES,2019-01-01,011609,D_city,1702.3610147469547
CALI,LIMONES,2019-02-01,011609,D_city,1883.3332504614227
CALI,LIMONES,2019-03-01,011609,D_city,2324.438113111791
CALI,LIMONES,2019-04-01,011609,D_city,2248.6141962651786
CALI,LIMONES,2019-05-01,011609,D_city,1978.6625989953434
CALI,LIMONES,2019-06-01,011609,D_city,1998.2137182623874
CALI,LIMONES,2019-07-01,011609,D_city,2237.9239427891644
CALI,LIMONES,2019-08-01,011609,D_city,2511.1951451581535
CALI,LIMONES,2019-09-01,011609,D_city,2832.187005365725
CALI,LIMONES,2019-10-01,011609,D_city,2772.458192741241
CALI,LIMONES,2019-11-01,011609,D_city,2490.9316081330217
CALI,LIMONES,2019-12-01,011609,D_city,2241.0510727421506
CALI,LIMONES,2020-01-01,011609,D_city,2255.4020085667885
CALI,LIMONES,2020-02-01,011609,D_city,2446.2730624660044
CALI,LIMONES,2020-03-01,011609,D_city,2869.127837346023
CALI,LIMONES,2020-04-01,011609,D_city,2865.7374347074024
CALI,LIMONES,2020-05-01,011609,D_city,2560.3183558422725
CALI,LIMONES,2020-06-01,011609,D_city,2285.7674720238438
CALI,LIMONES,2020-07-01,011609,D_city,2111.460715807295
CALI,LIMONES,2020-08-01,011609,D_city,2155.8349853435234
CALI,LIMONES,2020-09-01,011609,D_city,2259.3210965443077
CALI,LIMONES,2020-10-01,011609,D_city,2416.558790460725
CALI,LIMONES,2020-11-01,011609,D_city,2455.3984640181843
CALI,LIMONES,2020-12-01,011609,D_city,2251.2241014527567
CALI,LIMONES,2021-01-01,011609,D_city,2322.8555701234477
CALI,LIMONES,2021-02-01,011609,D_city,2459.6966139330675
CALI,LIMONES,2021-03-01,011609,D_city,2752.0837513637566
CALI,LIMONES,2021-04-01,011609,D_city,2858.960563769773
CALI,LIMONES,2021-05-01,011609,D_city,4162.452655436356
CALI,LIMONES,2021-06-01,011609,D_city,2882.1365185802847
CALI,LIMONES,2021-07-01,011609,D_city,2930.0941608316725
CALI,LIMONES,2021-08-01,011609,D_city,3240.83855816679
CALI,LIMONES,2021-09-01,011609,D_city,3334.793852278616
CALI,LIMONES,2021-10-01,011609,D_city,3672.3018052055645
CALI,LIMONES,2021-11-01,011609,D_city,3567.4158765544917
CALI,LIMONES,2021-12-01,011609,D_city,3412.561394681604
CALI,LIMONES,2022-01-01,011609,D_city,3841.73712300991
CALI,LIMONES,2022-02-01,011609,D_city,4396.2553681211875
CALI,LIMONES,2022-03-01,011609,D_city,5039.765395674085
CALI,LIMONES,2022-04-01,011609,D_city,5075.821509659504
CALI,LIMONES,2022-05-01,011609,D_city,4694.155107884396
CALI,LIMONES,2022-06-01,011609,D_city,4621.972140240794
CALI,LIMONES,2022-07-01,011609,D_city,4819.5103798802065
CALI,LIMONES,2022-08-01,011609,D_city,5154.002662894269
CALI,LIMONES,2022-09-01,011609,D_city,5723.048951298422
CALI,LIMONES,2022-10-01,011609,D_city,5984.938137327894
CALI,LIMONES,2022-11-01,011609,D_city,5620.638766999427
CALI,LIMONES,2022-12-01,011609,D_city,5021.768887267499
CALI,LIMONES,2023-01-01,011609,D_city,5401.647191010417
CALI,LIMONES,2023-02-01,011609,D_city,5929.674181068922
CALI,LIMONES,2023-03-01,011609,D_city,7152.101070321959
CALI,LIMONES,2023-04-01,011609,D_city,6725.879375329498
CALI,LIMONES,2023-05-01,011609,D_city,6216.757785176292
CALI,LIMONES,2023-06-01,011609,D_city,5833.901271314787
CALI,LIMONES,2023-07-01,011609,D_city,6374.608753759938
CALI,LIMONES,2023-08-01,011609,D_city,7128.113558595969
CALI,LIMONES,2023-09-01,011609,D_city,7678.247504550736
CALI,LIMONES,2023-10-01,011609,D_city,8143.216959631908
CALI,LIMONES,2023-11-01,011609,D_city,7257.11648458356
CALI,LIMONES,2023-12-01,011609,D_city,6160.43775434735
CALI,LIMONES,2024-01-01,011609,D_city,6480.928301269454
CALI,LIMONES,2024-02-01,011609,D_city,7212.758035968335
CALI,LIMONES,2024-03-01,011609,D_city,8199.7230711338
CALI,LIMONES,2024-04-01,011609,D_city,9020.921228967462
CALI,LIMONES,2024-05-01,011609,D_city,8582.642926406523
CALI,LIMONES,2024-06-01,011609,D_city,7739.934134531322
CALI,LIMONES,2024-07-01,011609,D_city,7393.03473877386
CALI,LIMONES,2024-08-01,011609,D_city,7859.075416551604
CALI,LIMONES,2024-09-01,011609,D_city,9363.744949788563
CALI,LIMONES,2024-10-01,011609,D_city,9628.735302615882
CALI,LIMONES,2024-11-01,011609,D_city,9074.404416718326
CALI,LIMONES,2024-12-01,011609,D_city,8134.0765927824405
CALI,LULOS,2019-01-01,011609,BASE_lowR2,3136.655125543216
CALI,LULOS,2019-02-01,011609,BASE_lowR2,3357.3258148237564
CALI,LULOS,2019-03-01,011609,BASE_lowR2,3868.088360695316
CALI,LULOS,2019-04-01,011609,BASE_lowR2,3782.7150953645587
CALI,LULOS,2019-05-01,011609,BASE_lowR2,3470.762956301304
CALI,LULOS,2019-06-01,011609,BASE_lowR2,3493.8048756639305
CALI,LULOS,2019-07-01,011609,BASE_lowR2,3770.6033172380494
CALI,LULOS,2019-08-01,011609,BASE_lowR2,4074.579407291164
CALI,LULOS,2019-09-01,011609,BASE_lowR2,4418.14033317238
CALI,LULOS,2019-10-01,011609,BASE_lowR2,4355.218168759054
CALI,LULOS,2019-11-01,011609,BASE_lowR2,4052.42371559633
CALI,LULOS,2019-12-01,011609,BASE_lowR2,3774.148227909223
CALI,LULOS,2020-01-01,011609,BASE_lowR2,3790.3957351521003
CALI,LULOS,2020-02-01,011609,BASE_lowR2,4003.385784645099
CALI,LULOS,2020-03-01,011609,BASE_lowR2,4456.8389413326895
CALI,LULOS,2020-04-01,011609,BASE_lowR2,4453.2940306615155
CALI,LULOS,2020-05-01,011609,BASE_lowR2,4128.048476581362
CALI,LULOS,2020-06-01,011609,BASE_lowR2,3824.6632049734426
CALI,LULOS,2020-07-01,011609,BASE_lowR2,3625.8527981651373
CALI,LULOS,2020-08-01,011609,BASE_lowR2,3676.9585936745534
CALI,LULOS,2020-09-01,011609,BASE_lowR2,3794.8268734910675
CALI,LULOS,2020-10-01,011609,BASE_lowR2,3970.5953609367452
CALI,LULOS,2020-11-01,011609,BASE_lowR2,4013.4296982134238
CALI,LULOS,2020-12-01,011609,BASE_lowR2,3785.669187590536
CALI,LULOS,2021-01-01,011609,BASE_lowR2,3866.3159053597296
CALI,LULOS,2021-02-01,011609,BASE_lowR2,4018.1562457749883
CALI,LULOS,2021-03-01,011609,BASE_lowR2,4333.653295509415
CALI,LULOS,2021-04-01,011609,BASE_lowR2,4446.204209319169
CALI,LULOS,2021-05-01,011609,BASE_lowR2,5725.030733944955
CALI,LULOS,2021-06-01,011609,BASE_lowR2,4470.427765572188
CALI,LULOS,2021-07-01,011609,BASE_lowR2,4520.351924191213
CALI,LULOS,2021-08-01,011609,BASE_lowR2,4837.621429261226
CALI,LULOS,2021-09-01,011609,BASE_lowR2,4931.56156204732
CALI,LULOS,2021-10-01,011609,BASE_lowR2,5262.124482134234
CALI,LULOS,2021-11-01,011609,BASE_lowR2,5160.5037095605985
CALI,LULOS,2021-12-01,011609,BASE_lowR2,5008.663369145341
CALI,LULOS,2022-01-01,011609,BASE_lowR2,5424.304145340415
CALI,LULOS,2022-02-01,011609,BASE_lowR2,5939.497829550942
CALI,LULOS,2022-03-01,011609,BASE_lowR2,6511.41008450024
CALI,LULOS,2022-04-01,011609,BASE_lowR2,6542.723462095606
CALI,LULOS,2022-05-01,011609,BASE_lowR2,6207.433994447127
CALI,LULOS,2022-06-01,011609,BASE_lowR2,6143.034783920811
CALI,LULOS,2022-07-01,011609,BASE_lowR2,6318.5078621438915
CALI,LULOS,2022-08-01,011609,BASE_lowR2,6610.372174070498
CALI,LULOS,2022-09-01,011609,BASE_lowR2,7093.070843795268
CALI,LULOS,2022-10-01,011609,BASE_lowR2,7309.901213182037
CALI,LULOS,2022-11-01,011609,BASE_lowR2,7007.402169241912
CALI,LULOS,2022-12-01,011609,BASE_lowR2,6495.753395702559
CALI,LULOS,2023-01-01,011609,BASE_lowR2,6822.475995895702
CALI,LULOS,2023-02-01,011609,BASE_lowR2,7264.408192901979
CALI,LULOS,2023-03-01,011609,BASE_lowR2,8241.031082810237
CALI,LULOS,2023-04-01,011609,BASE_lowR2,7907.218661274746
CALI,LULOS,2023-05-01,011609,BASE_lowR2,7499.258524867214
CALI,LULOS,2023-06-01,011609,BASE_lowR2,7185.238521245775
CALI,LULOS,2023-07-01,011609,BASE_lowR2,7626.875309029455
CALI,LULOS,2023-08-01,011609,BASE_lowR2,8222.420301786577
CALI,LULOS,2023-09-01,011609,BASE_lowR2,8644.264671656205
CALI,LULOS,2023-10-01,011609,BASE_lowR2,8993.142963544182
CALI,LULOS,2023-11-01,011609,BASE_lowR2,8322.268619024626
CALI,LULOS,2023-12-01,011609,BASE_lowR2,7453.470095364558
CALI,LULOS,2024-01-01,011609,BASE_lowR2,7712.248574360213
CALI,LULOS,2024-02-01,011609,BASE_lowR2,8288.001149203283
CALI,LULOS,2024-03-01,011609,BASE_lowR2,9035.091073153068
CALI,LULOS,2024-04-01,011609,BASE_lowR2,9634.476385803959
CALI,LULOS,2024-05-01,011609,BASE_lowR2,9316.911471511346
CALI,LULOS,2024-06-01,011609,BASE_lowR2,8690.939328826653
CALI,LULOS,2024-07-01,011609,BASE_lowR2,8426.84348382424
CALI,LULOS,2024-08-01,011609,BASE_lowR2,8780.743732496378
CALI,LULOS,2024-09-01,011609,BASE_lowR2,9879.370631337519
CALI,LULOS,2024-10-01,011609,BASE_lowR2,10066.66007846451
CALI,LULOS,2024-11-01,011609,BASE_lowR2,9672.879584741671
CALI,LULOS,2024-12-01,011609,BASE_lowR2,8986.348551424433
CALI,MANTECA VEGETAL,2019-01-01,011505,BASE,3333.604852110336
CALI,MANTECA VEGETAL,2019-02-01,011505,BASE,3409.505383848455
CALI,MANTECA VEGETAL,2019-03-01,011505,BASE,3373.0597540711206
CALI,MANTECA VEGETAL,2019-04-01,011505,BASE,3389.109205716185
CALI,MANTECA VEGETAL,2019-05-01,011505,BASE,3385.4312063808575
CALI,MANTECA VEGETAL,2019-06-01,011505,BASE,3376.0690262545695
CALI,MANTECA VEGETAL,2019-07-01,011505,BASE,3344.304486540379
CALI,MANTECA VEGETAL,2019-08-01,011505,BASE,3384.093752077102
CALI,MANTECA VEGETAL,2019-09-01,011505,BASE,3360.688301761383
CALI,MANTECA VEGETAL,2019-10-01,011505,BASE,3346.310667996012
CALI,MANTECA VEGETAL,2019-11-01,011505,BASE,3356.3415752741776
CALI,MANTECA VEGETAL,2019-12-01,011505,BASE,3345.307577268196
CALI,MANTECA VEGETAL,2020-01-01,011505,BASE,3453.9757394483217
CALI,MANTECA VEGETAL,2020-02-01,011505,BASE,3452.303921568628
CALI,MANTECA VEGETAL,2020-03-01,011505,BASE,3493.7650049850454
CALI,MANTECA VEGETAL,2020-04-01,011505,BASE,3531.882452642074
CALI,MANTECA VEGETAL,2020-05-01,011505,BASE,3576.352808241941
CALI,MANTECA VEGETAL,2020-06-01,011505,BASE,3622.8293452974413
CALI,MANTECA VEGETAL,2020-07-01,011505,BASE,3628.8478896643405
CALI,MANTECA VEGETAL,2020-08-01,011505,BASE,3671.3120638085747
CALI,MANTECA VEGETAL,2020-09-01,011505,BASE,3687.6958790295785
CALI,MANTECA VEGETAL,2020-10-01,011505,BASE,3670.308973080758
CALI,MANTECA VEGETAL,2020-11-01,011505,BASE,3650.9158856763047
CALI,MANTECA VEGETAL,2020-12-01,011505,BASE,3679.671153207046
CALI,MANTECA VEGETAL,2021-01-01,011505,BASE,3698.3955134596217
CALI,MANTECA VEGETAL,2021-02-01,011505,BASE,3716.1167829843807
CALI,MANTECA VEGETAL,2021-03-01,011505,BASE,3712.104420073114
CALI,MANTECA VEGETAL,2021-04-01,011505,BASE,3735.8442339647727
CALI,MANTECA VEGETAL,2021-05-01,011505,BASE,3812.079129278831
CALI,MANTECA VEGETAL,2021-06-01,011505,BASE,3857.552575606514
CALI,MANTECA VEGETAL,2021-07-01,011505,BASE,3903.3603855101364
CALI,MANTECA VEGETAL,2021-08-01,011505,BASE,3947.8307411100036
CALI,MANTECA VEGETAL,2021-09-01,011505,BASE,4005.0069125955474
CALI,MANTECA VEGETAL,2021-10-01,011505,BASE,4031.7559986706547
CALI,MANTECA VEGETAL,2021-11-01,011505,BASE,4047.4710867397807
CALI,MANTECA VEGETAL,2021-12-01,011505,BASE,4027.743635759389
CALI,MANTECA VEGETAL,2022-01-01,011505,BASE,4039.4463609172485
CALI,MANTECA VEGETAL,2022-02-01,011505,BASE,4066.1954469923567
CALI,MANTECA VEGETAL,2022-03-01,011505,BASE,4106.6534396809575
CALI,MANTECA VEGETAL,2022-04-01,011505,BASE,4173.860518444666
CALI,MANTECA VEGETAL,2022-05-01,011505,BASE,4246.751777999336
CALI,MANTECA VEGETAL,2022-06-01,011505,BASE,4358.763575938851
CALI,MANTECA VEGETAL,2022-07-01,011505,BASE,4515.91445663011
CALI,MANTECA VEGETAL,2022-08-01,011505,BASE,4663.034430043204
CALI,MANTECA VEGETAL,2022-09-01,011505,BASE,4796.111133266867
CALI,MANTECA VEGETAL,2022-10-01,011505,BASE,4896.085842472583
CALI,MANTECA VEGETAL,2022-11-01,011505,BASE,4902.773113991359
CALI,MANTECA VEGETAL,2022-12-01,011505,BASE,4954.265104685942
CALI,MANTECA VEGETAL,2023-01-01,011505,BASE,4986.029644400133
CALI,MANTECA VEGETAL,2023-02-01,011505,BASE,5012.110003323364
CALI,MANTECA VEGETAL,2023-03-01,011505,BASE,5092.022897972749
CALI,MANTECA VEGETAL,2023-04-01,011505,BASE,5139.836889332005
CALI,MANTECA VEGETAL,2023-05-01,011505,BASE,5131.1434363575945
CALI,MANTECA VEGETAL,2023-06-01,011505,BASE,5168.5921568627455
CALI,MANTECA VEGETAL,2023-07-01,011505,BASE,5162.573612495847
CALI,MANTECA VEGETAL,2023-08-01,011505,BASE,5196.009970089732
CALI,MANTECA VEGETAL,2023-09-01,011505,BASE,5198.684878697242
CALI,MANTECA VEGETAL,2023-10-01,011505,BASE,5184.3072449318715
CALI,MANTECA VEGETAL,2023-11-01,011505,BASE,5144.183615819209
CALI,MANTECA VEGETAL,2023-12-01,011505,BASE,5129.4716184779
CALI,MANTECA VEGETAL,2024-01-01,011505,BASE,5155.55197740113
CALI,MANTECA VEGETAL,2024-02-01,011505,BASE,5186.647789963444
CALI,MANTECA VEGETAL,2024-03-01,011505,BASE,5196.009970089732
CALI,MANTECA VEGETAL,2024-04-01,011505,BASE,5184.975972083749
CALI,MANTECA VEGETAL,2024-05-01,011505,BASE,5166.5859754071125
CALI,MANTECA VEGETAL,2024-06-01,011505,BASE,5124.121801262879
CALI,MANTECA VEGETAL,2024-07-01,011505,BASE,5131.812163509471
CALI,MANTECA VEGETAL,2024-08-01,011505,BASE,5143.849252243271
CALI,MANTECA VEGETAL,2024-09-01,011505,BASE,5105.397441010303
CALI,MANTECA VEGETAL,2024-10-01,011505,BASE,5098.041442339649
CALI,MANTECA VEGETAL,2024-11-01,011505,BASE,5102.053805250915
CALI,MANTECA VEGETAL,2024-12-01,011505,BASE,5076.307809903623
CALI,MANZANAS,2019-01-01,011609,BASE_lowR2,4217.1814630613235
CALI,MANZANAS,2019-02-01,011609,BASE_lowR2,4513.869591984548
CALI,MANZANAS,2019-03-01,011609,BASE_lowR2,5200.5814727184925
CALI,MANZANAS,2019-04-01,011609,BASE_lowR2,5085.798515210044
CALI,MANZANAS,2019-05-01,011609,BASE_lowR2,4666.383971511347
CALI,MANZANAS,2019-06-01,011609,BASE_lowR2,4697.363454852728
CALI,MANZANAS,2019-07-01,011609,BASE_lowR2,5069.514427812651
CALI,MANZANAS,2019-08-01,011609,BASE_lowR2,5478.205304200869
CALI,MANZANAS,2019-09-01,011609,BASE_lowR2,5940.117344278126
CALI,MANZANAS,2019-10-01,011609,BASE_lowR2,5855.519524384355
CALI,MANZANAS,2019-11-01,011609,BASE_lowR2,5448.417339449541
CALI,MANZANAS,2019-12-01,011609,BASE_lowR2,5074.280502172863
CALI,MANZANAS,2020-01-01,011609,BASE_lowR2,5096.12500965717
CALI,MANZANAS,2020-02-01,011609,BASE_lowR2,5382.486644133269
CALI,MANZANAS,2020-03-01,011609,BASE_lowR2,5992.146989377112
CALI,MANZANAS,2020-04-01,011609,BASE_lowR2,5987.380915016899
CALI,MANZANAS,2020-05-01,011609,BASE_lowR2,5550.093592467407
CALI,MANZANAS,2020-06-01,011609,BASE_lowR2,5142.19706180589
CALI,MANZANAS,2020-07-01,011609,BASE_lowR2,4874.899724770642
CALI,MANZANAS,2020-08-01,011609,BASE_lowR2,4943.610630130372
CALI,MANZANAS,2020-09-01,011609,BASE_lowR2,5102.082602607436
CALI,MANZANAS,2020-10-01,011609,BASE_lowR2,5338.400456301303
CALI,MANZANAS,2020-11-01,011609,BASE_lowR2,5395.990521487204
CALI,MANZANAS,2020-12-01,011609,BASE_lowR2,5089.7702438435535
CALI,MANZANAS,2021-01-01,011609,BASE_lowR2,5198.198435538387
CALI,MANZANAS,2021-02-01,011609,BASE_lowR2,5402.345287300821
CALI,MANZANAS,2021-03-01,011609,BASE_lowR2,5826.525905359729
CALI,MANZANAS,2021-04-01,011609,BASE_lowR2,5977.848766296474
CALI,MANZANAS,2021-05-01,011609,BASE_lowR2,7697.210091743119
CALI,MANZANAS,2021-06-01,011609,BASE_lowR2,6010.41694109126
CALI,MANZANAS,2021-07-01,011609,BASE_lowR2,6077.539154997586
CALI,MANZANAS,2021-08-01,011609,BASE_lowR2,6504.1028102366
CALI,MANZANAS,2021-09-01,011609,BASE_lowR2,6630.40378078223
CALI,MANZANAS,2021-10-01,011609,BASE_lowR2,7074.8402148720415
CALI,MANZANAS,2021-11-01,011609,BASE_lowR2,6938.212749879285
CALI,MANZANAS,2021-12-01,011609,BASE_lowR2,6734.065898116852
CALI,MANZANAS,2022-01-01,011609,BASE_lowR2,7292.888116851762
CALI,MANZANAS,2022-02-01,011609,BASE_lowR2,7985.557590535973
CALI,MANZANAS,2022-03-01,011609,BASE_lowR2,8754.48425398358
CALI,MANZANAS,2022-04-01,011609,BASE_lowR2,8796.584577498792
CALI,MANZANAS,2022-05-01,011609,BASE_lowR2,8345.793377595362
CALI,MANZANAS,2022-06-01,011609,BASE_lowR2,8259.209693384837
CALI,MANZANAS,2022-07-01,011609,BASE_lowR2,8495.130374215354
CALI,MANZANAS,2022-08-01,011609,BASE_lowR2,8887.53716320618
CALI,MANZANAS,2022-09-01,011609,BASE_lowR2,9536.517621921776
CALI,MANZANAS,2022-10-01,011609,BASE_lowR2,9828.042503621436
CALI,MANZANAS,2022-11-01,011609,BASE_lowR2,9421.337491549975
CALI,MANZANAS,2022-12-01,011609,BASE_lowR2,8733.434092225976
CALI,MANZANAS,2023-01-01,011609,BASE_lowR2,9172.707279092225
CALI,MANZANAS,2023-02-01,011609,BASE_lowR2,9766.877882665378
CALI,MANZANAS,2023-03-01,011609,BASE_lowR2,11079.931368903912
CALI,MANZANAS,2023-04-01,011609,BASE_lowR2,10631.126033317238
CALI,MANZANAS,2023-05-01,011609,BASE_lowR2,10082.630309029453
CALI,MANZANAS,2023-06-01,011609,BASE_lowR2,9660.4355552873
CALI,MANZANAS,2023-07-01,011609,BASE_lowR2,10254.208985997102
CALI,MANZANAS,2023-08-01,011609,BASE_lowR2,11054.909478512795
CALI,MANZANAS,2023-09-01,011609,BASE_lowR2,11622.072327378077
CALI,MANZANAS,2023-10-01,011609,BASE_lowR2,12091.133478995653
CALI,MANZANAS,2023-11-01,011609,BASE_lowR2,11189.153906325448
CALI,MANZANAS,2023-12-01,011609,BASE_lowR2,10021.068515210043
CALI,MANZANAS,2024-01-01,011609,BASE_lowR2,10368.991943505553
CALI,MANZANAS,2024-02-01,011609,BASE_lowR2,11143.081854176724
CALI,MANZANAS,2024-03-01,011609,BASE_lowR2,12147.532025591501
CALI,MANZANAS,2024-04-01,011609,BASE_lowR2,12953.395765330755
CALI,MANZANAS,2024-05-01,011609,BASE_lowR2,12526.43493722839
CALI,MANZANAS,2024-06-01,011609,BASE_lowR2,11684.82563978754
CALI,MANZANAS,2024-07-01,011609,BASE_lowR2,11329.753099951713
CALI,MANZANAS,2024-08-01,011609,BASE_lowR2,11805.566190246256
CALI,MANZANAS,2024-09-01,011609,BASE_lowR2,13282.652069048767
CALI,MANZANAS,2024-10-01,011609,BASE_lowR2,13534.459664413325
CALI,MANZANAS,2024-11-01,011609,BASE_lowR2,13005.028237566392
CALI,MANZANAS,2024-12-01,011609,BASE_lowR2,12081.998503138579
CALI,MARACUYA,2019-01-01,011609,D_city,2271.551858708203
CALI,MARACUYA,2019-02-01,011609,D_city,2555.1092116678865
CALI,MARACUYA,2019-03-01,011609,D_city,3264.533409337704
CALI,MARACUYA,2019-04-01,011609,D_city,3140.8762039457715
CALI,MARACUYA,2019-05-01,011609,D_city,2706.3167842032394
CALI,MARACUYA,2019-06-01,011609,D_city,2737.4781644819645
CALI,MARACUYA,2019-07-01,011609,D_city,3123.496572115522
CALI,MARACUYA,2019-08-01,011609,D_city,3571.904699716925
CALI,MARACUYA,2019-09-01,011609,D_city,4108.91958971927
CALI,MARACUYA,2019-10-01,011609,D_city,4008.1989608486037
CALI,MARACUYA,2019-11-01,011609,D_city,3538.3670558585845
CALI,MARACUYA,2019-12-01,011609,D_city,3128.579080702198
CALI,MARACUYA,2020-01-01,011609,D_city,3151.918514570754
CALI,MARACUYA,2020-02-01,011609,D_city,3464.612521884051
CALI,MARACUYA,2020-03-01,011609,D_city,4171.3883092450815
CALI,MARACUYA,2020-04-01,011609,D_city,4165.649438548291
CALI,MARACUYA,2020-05-01,011609,D_city,3653.391376608916
CALI,MARACUYA,2020-06-01,011609,D_city,3201.383287436628
CALI,MARACUYA,2020-07-01,011609,D_city,2918.94993372685
CALI,MARACUYA,2020-08-01,011609,D_city,2990.499426221845
CALI,MARACUYA,2020-09-01,011609,D_city,3158.2965164866564
CALI,MARACUYA,2020-10-01,011609,D_city,3415.660993689938
CALI,MARACUYA,2020-11-01,011609,D_city,3479.6654618854045
CALI,MARACUYA,2020-12-01,011609,D_city,3145.121310959278
CALI,MARACUYA,2021-01-01,011609,D_city,3261.9456673424866
CALI,MARACUYA,2021-02-01,011609,D_city,3486.7587262108673
CALI,MARACUYA,2021-03-01,011609,D_city,3973.92267876489
CALI,MARACUYA,2021-04-01,011609,D_city,4154.181702036806
CALI,MARACUYA,2021-05-01,011609,D_city,6433.395134743286
CALI,MARACUYA,2021-06-01,011609,D_city,4193.418193189875
CALI,MARACUYA,2021-07-01,011609,D_city,4274.774048604321
CALI,MARACUYA,2021-08-01,011609,D_city,4807.108256401254
CALI,MARACUYA,2021-09-01,011609,D_city,4969.760337856707
CALI,MARACUYA,2021-10-01,011609,D_city,5560.148586342495
CALI,MARACUYA,2021-11-01,011609,D_city,5375.679709863243
CALI,MARACUYA,2021-12-01,011609,D_city,5104.9606255966055
CALI,MARACUYA,2022-01-01,011609,D_city,5859.969229319802
CALI,MARACUYA,2022-02-01,011609,D_city,6856.060564287535
CALI,MARACUYA,2022-03-01,011609,D_city,8038.092584418992
CALI,MARACUYA,2022-04-01,011609,D_city,8105.090761988942
CALI,MARACUYA,2022-05-01,011609,D_city,7399.956947519121
CALI,MARACUYA,2022-06-01,011609,D_city,7267.632041721066
CALI,MARACUYA,2022-07-01,011609,D_city,7630.549907261449
CALI,MARACUYA,2022-08-01,011609,D_city,8250.632406743285
CALI,MARACUYA,2022-09-01,011609,D_city,9320.635795170907
CALI,MARACUYA,2022-10-01,011609,D_city,9819.097828026584
CALI,MARACUYA,2022-11-01,011609,D_city,9126.723420470362
CALI,MARACUYA,2022-12-01,011609,D_city,8004.681545627857
CALI,MARACUYA,2023-01-01,011609,D_city,8714.022863297962
CALI,MARACUYA,2023-02-01,011609,D_city,9713.608143581683
CALI,MARACUYA,2023-03-01,011609,D_city,12082.661739278541
CALI,MARACUYA,2023-04-01,011609,D_city,11248.438000994105
CALI,MARACUYA,2023-05-01,011609,D_city,10263.334491679243
CALI,MARACUYA,2023-06-01,011609,D_city,9531.176731715888
CALI,MARACUYA,2023-07-01,011609,D_city,10567.393142048368
CALI,MARACUYA,2023-08-01,011609,D_city,12035.490099121493
CALI,MARACUYA,2023-09-01,011609,D_city,13123.751385088826
CALI,MARACUYA,2023-10-01,011609,D_city,14053.632755651508
CALI,MARACUYA,2023-11-01,011609,D_city,12289.480654026755
CALI,MARACUYA,2023-12-01,011609,D_city,10155.153792805784
CALI,MARACUYA,2024-01-01,011609,D_city,10772.890475970078
CALI,MARACUYA,2024-02-01,011609,D_city,12202.060042903113
CALI,MARACUYA,2024-03-01,011609,D_city,14167.244114787472
CALI,MARACUYA,2024-04-01,011609,D_city,15832.51882827675
CALI,MARACUYA,2024-05-01,011609,D_city,14940.499694376731
CALI,MARACUYA,2024-06-01,011609,D_city,13246.596972631303
CALI,MARACUYA,2024-07-01,011609,D_city,12557.890427394786
CALI,MARACUYA,2024-08-01,011609,D_city,13484.315293240275
CALI,MARACUYA,2024-09-01,011609,D_city,16535.2622160593
CALI,MARACUYA,2024-10-01,011609,D_city,17081.371051697723
CALI,MARACUYA,2024-11-01,011609,D_city,15941.867682732862
CALI,MARACUYA,2024-12-01,011609,D_city,14035.267254714518
CALI,MORAS,2019-01-01,011608,BASE,2761.979192360397
CALI,MORAS,2019-02-01,011608,BASE,2755.657802329565
CALI,MORAS,2019-03-01,011608,BASE,2834.3239893799246
CALI,MORAS,2019-04-01,011608,BASE,3333.2455507022955
CALI,MORAS,2019-05-01,011608,BASE,3129.556316375471
CALI,MORAS,2019-06-01,011608,BASE,2948.577261048304
CALI,MORAS,2019-07-01,011608,BASE,2830.1097293593693
CALI,MORAS,2019-08-01,011608,BASE,2833.3874871531348
CALI,MORAS,2019-09-01,011608,BASE,2777.6656046591297
CALI,MORAS,2019-10-01,011608,BASE,2691.0391486810554
CALI,MORAS,2019-11-01,011608,BASE,2751.209416752313
CALI,MORAS,2019-12-01,011608,BASE,2895.66488523467
CALI,MORAS,2020-01-01,011608,BASE,3028.1799503254542
CALI,MORAS,2020-02-01,011608,BASE,2960.9859155532718
CALI,MORAS,2020-03-01,011608,BASE,3006.874524665982
CALI,MORAS,2020-04-01,011608,BASE,3006.172147995889
CALI,MORAS,2020-05-01,011608,BASE,3036.8425959232613
CALI,MORAS,2020-06-01,011608,BASE,2938.0416109969165
CALI,MORAS,2020-07-01,011608,BASE,2723.3484755053096
CALI,MORAS,2020-08-01,011608,BASE,2568.357356971566
CALI,MORAS,2020-09-01,011608,BASE,2578.190630352861
CALI,MORAS,2020-10-01,011608,BASE,2515.913232271326
CALI,MORAS,2020-11-01,011608,BASE,2529.492514559781
CALI,MORAS,2020-12-01,011608,BASE,2469.7904976019186
CALI,MORAS,2021-01-01,011608,BASE,2600.66668379582
CALI,MORAS,2021-02-01,011608,BASE,2861.4825539568346
CALI,MORAS,2021-03-01,011608,BASE,2990.0174845837614
CALI,MORAS,2021-04-01,011608,BASE,2740.4396411442276
CALI,MORAS,2021-05-01,011608,BASE,3970.3011904761906
CALI,MORAS,2021-06-01,011608,BASE,3105.4413840356283
CALI,MORAS,2021-07-01,011608,BASE,2984.3984712230213
CALI,MORAS,2021-08-01,011608,BASE,3136.580083076396
CALI,MORAS,2021-09-01,011608,BASE,3170.7624143542307
CALI,MORAS,2021-10-01,011608,BASE,3095.3739850976367
CALI,MORAS,2021-11-01,011608,BASE,2990.0174845837614
CALI,MORAS,2021-12-01,011608,BASE,3008.981654676259
CALI,MORAS,2022-01-01,011608,BASE,3245.9167180541276
CALI,MORAS,2022-02-01,011608,BASE,3589.144784172662
CALI,MORAS,2022-03-01,011608,BASE,3747.4136605001713
CALI,MORAS,2022-04-01,011608,BASE,3751.6279205207265
CALI,MORAS,2022-05-01,011608,BASE,3973.8130738266527
CALI,MORAS,2022-06-01,011608,BASE,4245.866970709147
CALI,MORAS,2022-07-01,011608,BASE,4322.6601533059265
CALI,MORAS,2022-08-01,011608,BASE,4097.899618876328
CALI,MORAS,2022-09-01,011608,BASE,3995.118499486125
CALI,MORAS,2022-10-01,011608,BASE,3943.845002569373
CALI,MORAS,2022-11-01,011608,BASE,3773.8698484069887
CALI,MORAS,2022-12-01,011608,BASE,3598.7439319972596
CALI,MORAS,2023-01-01,011608,BASE,3833.103614251456
CALI,MORAS,2023-02-01,011608,BASE,3968.662311579308
CALI,MORAS,2023-03-01,011608,BASE,4000.0351361767725
CALI,MORAS,2023-04-01,011608,BASE,4116.161412298733
CALI,MORAS,2023-05-01,011608,BASE,4104.22100890716
CALI,MORAS,2023-06-01,011608,BASE,4081.276704350805
CALI,MORAS,2023-07-01,011608,BASE,4019.2334318259677
CALI,MORAS,2023-08-01,011608,BASE,4042.6459874957172
CALI,MORAS,2023-09-01,011608,BASE,4103.284506680369
CALI,MORAS,2023-10-01,011608,BASE,4128.804192360397
CALI,MORAS,2023-11-01,011608,BASE,4248.6764773895175
CALI,MORAS,2023-12-01,011608,BASE,4440.425308324769
CALI,MORAS,2024-01-01,011608,BASE,4621.4043636519355
CALI,MORAS,2024-02-01,011608,BASE,4697.72929513532
CALI,MORAS,2024-03-01,011608,BASE,4734.721133093525
CALI,MORAS,2024-04-01,011608,BASE,5096.679243747859
CALI,MORAS,2024-05-01,011608,BASE,5068.115925830764
CALI,MORAS,2024-06-01,011608,BASE,5149.357494004796
CALI,MORAS,2024-07-01,011608,BASE,5007.477406646111
CALI,MORAS,2024-08-01,011608,BASE,4836.097499143542
CALI,MORAS,2024-09-01,011608,BASE,4548.357189962316
CALI,MORAS,2024-10-01,011608,BASE,4331.322798903734
CALI,MORAS,2024-11-01,011608,BASE,4334.366431140802
CALI,MORAS,2024-12-01,011608,BASE,4659.566829393628
CALI,NARANJAS,2019-01-01,011605,BASE,706.7456668140755
CALI,NARANJAS,2019-02-01,011605,BASE,625.0021883884011
CALI,NARANJAS,2019-03-01,011605,BASE,634.3815692715901
CALI,NARANJAS,2019-04-01,011605,BASE,666.7435390738518
CALI,NARANJAS,2019-05-01,011605,BASE,635.9344469012572
CALI,NARANJAS,2019-06-01,011605,BASE,688.4838258891908
CALI,NARANJAS,2019-07-01,011605,BASE,748.735477920273
CALI,NARANJAS,2019-08-01,011605,BASE,703.8262568703014
CALI,NARANJAS,2019-09-01,011605,BASE,724.8832775285869
CALI,NARANJAS,2019-10-01,011605,BASE,694.695336407859
CALI,NARANJAS,2019-11-01,011605,BASE,673.2656251184535
CALI,NARANJAS,2019-12-01,011605,BASE,727.5542270516141
CALI,NARANJAS,2020-01-01,011605,BASE,832.0318339756143
CALI,NARANJAS,2020-02-01,011605,BASE,792.961432813191
CALI,NARANJAS,2020-03-01,011605,BASE,857.1884515762209
CALI,NARANJAS,2020-04-01,011605,BASE,929.1798584875862
CALI,NARANJAS,2020-05-01,011605,BASE,822.9630286183589
CALI,NARANJAS,2020-06-01,011605,BASE,716.4977383283846
CALI,NARANJAS,2020-07-01,011605,BASE,696.0618687219661
CALI,NARANJAS,2020-08-01,011605,BASE,717.7400404321182
CALI,NARANJAS,2020-09-01,011605,BASE,720.2867597447723
CALI,NARANJAS,2020-10-01,011605,BASE,696.7451348790196
CALI,NARANJAS,2020-11-01,011605,BASE,687.7384446269506
CALI,NARANJAS,2020-12-01,011605,BASE,705.876055341462
CALI,NARANJAS,2021-01-01,011605,BASE,785.3212748752292
CALI,NARANJAS,2021-02-01,011605,BASE,832.0939490808012
CALI,NARANJAS,2021-03-01,011605,BASE,803.7073460104871
CALI,NARANJAS,2021-04-01,011605,BASE,744.0768450312718
CALI,NARANJAS,2021-05-01,011605,BASE,1010.1158405458337
CALI,NARANJAS,2021-06-01,011605,BASE,914.2722332427822
CALI,NARANJAS,2021-07-01,011605,BASE,901.1038309432055
CALI,NARANJAS,2021-08-01,011605,BASE,813.7699930507297
CALI,NARANJAS,2021-09-01,011605,BASE,773.5815199949461
CALI,NARANJAS,2021-10-01,011605,BASE,810.7263528965823
CALI,NARANJAS,2021-11-01,011605,BASE,831.2864527133744
CALI,NARANJAS,2021-12-01,011605,BASE,860.1699766251816
CALI,NARANJAS,2022-01-01,011605,BASE,1026.265767894371
CALI,NARANJAS,2022-02-01,011605,BASE,1078.1318807252512
CALI,NARANJAS,2022-03-01,011605,BASE,1068.3798092109419
CALI,NARANJAS,2022-04-01,011605,BASE,1143.8496620127614
CALI,NARANJAS,2022-05-01,011605,BASE,1275.7821454292755
CALI,NARANJAS,2022-06-01,011605,BASE,1342.3695381893992
CALI,NARANJAS,2022-07-01,011605,BASE,1408.8948158443363
CALI,NARANJAS,2022-08-01,011605,BASE,1354.606213911176
CALI,NARANJAS,2022-09-01,011605,BASE,1290.8761159896392
CALI,NARANJAS,2022-10-01,011605,BASE,1187.4544658538127
CALI,NARANJAS,2022-11-01,011605,BASE,1167.0807113525807
CALI,NARANJAS,2022-12-01,011605,BASE,1238.0782765809593
CALI,NARANJAS,2023-01-01,011605,BASE,1404.670988691642
CALI,NARANJAS,2023-02-01,011605,BASE,1374.3588173605408
CALI,NARANJAS,2023-03-01,011605,BASE,1275.5958001137155
CALI,NARANJAS,2023-04-01,011605,BASE,1248.8241897782552
CALI,NARANJAS,2023-05-01,011605,BASE,1307.6471943900438
CALI,NARANJAS,2023-06-01,011605,BASE,1485.358510329143
CALI,NARANJAS,2023-07-01,011605,BASE,1650.3983448101587
CALI,NARANJAS,2023-08-01,011605,BASE,1581.636923368501
CALI,NARANJAS,2023-09-01,011605,BASE,1305.6595110240698
CALI,NARANJAS,2023-10-01,011605,BASE,1112.79210941942
CALI,NARANJAS,2023-11-01,011605,BASE,1024.1538543180238
CALI,NARANJAS,2023-12-01,011605,BASE,1025.0855808958243
CALI,NARANJAS,2024-01-01,011605,BASE,1217.8908673952872
CALI,NARANJAS,2024-02-01,011605,BASE,1340.7545454545457
CALI,NARANJAS,2024-03-01,011605,BASE,1460.0776625181632
CALI,NARANJAS,2024-04-01,011605,BASE,1513.49665297871
CALI,NARANJAS,2024-05-01,011605,BASE,1337.4624448796512
CALI,NARANJAS,2024-06-01,011605,BASE,1323.7971217385812
CALI,NARANJAS,2024-07-01,011605,BASE,1338.7047469833851
CALI,NARANJAS,2024-08-01,011605,BASE,1356.8423576978962
CALI,NARANJAS,2024-09-01,011605,BASE,1508.0926388274688
CALI,NARANJAS,2024-10-01,011605,BASE,1550.2687952492263
CALI,NARANJAS,2024-11-01,011605,BASE,1521.4473864426054
CALI,NARANJAS,2024-12-01,011605,BASE,1446.4123393770928
CALI,PAN CORRIENTE,2019-01-01,011108,D_city,3562.158379829158
CALI,PAN CORRIENTE,2019-02-01,011108,D_city,3580.5449262736443
CALI,PAN CORRIENTE,2019-03-01,011108,D_city,3560.047320634329
CALI,PAN CORRIENTE,2019-04-01,011108,D_city,3581.147466175722
CALI,PAN CORRIENTE,2019-05-01,011108,D_city,3589.581047174066
CALI,PAN CORRIENTE,2019-06-01,011108,D_city,3592.59214711867
CALI,PAN CORRIENTE,2019-07-01,011108,D_city,3600.418812105307
CALI,PAN CORRIENTE,2019-08-01,011108,D_city,3594.3985817981697
CALI,PAN CORRIENTE,2019-09-01,011108,D_city,3629.8909681584387
CALI,PAN CORRIENTE,2019-10-01,011108,D_city,3631.092966072871
CALI,PAN CORRIENTE,2019-11-01,011108,D_city,3645.81144563739
CALI,PAN CORRIENTE,2019-12-01,011108,D_city,3644.910632192295
CALI,PAN CORRIENTE,2020-01-01,011108,D_city,3658.1184203115085
CALI,PAN CORRIENTE,2020-02-01,011108,D_city,3657.8183418985686
CALI,PAN CORRIENTE,2020-03-01,011108,D_city,3682.709318968697
CALI,PAN CORRIENTE,2020-04-01,011108,D_city,3688.7024617457423
CALI,PAN CORRIENTE,2020-05-01,011108,D_city,3713.85393935418
CALI,PAN CORRIENTE,2020-06-01,011108,D_city,3725.520638684968
CALI,PAN CORRIENTE,2020-07-01,011108,D_city,3747.937537925744
CALI,PAN CORRIENTE,2020-08-01,011108,D_city,3745.5475923111167
CALI,PAN CORRIENTE,2020-09-01,011108,D_city,3735.0882419794293
CALI,PAN CORRIENTE,2020-10-01,011108,D_city,3740.1691772435265
CALI,PAN CORRIENTE,2020-11-01,011108,D_city,3761.077179821678
CALI,PAN CORRIENTE,2020-12-01,011108,D_city,3758.3902212031794
CALI,PAN CORRIENTE,2021-01-01,011108,D_city,3763.166789727524
CALI,PAN CORRIENTE,2021-02-01,011108,D_city,3767.3453624007125
CALI,PAN CORRIENTE,2021-03-01,011108,D_city,3788.2253255356504
CALI,PAN CORRIENTE,2021-04-01,011108,D_city,3806.9990066918244
CALI,PAN CORRIENTE,2021-05-01,011108,D_city,3839.737280530911
CALI,PAN CORRIENTE,2021-06-01,011108,D_city,3846.5759842114608
CALI,PAN CORRIENTE,2021-07-01,011108,D_city,3855.195476421704
CALI,PAN CORRIENTE,2021-08-01,011108,D_city,3836.168362056031
CALI,PAN CORRIENTE,2021-09-01,011108,D_city,3904.7624821681657
CALI,PAN CORRIENTE,2021-10-01,011108,D_city,3925.800394526998
CALI,PAN CORRIENTE,2021-11-01,011108,D_city,3975.201631292715
CALI,PAN CORRIENTE,2021-12-01,011108,D_city,4047.4708901986082
CALI,PAN CORRIENTE,2022-01-01,011108,D_city,4145.608859488688
CALI,PAN CORRIENTE,2022-02-01,011108,D_city,4222.289546735232
CALI,PAN CORRIENTE,2022-03-01,011108,D_city,4285.604174110164
CALI,PAN CORRIENTE,2022-04-01,011108,D_city,4368.78665324822
CALI,PAN CORRIENTE,2022-05-01,011108,D_city,4433.731204242659
CALI,PAN CORRIENTE,2022-06-01,011108,D_city,4495.611591083505
CALI,PAN CORRIENTE,2022-07-01,011108,D_city,4577.20191061284
CALI,PAN CORRIENTE,2022-08-01,011108,D_city,4708.390895162454
CALI,PAN CORRIENTE,2022-09-01,011108,D_city,4779.012886228907
CALI,PAN CORRIENTE,2022-10-01,011108,D_city,4789.860529740838
CALI,PAN CORRIENTE,2022-11-01,011108,D_city,4843.460903832771
CALI,PAN CORRIENTE,2022-12-01,011108,D_city,4907.749824974389
CALI,PAN CORRIENTE,2023-01-01,011108,D_city,4990.582437046227
CALI,PAN CORRIENTE,2023-02-01,011108,D_city,5068.359416526267
CALI,PAN CORRIENTE,2023-03-01,011108,D_city,5114.637120021958
CALI,PAN CORRIENTE,2023-04-01,011108,D_city,5148.167946541247
CALI,PAN CORRIENTE,2023-05-01,011108,D_city,5189.532411220526
CALI,PAN CORRIENTE,2023-06-01,011108,D_city,5286.9334000866065
CALI,PAN CORRIENTE,2023-07-01,011108,D_city,5177.157661836427
CALI,PAN CORRIENTE,2023-08-01,011108,D_city,5167.872989196741
CALI,PAN CORRIENTE,2023-09-01,011108,D_city,5157.740715866209
CALI,PAN CORRIENTE,2023-10-01,011108,D_city,5196.561073905358
CALI,PAN CORRIENTE,2023-11-01,011108,D_city,5186.720450494064
CALI,PAN CORRIENTE,2023-12-01,011108,D_city,5204.712108438524
CALI,PAN CORRIENTE,2024-01-01,011108,D_city,5190.657116165451
CALI,PAN CORRIENTE,2024-02-01,011108,D_city,5181.6582065086905
CALI,PAN CORRIENTE,2024-03-01,011108,D_city,5166.4659500861135
CALI,PAN CORRIENTE,2024-04-01,011108,D_city,5192.344088611752
CALI,PAN CORRIENTE,2024-05-01,011108,D_city,5180.814409774356
CALI,PAN CORRIENTE,2024-06-01,011108,D_city,5168.435784891905
CALI,PAN CORRIENTE,2024-07-01,011108,D_city,5177.4389671893
CALI,PAN CORRIENTE,2024-08-01,011108,D_city,5197.966594230103
CALI,PAN CORRIENTE,2024-09-01,011108,D_city,5181.6582065086905
CALI,PAN CORRIENTE,2024-10-01,011108,D_city,5179.126739622801
CALI,PAN CORRIENTE,2024-11-01,011108,D_city,5201.620616375388
CALI,PAN CORRIENTE,2024-12-01,011108,D_city,5231.677939226679
CALI,PAN FRANCÉS,2019-01-01,011108,D_city,3530.4112463559977
CALI,PAN FRANCÉS,2019-02-01,011108,D_city,3551.4045043081405
CALI,PAN FRANCÉS,2019-03-01,011108,D_city,3528.0019459620626
CALI,PAN FRANCÉS,2019-04-01,011108,D_city,3552.092744997224
CALI,PAN FRANCÉS,2019-05-01,011108,D_city,3561.727696946566
CALI,PAN FRANCÉS,2019-06-01,011108,D_city,3565.168562513691
CALI,PAN FRANCÉS,2019-07-01,011108,D_city,3574.114349202699
CALI,PAN FRANCÉS,2019-08-01,011108,D_city,3567.2330342538057
CALI,PAN FRANCÉS,2019-09-01,011108,D_city,3607.8270896913505
CALI,PAN FRANCÉS,2019-10-01,011108,D_city,3609.202919540474
CALI,PAN FRANCÉS,2019-11-01,011108,D_city,3626.055566245231
CALI,PAN FRANCÉS,2019-12-01,011108,D_city,3625.023838865472
CALI,PAN FRANCÉS,2020-01-01,011108,D_city,3640.1549630935992
CALI,PAN FRANCÉS,2020-02-01,011108,D_city,3639.81109479089
CALI,PAN FRANCÉS,2020-03-01,011108,D_city,3668.348872221151
CALI,PAN FRANCÉS,2020-04-01,011108,D_city,3675.2244521549337
CALI,PAN FRANCÉS,2020-05-01,011108,D_city,3704.097702997407
CALI,PAN FRANCÉS,2020-06-01,011108,D_city,3717.5008537232015
CALI,PAN FRANCÉS,2020-07-01,011108,D_city,3743.272093347992
CALI,PAN FRANCÉS,2020-08-01,011108,D_city,3740.523414155119
CALI,PAN FRANCÉS,2020-09-01,011108,D_city,3728.4972329486263
CALI,PAN FRANCÉS,2020-10-01,011108,D_city,3734.3386653905714
CALI,PAN FRANCÉS,2020-11-01,011108,D_city,3758.3887529584636
CALI,PAN FRANCÉS,2020-12-01,011108,D_city,3755.2968568724455
CALI,PAN FRANCÉS,2021-01-01,011108,D_city,3760.7935085163867
CALI,PAN FRANCÉS,2021-02-01,011108,D_city,3765.602881929542
CALI,PAN FRANCÉS,2021-03-01,011108,D_city,3789.647002995117
CALI,PAN FRANCÉS,2021-04-01,011108,D_city,3811.2828173075604
CALI,PAN FRANCÉS,2021-05-01,011108,D_city,3849.050858866771
CALI,PAN FRANCÉS,2021-06-01,011108,D_city,3856.9464108688603
CALI,PAN FRANCÉS,2021-07-01,011108,D_city,3866.900984396687
CALI,PAN FRANCÉS,2021-08-01,011108,D_city,3844.9312485126134
CALI,PAN FRANCÉS,2021-09-01,011108,D_city,3924.2107725559717
CALI,PAN FRANCÉS,2021-10-01,011108,D_city,3948.5684216698446
CALI,PAN FRANCÉS,2021-11-01,011108,D_city,4005.8427252138795
CALI,PAN FRANCÉS,2021-12-01,011108,D_city,4089.823773818929
CALI,PAN FRANCÉS,2022-01-01,011108,D_city,4204.22953955274
CALI,PAN FRANCÉS,2022-02-01,011108,D_city,4293.90783801865
CALI,PAN FRANCÉS,2022-03-01,011108,D_city,4368.141005452498
CALI,PAN FRANCÉS,2022-04-01,011108,D_city,4465.920865144459
CALI,PAN FRANCÉS,2022-05-01,011108,D_city,4542.45900520076
CALI,PAN FRANCÉS,2022-06-01,011108,D_city,4615.544304877276
CALI,PAN FRANCÉS,2022-07-01,011108,D_city,4712.141545788364
CALI,PAN FRANCÉS,2022-08-01,011108,D_city,4868.006512386261
CALI,PAN FRANCÉS,2022-09-01,011108,D_city,4952.186324511628
CALI,PAN FRANCÉS,2022-10-01,011108,D_city,4965.133255167087
CALI,PAN FRANCÉS,2022-11-01,011108,D_city,5029.171715876341
CALI,PAN FRANCÉS,2022-12-01,011108,D_city,5106.1219346373555
CALI,PAN FRANCÉS,2023-01-01,011108,D_city,5205.49317153536
CALI,PAN FRANCÉS,2023-02-01,011108,D_city,5299.027312938921
CALI,PAN FRANCÉS,2023-03-01,011108,D_city,5354.784160937037
CALI,PAN FRANCÉS,2023-04-01,011108,D_city,5395.231013440612
CALI,PAN FRANCÉS,2023-05-01,011108,D_city,5445.182283140321
CALI,PAN FRANCÉS,2023-06-01,011108,D_city,5563.040447342219
CALI,PAN FRANCÉS,2023-07-01,011108,D_city,5430.2323230937855
CALI,PAN FRANCÉS,2023-08-01,011108,D_city,5419.019046703284
CALI,PAN FRANCÉS,2023-09-01,011108,D_city,5406.78559130962
CALI,PAN FRANCÉS,2023-10-01,011108,D_city,5453.676032444659
CALI,PAN FRANCÉS,2023-11-01,011108,D_city,5441.784672683224
CALI,PAN FRANCÉS,2023-12-01,011108,D_city,5463.52828687361
CALI,PAN FRANCÉS,2024-01-01,011108,D_city,5446.541309597302
CALI,PAN FRANCÉS,2024-02-01,011108,D_city,5435.668814215118
CALI,PAN FRANCÉS,2024-03-01,011108,D_city,5417.320005028391
CALI,PAN FRANCÉS,2024-04-01,011108,D_city,5448.579830299157
CALI,PAN FRANCÉS,2024-05-01,011108,D_city,5434.649484501112
CALI,PAN FRANCÉS,2024-06-01,011108,D_city,5419.698658919395
CALI,PAN FRANCÉS,2024-07-01,011108,D_city,5430.572108548301
CALI,PAN FRANCÉS,2024-08-01,011108,D_city,5455.374734889307
CALI,PAN FRANCÉS,2024-09-01,011108,D_city,5435.668814215118
CALI,PAN FRANCÉS,2024-10-01,011108,D_city,5432.610807946336
CALI,PAN FRANCÉS,2024-11-01,011108,D_city,5459.791287346058
CALI,PAN FRANCÉS,2024-12-01,011108,D_city,5496.138867530069
CALI,PAN INTEGRAL,2019-01-01,011108,D_city,4128.937548135796
CALI,PAN INTEGRAL,2019-02-01,011108,D_city,4152.5005301332185
CALI,PAN INTEGRAL,2019-03-01,011108,D_city,4126.23297271248
CALI,PAN INTEGRAL,2019-04-01,011108,D_city,4153.272921450245
CALI,PAN INTEGRAL,2019-05-01,011108,D_city,4164.085300320926
CALI,PAN INTEGRAL,2019-06-01,011108,D_city,4167.946367484862
CALI,PAN INTEGRAL,2019-07-01,011108,D_city,4177.983921384294
CALI,PAN INTEGRAL,2019-08-01,011108,D_city,4170.26288249192
CALI,PAN INTEGRAL,2019-09-01,011108,D_city,4215.802004460616
CALI,PAN INTEGRAL,2019-10-01,011108,D_city,4217.345072460332
CALI,PAN INTEGRAL,2019-11-01,011108,D_city,4236.2443172392605
CALI,PAN INTEGRAL,2019-12-01,011108,D_city,4235.087397698183
CALI,PAN INTEGRAL,2020-01-01,011108,D_city,4252.05324335642
CALI,PAN INTEGRAL,2020-02-01,011108,D_city,4251.66771088282
CALI,PAN INTEGRAL,2020-03-01,011108,D_city,4283.658250092814
CALI,PAN INTEGRAL,2020-04-01,011108,D_city,4291.36420297757
CALI,PAN INTEGRAL,2020-05-01,011108,D_city,4323.71820419902
CALI,PAN INTEGRAL,2020-06-01,011108,D_city,4338.733693510679
CALI,PAN INTEGRAL,2020-07-01,011108,D_city,4367.598992063061
CALI,PAN INTEGRAL,2020-08-01,011108,D_city,4364.520691671107
CALI,PAN INTEGRAL,2020-09-01,011108,D_city,4351.05126286052
CALI,PAN INTEGRAL,2020-10-01,011108,D_city,4357.593936300447
CALI,PAN INTEGRAL,2020-11-01,011108,D_city,4384.526817825391
CALI,PAN INTEGRAL,2020-12-01,011108,D_city,4381.064696571783
CALI,PAN INTEGRAL,2021-01-01,011108,D_city,4387.219440881485
CALI,PAN INTEGRAL,2021-02-01,011108,D_city,4392.604325320093
CALI,PAN INTEGRAL,2021-03-01,011108,D_city,4419.521535994522
CALI,PAN INTEGRAL,2021-04-01,011108,D_city,4443.736799346531
CALI,PAN INTEGRAL,2021-05-01,011108,D_city,4485.994378497564
CALI,PAN INTEGRAL,2021-06-01,011108,D_city,4494.826374452749
CALI,PAN INTEGRAL,2021-07-01,011108,D_city,4505.960564970534
CALI,PAN INTEGRAL,2021-08-01,011108,D_city,4481.385877009966
CALI,PAN INTEGRAL,2021-09-01,011108,D_city,4570.039256988546
CALI,PAN INTEGRAL,2021-10-01,011108,D_city,4597.2623898978845
CALI,PAN INTEGRAL,2021-11-01,011108,D_city,4661.248051850372
CALI,PAN INTEGRAL,2021-12-01,011108,D_city,4755.0036356878
CALI,PAN INTEGRAL,2022-01-01,011108,D_city,4882.600950876905
CALI,PAN INTEGRAL,2022-02-01,011108,D_city,4982.521900569239
CALI,PAN INTEGRAL,2022-03-01,011108,D_city,5065.170155968714
CALI,PAN INTEGRAL,2022-04-01,011108,D_city,5173.948418022617
CALI,PAN INTEGRAL,2022-05-01,011108,D_city,5259.028807383154
CALI,PAN INTEGRAL,2022-06-01,011108,D_city,5340.217230996329
CALI,PAN INTEGRAL,2022-07-01,011108,D_city,5447.445318476261
CALI,PAN INTEGRAL,2022-08-01,011108,D_city,5620.278366560796
CALI,PAN INTEGRAL,2022-09-01,011108,D_city,5713.52942949109
CALI,PAN INTEGRAL,2022-10-01,011108,D_city,5727.865848861181
CALI,PAN INTEGRAL,2022-11-01,011108,D_city,5798.755026331266
CALI,PAN INTEGRAL,2022-12-01,011108,D_city,5883.889314481604
CALI,PAN INTEGRAL,2023-01-01,011108,D_city,5993.753079846346
CALI,PAN INTEGRAL,2023-02-01,011108,D_city,6097.086419409701
CALI,PAN INTEGRAL,2023-03-01,011108,D_city,6158.649748450444
CALI,PAN INTEGRAL,2023-04-01,011108,D_city,6203.29257685313
CALI,PAN INTEGRAL,2023-05-01,011108,D_city,6258.4072700228
CALI,PAN INTEGRAL,2023-06-01,011108,D_city,6388.368182512184
CALI,PAN INTEGRAL,2023-07-01,011108,D_city,6241.914083049611
CALI,PAN INTEGRAL,2023-08-01,011108,D_city,6229.542105974613
CALI,PAN INTEGRAL,2023-09-01,011108,D_city,6216.043358378121
CALI,PAN INTEGRAL,2023-10-01,011108,D_city,6267.77698560252
CALI,PAN INTEGRAL,2023-11-01,011108,D_city,6254.659097240858
CALI,PAN INTEGRAL,2023-12-01,011108,D_city,6278.644575441652
CALI,PAN INTEGRAL,2024-01-01,011108,D_city,6259.906493265549
CALI,PAN INTEGRAL,2024-02-01,011108,D_city,6247.911973100599
CALI,PAN INTEGRAL,2024-03-01,011108,D_city,6227.6674076585205
CALI,PAN INTEGRAL,2024-04-01,011108,D_city,6262.155279005693
CALI,PAN INTEGRAL,2024-05-01,011108,D_city,6246.787400732286
CALI,PAN INTEGRAL,2024-06-01,011108,D_city,6230.291973773421
CALI,PAN INTEGRAL,2024-07-01,011108,D_city,6242.288963495126
CALI,PAN INTEGRAL,2024-08-01,011108,D_city,6269.650806023543
CALI,PAN INTEGRAL,2024-09-01,011108,D_city,6247.911973100599
CALI,PAN INTEGRAL,2024-10-01,011108,D_city,6244.538211672586
CALI,PAN INTEGRAL,2024-11-01,011108,D_city,6274.522547902039
CALI,PAN INTEGRAL,2024-12-01,011108,D_city,6314.610268506152
CALI,PANELA,2019-01-01,011802,BASE,2033.6230874929895
CALI,PANELA,2019-02-01,011802,BASE,2030.3867666853616
CALI,PANELA,2019-03-01,011802,BASE,2016.2278631519914
CALI,PANELA,2019-04-01,011802,BASE,2027.3527159282112
CALI,PANELA,2019-05-01,011802,BASE,2018.4528337072352
CALI,PANELA,2019-06-01,011802,BASE,2019.2619139091419
CALI,PANELA,2019-07-01,011802,BASE,2012.58700224341
CALI,PANELA,2019-08-01,011802,BASE,2026.5436357263038
CALI,PANELA,2019-09-01,011802,BASE,2023.71185501963
CALI,PANELA,2019-10-01,011802,BASE,2018.0482936062815
CALI,PANELA,2019-11-01,011802,BASE,2016.6324032529444
CALI,PANELA,2019-12-01,011802,BASE,2031.600386988222
CALI,PANELA,2020-01-01,011802,BASE,2024.520935221537
CALI,PANELA,2020-02-01,011802,BASE,2032.0049270891755
CALI,PANELA,2020-03-01,011802,BASE,2030.1844966348851
CALI,PANELA,2020-04-01,011802,BASE,2069.020346326416
CALI,PANELA,2020-05-01,011802,BASE,2113.317487380819
CALI,PANELA,2020-06-01,011802,BASE,2115.542457936063
CALI,PANELA,2020-07-01,011802,BASE,2132.3308721256312
CALI,PANELA,2020-08-01,011802,BASE,2139.4103238923162
CALI,PANELA,2020-09-01,011802,BASE,2135.3649228827817
CALI,PANELA,2020-10-01,011802,BASE,2130.9149817722937
CALI,PANELA,2020-11-01,011802,BASE,2141.4330243970835
CALI,PANELA,2020-12-01,011802,BASE,2164.087270050477
CALI,PANELA,2021-01-01,011802,BASE,2171.773531968592
CALI,PANELA,2021-02-01,011802,BASE,2180.2688740886147
CALI,PANELA,2021-03-01,011802,BASE,2198.0686385305667
CALI,PANELA,2021-04-01,011802,BASE,2228.611416152552
CALI,PANELA,2021-05-01,011802,BASE,2225.1728252944476
CALI,PANELA,2021-06-01,011802,BASE,2223.352394840157
CALI,PANELA,2021-07-01,011802,BASE,2234.679517666854
CALI,PANELA,2021-08-01,011802,BASE,2230.027306505889
CALI,PANELA,2021-09-01,011802,BASE,2224.3637450925407
CALI,PANELA,2021-10-01,011802,BASE,2236.7022181716206
CALI,PANELA,2021-11-01,011802,BASE,2250.0520415030846
CALI,PANELA,2021-12-01,011802,BASE,2256.322413067863
CALI,PANELA,2022-01-01,011802,BASE,2255.715602916433
CALI,PANELA,2022-02-01,011802,BASE,2257.333763320247
CALI,PANELA,2022-03-01,011802,BASE,2271.6949369040944
CALI,PANELA,2022-04-01,011802,BASE,2291.11286174986
CALI,PANELA,2022-05-01,011802,BASE,2274.526717610768
CALI,PANELA,2022-06-01,011802,BASE,2270.683586651711
CALI,PANELA,2022-07-01,011802,BASE,2286.2583805384184
CALI,PANELA,2022-08-01,011802,BASE,2307.6990058889514
CALI,PANELA,2022-09-01,011802,BASE,2338.2417835109363
CALI,PANELA,2022-10-01,011802,BASE,2376.4708230510378
CALI,PANELA,2022-11-01,011802,BASE,2430.2746564778467
CALI,PANELA,2022-12-01,011802,BASE,2469.7173163208076
CALI,PANELA,2023-01-01,011802,BASE,2489.539781267527
CALI,PANELA,2023-02-01,011802,BASE,2546.579935501963
CALI,PANELA,2023-03-01,011802,BASE,2589.2589161525516
CALI,PANELA,2023-04-01,011802,BASE,2608.879111048794
CALI,PANELA,2023-05-01,011802,BASE,2623.847094784072
CALI,PANELA,2023-06-01,011802,BASE,2643.0627495793606
CALI,PANELA,2023-07-01,011802,BASE,2636.1855678631523
CALI,PANELA,2023-08-01,011802,BASE,2660.8625140213126
CALI,PANELA,2023-09-01,011802,BASE,2676.6395779584973
CALI,PANELA,2023-10-01,011802,BASE,2688.371240886147
CALI,PANELA,2023-11-01,011802,BASE,2694.6416124509255
CALI,PANELA,2023-12-01,011802,BASE,2699.9006337633205
CALI,PANELA,2024-01-01,011802,BASE,2713.857267246214
CALI,PANELA,2024-02-01,011802,BASE,2739.343293606282
CALI,PANELA,2024-03-01,011802,BASE,2766.8520204711162
CALI,PANELA,2024-04-01,011802,BASE,2804.676519910264
CALI,PANELA,2024-05-01,011802,BASE,2835.4215675827263
CALI,PANELA,2024-06-01,011802,BASE,2847.3555005608528
CALI,PANELA,2024-07-01,011802,BASE,2871.0210964666294
CALI,PANELA,2024-08-01,011802,BASE,2879.1118984856985
CALI,PANELA,2024-09-01,011802,BASE,2904.395654795289
CALI,PANELA,2024-10-01,011802,BASE,2919.3636385305667
CALI,PANELA,2024-11-01,011802,BASE,2956.9858679192375
CALI,PANELA,2024-12-01,011802,BASE,2985.708215086933
CALI,PAPA,2019-01-01,011705,D_city,878.7691590911171
CALI,PAPA,2019-02-01,011705,D_city,842.1995890745696
CALI,PAPA,2019-03-01,011705,D_city,987.9085503014558
CALI,PAPA,2019-04-01,011705,D_city,1029.0871667626338
CALI,PAPA,2019-05-01,011705,D_city,953.8270509807396
CALI,PAPA,2019-06-01,011705,D_city,1025.0926170450741
CALI,PAPA,2019-07-01,011705,D_city,1018.8517597278218
CALI,PAPA,2019-08-01,011705,D_city,917.6111410388212
CALI,PAPA,2019-09-01,011705,D_city,998.9693738570309
CALI,PAPA,2019-10-01,011705,D_city,1050.896213057352
CALI,PAPA,2019-11-01,011705,D_city,1018.1861135374622
CALI,PAPA,2019-12-01,011705,D_city,901.3398823874169
CALI,PAPA,2020-01-01,011705,D_city,780.4114674476372
CALI,PAPA,2020-02-01,011705,D_city,676.2781180822203
CALI,PAPA,2020-03-01,011705,D_city,773.2118675995276
CALI,PAPA,2020-04-01,011705,D_city,860.6877810720822
CALI,PAPA,2020-05-01,011705,D_city,832.9171046091394
CALI,PAPA,2020-06-01,011705,D_city,860.6877810720822
CALI,PAPA,2020-07-01,011705,D_city,815.4352311364188
CALI,PAPA,2020-08-01,011705,D_city,735.7463408670357
CALI,PAPA,2020-09-01,011705,D_city,689.9798503105062
CALI,PAPA,2020-10-01,011705,D_city,626.7187107165213
CALI,PAPA,2020-11-01,011705,D_city,619.6333121777611
CALI,PAPA,2020-12-01,011705,D_city,619.8804499450138
CALI,PAPA,2021-01-01,011705,D_city,722.3572760538718
CALI,PAPA,2021-02-01,011705,D_city,751.3731016130838
CALI,PAPA,2021-03-01,011705,D_city,916.4487147451464
CALI,PAPA,2021-04-01,011705,D_city,1098.124572547985
CALI,PAPA,2021-05-01,011705,D_city,2415.321859528633
CALI,PAPA,2021-06-01,011705,D_city,1181.6017778500968
CALI,PAPA,2021-07-01,011705,D_city,1044.6522278854434
CALI,PAPA,2021-08-01,011705,D_city,1053.976853995215
CALI,PAPA,2021-09-01,011705,D_city,1020.3494956014347
CALI,PAPA,2021-10-01,011705,D_city,1075.2131926285754
CALI,PAPA,2021-11-01,011705,D_city,1155.4863679750038
CALI,PAPA,2021-12-01,011705,D_city,1403.1491997642079
CALI,PAPA,2022-01-01,011705,D_city,1744.673755554672
CALI,PAPA,2022-02-01,011705,D_city,2063.7535222642978
CALI,PAPA,2022-03-01,011705,D_city,2208.421663821278
CALI,PAPA,2022-04-01,011705,D_city,2306.9192507878543
CALI,PAPA,2022-05-01,011705,D_city,1860.8223761590427
CALI,PAPA,2022-06-01,011705,D_city,1478.3903994964205
CALI,PAPA,2022-07-01,011705,D_city,1236.8742213966593
CALI,PAPA,2022-08-01,011705,D_city,1034.3304859872194
CALI,PAPA,2022-09-01,011705,D_city,968.5373319427962
CALI,PAPA,2022-10-01,011705,D_city,1220.92184065061
CALI,PAPA,2022-11-01,011705,D_city,1648.0854452116896
CALI,PAPA,2022-12-01,011705,D_city,2048.057259677552
CALI,PAPA,2023-01-01,011705,D_city,2314.1937131723735
CALI,PAPA,2023-02-01,011705,D_city,2124.789046591629
CALI,PAPA,2023-03-01,011705,D_city,1862.001458203265
CALI,PAPA,2023-04-01,011705,D_city,1695.483125354025
CALI,PAPA,2023-05-01,011705,D_city,1506.3952950599746
CALI,PAPA,2023-06-01,011705,D_city,1418.9784490994825
CALI,PAPA,2023-07-01,011705,D_city,1302.5641741738618
CALI,PAPA,2023-08-01,011705,D_city,1418.8109251673623
CALI,PAPA,2023-09-01,011705,D_city,1485.5163905766883
CALI,PAPA,2023-10-01,011705,D_city,1961.5185805130627
CALI,PAPA,2023-11-01,011705,D_city,1972.5636635921765
CALI,PAPA,2023-12-01,011705,D_city,1907.9130103115554
CALI,PAPA,2024-01-01,011705,D_city,1922.7442631483232
CALI,PAPA,2024-02-01,011705,D_city,1742.5710160178935
CALI,PAPA,2024-03-01,011705,D_city,1697.8369018196722
CALI,PAPA,2024-04-01,011705,D_city,1821.0793117427825
CALI,PAPA,2024-05-01,011705,D_city,2257.955578236964
CALI,PAPA,2024-06-01,011705,D_city,2589.9344492361192
CALI,PAPA,2024-07-01,011705,D_city,2870.515253395887
CALI,PAPA,2024-08-01,011705,D_city,2596.3779677686944
CALI,PAPA,2024-09-01,011705,D_city,2326.290638246759
CALI,PAPA,2024-10-01,011705,D_city,2062.2344239649324
CALI,PAPA,2024-11-01,011705,D_city,2019.793218389975
CALI,PAPA,2024-12-01,011705,D_city,1999.5492323319675
CALI,PAPA CRIOLLA,2019-01-01,011705,D_city,2182.5993126917674
CALI,PAPA CRIOLLA,2019-02-01,011705,D_city,2122.6499032894485
CALI,PAPA CRIOLLA,2019-03-01,011705,D_city,2356.6106783271102
CALI,PAPA CRIOLLA,2019-04-01,011705,D_city,2420.520978579045
CALI,PAPA CRIOLLA,2019-05-01,011705,D_city,2303.01771518987
CALI,PAPA CRIOLLA,2019-06-01,011705,D_city,2414.360450302016
CALI,PAPA CRIOLLA,2019-07-01,011705,D_city,2404.718997667845
CALI,PAPA CRIOLLA,2019-08-01,011705,D_city,2245.3394944556026
CALI,PAPA CRIOLLA,2019-09-01,011705,D_city,2373.8661244613563
CALI,PAPA CRIOLLA,2019-10-01,011705,D_city,2454.0114523512766
CALI,PAPA CRIOLLA,2019-11-01,011705,D_city,2403.6894460104536
CALI,PAPA CRIOLLA,2019-12-01,011705,D_city,2219.1707424171914
CALI,PAPA CRIOLLA,2020-01-01,011705,D_city,2019.2750119634288
CALI,PAPA CRIOLLA,2020-02-01,011705,D_city,1838.4019059937523
CALI,PAPA CRIOLLA,2020-03-01,011705,D_city,2007.0492599681038
CALI,PAPA CRIOLLA,2020-04-01,011705,D_city,2153.0678376889564
CALI,PAPA CRIOLLA,2020-05-01,011705,D_city,2107.291062361648
CALI,PAPA CRIOLLA,2020-06-01,011705,D_city,2153.0678376889564
CALI,PAPA CRIOLLA,2020-07-01,011705,D_city,2078.2042245399266
CALI,PAPA CRIOLLA,2020-08-01,011705,D_city,1942.782471541615
CALI,PAPA CRIOLLA,2020-09-01,011705,D_city,1862.72323379452
CALI,PAPA CRIOLLA,2020-10-01,011705,D_city,1748.9722775326245
CALI,PAPA CRIOLLA,2020-11-01,011705,D_city,1735.9907189827234
CALI,PAPA CRIOLLA,2020-12-01,011705,D_city,1736.444372560599
CALI,PAPA CRIOLLA,2021-01-01,011705,D_city,1919.5433256551407
CALI,PAPA CRIOLLA,2021-02-01,011705,D_city,1969.7219703766473
CALI,PAPA CRIOLLA,2021-03-01,011705,D_city,2243.47532204038
CALI,PAPA CRIOLLA,2021-04-01,011705,D_city,2525.7266311788344
CALI,PAPA CRIOLLA,2021-05-01,011705,D_city,4233.420218438537
CALI,PAPA CRIOLLA,2021-06-01,011705,D_city,2649.938941431883
CALI,PAPA CRIOLLA,2021-07-01,011705,D_city,2444.447733053458
CALI,PAPA CRIOLLA,2021-08-01,011705,D_city,2458.722755517535
CALI,PAPA CRIOLLA,2021-09-01,011705,D_city,2407.0346908111082
CALI,PAPA CRIOLLA,2021-10-01,011705,D_city,2491.0719187969808
CALI,PAPA CRIOLLA,2021-11-01,011705,D_city,2611.4148847161077
CALI,PAPA CRIOLLA,2021-12-01,011705,D_city,2965.7766241643362
CALI,PAPA CRIOLLA,2022-01-01,011705,D_city,3420.8279373095893
CALI,PAPA CRIOLLA,2022-02-01,011705,D_city,3818.8009165671297
CALI,PAPA CRIOLLA,2022-03-01,011705,D_city,3992.1513916072345
CALI,PAPA CRIOLLA,2022-04-01,011705,D_city,4107.940238453277
CALI,PAPA CRIOLLA,2022-05-01,011705,D_city,3568.386904980757
CALI,PAPA CRIOLLA,2022-06-01,011705,D_city,3069.041851027819
CALI,PAPA CRIOLLA,2022-07-01,011705,D_city,2730.5197792076624
CALI,PAPA CRIOLLA,2022-08-01,011705,D_city,2428.5949031696896
CALI,PAPA CRIOLLA,2022-09-01,011705,D_city,2326.229197419897
CALI,PAPA CRIOLLA,2022-10-01,011705,D_city,2707.3928588920667
CALI,PAPA CRIOLLA,2022-11-01,011705,D_city,3295.521261862035
CALI,PAPA CRIOLLA,2022-12-01,011705,D_city,3799.7446052042296
CALI,PAPA CRIOLLA,2023-01-01,011705,D_city,4116.423429799837
CALI,PAPA CRIOLLA,2023-02-01,011705,D_city,3892.432403038373
CALI,PAPA CRIOLLA,2023-03-01,011705,D_city,3569.868283534395
CALI,PAPA CRIOLLA,2023-04-01,011705,D_city,3357.319058140375
CALI,PAPA CRIOLLA,2023-05-01,011705,D_city,3107.011936971853
CALI,PAPA CRIOLLA,2023-06-01,011705,D_city,2987.6570727547146
CALI,PAPA CRIOLLA,2023-07-01,011705,D_city,2824.6912946215853
CALI,PAPA CRIOLLA,2023-08-01,011705,D_city,2987.425949800859
CALI,PAPA CRIOLLA,2023-09-01,011705,D_city,3078.7268854205468
CALI,PAPA CRIOLLA,2023-10-01,011705,D_city,3693.7612163388644
CALI,PAPA CRIOLLA,2023-11-01,011705,D_city,3707.376513497023
CALI,PAPA CRIOLLA,2023-12-01,011705,D_city,3627.3020032104055
CALI,PAPA CRIOLLA,2024-01-01,011705,D_city,3645.753223742479
CALI,PAPA CRIOLLA,2024-02-01,011705,D_city,3418.1258760892897
CALI,PAPA CRIOLLA,2024-03-01,011705,D_city,3360.3723120219556
CALI,PAPA CRIOLLA,2024-04-01,011705,D_city,3518.263309026121
CALI,PAPA CRIOLLA,2024-05-01,011705,D_city,4050.59868674078
CALI,PAPA CRIOLLA,2024-06-01,011705,D_city,4431.535788779705
CALI,PAPA CRIOLLA,2024-07-01,011705,D_city,4740.505784533205
CALI,PAPA CRIOLLA,2024-08-01,011705,D_city,4438.756914744466
CALI,PAPA CRIOLLA,2024-09-01,011705,D_city,4130.5100617201115
CALI,PAPA CRIOLLA,2024-10-01,011705,D_city,3816.958819023674
CALI,PAPA CRIOLLA,2024-11-01,011705,D_city,3765.302685642215
CALI,PAPA CRIOLLA,2024-12-01,011705,D_city,3740.531629493569
CALI,PASTA PARA SECO,2019-01-01,011102,D_city,2981.652407912627
CALI,PASTA PARA SECO,2019-02-01,011102,D_city,3021.262215996229
CALI,PASTA PARA SECO,2019-03-01,011102,D_city,3014.710559265343
CALI,PASTA PARA SECO,2019-04-01,011102,D_city,3012.328105179815
CALI,PASTA PARA SECO,2019-05-01,011102,D_city,3021.262215996229
CALI,PASTA PARA SECO,2019-06-01,011102,D_city,3030.493867367631
CALI,PASTA PARA SECO,2019-07-01,011102,D_city,2995.6504255238474
CALI,PASTA PARA SECO,2019-08-01,011102,D_city,3008.4565791795467
CALI,PASTA PARA SECO,2019-09-01,011102,D_city,3034.662912798086
CALI,PASTA PARA SECO,2019-10-01,011102,D_city,3012.9237203755742
CALI,PASTA PARA SECO,2019-11-01,011102,D_city,3053.125176555734
CALI,PASTA PARA SECO,2019-12-01,011102,D_city,3082.007565010894
CALI,PASTA PARA SECO,2020-01-01,011102,D_city,3074.5638969024476
CALI,PASTA PARA SECO,2020-02-01,011102,D_city,3099.276219276731
CALI,PASTA PARA SECO,2020-03-01,011102,D_city,3069.50210501057
CALI,PASTA PARA SECO,2020-04-01,011102,D_city,3093.3216142201695
CALI,PASTA PARA SECO,2020-05-01,011102,D_city,3102.2534811149158
CALI,PASTA PARA SECO,2020-06-01,011102,D_city,3141.2531189791794
CALI,PASTA PARA SECO,2020-07-01,011102,D_city,3163.57908582368
CALI,PASTA PARA SECO,2020-08-01,011102,D_city,3177.569262989984
CALI,PASTA PARA SECO,2020-09-01,011102,D_city,3198.7022537965063
CALI,PASTA PARA SECO,2020-10-01,011102,D_city,3195.4282153410873
CALI,PASTA PARA SECO,2020-11-01,011102,D_city,3197.511698036208
CALI,PASTA PARA SECO,2020-12-01,011102,D_city,3170.1277522601586
CALI,PASTA PARA SECO,2021-01-01,011102,D_city,3204.3573363086834
CALI,PASTA PARA SECO,2021-02-01,011102,D_city,3232.0361150771573
CALI,PASTA PARA SECO,2021-03-01,011102,D_city,3266.2594564270858
CALI,PASTA PARA SECO,2021-04-01,011102,D_city,3298.396541637318
CALI,PASTA PARA SECO,2021-05-01,011102,D_city,3403.1191805494745
CALI,PASTA PARA SECO,2021-06-01,011102,D_city,3475.3956200977764
CALI,PASTA PARA SECO,2021-07-01,011102,D_city,3481.9384580908095
CALI,PASTA PARA SECO,2021-08-01,011102,D_city,3481.641058894405
CALI,PASTA PARA SECO,2021-09-01,011102,D_city,3512.5692891597555
CALI,PASTA PARA SECO,2021-10-01,011102,D_city,3538.1426052496645
CALI,PASTA PARA SECO,2021-11-01,011102,D_city,3560.7408208644765
CALI,PASTA PARA SECO,2021-12-01,011102,D_city,3600.5817362521543
CALI,PASTA PARA SECO,2022-01-01,011102,D_city,3665.0913895045014
CALI,PASTA PARA SECO,2022-02-01,011102,D_city,3702.840881209658
CALI,PASTA PARA SECO,2022-03-01,011102,D_city,3731.07630244524
CALI,PASTA PARA SECO,2022-04-01,011102,D_city,3799.427384131441
CALI,PASTA PARA SECO,2022-05-01,011102,D_city,3861.2304923370684
CALI,PASTA PARA SECO,2022-06-01,011102,D_city,3909.9532462100096
CALI,PASTA PARA SECO,2022-07-01,011102,D_city,3985.1057430890323
CALI,PASTA PARA SECO,2022-08-01,011102,D_city,4234.825789357097
CALI,PASTA PARA SECO,2022-09-01,011102,D_city,4359.484553608595
CALI,PASTA PARA SECO,2022-10-01,011102,D_city,4373.135585361998
CALI,PASTA PARA SECO,2022-11-01,011102,D_city,4425.361900878735
CALI,PASTA PARA SECO,2022-12-01,011102,D_city,4471.351825880157
CALI,PASTA PARA SECO,2023-01-01,011102,D_city,4455.330040869772
CALI,PASTA PARA SECO,2023-02-01,011102,D_city,4394.798350415423
CALI,PASTA PARA SECO,2023-03-01,011102,D_city,4337.52334716591
CALI,PASTA PARA SECO,2023-04-01,011102,D_city,4329.510212311686
CALI,PASTA PARA SECO,2023-05-01,011102,D_city,4317.045056267025
CALI,PASTA PARA SECO,2023-06-01,011102,D_city,4331.884489138905
CALI,PASTA PARA SECO,2023-07-01,011102,D_city,4394.798350415423
CALI,PASTA PARA SECO,2023-08-01,011102,D_city,4367.20040388382
CALI,PASTA PARA SECO,2023-09-01,011102,D_city,4409.635276237226
CALI,PASTA PARA SECO,2023-10-01,011102,D_city,4365.123072303458
CALI,PASTA PARA SECO,2023-11-01,011102,D_city,4346.426665732703
CALI,PASTA PARA SECO,2023-12-01,011102,D_city,4330.1037826756
CALI,PASTA PARA SECO,2024-01-01,011102,D_city,4363.342494917181
CALI,PASTA PARA SECO,2024-02-01,011102,D_city,4359.187787552106
CALI,PASTA PARA SECO,2024-03-01,011102,D_city,4348.800854798292
CALI,PASTA PARA SECO,2024-04-01,011102,D_city,4322.387307730207
CALI,PASTA PARA SECO,2024-05-01,011102,D_city,4339.600803650443
CALI,PASTA PARA SECO,2024-06-01,011102,D_city,4331.587705210404
CALI,PASTA PARA SECO,2024-07-01,011102,D_city,4354.4395045873225
CALI,PASTA PARA SECO,2024-08-01,011102,D_city,4328.026283025981
CALI,PASTA PARA SECO,2024-09-01,011102,D_city,4282.615706447521
CALI,PASTA PARA SECO,2024-10-01,011102,D_city,4322.090517625352
CALI,PASTA PARA SECO,2024-11-01,011102,D_city,4288.848799920187
CALI,PASTA PARA SECO,2024-12-01,011102,D_city,4246.402696036641
CALI,PASTA PARA SOPA,2019-01-01,011102,D_city,3083.9017329236867
CALI,PASTA PARA SOPA,2019-02-01,011102,D_city,3124.373190169212
CALI,PASTA PARA SOPA,2019-03-01,011102,D_city,3117.6794558167353
CALI,PASTA PARA SOPA,2019-04-01,011102,D_city,3115.2452929923584
CALI,PASTA PARA SOPA,2019-05-01,011102,D_city,3124.373190169212
CALI,PASTA PARA SOPA,2019-06-01,011102,D_city,3133.8047402172706
CALI,PASTA PARA SOPA,2019-07-01,011102,D_city,3098.20499092224
CALI,PASTA PARA SOPA,2019-08-01,011102,D_city,3111.2896899977486
CALI,PASTA PARA SOPA,2019-09-01,011102,D_city,3138.0639470834335
CALI,PASTA PARA SOPA,2019-10-01,011102,D_city,3115.8538375824064
CALI,PASTA PARA SOPA,2019-11-01,011102,D_city,3156.9246373200895
CALI,PASTA PARA SOPA,2019-12-01,011102,D_city,3186.4275723515225
CALI,PASTA PARA SOPA,2020-01-01,011102,D_city,3178.824294645057
CALI,PASTA PARA SOPA,2020-02-01,011102,D_city,3204.06565596845
CALI,PASTA PARA SOPA,2020-03-01,011102,D_city,3173.6538395140324
CALI,PASTA PARA SOPA,2020-04-01,011102,D_city,3197.983797739854
CALI,PASTA PARA SOPA,2020-05-01,011102,D_city,3207.1064907279674
CALI,PASTA PARA SOPA,2020-06-01,011102,D_city,3246.9356473257735
CALI,PASTA PARA SOPA,2020-07-01,011102,D_city,3269.7337999877777
CALI,PASTA PARA SOPA,2020-08-01,011102,D_city,3284.018875643102
CALI,PASTA PARA SOPA,2020-09-01,011102,D_city,3305.59589273077
CALI,PASTA PARA SOPA,2020-10-01,011102,D_city,3302.2531759839567
CALI,PASTA PARA SOPA,2020-11-01,011102,D_city,3304.3803678939285
CALI,PASTA PARA SOPA,2020-12-01,011102,D_city,3276.4206000726545
CALI,PASTA PARA SOPA,2021-01-01,011102,D_city,3311.3695027725335
CALI,PASTA PARA SOPA,2021-02-01,011102,D_city,3339.6266477488816
CALI,PASTA PARA SOPA,2021-03-01,011102,D_city,3374.561081090981
CALI,PASTA PARA SOPA,2021-04-01,011102,D_city,3407.361895469806
CALI,PASTA PARA SOPA,2021-05-01,011102,D_city,3514.2208641264624
CALI,PASTA PARA SOPA,2021-06-01,011102,D_city,3587.948560479186
CALI,PASTA PARA SOPA,2021-07-01,011102,D_city,3594.6218563995967
CALI,PASTA PARA SOPA,2021-08-01,011102,D_city,3594.3185306266555
CALI,PASTA PARA SOPA,2021-09-01,011102,D_city,3625.8614328758163
CALI,PASTA PARA SOPA,2021-10-01,011102,D_city,3651.940468793926
CALI,PASTA PARA SOPA,2021-11-01,011102,D_city,3674.983680686229
CALI,PASTA PARA SOPA,2021-12-01,011102,D_city,3715.6048464350247
CALI,PASTA PARA SOPA,2022-01-01,011102,D_city,3781.3664129793183
CALI,PASTA PARA SOPA,2022-02-01,011102,D_city,3819.8420123900414
CALI,PASTA PARA SOPA,2022-03-01,011102,D_city,3848.617448060973
CALI,PASTA PARA SOPA,2022-04-01,011102,D_city,3918.2649526384057
CALI,PASTA PARA SOPA,2022-05-01,011102,D_city,3981.2272884738854
CALI,PASTA PARA SOPA,2022-06-01,011102,D_city,4030.8553584272295
CALI,PASTA PARA SOPA,2022-07-01,011102,D_city,4107.389689508044
CALI,PASTA PARA SOPA,2022-08-01,011102,D_city,4361.578293846191
CALI,PASTA PARA SOPA,2022-09-01,011102,D_city,4488.399498624872
CALI,PASTA PARA SOPA,2022-10-01,011102,D_city,4502.284656956816
CALI,PASTA PARA SOPA,2022-11-01,011102,D_city,4555.401892270711
CALI,PASTA PARA SOPA,2022-12-01,011102,D_city,4602.170096892339
CALI,PASTA PARA SOPA,2023-01-01,011102,D_city,4585.877838663725
CALI,PASTA PARA SOPA,2023-02-01,011102,D_city,4524.317885591021
CALI,PASTA PARA SOPA,2023-03-01,011102,D_city,4466.060539488303
CALI,PASTA PARA SOPA,2023-04-01,011102,D_city,4457.909232565707
CALI,PASTA PARA SOPA,2023-05-01,011102,D_city,4445.22877603711
CALI,PASTA PARA SOPA,2023-06-01,011102,D_city,4460.32446844705
CALI,PASTA PARA SOPA,2023-07-01,011102,D_city,4524.317885591021
CALI,PASTA PARA SOPA,2023-08-01,011102,D_city,4496.247746411051
CALI,PASTA PARA SOPA,2023-09-01,011102,D_city,4539.407788416828
CALI,PASTA PARA SOPA,2023-10-01,011102,D_city,4494.134786007373
CALI,PASTA PARA SOPA,2023-11-01,011102,D_city,4475.11716702857
CALI,PASTA PARA SOPA,2023-12-01,011102,D_city,4458.513044208421
CALI,PASTA PARA SOPA,2024-01-01,011102,D_city,4492.323659861916
CALI,PASTA PARA SOPA,2024-02-01,011102,D_city,4488.0976369726395
CALI,PASTA PARA SOPA,2024-03-01,011102,D_city,4477.53220022664
CALI,PASTA PARA SOPA,2024-04-01,011102,D_city,4450.66335378466
CALI,PASTA PARA SOPA,2024-05-01,011102,D_city,4468.173788344467
CALI,PASTA PARA SOPA,2024-06-01,011102,D_city,4460.022565520587
CALI,PASTA PARA SOPA,2024-07-01,011102,D_city,4483.267790352882
CALI,PASTA PARA SOPA,2024-08-01,011102,D_city,4456.3996956621
CALI,PASTA PARA SOPA,2024-09-01,011102,D_city,4410.2024608457195
CALI,PASTA PARA SOPA,2024-10-01,011102,D_city,4450.361436593581
CALI,PASTA PARA SOPA,2024-11-01,011102,D_city,4416.543879644236
CALI,PASTA PARA SOPA,2024-12-01,011102,D_city,4373.357897865929
CALI,PESCADO DE MAR,2019-01-01,011303,D_city,11796.048277512526
CALI,PESCADO DE MAR,2019-02-01,011303,D_city,11953.50710691195
CALI,PESCADO DE MAR,2019-03-01,011303,D_city,12117.928502767109
CALI,PESCADO DE MAR,2019-04-01,011303,D_city,12142.721483169371
CALI,PESCADO DE MAR,2019-05-01,011303,D_city,12227.381151407051
CALI,PESCADO DE MAR,2019-06-01,011303,D_city,12255.240153784831
CALI,PESCADO DE MAR,2019-07-01,011303,D_city,12294.435141921505
CALI,PESCADO DE MAR,2019-08-01,011303,D_city,12363.502467271832
CALI,PESCADO DE MAR,2019-09-01,011303,D_city,12369.685143291461
CALI,PESCADO DE MAR,2019-10-01,011303,D_city,12416.04238945747
CALI,PESCADO DE MAR,2019-11-01,011303,D_city,12440.75702489509
CALI,PESCADO DE MAR,2019-12-01,011303,D_city,12504.573585421407
CALI,PESCADO DE MAR,2020-01-01,011303,D_city,12515.891438479468
CALI,PESCADO DE MAR,2020-02-01,011303,D_city,12537.494545316245
CALI,PESCADO DE MAR,2020-03-01,011303,D_city,12677.283381909032
CALI,PESCADO DE MAR,2020-04-01,011303,D_city,13137.382032599962
CALI,PESCADO DE MAR,2020-05-01,011303,D_city,13276.326808533942
CALI,PESCADO DE MAR,2020-06-01,011303,D_city,13284.494110134568
CALI,PESCADO DE MAR,2020-07-01,011303,D_city,13392.649252646273
CALI,PESCADO DE MAR,2020-08-01,011303,D_city,13438.529707446207
CALI,PESCADO DE MAR,2020-09-01,011303,D_city,13540.413317100643
CALI,PESCADO DE MAR,2020-10-01,011303,D_city,13579.102856497873
CALI,PESCADO DE MAR,2020-11-01,011303,D_city,13629.988265258307
CALI,PESCADO DE MAR,2020-12-01,011303,D_city,13762.174759289031
CALI,PESCADO DE MAR,2021-01-01,011303,D_city,13828.205883061397
CALI,PESCADO DE MAR,2021-02-01,011303,D_city,13925.653699772518
CALI,PESCADO DE MAR,2021-03-01,011303,D_city,14043.284706660826
CALI,PESCADO DE MAR,2021-04-01,011303,D_city,14179.009150913533
CALI,PESCADO DE MAR,2021-05-01,011303,D_city,14508.502021173748
CALI,PESCADO DE MAR,2021-06-01,011303,D_city,14537.765209660845
CALI,PESCADO DE MAR,2021-07-01,011303,D_city,14599.293776592958
CALI,PESCADO DE MAR,2021-08-01,011303,D_city,14646.677976685038
CALI,PESCADO DE MAR,2021-09-01,011303,D_city,14737.357993335929
CALI,PESCADO DE MAR,2021-10-01,011303,D_city,14716.20584498363
CALI,PESCADO DE MAR,2021-11-01,011303,D_city,14801.79730533521
CALI,PESCADO DE MAR,2021-12-01,011303,D_city,14846.078115753508
CALI,PESCADO DE MAR,2022-01-01,011303,D_city,15049.147374181273
CALI,PESCADO DE MAR,2022-02-01,011303,D_city,15220.773557460623
CALI,PESCADO DE MAR,2022-03-01,011303,D_city,15318.016540382458
CALI,PESCADO DE MAR,2022-04-01,011303,D_city,15559.273495008169
CALI,PESCADO DE MAR,2022-05-01,011303,D_city,15801.041737464428
CALI,PESCADO DE MAR,2022-06-01,011303,D_city,15999.490092019585
CALI,PESCADO DE MAR,2022-07-01,011303,D_city,16269.224553182325
CALI,PESCADO DE MAR,2022-08-01,011303,D_city,16519.52542490323
CALI,PESCADO DE MAR,2022-09-01,011303,D_city,16907.90484437563
CALI,PESCADO DE MAR,2022-10-01,011303,D_city,16990.976979016075
CALI,PESCADO DE MAR,2022-11-01,011303,D_city,17288.21984493803
CALI,PESCADO DE MAR,2022-12-01,011303,D_city,17527.700980031714
CALI,PESCADO DE MAR,2023-01-01,011303,D_city,17692.0353270508
CALI,PESCADO DE MAR,2023-02-01,011303,D_city,17542.469736128747
CALI,PESCADO DE MAR,2023-03-01,011303,D_city,17636.951466043563
CALI,PESCADO DE MAR,2023-04-01,011303,D_city,17669.414308185504
CALI,PESCADO DE MAR,2023-05-01,011303,D_city,17591.687226484068
CALI,PESCADO DE MAR,2023-06-01,011303,D_city,17661.54524282529
CALI,PESCADO DE MAR,2023-07-01,011303,D_city,17559.205700346232
CALI,PESCADO DE MAR,2023-08-01,011303,D_city,17665.479832630834
CALI,PESCADO DE MAR,2023-09-01,011303,D_city,17710.71941167141
CALI,PESCADO DE MAR,2023-10-01,011303,D_city,17567.08072853967
CALI,PESCADO DE MAR,2023-11-01,011303,D_city,17622.193053903593
CALI,PESCADO DE MAR,2023-12-01,011303,D_city,17556.252446066723
CALI,PESCADO DE MAR,2024-01-01,011303,D_city,17501.113128966106
CALI,PESCADO DE MAR,2024-02-01,011303,D_city,17658.594225474695
CALI,PESCADO DE MAR,2024-03-01,011303,D_city,17809.997021052757
CALI,PESCADO DE MAR,2024-04-01,011303,D_city,18027.9584776708
CALI,PESCADO DE MAR,2024-05-01,011303,D_city,18044.635013535666
CALI,PESCADO DE MAR,2024-06-01,011303,D_city,18095.633131827686
CALI,PESCADO DE MAR,2024-07-01,011303,D_city,18146.6125185441
CALI,PESCADO DE MAR,2024-08-01,011303,D_city,18200.512713525008
CALI,PESCADO DE MAR,2024-09-01,011303,D_city,18176.99519128828
CALI,PESCADO DE MAR,2024-10-01,011303,D_city,18151.513397948722
CALI,PESCADO DE MAR,2024-11-01,011303,D_city,18225.985559396217
CALI,PESCADO DE MAR,2024-12-01,011303,D_city,18244.597396152367
CALI,PESCADO DE RÍO,2019-01-01,011303,D_city,7866.621961188512
CALI,PESCADO DE RÍO,2019-02-01,011303,D_city,7959.0168454989525
CALI,PESCADO DE RÍO,2019-03-01,011303,D_city,8055.342314561195
CALI,PESCADO DE RÍO,2019-04-01,011303,D_city,8069.853572128676
CALI,PESCADO DE RÍO,2019-05-01,011303,D_city,8119.378008841644
CALI,PESCADO DE RÍO,2019-06-01,011303,D_city,8135.666076022101
CALI,PESCADO DE RÍO,2019-07-01,011303,D_city,8158.574367548594
CALI,PESCADO DE RÍO,2019-08-01,011303,D_city,8198.920941379969
CALI,PESCADO DE RÍO,2019-09-01,011303,D_city,8202.531317239185
CALI,PESCADO DE RÍO,2019-10-01,011303,D_city,8229.59479120493
CALI,PESCADO DE RÍO,2019-11-01,011303,D_city,8244.018322728267
CALI,PESCADO DE RÍO,2019-12-01,011303,D_city,8281.246045481856
CALI,PESCADO DE RÍO,2020-01-01,011303,D_city,8287.846002450971
CALI,PESCADO DE RÍO,2020-02-01,011303,D_city,8300.441782902608
CALI,PESCADO DE RÍO,2020-03-01,011303,D_city,8381.883823792597
CALI,PESCADO DE RÍO,2020-04-01,011303,D_city,8649.190961468981
CALI,PESCADO DE RÍO,2020-05-01,011303,D_city,8729.693457030908
CALI,PESCADO DE RÍO,2020-06-01,011303,D_city,8734.422327493128
CALI,PESCADO DE RÍO,2020-07-01,011303,D_city,8797.011547051228
CALI,PESCADO DE RÍO,2020-08-01,011303,D_city,8823.544242310698
CALI,PESCADO DE RÍO,2020-09-01,011303,D_city,8882.424984241605
CALI,PESCADO DE RÍO,2020-10-01,011303,D_city,8904.770628591317
CALI,PESCADO DE RÍO,2020-11-01,011303,D_city,8934.148586053156
CALI,PESCADO DE RÍO,2020-12-01,011303,D_city,9010.403502315028
CALI,PESCADO DE RÍO,2021-01-01,011303,D_city,9048.462326491606
CALI,PESCADO DE RÍO,2021-02-01,011303,D_city,9104.589411252731
CALI,PESCADO DE RÍO,2021-03-01,011303,D_city,9172.279004573069
CALI,PESCADO DE RÍO,2021-04-01,011303,D_city,9250.296241672097
CALI,PESCADO DE RÍO,2021-05-01,011303,D_city,9439.326657457605
CALI,PESCADO DE RÍO,2021-06-01,011303,D_city,9456.090035354648
CALI,PESCADO DE RÍO,2021-07-01,011303,D_city,9491.323461576001
CALI,PESCADO DE RÍO,2021-08-01,011303,D_city,9518.445237780696
CALI,PESCADO DE RÍO,2021-09-01,011303,D_city,9570.31950706767
CALI,PESCADO DE RÍO,2021-10-01,011303,D_city,9558.222658763125
CALI,PESCADO DE RÍO,2021-11-01,011303,D_city,9607.159386801655
CALI,PESCADO DE RÍO,2021-12-01,011303,D_city,9632.46357014493
CALI,PESCADO DE RÍO,2022-01-01,011303,D_city,9748.392148613146
CALI,PESCADO DE RÍO,2022-02-01,011303,D_city,9846.224793238094
CALI,PESCADO DE RÍO,2022-03-01,011303,D_city,9901.598004366793
CALI,PESCADO DE RÍO,2022-04-01,011303,D_city,10038.796741262591
CALI,PESCADO DE RÍO,2022-05-01,011303,D_city,10176.031630829444
CALI,PESCADO DE RÍO,2022-06-01,011303,D_city,10288.489456817582
CALI,PESCADO DE RÍO,2022-07-01,011303,D_city,10441.077669581991
CALI,PESCADO DE RÍO,2022-08-01,011303,D_city,10582.402252881191
CALI,PESCADO DE RÍO,2022-09-01,011303,D_city,10801.18439424418
CALI,PESCADO DE RÍO,2022-10-01,011303,D_city,10847.902312796246
CALI,PESCADO DE RÍO,2022-11-01,011303,D_city,11014.842790078237
CALI,PESCADO DE RÍO,2022-12-01,011303,D_city,11149.093181196307
CALI,PESCADO DE RÍO,2023-01-01,011303,D_city,11241.09031920017
CALI,PESCADO DE RÍO,2023-02-01,011303,D_city,11157.365178396809
CALI,PESCADO DE RÍO,2023-03-01,011303,D_city,11210.264860802876
CALI,PESCADO DE RÍO,2023-04-01,011303,D_city,11228.432768310731
CALI,PESCADO DE RÍO,2023-05-01,011303,D_city,11184.925952455076
CALI,PESCADO DE RÍO,2023-06-01,011303,D_city,11224.02919324832
CALI,PESCADO DE RÍO,2023-07-01,011303,D_city,11166.738006101728
CALI,PESCADO DE RÍO,2023-08-01,011303,D_city,11226.231042026111
CALI,PESCADO DE RÍO,2023-09-01,011303,D_city,11251.543508231307
CALI,PESCADO DE RÍO,2023-10-01,011303,D_city,11171.147976387047
CALI,PESCADO DE RÍO,2023-11-01,011303,D_city,11202.00396004951
CALI,PESCADO DE RÍO,2023-12-01,011303,D_city,11165.084139883676
CALI,PESCADO DE RÍO,2024-01-01,011303,D_city,11134.1991968568
CALI,PESCADO DE RÍO,2024-02-01,011303,D_city,11222.377726256178
CALI,PESCADO DE RÍO,2024-03-01,011303,D_city,11307.064326118012
CALI,PESCADO DE RÍO,2024-04-01,011303,D_city,11428.829593067927
CALI,PESCADO DE RÍO,2024-05-01,011303,D_city,11438.138759279333
CALI,PESCADO DE RÍO,2024-06-01,011303,D_city,11466.600529735488
CALI,PESCADO DE RÍO,2024-07-01,011303,D_city,11495.042274886218
CALI,PESCADO DE RÍO,2024-08-01,011303,D_city,11525.103184421752
CALI,PESCADO DE RÍO,2024-09-01,011303,D_city,11511.98843505104
CALI,PESCADO DE RÍO,2024-10-01,011303,D_city,11497.776005608184
CALI,PESCADO DE RÍO,2024-11-01,011303,D_city,11539.306054285551
CALI,PESCADO DE RÍO,2024-12-01,011303,D_city,11549.681939259453
CALI,PESCADO ENLATADO,2019-01-01,011303,BASE_lowR2,13498.899876237627
CALI,PESCADO ENLATADO,2019-02-01,011303,BASE_lowR2,13702.758076057606
CALI,PESCADO ENLATADO,2019-03-01,011303,BASE_lowR2,13916.004482448245
CALI,PESCADO ENLATADO,2019-04-01,011303,BASE_lowR2,13948.192619261927
CALI,PESCADO ENLATADO,2019-05-01,011303,BASE_lowR2,14058.16875337534
CALI,PESCADO ENLATADO,2019-06-01,011303,BASE_lowR2,14094.38040729073
CALI,PESCADO ENLATADO,2019-07-01,011303,BASE_lowR2,14145.344957245725
CALI,PESCADO ENLATADO,2019-08-01,011303,BASE_lowR2,14235.203505850586
CALI,PESCADO ENLATADO,2019-09-01,011303,BASE_lowR2,14243.250540054005
CALI,PESCADO ENLATADO,2019-10-01,011303,BASE_lowR2,14303.60329657966
CALI,PESCADO ENLATADO,2019-11-01,011303,BASE_lowR2,14335.791433393339
CALI,PESCADO ENLATADO,2019-12-01,011303,BASE_lowR2,14418.944120162017
CALI,PESCADO ENLATADO,2020-01-01,011303,BASE_lowR2,14433.697016201622
CALI,PESCADO ENLATADO,2020-02-01,011303,BASE_lowR2,14461.86163591359
CALI,PESCADO ENLATADO,2020-03-01,011303,BASE_lowR2,14644.261077857787
CALI,PESCADO ENLATADO,2020-04-01,011303,BASE_lowR2,15246.447470747076
CALI,PESCADO ENLATADO,2020-05-01,011303,BASE_lowR2,15428.84691269127
CALI,PESCADO ENLATADO,2020-06-01,011303,BASE_lowR2,15439.576291629166
CALI,PESCADO ENLATADO,2020-07-01,011303,BASE_lowR2,15581.740562556259
CALI,PESCADO ENLATADO,2020-08-01,011303,BASE_lowR2,15642.093319081909
CALI,PESCADO ENLATADO,2020-09-01,011303,BASE_lowR2,15776.21055580558
CALI,PESCADO ENLATADO,2020-10-01,011303,BASE_lowR2,15827.175105760578
CALI,PESCADO ENLATADO,2020-11-01,011303,BASE_lowR2,15894.233724122414
CALI,PESCADO ENLATADO,2020-12-01,011303,BASE_lowR2,16068.586131863189
CALI,PESCADO ENLATADO,2021-01-01,011303,BASE_lowR2,16155.762335733572
CALI,PESCADO ENLATADO,2021-02-01,011303,BASE_lowR2,16284.5148829883
CALI,PESCADO ENLATADO,2021-03-01,011303,BASE_lowR2,16440.09087758776
CALI,PESCADO ENLATADO,2021-04-01,011303,BASE_lowR2,16619.80797479748
CALI,PESCADO ENLATADO,2021-05-01,011303,BASE_lowR2,17057.030166516655
CALI,PESCADO ENLATADO,2021-06-01,011303,BASE_lowR2,17095.924165166518
CALI,PESCADO ENLATADO,2021-07-01,011303,BASE_lowR2,17177.73567956796
CALI,PESCADO ENLATADO,2021-08-01,011303,BASE_lowR2,17240.770780828083
CALI,PESCADO ENLATADO,2021-09-01,011303,BASE_lowR2,17361.476293879387
CALI,PESCADO ENLATADO,2021-10-01,011303,BASE_lowR2,17333.311674167417
CALI,PESCADO ENLATADO,2021-11-01,011303,BASE_lowR2,17447.31132538254
CALI,PESCADO ENLATADO,2021-12-01,011303,BASE_lowR2,17506.322909540955
CALI,PESCADO ENLATADO,2022-01-01,011303,BASE_lowR2,17777.239727722772
CALI,PESCADO ENLATADO,2022-02-01,011303,BASE_lowR2,18006.58020252025
CALI,PESCADO ENLATADO,2022-03-01,011303,BASE_lowR2,18136.673922142214
CALI,PESCADO ENLATADO,2022-04-01,011303,BASE_lowR2,18459.896462646262
CALI,PESCADO ENLATADO,2022-05-01,011303,BASE_lowR2,18784.460175517554
CALI,PESCADO ENLATADO,2022-06-01,011303,BASE_lowR2,19051.353476597662
CALI,PESCADO ENLATADO,2022-07-01,011303,BASE_lowR2,19414.811188118812
CALI,PESCADO ENLATADO,2022-08-01,011303,BASE_lowR2,19752.786624662465
CALI,PESCADO ENLATADO,2022-09-01,011303,BASE_lowR2,20278.52619261926
CALI,PESCADO ENLATADO,2022-10-01,011303,BASE_lowR2,20391.184671467145
CALI,PESCADO ENLATADO,2022-11-01,011303,BASE_lowR2,20794.877554005405
CALI,PESCADO ENLATADO,2022-12-01,011303,BASE_lowR2,21120.782439243925
CALI,PESCADO ENLATADO,2023-01-01,011303,BASE_lowR2,21344.75822457246
CALI,PESCADO ENLATADO,2023-02-01,011303,BASE_lowR2,21140.90002475248
CALI,PESCADO ENLATADO,2023-03-01,011303,BASE_lowR2,21269.652572007202
CALI,PESCADO ENLATADO,2023-04-01,011303,BASE_lowR2,21313.911260126013
CALI,PESCADO ENLATADO,2023-05-01,011303,BASE_lowR2,21207.958643114314
CALI,PESCADO ENLATADO,2023-06-01,011303,BASE_lowR2,21303.18188118812
CALI,PESCADO ENLATADO,2023-07-01,011303,BASE_lowR2,21163.699954995504
CALI,PESCADO ENLATADO,2023-08-01,011303,BASE_lowR2,21308.546570657065
CALI,PESCADO ENLATADO,2023-09-01,011303,BASE_lowR2,21370.240499549956
CALI,PESCADO ENLATADO,2023-10-01,011303,BASE_lowR2,21174.429333933396
CALI,PESCADO ENLATADO,2023-11-01,011303,BASE_lowR2,21249.53498649865
CALI,PESCADO ENLATADO,2023-12-01,011303,BASE_lowR2,21159.67643789379
CALI,PESCADO ENLATADO,2024-01-01,011303,BASE_lowR2,21084.570785328535
CALI,PESCADO ENLATADO,2024-02-01,011303,BASE_lowR2,21299.15836408641
CALI,PESCADO ENLATADO,2024-03-01,011303,BASE_lowR2,21505.698908640865
CALI,PESCADO ENLATADO,2024-04-01,011303,BASE_lowR2,21803.43917416742
CALI,PESCADO ENLATADO,2024-05-01,011303,BASE_lowR2,21826.239104410444
CALI,PESCADO ENLATADO,2024-06-01,011303,BASE_lowR2,21895.980067506753
CALI,PESCADO ENLATADO,2024-07-01,011303,BASE_lowR2,21965.721030603065
CALI,PESCADO ENLATADO,2024-08-01,011303,BASE_lowR2,22039.485510801085
CALI,PESCADO ENLATADO,2024-09-01,011303,BASE_lowR2,22007.2973739874
CALI,PESCADO ENLATADO,2024-10-01,011303,BASE_lowR2,21972.426892439245
CALI,PESCADO ENLATADO,2024-11-01,011303,BASE_lowR2,22074.355992349236
CALI,PESCADO ENLATADO,2024-12-01,011303,BASE_lowR2,22099.838267326733
CALI,PIÑAS,2019-01-01,011609,BASE_lowR2,1020.758430709802
CALI,PIÑAS,2019-02-01,011609,BASE_lowR2,1092.5710647030419
CALI,PIÑAS,2019-03-01,011609,BASE_lowR2,1258.7879913085465
CALI,PIÑAS,2019-04-01,011609,BASE_lowR2,1231.0050579430228
CALI,PIÑAS,2019-05-01,011609,BASE_lowR2,1129.4867962337034
CALI,PIÑAS,2019-06-01,011609,BASE_lowR2,1136.985304200869
CALI,PIÑAS,2019-07-01,011609,BASE_lowR2,1227.0635345243843
CALI,PIÑAS,2019-08-01,011609,BASE_lowR2,1325.986158860454
CALI,PIÑAS,2019-09-01,011609,BASE_lowR2,1437.7908353452437
CALI,PIÑAS,2019-10-01,011609,BASE_lowR2,1417.31414051183
CALI,PIÑAS,2019-11-01,011609,BASE_lowR2,1318.7760550458715
CALI,PIÑAS,2019-12-01,011609,BASE_lowR2,1228.2171511347176
CALI,PIÑAS,2020-01-01,011609,BASE_lowR2,1233.5045605987445
CALI,PIÑAS,2020-02-01,011609,BASE_lowR2,1302.8176919362627
CALI,PIÑAS,2020-03-01,011609,BASE_lowR2,1450.384483341381
CALI,PIÑAS,2020-04-01,011609,BASE_lowR2,1449.2308667310476
CALI,PIÑAS,2020-05-01,011609,BASE_lowR2,1343.3865427329793
CALI,PIÑAS,2020-06-01,011609,BASE_lowR2,1244.656187831965
CALI,PIÑAS,2020-07-01,011609,BASE_lowR2,1179.9575229357797
CALI,PIÑAS,2020-08-01,011609,BASE_lowR2,1196.588829068083
CALI,PIÑAS,2020-09-01,011609,BASE_lowR2,1234.9465813616612
CALI,PIÑAS,2020-10-01,011609,BASE_lowR2,1292.1467382906808
CALI,PIÑAS,2020-11-01,011609,BASE_lowR2,1306.0862723322066
CALI,PIÑAS,2020-12-01,011609,BASE_lowR2,1231.9664051183001
CALI,PIÑAS,2021-01-01,011609,BASE_lowR2,1258.21118300338
CALI,PIÑAS,2021-02-01,011609,BASE_lowR2,1307.624427812651
CALI,PIÑAS,2021-03-01,011609,BASE_lowR2,1410.296306132303
CALI,PIÑAS,2021-04-01,011609,BASE_lowR2,1446.9236335103813
CALI,PIÑAS,2021-05-01,011609,BASE_lowR2,1863.0908256880734
CALI,PIÑAS,2021-06-01,011609,BASE_lowR2,1454.8066803476581
CALI,PIÑAS,2021-07-01,011609,BASE_lowR2,1471.0534476098503
CALI,PIÑAS,2021-08-01,011609,BASE_lowR2,1574.302134234669
CALI,PIÑAS,2021-09-01,011609,BASE_lowR2,1604.872974408498
CALI,PIÑAS,2021-10-01,011609,BASE_lowR2,1712.4477233220664
CALI,PIÑAS,2021-11-01,011609,BASE_lowR2,1679.3773804925156
CALI,PIÑAS,2021-12-01,011609,BASE_lowR2,1629.9641356832449
CALI,PIÑAS,2022-01-01,011609,BASE_lowR2,1765.2256832448093
CALI,PIÑAS,2022-02-01,011609,BASE_lowR2,1932.8846306132305
CALI,PIÑAS,2022-03-01,011609,BASE_lowR2,2119.0014437469817
CALI,PIÑAS,2022-04-01,011609,BASE_lowR2,2129.191723804925
CALI,PIÑAS,2022-05-01,011609,BASE_lowR2,2020.0788194109125
CALI,PIÑAS,2022-06-01,011609,BASE_lowR2,1999.1214509898598
CALI,PIÑAS,2022-07-01,011609,BASE_lowR2,2056.2254732013516
CALI,PIÑAS,2022-08-01,011609,BASE_lowR2,2151.206574118783
CALI,PIÑAS,2022-09-01,011609,BASE_lowR2,2308.29070255915
CALI,PIÑAS,2022-10-01,011609,BASE_lowR2,2378.853585224529
CALI,PIÑAS,2022-11-01,011609,BASE_lowR2,2280.4116344760982
CALI,PIÑAS,2022-12-01,011609,BASE_lowR2,2113.9063037180103
CALI,PIÑAS,2023-01-01,011609,BASE_lowR2,2220.231301303718
CALI,PIÑAS,2023-02-01,011609,BASE_lowR2,2364.048838725253
CALI,PIÑAS,2023-03-01,011609,BASE_lowR2,2681.8702148720427
CALI,PIÑAS,2023-04-01,011609,BASE_lowR2,2573.2379840656686
CALI,PIÑAS,2023-05-01,011609,BASE_lowR2,2440.475939159826
CALI,PIÑAS,2023-06-01,011609,BASE_lowR2,2338.2847344278125
CALI,PIÑAS,2023-07-01,011609,BASE_lowR2,2482.00613713182
CALI,PIÑAS,2023-08-01,011609,BASE_lowR2,2675.813727667793
CALI,PIÑAS,2023-09-01,011609,BASE_lowR2,2813.094104297441
CALI,PIÑAS,2023-10-01,011609,BASE_lowR2,2926.6292056977304
CALI,PIÑAS,2023-11-01,011609,BASE_lowR2,2708.307262192178
CALI,PIÑAS,2023-12-01,011609,BASE_lowR2,2425.575057943023
CALI,PIÑAS,2024-01-01,011609,BASE_lowR2,2509.7890704973443
CALI,PIÑAS,2024-02-01,011609,BASE_lowR2,2697.155634958957
CALI,PIÑAS,2024-03-01,011609,BASE_lowR2,2940.280335586673
CALI,PIÑAS,2024-04-01,011609,BASE_lowR2,3135.3376774505064
CALI,PIÑAS,2024-05-01,011609,BASE_lowR2,3031.99285610816
CALI,PIÑAS,2024-06-01,011609,BASE_lowR2,2828.283389666827
CALI,PIÑAS,2024-07-01,011609,BASE_lowR2,2742.338952197006
CALI,PIÑAS,2024-08-01,011609,BASE_lowR2,2857.5083437952676
CALI,PIÑAS,2024-09-01,011609,BASE_lowR2,3215.0333582810235
CALI,PIÑAS,2024-10-01,011609,BASE_lowR2,3275.982769193626
CALI,PIÑAS,2024-11-01,011609,BASE_lowR2,3147.835190729116
CALI,PIÑAS,2024-12-01,011609,BASE_lowR2,2924.418107194592
CALI,PLÁTANO,2019-01-01,011704,BASE,789.3639020441207
CALI,PLÁTANO,2019-02-01,011704,BASE,742.706393442623
CALI,PLÁTANO,2019-03-01,011704,BASE,833.6682493422385
CALI,PLÁTANO,2019-04-01,011704,BASE,991.5734871483505
CALI,PLÁTANO,2019-05-01,011704,BASE,1045.7773406193078
CALI,PLÁTANO,2019-06-01,011704,BASE,1051.2139546650478
CALI,PLÁTANO,2019-07-01,011704,BASE,1052.6745375430075
CALI,PLÁTANO,2019-08-01,011704,BASE,958.3857984213722
CALI,PLÁTANO,2019-09-01,011704,BASE,1009.5061991499698
CALI,PLÁTANO,2019-10-01,011704,BASE,1120.5104978749243
CALI,PLÁTANO,2019-11-01,011704,BASE,1171.9554725764017
CALI,PLÁTANO,2019-12-01,011704,BASE,1104.444086217365
CALI,PLÁTANO,2020-01-01,011704,BASE,1057.7865776158674
CALI,PLÁTANO,2020-02-01,011704,BASE,883.5714976725359
CALI,PLÁTANO,2020-03-01,011704,BASE,911.3225723537747
CALI,PLÁTANO,2020-04-01,011704,BASE,1051.4573851447078
CALI,PLÁTANO,2020-05-01,011704,BASE,1063.791196114147
CALI,PLÁTANO,2020-06-01,011704,BASE,974.1276361060515
CALI,PLÁTANO,2020-07-01,011704,BASE,895.1750172029955
CALI,PLÁTANO,2020-08-01,011704,BASE,857.5244363489173
CALI,PLÁTANO,2020-09-01,011704,BASE,860.4456021048372
CALI,PLÁTANO,2020-10-01,011704,BASE,869.3713863590367
CALI,PLÁTANO,2020-11-01,011704,BASE,923.8998138028741
CALI,PLÁTANO,2020-12-01,011704,BASE,933.3936025096136
CALI,PLÁTANO,2021-01-01,011704,BASE,932.5821675774137
CALI,PLÁTANO,2021-02-01,011704,BASE,860.6078890912772
CALI,PLÁTANO,2021-03-01,011704,BASE,765.2642845577819
CALI,PLÁTANO,2021-04-01,011704,BASE,782.6289921068611
CALI,PLÁTANO,2021-05-01,011704,BASE,1416.6842481279095
CALI,PLÁTANO,2021-06-01,011704,BASE,804.7811657559199
CALI,PLÁTANO,2021-07-01,011704,BASE,763.154553734062
CALI,PLÁTANO,2021-08-01,011704,BASE,763.3168407205019
CALI,PLÁTANO,2021-09-01,011704,BASE,775.0015037441815
CALI,PLÁTANO,2021-10-01,011704,BASE,827.5824873507387
CALI,PLÁTANO,2021-11-01,011704,BASE,871.8868346488566
CALI,PLÁTANO,2021-12-01,011704,BASE,915.2174600283345
CALI,PLÁTANO,2022-01-01,011704,BASE,1054.3785509006275
CALI,PLÁTANO,2022-02-01,011704,BASE,1200.5991256830603
CALI,PLÁTANO,2022-03-01,011704,BASE,1366.1318518518522
CALI,PLÁTANO,2022-04-01,011704,BASE,1449.9530803481077
CALI,PLÁTANO,2022-05-01,011704,BASE,1406.9470289415099
CALI,PLÁTANO,2022-06-01,011704,BASE,1321.2595001011944
CALI,PLÁTANO,2022-07-01,011704,BASE,1338.4619206638333
CALI,PLÁTANO,2022-08-01,011704,BASE,1369.2964480874318
CALI,PLÁTANO,2022-09-01,011704,BASE,1343.4116737502532
CALI,PLÁTANO,2022-10-01,011704,BASE,1408.5698988059098
CALI,PLÁTANO,2022-11-01,011704,BASE,1540.0223578223033
CALI,PLÁTANO,2022-12-01,011704,BASE,1740.3656425824734
CALI,PLÁTANO,2023-01-01,011704,BASE,1948.1741287188831
CALI,PLÁTANO,2023-02-01,011704,BASE,2052.849234972678
CALI,PLÁTANO,2023-03-01,011704,BASE,2041.6514329083184
CALI,PLÁTANO,2023-04-01,011704,BASE,2152.331157660393
CALI,PLÁTANO,2023-05-01,011704,BASE,2099.1821696012953
CALI,PLÁTANO,2023-06-01,011704,BASE,2030.8593483100587
CALI,PLÁTANO,2023-07-01,011704,BASE,1828.8120501922688
CALI,PLÁTANO,2023-08-01,011704,BASE,1722.5140740740742
CALI,PLÁTANO,2023-09-01,011704,BASE,1491.7419793564059
CALI,PLÁTANO,2023-10-01,011704,BASE,1431.1277899210688
CALI,PLÁTANO,2023-11-01,011704,BASE,1678.9400182149363
CALI,PLÁTANO,2023-12-01,011704,BASE,1692.328694596236
CALI,PLÁTANO,2024-01-01,011704,BASE,1651.3512305201377
CALI,PLÁTANO,2024-02-01,011704,BASE,1444.7598967820281
CALI,PLÁTANO,2024-03-01,011704,BASE,1483.9522040072861
CALI,PLÁTANO,2024-04-01,011704,BASE,1610.6171969236998
CALI,PLÁTANO,2024-05-01,011704,BASE,1737.9313377858734
CALI,PLÁTANO,2024-06-01,011704,BASE,1689.813246306416
CALI,PLÁTANO,2024-07-01,011704,BASE,1553.4110342036026
CALI,PLÁTANO,2024-08-01,011704,BASE,1494.5008581258855
CALI,PLÁTANO,2024-09-01,011704,BASE,1542.4566626189032
CALI,PLÁTANO,2024-10-01,011704,BASE,1613.2137887067397
CALI,PLÁTANO,2024-11-01,011704,BASE,1771.4436004857318
CALI,PLÁTANO,2024-12-01,011704,BASE,1812.9890690143698
CALI,POLLO DESPRESADO POR LIBRA,2019-01-01,011203,D_city,4593.5325258250805
CALI,POLLO DESPRESADO POR LIBRA,2019-02-01,011203,D_city,4637.663451175046
CALI,POLLO DESPRESADO POR LIBRA,2019-03-01,011203,D_city,4711.624188652386
CALI,POLLO DESPRESADO POR LIBRA,2019-04-01,011203,D_city,4712.069597688962
CALI,POLLO DESPRESADO POR LIBRA,2019-05-01,011203,D_city,4693.361005618866
CALI,POLLO DESPRESADO POR LIBRA,2019-06-01,011203,D_city,4746.361186709813
CALI,POLLO DESPRESADO POR LIBRA,2019-07-01,011203,D_city,4739.681765205344
CALI,POLLO DESPRESADO POR LIBRA,2019-08-01,011203,D_city,4745.470618318506
CALI,POLLO DESPRESADO POR LIBRA,2019-09-01,011203,D_city,4830.045765745185
CALI,POLLO DESPRESADO POR LIBRA,2019-10-01,011203,D_city,4881.652738635318
CALI,POLLO DESPRESADO POR LIBRA,2019-11-01,011203,D_city,4915.008005877087
CALI,POLLO DESPRESADO POR LIBRA,2019-12-01,011203,D_city,4923.011957345153
CALI,POLLO DESPRESADO POR LIBRA,2020-01-01,011203,D_city,4908.337658923493
CALI,POLLO DESPRESADO POR LIBRA,2020-02-01,011203,D_city,4919.454708140313
CALI,POLLO DESPRESADO POR LIBRA,2020-03-01,011203,D_city,4977.692121093477
CALI,POLLO DESPRESADO POR LIBRA,2020-04-01,011203,D_city,4838.500095340309
CALI,POLLO DESPRESADO POR LIBRA,2020-05-01,011203,D_city,4919.010044953906
CALI,POLLO DESPRESADO POR LIBRA,2020-06-01,011203,D_city,5012.355224563748
CALI,POLLO DESPRESADO POR LIBRA,2020-07-01,011203,D_city,5240.546165211912
CALI,POLLO DESPRESADO POR LIBRA,2020-08-01,011203,D_city,5307.95197705875
CALI,POLLO DESPRESADO POR LIBRA,2020-09-01,011203,D_city,5289.7734440270715
CALI,POLLO DESPRESADO POR LIBRA,2020-10-01,011203,D_city,5238.328297934814
CALI,POLLO DESPRESADO POR LIBRA,2020-11-01,011203,D_city,5236.553977806776
CALI,POLLO DESPRESADO POR LIBRA,2020-12-01,011203,D_city,5254.29612782354
CALI,POLLO DESPRESADO POR LIBRA,2021-01-01,011203,D_city,5315.045381204732
CALI,POLLO DESPRESADO POR LIBRA,2021-02-01,011203,D_city,5424.060419805234
CALI,POLLO DESPRESADO POR LIBRA,2021-03-01,011203,D_city,5552.022238650743
CALI,POLLO DESPRESADO POR LIBRA,2021-04-01,011203,D_city,5641.394430583404
CALI,POLLO DESPRESADO POR LIBRA,2021-05-01,011203,D_city,6216.605217019937
CALI,POLLO DESPRESADO POR LIBRA,2021-06-01,011203,D_city,6350.061280081228
CALI,POLLO DESPRESADO POR LIBRA,2021-07-01,011203,D_city,6366.790597520604
CALI,POLLO DESPRESADO POR LIBRA,2021-08-01,011203,D_city,6249.208645795607
CALI,POLLO DESPRESADO POR LIBRA,2021-09-01,011203,D_city,6372.073184334954
CALI,POLLO DESPRESADO POR LIBRA,2021-10-01,011203,D_city,6346.098822299035
CALI,POLLO DESPRESADO POR LIBRA,2021-11-01,011203,D_city,6335.972103774555
CALI,POLLO DESPRESADO POR LIBRA,2021-12-01,011203,D_city,6383.958381895622
CALI,POLLO DESPRESADO POR LIBRA,2022-01-01,011203,D_city,6497.48487713473
CALI,POLLO DESPRESADO POR LIBRA,2022-02-01,011203,D_city,6556.417725575759
CALI,POLLO DESPRESADO POR LIBRA,2022-03-01,011203,D_city,6672.464135507808
CALI,POLLO DESPRESADO POR LIBRA,2022-04-01,011203,D_city,6772.62282417523
CALI,POLLO DESPRESADO POR LIBRA,2022-05-01,011203,D_city,6834.973190882799
CALI,POLLO DESPRESADO POR LIBRA,2022-06-01,011203,D_city,7027.154911943486
CALI,POLLO DESPRESADO POR LIBRA,2022-07-01,011203,D_city,7210.370595760233
CALI,POLLO DESPRESADO POR LIBRA,2022-08-01,011203,D_city,7382.90093646724
CALI,POLLO DESPRESADO POR LIBRA,2022-09-01,011203,D_city,7434.541778588528
CALI,POLLO DESPRESADO POR LIBRA,2022-10-01,011203,D_city,7463.857056498562
CALI,POLLO DESPRESADO POR LIBRA,2022-11-01,011203,D_city,7486.6061241626985
CALI,POLLO DESPRESADO POR LIBRA,2022-12-01,011203,D_city,7572.76577222151
CALI,POLLO DESPRESADO POR LIBRA,2023-01-01,011203,D_city,7653.64239465941
CALI,POLLO DESPRESADO POR LIBRA,2023-02-01,011203,D_city,7650.145717554274
CALI,POLLO DESPRESADO POR LIBRA,2023-03-01,011203,D_city,7635.72126681372
CALI,POLLO DESPRESADO POR LIBRA,2023-04-01,011203,D_city,7666.754380466193
CALI,POLLO DESPRESADO POR LIBRA,2023-05-01,011203,D_city,7772.92944971561
CALI,POLLO DESPRESADO POR LIBRA,2023-06-01,011203,D_city,7921.392674994443
CALI,POLLO DESPRESADO POR LIBRA,2023-07-01,011203,D_city,8056.661853200433
CALI,POLLO DESPRESADO POR LIBRA,2023-08-01,011203,D_city,8159.58167585519
CALI,POLLO DESPRESADO POR LIBRA,2023-09-01,011203,D_city,8251.556206002004
CALI,POLLO DESPRESADO POR LIBRA,2023-10-01,011203,D_city,8145.193396691009
CALI,POLLO DESPRESADO POR LIBRA,2023-11-01,011203,D_city,8043.138935958683
CALI,POLLO DESPRESADO POR LIBRA,2023-12-01,011203,D_city,8080.651953431677
CALI,POLLO DESPRESADO POR LIBRA,2024-01-01,011203,D_city,8186.175594461752
CALI,POLLO DESPRESADO POR LIBRA,2024-02-01,011203,D_city,8156.093698896314
CALI,POLLO DESPRESADO POR LIBRA,2024-03-01,011203,D_city,8142.141210392023
CALI,POLLO DESPRESADO POR LIBRA,2024-04-01,011203,D_city,8151.73364607569
CALI,POLLO DESPRESADO POR LIBRA,2024-05-01,011203,D_city,8107.69201723988
CALI,POLLO DESPRESADO POR LIBRA,2024-06-01,011203,D_city,8089.811078428395
CALI,POLLO DESPRESADO POR LIBRA,2024-07-01,011203,D_city,8039.212762088206
CALI,POLLO DESPRESADO POR LIBRA,2024-08-01,011203,D_city,7997.765257815469
CALI,POLLO DESPRESADO POR LIBRA,2024-09-01,011203,D_city,8048.373718462447
CALI,POLLO DESPRESADO POR LIBRA,2024-10-01,011203,D_city,8014.345260037049
CALI,POLLO DESPRESADO POR LIBRA,2024-11-01,011203,D_city,8021.762197221791
CALI,POLLO DESPRESADO POR LIBRA,2024-12-01,011203,D_city,8150.425612537594
CALI,POLLO ENTERO POR LIBRA,2019-01-01,011203,D_city,3701.3417935591406
CALI,POLLO ENTERO POR LIBRA,2019-02-01,011203,D_city,3730.516573409466
CALI,POLLO ENTERO POR LIBRA,2019-03-01,011203,D_city,3779.3007589016256
CALI,POLLO ENTERO POR LIBRA,2019-04-01,011203,D_city,3779.594131932253
CALI,POLLO ENTERO POR LIBRA,2019-05-01,011203,D_city,3767.2672565701746
CALI,POLLO ENTERO POR LIBRA,2019-06-01,011203,D_city,3802.165775826061
CALI,POLLO ENTERO POR LIBRA,2019-07-01,011203,D_city,3797.771494905395
CALI,POLLO ENTERO POR LIBRA,2019-08-01,011203,D_city,3801.5799495445794
CALI,POLLO ENTERO POR LIBRA,2019-09-01,011203,D_city,3857.1273491583515
CALI,POLLO ENTERO POR LIBRA,2019-10-01,011203,D_city,3890.936302641405
CALI,POLLO ENTERO POR LIBRA,2019-11-01,011203,D_city,3912.7541026407102
CALI,POLLO ENTERO POR LIBRA,2019-12-01,011203,D_city,3917.9855708124064
CALI,POLLO ENTERO POR LIBRA,2020-01-01,011203,D_city,3908.393128579309
CALI,POLLO ENTERO POR LIBRA,2020-02-01,011203,D_city,3915.660702681086
CALI,POLLO ENTERO POR LIBRA,2020-03-01,011203,D_city,3953.6845727341183
CALI,POLLO ENTERO POR LIBRA,2020-04-01,011203,D_city,3862.6703889191513
CALI,POLLO ENTERO POR LIBRA,2020-05-01,011203,D_city,3915.3700684296327
CALI,POLLO ENTERO POR LIBRA,2020-06-01,011203,D_city,3976.2787048303558
CALI,POLLO ENTERO POR LIBRA,2020-07-01,011203,D_city,4124.33154286659
CALI,POLLO ENTERO POR LIBRA,2020-08-01,011203,D_city,4167.842745049412
CALI,POLLO ENTERO POR LIBRA,2020-09-01,011203,D_city,4156.1180822929855
CALI,POLLO ENTERO POR LIBRA,2020-10-01,011203,D_city,4122.898190285459
CALI,POLLO ENTERO POR LIBRA,2020-11-01,011203,D_city,4121.751413070733
CALI,POLLO ENTERO POR LIBRA,2020-12-01,011203,D_city,4133.215383402847
CALI,POLLO ENTERO POR LIBRA,2021-01-01,011203,D_city,4172.415850238984
CALI,POLLO ENTERO POR LIBRA,2021-02-01,011203,D_city,4242.5613993953375
CALI,POLLO ENTERO POR LIBRA,2021-03-01,011203,D_city,4324.577530106697
CALI,POLLO ENTERO POR LIBRA,2021-04-01,011203,D_city,4381.65927538201
CALI,POLLO ENTERO POR LIBRA,2021-05-01,011203,D_city,4745.303688876198
CALI,POLLO ENTERO POR LIBRA,2021-06-01,011203,D_city,4828.795810402302
CALI,POLLO ENTERO POR LIBRA,2021-07-01,011203,D_city,4839.2396681761775
CALI,POLLO ENTERO POR LIBRA,2021-08-01,011203,D_city,4765.730224375004
CALI,POLLO ENTERO POR LIBRA,2021-09-01,011203,D_city,4842.536486516144
CALI,POLLO ENTERO POR LIBRA,2021-10-01,011203,D_city,4826.321388023735
CALI,POLLO ENTERO POR LIBRA,2021-11-01,011203,D_city,4819.996334920829
CALI,POLLO ENTERO POR LIBRA,2021-12-01,011203,D_city,4849.95215290912
CALI,POLLO ENTERO POR LIBRA,2022-01-01,011203,D_city,4920.662386358925
CALI,POLLO ENTERO POR LIBRA,2022-02-01,011203,D_city,4957.281565582754
CALI,POLLO ENTERO POR LIBRA,2022-03-01,011203,D_city,5029.218100439133
CALI,POLLO ENTERO POR LIBRA,2022-04-01,011203,D_city,5091.126123848527
CALI,POLLO ENTERO POR LIBRA,2022-05-01,011203,D_city,5129.582079370137
CALI,POLLO ENTERO POR LIBRA,2022-06-01,011203,D_city,5247.722859653188
CALI,POLLO ENTERO POR LIBRA,2022-07-01,011203,D_city,5359.814841503419
CALI,POLLO ENTERO POR LIBRA,2022-08-01,011203,D_city,5464.90452302307
CALI,POLLO ENTERO POR LIBRA,2022-09-01,011203,D_city,5496.273610832136
CALI,POLLO ENTERO POR LIBRA,2022-10-01,011203,D_city,5514.0637461100905
CALI,POLLO ENTERO POR LIBRA,2022-11-01,011203,D_city,5527.8605296609185
CALI,POLLO ENTERO POR LIBRA,2022-12-01,011203,D_city,5580.046632435638
CALI,POLLO ENTERO POR LIBRA,2023-01-01,011203,D_city,5628.936301702148
CALI,POLLO ENTERO POR LIBRA,2023-02-01,011203,D_city,5626.824488669129
CALI,POLLO ENTERO POR LIBRA,2023-03-01,011203,D_city,5618.11103666936
CALI,POLLO ENTERO POR LIBRA,2023-04-01,011203,D_city,5636.853730517111
CALI,POLLO ENTERO POR LIBRA,2023-05-01,011203,D_city,5700.876806144272
CALI,POLLO ENTERO POR LIBRA,2023-06-01,011203,D_city,5790.13805468978
CALI,POLLO ENTERO POR LIBRA,2023-07-01,011203,D_city,5871.206337940325
CALI,POLLO ENTERO POR LIBRA,2023-08-01,011203,D_city,5932.724214884366
CALI,POLLO ENTERO POR LIBRA,2023-09-01,011203,D_city,5987.582447974365
CALI,POLLO ENTERO POR LIBRA,2023-10-01,011203,D_city,5924.132345447799
CALI,POLLO ENTERO POR LIBRA,2023-11-01,011203,D_city,5863.112922308704
CALI,POLLO ENTERO POR LIBRA,2023-12-01,011203,D_city,5885.558349343041
CALI,POLLO ENTERO POR LIBRA,2024-01-01,011203,D_city,5948.5974771495385
CALI,POLLO ENTERO POR LIBRA,2024-02-01,011203,D_city,5930.641640605691
CALI,POLLO ENTERO POR LIBRA,2024-03-01,011203,D_city,5922.30940295937
CALI,POLLO ENTERO POR LIBRA,2024-04-01,011203,D_city,5928.038150004589
CALI,POLLO ENTERO POR LIBRA,2024-05-01,011203,D_city,5901.72586155906
CALI,POLLO ENTERO POR LIBRA,2024-06-01,011203,D_city,5891.035759651833
CALI,POLLO ENTERO POR LIBRA,2024-07-01,011203,D_city,5860.762666148396
CALI,POLLO ENTERO POR LIBRA,2024-08-01,011203,D_city,5835.939132338596
CALI,POLLO ENTERO POR LIBRA,2024-09-01,011203,D_city,5866.246208628018
CALI,POLLO ENTERO POR LIBRA,2024-10-01,011203,D_city,5845.871899504098
CALI,POLLO ENTERO POR LIBRA,2024-11-01,011203,D_city,5850.3140568772415
CALI,POLLO ENTERO POR LIBRA,2024-12-01,011203,D_city,5927.257043700027
CALI,QUESO CAMPESINO,2019-01-01,011402,BASE,8337.599691386456
CALI,QUESO CAMPESINO,2019-02-01,011402,BASE,8396.220822201749
CALI,QUESO CAMPESINO,2019-03-01,011402,BASE,8435.580724320589
CALI,QUESO CAMPESINO,2019-04-01,011402,BASE,8517.650307461998
CALI,QUESO CAMPESINO,2019-05-01,011402,BASE,8554.49787540304
CALI,QUESO CAMPESINO,2019-06-01,011402,BASE,8549.473207047444
CALI,QUESO CAMPESINO,2019-07-01,011402,BASE,8544.448538691848
CALI,QUESO CAMPESINO,2019-08-01,011402,BASE,8531.886867802856
CALI,QUESO CAMPESINO,2019-09-01,011402,BASE,8532.724312528788
CALI,QUESO CAMPESINO,2019-10-01,011402,BASE,8551.985541225242
CALI,QUESO CAMPESINO,2019-11-01,011402,BASE,8621.49345347766
CALI,QUESO CAMPESINO,2019-12-01,011402,BASE,8630.70534546292
CALI,QUESO CAMPESINO,2020-01-01,011402,BASE,8641.592126900046
CALI,QUESO CAMPESINO,2020-02-01,011402,BASE,8643.26701635191
CALI,QUESO CAMPESINO,2020-03-01,011402,BASE,8688.489031552279
CALI,QUESO CAMPESINO,2020-04-01,011402,BASE,8672.577581759559
CALI,QUESO CAMPESINO,2020-05-01,011402,BASE,8713.612373330263
CALI,QUESO CAMPESINO,2020-06-01,011402,BASE,8721.149375863657
CALI,QUESO CAMPESINO,2020-07-01,011402,BASE,8780.607951404882
CALI,QUESO CAMPESINO,2020-08-01,011402,BASE,8914.599107554122
CALI,QUESO CAMPESINO,2020-09-01,011402,BASE,8930.510557346845
CALI,QUESO CAMPESINO,2020-10-01,011402,BASE,8913.76166282819
CALI,QUESO CAMPESINO,2020-11-01,011402,BASE,8968.195570013819
CALI,QUESO CAMPESINO,2020-12-01,011402,BASE,9022.629477199445
CALI,QUESO CAMPESINO,2021-01-01,011402,BASE,9152.433409719022
CALI,QUESO CAMPESINO,2021-02-01,011402,BASE,9125.635178489176
CALI,QUESO CAMPESINO,2021-03-01,011402,BASE,9128.147512666974
CALI,QUESO CAMPESINO,2021-04-01,011402,BASE,9197.655424919392
CALI,QUESO CAMPESINO,2021-05-01,011402,BASE,9267.16333717181
CALI,QUESO CAMPESINO,2021-06-01,011402,BASE,9281.399897512667
CALI,QUESO CAMPESINO,2021-07-01,011402,BASE,9289.774344771995
CALI,QUESO CAMPESINO,2021-08-01,011402,BASE,9314.060241824043
CALI,QUESO CAMPESINO,2021-09-01,011402,BASE,9399.479603869184
CALI,QUESO CAMPESINO,2021-10-01,011402,BASE,9561.106435974205
CALI,QUESO CAMPESINO,2021-11-01,011402,BASE,9752.043833486872
CALI,QUESO CAMPESINO,2021-12-01,011402,BASE,9878.497987102717
CALI,QUESO CAMPESINO,2022-01-01,011402,BASE,10318.15646821741
CALI,QUESO CAMPESINO,2022-02-01,011402,BASE,10636.385464071856
CALI,QUESO CAMPESINO,2022-03-01,011402,BASE,11014.073035467527
CALI,QUESO CAMPESINO,2022-04-01,011402,BASE,11226.783995854445
CALI,QUESO CAMPESINO,2022-05-01,011402,BASE,11343.188812759096
CALI,QUESO CAMPESINO,2022-06-01,011402,BASE,11688.21603984339
CALI,QUESO CAMPESINO,2022-07-01,011402,BASE,11854.867540304007
CALI,QUESO CAMPESINO,2022-08-01,011402,BASE,11911.813781667433
CALI,QUESO CAMPESINO,2022-09-01,011402,BASE,12029.893488023952
CALI,QUESO CAMPESINO,2022-10-01,011402,BASE,12114.475405343159
CALI,QUESO CAMPESINO,2022-11-01,011402,BASE,12449.45329571626
CALI,QUESO CAMPESINO,2022-12-01,011402,BASE,12848.076985260246
CALI,QUESO CAMPESINO,2023-01-01,011402,BASE,13425.913846153846
CALI,QUESO CAMPESINO,2023-02-01,011402,BASE,13956.85380239521
CALI,QUESO CAMPESINO,2023-03-01,011402,BASE,14327.841815983418
CALI,QUESO CAMPESINO,2023-04-01,011402,BASE,14409.911399124827
CALI,QUESO CAMPESINO,2023-05-01,011402,BASE,14363.851939198526
CALI,QUESO CAMPESINO,2023-06-01,011402,BASE,14343.75326577614
CALI,QUESO CAMPESINO,2023-07-01,011402,BASE,14231.53567250115
CALI,QUESO CAMPESINO,2023-08-01,011402,BASE,14249.122011745738
CALI,QUESO CAMPESINO,2023-09-01,011402,BASE,14367.201718102257
CALI,QUESO CAMPESINO,2023-10-01,011402,BASE,14453.458524873331
CALI,QUESO CAMPESINO,2023-11-01,011402,BASE,14515.429434592354
CALI,QUESO CAMPESINO,2023-12-01,011402,BASE,14512.079655688622
CALI,QUESO CAMPESINO,2024-01-01,011402,BASE,14846.220101335788
CALI,QUESO CAMPESINO,2024-02-01,011402,BASE,15057.256172270843
CALI,QUESO CAMPESINO,2024-03-01,011402,BASE,15058.931061722707
CALI,QUESO CAMPESINO,2024-04-01,011402,BASE,15014.54649124827
CALI,QUESO CAMPESINO,2024-05-01,011402,BASE,14970.161920773835
CALI,QUESO CAMPESINO,2024-06-01,011402,BASE,15023.758383233535
CALI,QUESO CAMPESINO,2024-07-01,011402,BASE,14954.250470981113
CALI,QUESO CAMPESINO,2024-08-01,011402,BASE,14933.314352832793
CALI,QUESO CAMPESINO,2024-09-01,011402,BASE,14898.979119069552
CALI,QUESO CAMPESINO,2024-10-01,011402,BASE,14868.831108935976
CALI,QUESO CAMPESINO,2024-11-01,011402,BASE,14899.816563795484
CALI,QUESO CAMPESINO,2024-12-01,011402,BASE,14893.954450713956
CALI,REPOLLO,2019-01-01,011716,BASE_lowR2,808.1214568546881
CALI,REPOLLO,2019-02-01,011716,BASE_lowR2,811.0732536421368
CALI,REPOLLO,2019-03-01,011716,BASE_lowR2,792.892868883078
CALI,REPOLLO,2019-04-01,011716,BASE_lowR2,775.2491744490102
CALI,REPOLLO,2019-05-01,011716,BASE_lowR2,784.6412551363466
CALI,REPOLLO,2019-06-01,011716,BASE_lowR2,867.2915651849086
CALI,REPOLLO,2019-07-01,011716,BASE_lowR2,925.3882928651475
CALI,REPOLLO,2019-08-01,011716,BASE_lowR2,914.7215726559582
CALI,REPOLLO,2019-09-01,011716,BASE_lowR2,974.2271124392977
CALI,REPOLLO,2019-10-01,011716,BASE_lowR2,936.4575308180799
CALI,REPOLLO,2019-11-01,011716,BASE_lowR2,853.8072207695182
CALI,REPOLLO,2019-12-01,011716,BASE_lowR2,812.4820657452372
CALI,REPOLLO,2020-01-01,011716,BASE_lowR2,995.0238625326858
CALI,REPOLLO,2020-02-01,011716,BASE_lowR2,1094.4457452372058
CALI,REPOLLO,2020-03-01,011716,BASE_lowR2,1188.9032424355623
CALI,REPOLLO,2020-04-01,011716,BASE_lowR2,1037.0198804632053
CALI,REPOLLO,2020-05-01,011716,BASE_lowR2,913.1785879716101
CALI,REPOLLO,2020-06-01,011716,BASE_lowR2,923.7111355995518
CALI,REPOLLO,2020-07-01,011716,BASE_lowR2,885.4048636533433
CALI,REPOLLO,2020-08-01,011716,BASE_lowR2,915.3924355621964
CALI,REPOLLO,2020-09-01,011716,BASE_lowR2,1046.0765296974225
CALI,REPOLLO,2020-10-01,011716,BASE_lowR2,1058.8229249159508
CALI,REPOLLO,2020-11-01,011716,BASE_lowR2,1011.6612626073963
CALI,REPOLLO,2020-12-01,011716,BASE_lowR2,986.8393350765782
CALI,REPOLLO,2021-01-01,011716,BASE_lowR2,975.5017519611505
CALI,REPOLLO,2021-02-01,011716,BASE_lowR2,968.0551737019052
CALI,REPOLLO,2021-03-01,011716,BASE_lowR2,1002.0679230481884
CALI,REPOLLO,2021-04-01,011716,BASE_lowR2,1042.2526111318641
CALI,REPOLLO,2021-05-01,011716,BASE_lowR2,1273.9015726559583
CALI,REPOLLO,2021-06-01,011716,BASE_lowR2,1188.7690698543145
CALI,REPOLLO,2021-07-01,011716,BASE_lowR2,1216.8782256257005
CALI,REPOLLO,2021-08-01,011716,BASE_lowR2,1178.169435935749
CALI,REPOLLO,2021-09-01,011716,BASE_lowR2,1165.1546955547255
CALI,REPOLLO,2021-10-01,011716,BASE_lowR2,1092.9698468434815
CALI,REPOLLO,2021-11-01,011716,BASE_lowR2,1143.8212551363467
CALI,REPOLLO,2021-12-01,011716,BASE_lowR2,1232.1738998879343
CALI,REPOLLO,2022-01-01,011716,BASE_lowR2,1393.6506014194995
CALI,REPOLLO,2022-02-01,011716,BASE_lowR2,1398.2124691819201
CALI,REPOLLO,2022-03-01,011716,BASE_lowR2,1424.711553978334
CALI,REPOLLO,2022-04-01,011716,BASE_lowR2,1365.340186776242
CALI,REPOLLO,2022-05-01,011716,BASE_lowR2,1389.6925102726934
CALI,REPOLLO,2022-06-01,011716,BASE_lowR2,1464.7620694807622
CALI,REPOLLO,2022-07-01,011716,BASE_lowR2,1570.1546320508032
CALI,REPOLLO,2022-08-01,011716,BASE_lowR2,1663.0020582741874
CALI,REPOLLO,2022-09-01,011716,BASE_lowR2,1617.8529846843483
CALI,REPOLLO,2022-10-01,011716,BASE_lowR2,1524.8713858797164
CALI,REPOLLO,2022-11-01,011716,BASE_lowR2,1480.2590026148675
CALI,REPOLLO,2022-12-01,011716,BASE_lowR2,1458.858475905865
CALI,REPOLLO,2023-01-01,011716,BASE_lowR2,1678.0964736645496
CALI,REPOLLO,2023-02-01,011716,BASE_lowR2,1647.5051251400823
CALI,REPOLLO,2023-03-01,011716,BASE_lowR2,1776.2437168472168
CALI,REPOLLO,2023-04-01,011716,BASE_lowR2,1797.0404669406053
CALI,REPOLLO,2023-05-01,011716,BASE_lowR2,1701.4425028016437
CALI,REPOLLO,2023-06-01,011716,BASE_lowR2,1644.9558460963767
CALI,REPOLLO,2023-07-01,011716,BASE_lowR2,1558.4816174822563
CALI,REPOLLO,2023-08-01,011716,BASE_lowR2,1661.660332461711
CALI,REPOLLO,2023-09-01,011716,BASE_lowR2,1761.0822151662308
CALI,REPOLLO,2023-10-01,011716,BASE_lowR2,1805.4262532685843
CALI,REPOLLO,2023-11-01,011716,BASE_lowR2,1605.173675756444
CALI,REPOLLO,2023-12-01,011716,BASE_lowR2,1514.5400971236459
CALI,REPOLLO,2024-01-01,011716,BASE_lowR2,1789.124284646993
CALI,REPOLLO,2024-02-01,011716,BASE_lowR2,1992.0603137840867
CALI,REPOLLO,2024-03-01,011716,BASE_lowR2,2090.207556966754
CALI,REPOLLO,2024-04-01,011716,BASE_lowR2,2139.113462831528
CALI,REPOLLO,2024-05-01,011716,BASE_lowR2,1945.3011692192754
CALI,REPOLLO,2024-06-01,011716,BASE_lowR2,1815.3550242809117
CALI,REPOLLO,2024-07-01,011716,BASE_lowR2,1805.1579081060888
CALI,REPOLLO,2024-08-01,011716,BASE_lowR2,1847.958961524094
CALI,REPOLLO,2024-09-01,011716,BASE_lowR2,1971.6660814344416
CALI,REPOLLO,2024-10-01,011716,BASE_lowR2,1988.5047403810238
CALI,REPOLLO,2024-11-01,011716,BASE_lowR2,1857.0826970489354
CALI,REPOLLO,2024-12-01,011716,BASE_lowR2,1694.3313559955172
CALI,SAL,2019-01-01,011902,BASE,630.1764124970074
CALI,SAL,2019-02-01,011902,BASE,635.8402202537707
CALI,SAL,2019-03-01,011902,BASE,637.8941285611683
CALI,SAL,2019-04-01,011902,BASE,640.7571522623894
CALI,SAL,2019-05-01,011902,BASE,656.5660222647832
CALI,SAL,2019-06-01,011902,BASE,670.1342650227436
CALI,SAL,2019-07-01,011902,BASE,679.7814101029447
CALI,SAL,2019-08-01,011902,BASE,687.5613658127843
CALI,SAL,2019-09-01,011902,BASE,686.6900107732823
CALI,SAL,2019-10-01,011902,BASE,687.6236054584631
CALI,SAL,2019-11-01,011902,BASE,690.3621498683266
CALI,SAL,2019-12-01,011902,BASE,694.8434043571941
CALI,SAL,2020-01-01,011902,BASE,697.7686677040939
CALI,SAL,2020-02-01,011902,BASE,709.9676382571223
CALI,SAL,2020-03-01,011902,BASE,715.071289202777
CALI,SAL,2020-04-01,011902,BASE,725.2163514484079
CALI,SAL,2020-05-01,011902,BASE,725.2163514484079
CALI,SAL,2020-06-01,011902,BASE,724.2205171175485
CALI,SAL,2020-07-01,011902,BASE,714.44889274599
CALI,SAL,2020-08-01,011902,BASE,710.1543571941585
CALI,SAL,2020-09-01,011902,BASE,707.2913334929375
CALI,SAL,2020-10-01,011902,BASE,709.4697210916926
CALI,SAL,2020-11-01,011902,BASE,711.3991501077328
CALI,SAL,2020-12-01,011902,BASE,715.6314460138856
CALI,SAL,2021-01-01,011902,BASE,720.1127005027532
CALI,SAL,2021-02-01,011902,BASE,720.7973366052191
CALI,SAL,2021-03-01,011902,BASE,728.3283337323437
CALI,SAL,2021-04-01,011902,BASE,734.6145379458942
CALI,SAL,2021-05-01,011902,BASE,737.7887598755087
CALI,SAL,2021-06-01,011902,BASE,741.2119403878381
CALI,SAL,2021-07-01,011902,BASE,747.3114256643523
CALI,SAL,2021-08-01,011902,BASE,770.9002513765861
CALI,SAL,2021-09-01,011902,BASE,788.6385503950204
CALI,SAL,2021-10-01,011902,BASE,797.1031422073257
CALI,SAL,2021-11-01,011902,BASE,798.0367368925065
CALI,SAL,2021-12-01,011902,BASE,808.928674886282
CALI,SAL,2022-01-01,011902,BASE,825.857858510893
CALI,SAL,2022-02-01,011902,BASE,848.6998084749822
CALI,SAL,2022-03-01,011902,BASE,868.9899329662437
CALI,SAL,2022-04-01,011902,BASE,888.5331817093607
CALI,SAL,2022-05-01,011902,BASE,915.8563861623174
CALI,SAL,2022-06-01,011902,BASE,926.8728034474503
CALI,SAL,2022-07-01,011902,BASE,954.196007900407
CALI,SAL,2022-08-01,011902,BASE,977.037957864496
CALI,SAL,2022-09-01,011902,BASE,995.6476119224325
CALI,SAL,2022-10-01,011902,BASE,1016.186694996409
CALI,SAL,2022-11-01,011902,BASE,1025.4604022025376
CALI,SAL,2022-12-01,011902,BASE,1056.5179853962175
CALI,SAL,2023-01-01,011902,BASE,1085.9573378022503
CALI,SAL,2023-02-01,011902,BASE,1099.5878202058893
CALI,SAL,2023-03-01,011902,BASE,1116.0190866650707
CALI,SAL,2023-04-01,011902,BASE,1126.9110246588461
CALI,SAL,2023-05-01,011902,BASE,1158.155326789562
CALI,SAL,2023-06-01,011902,BASE,1167.553513287048
CALI,SAL,2023-07-01,011902,BASE,1171.9102884845584
CALI,SAL,2023-08-01,011902,BASE,1180.125921714149
CALI,SAL,2023-09-01,011902,BASE,1177.4496169499641
CALI,SAL,2023-10-01,011902,BASE,1173.1550813981326
CALI,SAL,2023-11-01,011902,BASE,1188.528273880776
CALI,SAL,2023-12-01,011902,BASE,1202.8433923868806
CALI,SAL,2024-01-01,011902,BASE,1214.3577268374434
CALI,SAL,2024-02-01,011902,BASE,1219.897055302849
CALI,SAL,2024-03-01,011902,BASE,1229.7309193200863
CALI,SAL,2024-04-01,011902,BASE,1236.32832176203
CALI,SAL,2024-05-01,011902,BASE,1234.5233720373474
CALI,SAL,2024-06-01,011902,BASE,1235.270247785492
CALI,SAL,2024-07-01,011902,BASE,1237.9465525496769
CALI,SAL,2024-08-01,011902,BASE,1234.8968099114197
CALI,SAL,2024-09-01,011902,BASE,1230.7889932966243
CALI,SAL,2024-10-01,011902,BASE,1235.270247785492
CALI,SAL,2024-11-01,011902,BASE,1256.0582894421834
CALI,SAL,2024-12-01,011902,BASE,1280.6429494852766
CALI,TOMATE,2019-01-01,011713,BASE,1423.5544176606509
CALI,TOMATE,2019-02-01,011713,BASE,1107.921204646225
CALI,TOMATE,2019-03-01,011713,BASE,1120.0779460438393
CALI,TOMATE,2019-04-01,011713,BASE,1265.8483269843255
CALI,TOMATE,2019-05-01,011713,BASE,1799.5292743395994
CALI,TOMATE,2019-06-01,011713,BASE,1873.6853968650473
CALI,TOMATE,2019-07-01,011713,BASE,1679.2880503341034
CALI,TOMATE,2019-08-01,011713,BASE,1353.9294442015864
CALI,TOMATE,2019-09-01,011713,BASE,1219.4316780116158
CALI,TOMATE,2019-10-01,011713,BASE,1277.3419733966152
CALI,TOMATE,2019-11-01,011713,BASE,1066.4777680634486
CALI,TOMATE,2019-12-01,011713,BASE,1116.2098919627801
CALI,TOMATE,2020-01-01,011713,BASE,1326.189970648848
CALI,TOMATE,2020-02-01,011713,BASE,1608.9999818897147
CALI,TOMATE,2020-03-01,011713,BASE,1592.8646705801536
CALI,TOMATE,2020-04-01,011713,BASE,1451.8464703678262
CALI,TOMATE,2020-05-01,011713,BASE,1315.3594192218823
CALI,TOMATE,2020-06-01,011713,BASE,1314.8068400674454
CALI,TOMATE,2020-07-01,011713,BASE,1131.9031399487917
CALI,TOMATE,2020-08-01,011713,BASE,1221.3104471367014
CALI,TOMATE,2020-09-01,011713,BASE,1432.1746524698685
CALI,TOMATE,2020-10-01,011713,BASE,1169.2574907887342
CALI,TOMATE,2020-11-01,011713,BASE,1224.9574695559859
CALI,TOMATE,2020-12-01,011713,BASE,1276.1262992568538
CALI,TOMATE,2021-01-01,011713,BASE,1739.9612414912883
CALI,TOMATE,2021-02-01,011713,BASE,1689.566022606632
CALI,TOMATE,2021-03-01,011713,BASE,1708.5747455192657
CALI,TOMATE,2021-04-01,011713,BASE,1474.1706682070817
CALI,TOMATE,2021-05-01,011713,BASE,2718.910471491913
CALI,TOMATE,2021-06-01,011713,BASE,1293.9193480297258
CALI,TOMATE,2021-07-01,011713,BASE,1178.5408205832762
CALI,TOMATE,2021-08-01,011713,BASE,1415.707793667645
CALI,TOMATE,2021-09-01,011713,BASE,1279.662805845251
CALI,TOMATE,2021-10-01,011713,BASE,1172.241418222694
CALI,TOMATE,2021-11-01,011713,BASE,1412.2818029101356
CALI,TOMATE,2021-12-01,011713,BASE,1386.6421301442579
CALI,TOMATE,2022-01-01,011713,BASE,1888.6050340348468
CALI,TOMATE,2022-02-01,011713,BASE,2075.045240741897
CALI,TOMATE,2022-03-01,011713,BASE,1961.3244507587588
CALI,TOMATE,2022-04-01,011713,BASE,2024.7605376881286
CALI,TOMATE,2022-05-01,011713,BASE,2623.424793605196
CALI,TOMATE,2022-06-01,011713,BASE,2322.8217335914574
CALI,TOMATE,2022-07-01,011713,BASE,1716.863432835821
CALI,TOMATE,2022-08-01,011713,BASE,1749.6866346093798
CALI,TOMATE,2022-09-01,011713,BASE,1498.594666833198
CALI,TOMATE,2022-10-01,011713,BASE,1399.2409348654219
CALI,TOMATE,2022-11-01,011713,BASE,1335.6943321051647
CALI,TOMATE,2022-12-01,011713,BASE,2050.289694623119
CALI,TOMATE,2023-01-01,011713,BASE,2295.966386685818
CALI,TOMATE,2023-02-01,011713,BASE,2091.95416286767
CALI,TOMATE,2023-03-01,011713,BASE,1709.0168088428152
CALI,TOMATE,2023-04-01,011713,BASE,1435.8216748891525
CALI,TOMATE,2023-05-01,011713,BASE,1573.1928526821957
CALI,TOMATE,2023-06-01,011713,BASE,1514.8404939736465
CALI,TOMATE,2023-07-01,011713,BASE,1868.491152813339
CALI,TOMATE,2023-08-01,011713,BASE,2130.1926403547122
CALI,TOMATE,2023-09-01,011713,BASE,2749.4128408168363
CALI,TOMATE,2023-10-01,011713,BASE,2810.7491269593456
CALI,TOMATE,2023-11-01,011713,BASE,2194.2918222694066
CALI,TOMATE,2023-12-01,011713,BASE,2201.475351277087
CALI,TOMATE,2024-01-01,011713,BASE,2149.4223949291204
CALI,TOMATE,2024-02-01,011713,BASE,2294.7507125460565
CALI,TOMATE,2024-03-01,011713,BASE,2170.8624661212766
CALI,TOMATE,2024-04-01,011713,BASE,2475.1125485543
CALI,TOMATE,2024-05-01,011713,BASE,2272.537030537688
CALI,TOMATE,2024-06-01,011713,BASE,1891.4784456379193
CALI,TOMATE,2024-07-01,011713,BASE,1943.5314019858868
CALI,TOMATE,2024-08-01,011713,BASE,1936.56890463998
CALI,TOMATE,2024-09-01,011713,BASE,1657.5164316492849
CALI,TOMATE,2024-10-01,011713,BASE,1422.2282276900019
CALI,TOMATE,2024-11-01,011713,BASE,1446.5417104852306
CALI,TOMATE,2024-12-01,011713,BASE,1698.6283207393992
CALI,TOMATE DE ÁRBOL,2019-01-01,011607,BASE,1061.0858573936794
CALI,TOMATE DE ÁRBOL,2019-02-01,011607,BASE,1179.0975409676162
CALI,TOMATE DE ÁRBOL,2019-03-01,011607,BASE,1188.4977038626607
CALI,TOMATE DE ÁRBOL,2019-04-01,011607,BASE,1276.6100741318767
CALI,TOMATE DE ÁRBOL,2019-05-01,011607,BASE,1433.1284490831056
CALI,TOMATE DE ÁRBOL,2019-06-01,011607,BASE,1613.5436236831836
CALI,TOMATE DE ÁRBOL,2019-07-01,011607,BASE,1765.758309598127
CALI,TOMATE DE ÁRBOL,2019-08-01,011607,BASE,1412.176278774873
CALI,TOMATE DE ÁRBOL,2019-09-01,011607,BASE,1263.4724970737416
CALI,TOMATE DE ÁRBOL,2019-10-01,011607,BASE,1233.912948692938
CALI,TOMATE DE ÁRBOL,2019-11-01,011607,BASE,1247.6168006242685
CALI,TOMATE DE ÁRBOL,2019-12-01,011607,BASE,1241.0480120952009
CALI,TOMATE DE ÁRBOL,2020-01-01,011607,BASE,1225.3055706203668
CALI,TOMATE DE ÁRBOL,2020-02-01,011607,BASE,1239.91546234881
CALI,TOMATE DE ÁRBOL,2020-03-01,011607,BASE,1496.8909998049157
CALI,TOMATE DE ÁRBOL,2020-04-01,011607,BASE,1703.8078384705423
CALI,TOMATE DE ÁRBOL,2020-05-01,011607,BASE,1736.4252711666015
CALI,TOMATE DE ÁRBOL,2020-06-01,011607,BASE,1869.1601014436205
CALI,TOMATE DE ÁRBOL,2020-07-01,011607,BASE,1610.5989943425675
CALI,TOMATE DE ÁRBOL,2020-08-01,011607,BASE,1276.7233291065158
CALI,TOMATE DE ÁRBOL,2020-09-01,011607,BASE,1105.2552975029264
CALI,TOMATE DE ÁRBOL,2020-10-01,011607,BASE,1098.120234100663
CALI,TOMATE DE ÁRBOL,2020-11-01,011607,BASE,1169.2443581740147
CALI,TOMATE DE ÁRBOL,2020-12-01,011607,BASE,1359.5127155676942
CALI,TOMATE DE ÁRBOL,2021-01-01,011607,BASE,1436.1863333983613
CALI,TOMATE DE ÁRBOL,2021-02-01,011607,BASE,1459.0638382754585
CALI,TOMATE DE ÁRBOL,2021-03-01,011607,BASE,1490.661976199766
CALI,TOMATE DE ÁRBOL,2021-04-01,011607,BASE,1506.4044176746
CALI,TOMATE DE ÁRBOL,2021-05-01,011607,BASE,2177.2136324619587
CALI,TOMATE DE ÁRBOL,2021-06-01,011607,BASE,1739.7096654311356
CALI,TOMATE DE ÁRBOL,2021-07-01,011607,BASE,1791.5804438158407
CALI,TOMATE DE ÁRBOL,2021-08-01,011607,BASE,1794.298563207179
CALI,TOMATE DE ÁRBOL,2021-09-01,011607,BASE,1668.925306281701
CALI,TOMATE DE ÁRBOL,2021-10-01,011607,BASE,1801.4336266094422
CALI,TOMATE DE ÁRBOL,2021-11-01,011607,BASE,1825.5569362075692
CALI,TOMATE DE ÁRBOL,2021-12-01,011607,BASE,1727.9311480686695
CALI,TOMATE DE ÁRBOL,2022-01-01,011607,BASE,1759.529285992977
CALI,TOMATE DE ÁRBOL,2022-02-01,011607,BASE,1728.1576580179478
CALI,TOMATE DE ÁRBOL,2022-03-01,011607,BASE,1867.8010417479516
CALI,TOMATE DE ÁRBOL,2022-04-01,011607,BASE,2118.8873205228247
CALI,TOMATE DE ÁRBOL,2022-05-01,011607,BASE,2274.499655676941
CALI,TOMATE DE ÁRBOL,2022-06-01,011607,BASE,2230.8964904408895
CALI,TOMATE DE ÁRBOL,2022-07-01,011607,BASE,2219.797502926258
CALI,TOMATE DE ÁRBOL,2022-08-01,011607,BASE,2322.519764923917
CALI,TOMATE DE ÁRBOL,2022-09-01,011607,BASE,2462.616168552477
CALI,TOMATE DE ÁRBOL,2022-10-01,011607,BASE,2335.657341982052
CALI,TOMATE DE ÁRBOL,2022-11-01,011607,BASE,2021.8278072571206
CALI,TOMATE DE ÁRBOL,2022-12-01,011607,BASE,1842.2054174795162
CALI,TOMATE DE ÁRBOL,2023-01-01,011607,BASE,2028.17008583691
CALI,TOMATE DE ÁRBOL,2023-02-01,011607,BASE,2139.386470932501
CALI,TOMATE DE ÁRBOL,2023-03-01,011607,BASE,2223.421662114709
CALI,TOMATE DE ÁRBOL,2023-04-01,011607,BASE,2287.7504877097153
CALI,TOMATE DE ÁRBOL,2023-05-01,011607,BASE,2471.903076472883
CALI,TOMATE DE ÁRBOL,2023-06-01,011607,BASE,2811.554745415529
CALI,TOMATE DE ÁRBOL,2023-07-01,011607,BASE,3146.9027253218883
CALI,TOMATE DE ÁRBOL,2023-08-01,011607,BASE,2666.8148878267652
CALI,TOMATE DE ÁRBOL,2023-09-01,011607,BASE,2072.452780920796
CALI,TOMATE DE ÁRBOL,2023-10-01,011607,BASE,1974.0342079594225
CALI,TOMATE DE ÁRBOL,2023-11-01,011607,BASE,1697.1257949668357
CALI,TOMATE DE ÁRBOL,2023-12-01,011607,BASE,1306.1696225126802
CALI,TOMATE DE ÁRBOL,2024-01-01,011607,BASE,1423.1620113148654
CALI,TOMATE DE ÁRBOL,2024-02-01,011607,BASE,1526.2240382364416
CALI,TOMATE DE ÁRBOL,2024-03-01,011607,BASE,1918.539270386266
CALI,TOMATE DE ÁRBOL,2024-04-01,011607,BASE,2546.08508486149
CALI,TOMATE DE ÁRBOL,2024-05-01,011607,BASE,2879.5077301989854
CALI,TOMATE DE ÁRBOL,2024-06-01,011607,BASE,3027.645237026921
CALI,TOMATE DE ÁRBOL,2024-07-01,011607,BASE,2897.8550360905188
CALI,TOMATE DE ÁRBOL,2024-08-01,011607,BASE,2439.3988987514626
CALI,TOMATE DE ÁRBOL,2024-09-01,011607,BASE,2135.7623117440503
CALI,TOMATE DE ÁRBOL,2024-10-01,011607,BASE,2082.8722385875926
CALI,TOMATE DE ÁRBOL,2024-11-01,011607,BASE,2164.8688402262974
CALI,TOMATE DE ÁRBOL,2024-12-01,011607,BASE,2096.123070620367
CALI,YUCA,2019-01-01,011706,BASE,1415.546167595416
CALI,YUCA,2019-02-01,011706,BASE,1371.4980548838187
CALI,YUCA,2019-03-01,011706,BASE,1356.4149132583325
CALI,YUCA,2019-04-01,011706,BASE,1390.3186121333192
CALI,YUCA,2019-05-01,011706,BASE,1397.1260477342025
CALI,YUCA,2019-06-01,011706,BASE,1418.8831458311427
CALI,YUCA,2019-07-01,011706,BASE,1417.281396277994
CALI,YUCA,2019-08-01,011706,BASE,1323.9794848070655
CALI,YUCA,2019-09-01,011706,BASE,1315.8372579118916
CALI,YUCA,2019-10-01,011706,BASE,1231.8788855009989
CALI,YUCA,2019-11-01,011706,BASE,1175.8176511407844
CALI,YUCA,2019-12-01,011706,BASE,1154.8614278204184
CALI,YUCA,2020-01-01,011706,BASE,1197.975186626012
CALI,YUCA,2020-02-01,011706,BASE,1145.3844096309538
CALI,YUCA,2020-03-01,011706,BASE,1142.1809105246557
CALI,YUCA,2020-04-01,011706,BASE,1100.401943013353
CALI,YUCA,2020-05-01,011706,BASE,1045.6754999474294
CALI,YUCA,2020-06-01,011706,BASE,1008.7017810955734
CALI,YUCA,2020-07-01,011706,BASE,927.9469077909788
CALI,YUCA,2020-08-01,011706,BASE,876.0235264430659
CALI,YUCA,2020-09-01,011706,BASE,866.9469456418883
CALI,YUCA,2020-10-01,011706,BASE,813.5552938702556
CALI,YUCA,2020-11-01,011706,BASE,823.4327494480075
CALI,YUCA,2020-12-01,011706,BASE,817.5596677531279
CALI,YUCA,2021-01-01,011706,BASE,827.0366859425927
CALI,YUCA,2021-02-01,011706,BASE,817.5596677531279
CALI,YUCA,2021-03-01,011706,BASE,792.7325496793187
CALI,YUCA,2021-04-01,011706,BASE,790.8638418673115
CALI,YUCA,2021-05-01,011706,BASE,1305.1589275575648
CALI,YUCA,2021-06-01,011706,BASE,984.0081421511933
CALI,YUCA,2021-07-01,011706,BASE,896.1788749868574
CALI,YUCA,2021-08-01,011706,BASE,964.1197518662601
CALI,YUCA,2021-09-01,011706,BASE,978.4020187151718
CALI,YUCA,2021-10-01,011706,BASE,1029.7914835453687
CALI,YUCA,2021-11-01,011706,BASE,1237.3515298075913
CALI,YUCA,2021-12-01,011706,BASE,1323.7125265482073
CALI,YUCA,2022-01-01,011706,BASE,1461.5964672484492
CALI,YUCA,2022-02-01,011706,BASE,1613.0952791504571
CALI,YUCA,2022-03-01,011706,BASE,1745.2396172852486
CALI,YUCA,2022-04-01,011706,BASE,1935.0469393334033
CALI,YUCA,2022-05-01,011706,BASE,2072.530442645358
CALI,YUCA,2022-06-01,011706,BASE,2141.5391525601935
CALI,YUCA,2022-07-01,011706,BASE,2232.838877089686
CALI,YUCA,2022-08-01,011706,BASE,2267.676929870676
CALI,YUCA,2022-09-01,011706,BASE,2298.3771296393647
CALI,YUCA,2022-10-01,011706,BASE,2315.195499947429
CALI,YUCA,2022-11-01,011706,BASE,2391.6790411102934
CALI,YUCA,2022-12-01,011706,BASE,2412.635264430659
CALI,YUCA,2023-01-01,011706,BASE,2376.862857743665
CALI,YUCA,2023-02-01,011706,BASE,2143.0074229839133
CALI,YUCA,2023-03-01,011706,BASE,1955.602725265482
CALI,YUCA,2023-04-01,011706,BASE,1827.5962401429922
CALI,YUCA,2023-05-01,011706,BASE,1790.6225212911368
CALI,YUCA,2023-06-01,011706,BASE,1750.3118242035537
CALI,YUCA,2023-07-01,011706,BASE,1721.7472905057305
CALI,YUCA,2023-08-01,011706,BASE,1726.018622647461
CALI,YUCA,2023-09-01,011706,BASE,1584.1303080643468
CALI,YUCA,2023-10-01,011706,BASE,1511.384182525497
CALI,YUCA,2023-11-01,011706,BASE,1421.1522910314372
CALI,YUCA,2023-12-01,011706,BASE,1363.489307118074
CALI,YUCA,2024-01-01,011706,BASE,1363.3558279886447
CALI,YUCA,2024-02-01,011706,BASE,1340.3974177268426
CALI,YUCA,2024-03-01,011706,BASE,1301.0210745452634
CALI,YUCA,2024-04-01,011706,BASE,1218.9314099463777
CALI,YUCA,2024-05-01,011706,BASE,1077.8439701398381
CALI,YUCA,2024-06-01,011706,BASE,1080.3800735989905
CALI,YUCA,2024-07-01,011706,BASE,1149.3887835138262
CALI,YUCA,2024-08-01,011706,BASE,1160.334072127011
CALI,YUCA,2024-09-01,011706,BASE,1202.913914414888
CALI,YUCA,2024-10-01,011706,BASE,1200.1108526968774
CALI,YUCA,2024-11-01,011706,BASE,1176.885484176217
CALI,YUCA,2024-12-01,011706,BASE,1209.8548291452003
CALI,ZANAHORIA,2019-01-01,011715,BASE,848.9175122037288
CALI,ZANAHORIA,2019-02-01,011715,BASE,920.8849191319181
CALI,ZANAHORIA,2019-03-01,011715,BASE,909.4432523672294
CALI,ZANAHORIA,2019-04-01,011715,BASE,839.9808257366348
CALI,ZANAHORIA,2019-05-01,011715,BASE,870.9884196906429
CALI,ZANAHORIA,2019-06-01,011715,BASE,932.8005010880433
CALI,ZANAHORIA,2019-07-01,011715,BASE,969.96899253073
CALI,ZANAHORIA,2019-08-01,011715,BASE,914.7917238134448
CALI,ZANAHORIA,2019-09-01,011715,BASE,956.2254519790627
CALI,ZANAHORIA,2019-10-01,011715,BASE,932.5296924072223
CALI,ZANAHORIA,2019-11-01,011715,BASE,876.3368911368583
CALI,ZANAHORIA,2019-12-01,011715,BASE,873.7642086690585
CALI,ZANAHORIA,2020-01-01,011715,BASE,1012.5536575898371
CALI,ZANAHORIA,2020-02-01,011715,BASE,1032.6612021407989
CALI,ZANAHORIA,2020-03-01,011715,BASE,1089.5310251132155
CALI,ZANAHORIA,2020-04-01,011715,BASE,1117.2889148973711
CALI,ZANAHORIA,2020-05-01,011715,BASE,1187.1575545491971
CALI,ZANAHORIA,2020-06-01,011715,BASE,1207.061992589543
CALI,ZANAHORIA,2020-07-01,011715,BASE,1184.7879785920134
CALI,ZANAHORIA,2020-08-01,011715,BASE,1133.3343292360173
CALI,ZANAHORIA,2020-09-01,011715,BASE,1083.5055319649473
CALI,ZANAHORIA,2020-10-01,011715,BASE,1012.6213597600424
CALI,ZANAHORIA,2020-11-01,011715,BASE,987.1653437628655
CALI,ZANAHORIA,2020-12-01,011715,BASE,913.9115956007764
CALI,ZANAHORIA,2021-01-01,011715,BASE,973.9634205728403
CALI,ZANAHORIA,2021-02-01,011715,BASE,923.3898994295124
CALI,ZANAHORIA,2021-03-01,011715,BASE,850.1361512674234
CALI,ZANAHORIA,2021-04-01,011715,BASE,847.9696818208552
CALI,ZANAHORIA,2021-05-01,011715,BASE,2046.4334987943305
CALI,ZANAHORIA,2021-06-01,011715,BASE,1324.9314709168968
CALI,ZANAHORIA,2021-07-01,011715,BASE,1223.9198329706524
CALI,ZANAHORIA,2021-08-01,011715,BASE,1250.323679350703
CALI,ZANAHORIA,2021-09-01,011715,BASE,1151.2077021702055
CALI,ZANAHORIA,2021-10-01,011715,BASE,1094.6086878786098
CALI,ZANAHORIA,2021-11-01,011715,BASE,1027.177326354173
CALI,ZANAHORIA,2021-12-01,011715,BASE,992.1076021878492
CALI,ZANAHORIA,2022-01-01,011715,BASE,1060.6899006057754
CALI,ZANAHORIA,2022-02-01,011715,BASE,1039.6345256719403
CALI,ZANAHORIA,2022-03-01,011715,BASE,999.4871387402223
CALI,ZANAHORIA,2022-04-01,011715,BASE,1110.9249108980769
CALI,ZANAHORIA,2022-05-01,011715,BASE,1501.9049438334414
CALI,ZANAHORIA,2022-06-01,011715,BASE,1823.9641674998534
CALI,ZANAHORIA,2022-07-01,011715,BASE,1681.4510992177854
CALI,ZANAHORIA,2022-08-01,011715,BASE,1519.981423278245
CALI,ZANAHORIA,2022-09-01,011715,BASE,1389.5193412927133
CALI,ZANAHORIA,2022-10-01,011715,BASE,1268.3324566253016
CALI,ZANAHORIA,2022-11-01,011715,BASE,1176.6637181673823
CALI,ZANAHORIA,2022-12-01,011715,BASE,1231.9086890548729
CALI,ZANAHORIA,2023-01-01,011715,BASE,1492.629746515321
CALI,ZANAHORIA,2023-02-01,011715,BASE,1497.5720049403046
CALI,ZANAHORIA,2023-03-01,011715,BASE,1421.6101699700052
CALI,ZANAHORIA,2023-04-01,011715,BASE,1606.6402011409753
CALI,ZANAHORIA,2023-05-01,011715,BASE,1809.0019878844912
CALI,ZANAHORIA,2023-06-01,011715,BASE,1708.464265129683
CALI,ZANAHORIA,2023-07-01,011715,BASE,1489.5831488560843
CALI,ZANAHORIA,2023-08-01,011715,BASE,1346.3253567017587
CALI,ZANAHORIA,2023-09-01,011715,BASE,1202.593649355996
CALI,ZANAHORIA,2023-10-01,011715,BASE,1131.2355619596542
CALI,ZANAHORIA,2023-11-01,011715,BASE,1074.1626324766219
CALI,ZANAHORIA,2023-12-01,011715,BASE,1156.42076927601
CALI,ZANAHORIA,2024-01-01,011715,BASE,1418.2250614597424
CALI,ZANAHORIA,2024-02-01,011715,BASE,1682.6020361112746
CALI,ZANAHORIA,2024-03-01,011715,BASE,1913.534138681409
CALI,ZANAHORIA,2024-04-01,011715,BASE,1809.8821160971595
CALI,ZANAHORIA,2024-05-01,011715,BASE,1594.9277256954656
CALI,ZANAHORIA,2024-06-01,011715,BASE,1519.3044015761925
CALI,ZANAHORIA,2024-07-01,011715,BASE,1524.3820643415868
CALI,ZANAHORIA,2024-08-01,011715,BASE,1535.2821137446335
CALI,ZANAHORIA,2024-09-01,011715,BASE,1712.8649061930248
CALI,ZANAHORIA,2024-10-01,011715,BASE,1632.4347279891786
CALI,ZANAHORIA,2024-11-01,011715,BASE,1645.7720555196142
CALI,ZANAHORIA,2024-12-01,011715,BASE,1598.5159407163442
MEDELLÍN,ACEITE DE GIRASOL,2019-01-01,011501,D_city,5089.757176128031
MEDELLÍN,ACEITE DE GIRASOL,2019-02-01,011501,D_city,5077.21192484161
MEDELLÍN,ACEITE DE GIRASOL,2019-03-01,011501,D_city,5094.081933756422
MEDELLÍN,ACEITE DE GIRASOL,2019-04-01,011501,D_city,5117.425106975462
MEDELLÍN,ACEITE DE GIRASOL,2019-05-01,011501,D_city,5112.239266022241
MEDELLÍN,ACEITE DE GIRASOL,2019-06-01,011501,D_city,5116.128728591211
MEDELLÍN,ACEITE DE GIRASOL,2019-07-01,011501,D_city,5081.971073780481
MEDELLÍN,ACEITE DE GIRASOL,2019-08-01,011501,D_city,5097.1089012912635
MEDELLÍN,ACEITE DE GIRASOL,2019-09-01,011501,D_city,5132.113588105503
MEDELLÍN,ACEITE DE GIRASOL,2019-10-01,011501,D_city,5145.931665625965
MEDELLÍN,ACEITE DE GIRASOL,2019-11-01,011501,D_city,5212.776199769083
MEDELLÍN,ACEITE DE GIRASOL,2019-12-01,011501,D_city,5237.75233952535
MEDELLÍN,ACEITE DE GIRASOL,2020-01-01,011501,D_city,5369.627406035274
MEDELLÍN,ACEITE DE GIRASOL,2020-02-01,011501,D_city,5413.751240521784
MEDELLÍN,ACEITE DE GIRASOL,2020-03-01,011501,D_city,5440.710165871092
MEDELLÍN,ACEITE DE GIRASOL,2020-04-01,011501,D_city,5534.679526166582
MEDELLÍN,ACEITE DE GIRASOL,2020-05-01,011501,D_city,5590.08229279269
MEDELLÍN,ACEITE DE GIRASOL,2020-06-01,011501,D_city,5646.244260392896
MEDELLÍN,ACEITE DE GIRASOL,2020-07-01,011501,D_city,5677.688403411011
MEDELLÍN,ACEITE DE GIRASOL,2020-08-01,011501,D_city,5726.497034958643
MEDELLÍN,ACEITE DE GIRASOL,2020-09-01,011501,D_city,5733.282315998922
MEDELLÍN,ACEITE DE GIRASOL,2020-10-01,011501,D_city,5740.9141634534635
MEDELLÍN,ACEITE DE GIRASOL,2020-11-01,011501,D_city,5758.7152614891265
MEDELLÍN,ACEITE DE GIRASOL,2020-12-01,011501,D_city,5825.599793132427
MEDELLÍN,ACEITE DE GIRASOL,2021-01-01,011501,D_city,5909.659547618508
MEDELLÍN,ACEITE DE GIRASOL,2021-02-01,011501,D_city,6032.645922956183
MEDELLÍN,ACEITE DE GIRASOL,2021-03-01,011501,D_city,6248.552140152968
MEDELLÍN,ACEITE DE GIRASOL,2021-04-01,011501,D_city,6484.004718573459
MEDELLÍN,ACEITE DE GIRASOL,2021-05-01,011501,D_city,6781.188572630921
MEDELLÍN,ACEITE DE GIRASOL,2021-06-01,011501,D_city,7258.0547386517
MEDELLÍN,ACEITE DE GIRASOL,2021-07-01,011501,D_city,7429.790815487339
MEDELLÍN,ACEITE DE GIRASOL,2021-08-01,011501,D_city,7555.123015047379
MEDELLÍN,ACEITE DE GIRASOL,2021-09-01,011501,D_city,7675.667266886909
MEDELLÍN,ACEITE DE GIRASOL,2021-10-01,011501,D_city,7797.509647599811
MEDELLÍN,ACEITE DE GIRASOL,2021-11-01,011501,D_city,7927.4756288005
MEDELLÍN,ACEITE DE GIRASOL,2021-12-01,011501,D_city,8136.370675070687
MEDELLÍN,ACEITE DE GIRASOL,2022-01-01,011501,D_city,8239.485553849225
MEDELLÍN,ACEITE DE GIRASOL,2022-02-01,011501,D_city,8344.777084828978
MEDELLÍN,ACEITE DE GIRASOL,2022-03-01,011501,D_city,8498.330754530754
MEDELLÍN,ACEITE DE GIRASOL,2022-04-01,011501,D_city,8635.977467706332
MEDELLÍN,ACEITE DE GIRASOL,2022-05-01,011501,D_city,8734.130088394953
MEDELLÍN,ACEITE DE GIRASOL,2022-06-01,011501,D_city,8778.792052467003
MEDELLÍN,ACEITE DE GIRASOL,2022-07-01,011501,D_city,8912.15865093705
MEDELLÍN,ACEITE DE GIRASOL,2022-08-01,011501,D_city,9024.748792831113
MEDELLÍN,ACEITE DE GIRASOL,2022-09-01,011501,D_city,9165.747917408877
MEDELLÍN,ACEITE DE GIRASOL,2022-10-01,011501,D_city,9181.043601564137
MEDELLÍN,ACEITE DE GIRASOL,2022-11-01,011501,D_city,9219.852127395356
MEDELLÍN,ACEITE DE GIRASOL,2022-12-01,011501,D_city,9249.234468749852
MEDELLÍN,ACEITE DE GIRASOL,2023-01-01,011501,D_city,9224.94617945117
MEDELLÍN,ACEITE DE GIRASOL,2023-02-01,011501,D_city,9144.169871948041
MEDELLÍN,ACEITE DE GIRASOL,2023-03-01,011501,D_city,9266.073352345182
MEDELLÍN,ACEITE DE GIRASOL,2023-04-01,011501,D_city,9348.236994634652
MEDELLÍN,ACEITE DE GIRASOL,2023-05-01,011501,D_city,9356.055835377461
MEDELLÍN,ACEITE DE GIRASOL,2023-06-01,011501,D_city,9260.983063442629
MEDELLÍN,ACEITE DE GIRASOL,2023-07-01,011501,D_city,9122.583366660805
MEDELLÍN,ACEITE DE GIRASOL,2023-08-01,011501,D_city,9101.773796294467
MEDELLÍN,ACEITE DE GIRASOL,2023-09-01,011501,D_city,8902.305661950182
MEDELLÍN,ACEITE DE GIRASOL,2023-10-01,011501,D_city,8833.283868382663
MEDELLÍN,ACEITE DE GIRASOL,2023-11-01,011501,D_city,8721.08006372823
MEDELLÍN,ACEITE DE GIRASOL,2023-12-01,011501,D_city,8573.74475244292
MEDELLÍN,ACEITE DE GIRASOL,2024-01-01,011501,D_city,8526.921717540812
MEDELLÍN,ACEITE DE GIRASOL,2024-02-01,011501,D_city,8345.1754954545
MEDELLÍN,ACEITE DE GIRASOL,2024-03-01,011501,D_city,8285.378487586586
MEDELLÍN,ACEITE DE GIRASOL,2024-04-01,011501,D_city,8199.144549088758
MEDELLÍN,ACEITE DE GIRASOL,2024-05-01,011501,D_city,8163.1693288606275
MEDELLÍN,ACEITE DE GIRASOL,2024-06-01,011501,D_city,8112.359433952714
MEDELLÍN,ACEITE DE GIRASOL,2024-07-01,011501,D_city,8027.424822615035
MEDELLÍN,ACEITE DE GIRASOL,2024-08-01,011501,D_city,7928.279264371539
MEDELLÍN,ACEITE DE GIRASOL,2024-09-01,011501,D_city,7996.137783566188
MEDELLÍN,ACEITE DE GIRASOL,2024-10-01,011501,D_city,8006.970209364369
MEDELLÍN,ACEITE DE GIRASOL,2024-11-01,011501,D_city,8073.115656689818
MEDELLÍN,ACEITE DE GIRASOL,2024-12-01,011501,D_city,8151.9716713022435
MEDELLÍN,ACEITE DE SOYA O DE MAÍZ,2019-01-01,011501,D_city,3332.9281088394123
MEDELLÍN,ACEITE DE SOYA O DE MAÍZ,2019-02-01,011501,D_city,3321.936892312289
MEDELLÍN,ACEITE DE SOYA O DE MAÍZ,2019-03-01,011501,D_city,3336.7192671814914
MEDELLÍN,ACEITE DE SOYA O DE MAÍZ,2019-04-01,011501,D_city,3357.2011002078443
MEDELLÍN,ACEITE DE SOYA O DE MAÍZ,2019-05-01,011501,D_city,3352.6481870056855
MEDELLÍN,ACEITE DE SOYA O DE MAÍZ,2019-06-01,011501,D_city,3356.062797295171
MEDELLÍN,ACEITE DE SOYA O DE MAÍZ,2019-07-01,011501,D_city,3326.105423834425
MEDELLÍN,ACEITE DE SOYA O DE MAÍZ,2019-08-01,011501,D_city,3339.373408253619
MEDELLÍN,ACEITE DE SOYA O DE MAÍZ,2019-09-01,011501,D_city,3370.1053384574816
MEDELLÍN,ACEITE DE SOYA O DE MAÍZ,2019-10-01,011501,D_city,3382.256321488141
MEDELLÍN,ACEITE DE SOYA O DE MAÍZ,2019-11-01,011501,D_city,3441.191998579323
MEDELLÍN,ACEITE DE SOYA O DE MAÍZ,2019-12-01,011501,D_city,3463.278943026316
MEDELLÍN,ACEITE DE SOYA O DE MAÍZ,2020-01-01,011501,D_city,3580.4878616295236
MEDELLÍN,ACEITE DE SOYA O DE MAÍZ,2020-02-01,011501,D_city,3619.9238408356273
MEDELLÍN,ACEITE DE SOYA O DE MAÍZ,2020-03-01,011501,D_city,3644.072221735066
MEDELLÍN,ACEITE DE SOYA O DE MAÍZ,2020-04-01,011501,D_city,3728.5610682041315
MEDELLÍN,ACEITE DE SOYA O DE MAÍZ,2020-05-01,011501,D_city,3778.602832562754
MEDELLÍN,ACEITE DE SOYA O DE MAÍZ,2020-06-01,011501,D_city,3829.501968850277
MEDELLÍN,ACEITE DE SOYA O DE MAÍZ,2020-07-01,011501,D_city,3858.0745767324624
MEDELLÍN,ACEITE DE SOYA O DE MAÍZ,2020-08-01,011501,D_city,3902.532048255417
MEDELLÍN,ACEITE DE SOYA O DE MAÍZ,2020-09-01,011501,D_city,3908.7226258147857
MEDELLÍN,ACEITE DE SOYA O DE MAÍZ,2020-10-01,011501,D_city,3915.6885354930264
MEDELLÍN,ACEITE DE SOYA O DE MAÍZ,2020-11-01,011501,D_city,3931.948530528851
MEDELLÍN,ACEITE DE SOYA O DE MAÍZ,2020-12-01,011501,D_city,3993.1944903676595
MEDELLÍN,ACEITE DE SOYA O DE MAÍZ,2021-01-01,011501,D_city,4070.505749740369
MEDELLÍN,ACEITE DE SOYA O DE MAÍZ,2021-02-01,011501,D_city,4184.289914873311
MEDELLÍN,ACEITE DE SOYA O DE MAÍZ,2021-03-01,011501,D_city,4385.940896880919
MEDELLÍN,ACEITE DE SOYA O DE MAÍZ,2021-04-01,011501,D_city,4608.550595695074
MEDELLÍN,ACEITE DE SOYA O DE MAÍZ,2021-05-01,011501,D_city,4893.447600024012
MEDELLÍN,ACEITE DE SOYA O DE MAÍZ,2021-06-01,011501,D_city,5359.447627790937
MEDELLÍN,ACEITE DE SOYA O DE MAÍZ,2021-07-01,011501,D_city,5529.862290497575
MEDELLÍN,ACEITE DE SOYA O DE MAÍZ,2021-08-01,011501,D_city,5655.076271948818
MEDELLÍN,ACEITE DE SOYA O DE MAÍZ,2021-09-01,011501,D_city,5776.172155295328
MEDELLÍN,ACEITE DE SOYA O DE MAÍZ,2021-10-01,011501,D_city,5899.228038591281
MEDELLÍN,ACEITE DE SOYA O DE MAÍZ,2021-11-01,011501,D_city,6031.207619350425
MEDELLÍN,ACEITE DE SOYA O DE MAÍZ,2021-12-01,011501,D_city,6244.874812793307
MEDELLÍN,ACEITE DE SOYA O DE MAÍZ,2022-01-01,011501,D_city,6351.034869062482
MEDELLÍN,ACEITE DE SOYA O DE MAÍZ,2022-02-01,011501,D_city,6459.900886263092
MEDELLÍN,ACEITE DE SOYA O DE MAÍZ,2022-03-01,011501,D_city,6619.501729584345
MEDELLÍN,ACEITE DE SOYA O DE MAÍZ,2022-04-01,011501,D_city,6763.401814396135
MEDELLÍN,ACEITE DE SOYA O DE MAÍZ,2022-05-01,011501,D_city,6866.4895390900665
MEDELLÍN,ACEITE DE SOYA O DE MAÍZ,2022-06-01,011501,D_city,6913.52734245458
MEDELLÍN,ACEITE DE SOYA O DE MAÍZ,2022-07-01,011501,D_city,7054.469968622625
MEDELLÍN,ACEITE DE SOYA O DE MAÍZ,2022-08-01,011501,D_city,7174.013401132266
MEDELLÍN,ACEITE DE SOYA O DE MAÍZ,2022-09-01,011501,D_city,7324.433294440069
MEDELLÍN,ACEITE DE SOYA O DE MAÍZ,2022-10-01,011501,D_city,7340.798311208124
MEDELLÍN,ACEITE DE SOYA O DE MAÍZ,2022-11-01,011501,D_city,7382.361371892017
MEDELLÍN,ACEITE DE SOYA O DE MAÍZ,2022-12-01,011501,D_city,7413.868628705706
MEDELLÍN,ACEITE DE SOYA O DE MAÍZ,2023-01-01,011501,D_city,7387.8213909111555
MEDELLÍN,ACEITE DE SOYA O DE MAÍZ,2023-02-01,011501,D_city,7301.3624292966915
MEDELLÍN,ACEITE DE SOYA O DE MAÍZ,2023-03-01,011501,D_city,7431.940576570505
MEDELLÍN,ACEITE DE SOYA O DE MAÍZ,2023-04-01,011501,D_city,7520.280094493339
MEDELLÍN,ACEITE DE SOYA O DE MAÍZ,2023-05-01,011501,D_city,7528.700382764995
MEDELLÍN,ACEITE DE SOYA O DE MAÍZ,2023-06-01,011501,D_city,7426.476366756248
MEDELLÍN,ACEITE DE SOYA O DE MAÍZ,2023-07-01,011501,D_city,7278.300951142804
MEDELLÍN,ACEITE DE SOYA O DE MAÍZ,2023-08-01,011501,D_city,7256.086974000399
MEDELLÍN,ACEITE DE SOYA O DE MAÍZ,2023-09-01,011501,D_city,7044.032696358503
MEDELLÍN,ACEITE DE SOYA O DE MAÍZ,2023-10-01,011501,D_city,6971.0276844666605
MEDELLÍN,ACEITE DE SOYA O DE MAÍZ,2023-11-01,011501,D_city,6852.760650215918
MEDELLÍN,ACEITE DE SOYA O DE MAÍZ,2023-12-01,011501,D_city,6698.244915326224
MEDELLÍN,ACEITE DE SOYA O DE MAÍZ,2024-01-01,011501,D_city,6649.327132494174
MEDELLÍN,ACEITE DE SOYA O DE MAÍZ,2024-02-01,011501,D_city,6460.313709717533
MEDELLÍN,ACEITE DE SOYA O DE MAÍZ,2024-03-01,011501,D_city,6398.4282581973885
MEDELLÍN,ACEITE DE SOYA O DE MAÍZ,2024-04-01,011501,D_city,6309.448642388952
MEDELLÍN,ACEITE DE SOYA O DE MAÍZ,2024-05-01,011501,D_city,6272.421328531404
MEDELLÍN,ACEITE DE SOYA O DE MAÍZ,2024-06-01,011501,D_city,6220.219567273813
MEDELLÍN,ACEITE DE SOYA O DE MAÍZ,2024-07-01,011501,D_city,6133.205390940593
MEDELLÍN,ACEITE DE SOYA O DE MAÍZ,2024-08-01,011501,D_city,6032.025998946696
MEDELLÍN,ACEITE DE SOYA O DE MAÍZ,2024-09-01,011501,D_city,6101.230599102549
MEDELLÍN,ACEITE DE SOYA O DE MAÍZ,2024-10-01,011501,D_city,6112.296359353821
MEDELLÍN,ACEITE DE SOYA O DE MAÍZ,2024-11-01,011501,D_city,6179.976409380798
MEDELLÍN,ACEITE DE SOYA O DE MAÍZ,2024-12-01,011501,D_city,6260.907452319149
MEDELLÍN,AGUACATE,2019-01-01,011609,D_city,2369.1874129452367
MEDELLÍN,AGUACATE,2019-02-01,011609,D_city,2496.88000490586
MEDELLÍN,AGUACATE,2019-03-01,011609,D_city,2700.283370129875
MEDELLÍN,AGUACATE,2019-04-01,011609,D_city,2679.806227615847
MEDELLÍN,AGUACATE,2019-05-01,011609,D_city,2540.4915541444625
MEDELLÍN,AGUACATE,2019-06-01,011609,D_city,2581.9295625781697
MEDELLÍN,AGUACATE,2019-07-01,011609,D_city,2695.077805607562
MEDELLÍN,AGUACATE,2019-08-01,011609,D_city,2874.8269849870885
MEDELLÍN,AGUACATE,2019-09-01,011609,D_city,3021.214248815614
MEDELLÍN,AGUACATE,2019-10-01,011609,D_city,3000.057343331907
MEDELLÍN,AGUACATE,2019-11-01,011609,D_city,2857.134757810016
MEDELLÍN,AGUACATE,2019-12-01,011609,D_city,2675.490486003021
MEDELLÍN,AGUACATE,2020-01-01,011609,D_city,2691.4863594577946
MEDELLÍN,AGUACATE,2020-02-01,011609,D_city,2814.388169577558
MEDELLÍN,AGUACATE,2020-03-01,011609,D_city,3096.6371634005786
MEDELLÍN,AGUACATE,2020-04-01,011609,D_city,3227.1120626931033
MEDELLÍN,AGUACATE,2020-05-01,011609,D_city,3020.165982863902
MEDELLÍN,AGUACATE,2020-06-01,011609,D_city,2787.7039235591305
MEDELLÍN,AGUACATE,2020-07-01,011609,D_city,2729.31877947151
MEDELLÍN,AGUACATE,2020-08-01,011609,D_city,2926.5163312598384
MEDELLÍN,AGUACATE,2020-09-01,011609,D_city,2995.156450118639
MEDELLÍN,AGUACATE,2020-10-01,011609,D_city,3067.078371643528
MEDELLÍN,AGUACATE,2020-11-01,011609,D_city,3069.1671038386603
MEDELLÍN,AGUACATE,2020-12-01,011609,D_city,2950.785796440076
MEDELLÍN,AGUACATE,2021-01-01,011609,D_city,2937.074165814429
MEDELLÍN,AGUACATE,2021-02-01,011609,D_city,2982.5453297543886
MEDELLÍN,AGUACATE,2021-03-01,011609,D_city,3089.8620159411475
MEDELLÍN,AGUACATE,2021-04-01,011609,D_city,3156.4180959282025
MEDELLÍN,AGUACATE,2021-05-01,011609,D_city,3200.774892407211
MEDELLÍN,AGUACATE,2021-06-01,011609,D_city,3096.6371634005786
MEDELLÍN,AGUACATE,2021-07-01,011609,D_city,3233.4734528562904
MEDELLÍN,AGUACATE,2021-08-01,011609,D_city,3446.1726177152195
MEDELLÍN,AGUACATE,2021-09-01,011609,D_city,3460.047658163304
MEDELLÍN,AGUACATE,2021-10-01,011609,D_city,3576.61745152025
MEDELLÍN,AGUACATE,2021-11-01,011609,D_city,3436.858697907107
MEDELLÍN,AGUACATE,2021-12-01,011609,D_city,3357.3587713063193
MEDELLÍN,AGUACATE,2022-01-01,011609,D_city,3533.4325392595456
MEDELLÍN,AGUACATE,2022-02-01,011609,D_city,3727.879211728793
MEDELLÍN,AGUACATE,2022-03-01,011609,D_city,3912.7037328095394
MEDELLÍN,AGUACATE,2022-04-01,011609,D_city,3916.152088631558
MEDELLÍN,AGUACATE,2022-05-01,011609,D_city,3806.1004997207165
MEDELLÍN,AGUACATE,2022-06-01,011609,D_city,3830.3830903107296
MEDELLÍN,AGUACATE,2022-07-01,011609,D_city,3916.152088631558
MEDELLÍN,AGUACATE,2022-08-01,011609,D_city,4142.667443478036
MEDELLÍN,AGUACATE,2022-09-01,011609,D_city,4457.851446542676
MEDELLÍN,AGUACATE,2022-10-01,011609,D_city,4463.5810247505215
MEDELLÍN,AGUACATE,2022-11-01,011609,D_city,4203.955986707867
MEDELLÍN,AGUACATE,2022-12-01,011609,D_city,4066.197553953798
MEDELLÍN,AGUACATE,2023-01-01,011609,D_city,4218.639819644892
MEDELLÍN,AGUACATE,2023-02-01,011609,D_city,4589.666779643746
MEDELLÍN,AGUACATE,2023-03-01,011609,D_city,4912.160656272782
MEDELLÍN,AGUACATE,2023-04-01,011609,D_city,4722.780555787468
MEDELLÍN,AGUACATE,2023-05-01,011609,D_city,4436.0310761942355
MEDELLÍN,AGUACATE,2023-06-01,011609,D_city,4348.170372825274
MEDELLÍN,AGUACATE,2023-07-01,011609,D_city,4714.772126279669
MEDELLÍN,AGUACATE,2023-08-01,011609,D_city,5110.750496972834
MEDELLÍN,AGUACATE,2023-09-01,011609,D_city,5270.685914219959
MEDELLÍN,AGUACATE,2023-10-01,011609,D_city,5334.059936822814
MEDELLÍN,AGUACATE,2023-11-01,011609,D_city,4945.105887139055
MEDELLÍN,AGUACATE,2023-12-01,011609,D_city,4678.143059812333
MEDELLÍN,AGUACATE,2024-01-01,011609,D_city,4888.195575000363
MEDELLÍN,AGUACATE,2024-02-01,011609,D_city,5161.529741866965
MEDELLÍN,AGUACATE,2024-03-01,011609,D_city,5585.790377465264
MEDELLÍN,AGUACATE,2024-04-01,011609,D_city,5800.631861901341
MEDELLÍN,AGUACATE,2024-05-01,011609,D_city,5460.120589098112
MEDELLÍN,AGUACATE,2024-06-01,011609,D_city,4988.848102182476
MEDELLÍN,AGUACATE,2024-07-01,011609,D_city,4879.162481321705
MEDELLÍN,AGUACATE,2024-08-01,011609,D_city,5300.486641154838
MEDELLÍN,AGUACATE,2024-09-01,011609,D_city,5757.847814006745
MEDELLÍN,AGUACATE,2024-10-01,011609,D_city,5665.888602429849
MEDELLÍN,AGUACATE,2024-11-01,011609,D_city,5424.153261611813
MEDELLÍN,AGUACATE,2024-12-01,011609,D_city,5102.121454447584
MEDELLÍN,ARRACACHA,2019-01-01,011712,BASE,2029.1899037241583
MEDELLÍN,ARRACACHA,2019-02-01,011712,BASE,2020.2328054332409
MEDELLÍN,ARRACACHA,2019-03-01,011712,BASE,2008.6292917381893
MEDELLÍN,ARRACACHA,2019-04-01,011712,BASE,2137.6929352936786
MEDELLÍN,ARRACACHA,2019-05-01,011712,BASE,2213.6247003507724
MEDELLÍN,ARRACACHA,2019-06-01,011712,BASE,2298.9207045301887
MEDELLÍN,ARRACACHA,2019-07-01,011712,BASE,2267.367290096275
MEDELLÍN,ARRACACHA,2019-08-01,011712,BASE,2248.842382267333
MEDELLÍN,ARRACACHA,2019-09-01,011712,BASE,2228.892481528472
MEDELLÍN,ARRACACHA,2019-10-01,011712,BASE,2146.650033584596
MEDELLÍN,ARRACACHA,2019-11-01,011712,BASE,2196.117644600343
MEDELLÍN,ARRACACHA,2019-12-01,011712,BASE,2380.9595820583622
MEDELLÍN,ARRACACHA,2020-01-01,011712,BASE,2586.3621315023506
MEDELLÍN,ARRACACHA,2020-02-01,011712,BASE,2762.4505410851552
MEDELLÍN,ARRACACHA,2020-03-01,011712,BASE,2967.6495201134408
MEDELLÍN,ARRACACHA,2020-04-01,011712,BASE,3180.7877453541305
MEDELLÍN,ARRACACHA,2020-05-01,011712,BASE,3065.974030897828
MEDELLÍN,ARRACACHA,2020-06-01,011712,BASE,2858.7393477125156
MEDELLÍN,ARRACACHA,2020-07-01,011712,BASE,2807.84674378685
MEDELLÍN,ARRACACHA,2020-08-01,011712,BASE,2870.5464318232694
MEDELLÍN,ARRACACHA,2020-09-01,011712,BASE,2850.1893902530037
MEDELLÍN,ARRACACHA,2020-10-01,011712,BASE,2750.2363161429957
MEDELLÍN,ARRACACHA,2020-11-01,011712,BASE,2796.6503709232024
MEDELLÍN,ARRACACHA,2020-12-01,011712,BASE,2842.6572848720048
MEDELLÍN,ARRACACHA,2021-01-01,011712,BASE,2846.321552354653
MEDELLÍN,ARRACACHA,2021-02-01,011712,BASE,2850.8001015001114
MEDELLÍN,ARRACACHA,2021-03-01,011712,BASE,2741.4827882677805
MEDELLÍN,ARRACACHA,2021-04-01,011712,BASE,2697.3080080603027
MEDELLÍN,ARRACACHA,2021-05-01,011712,BASE,2684.0759310396293
MEDELLÍN,ARRACACHA,2021-06-01,011712,BASE,2534.655245913874
MEDELLÍN,ARRACACHA,2021-07-01,011712,BASE,2479.0805224270466
MEDELLÍN,ARRACACHA,2021-08-01,011712,BASE,2438.366439286514
MEDELLÍN,ARRACACHA,2021-09-01,011712,BASE,2392.766666169117
MEDELLÍN,ARRACACHA,2021-10-01,011712,BASE,2407.8308769311143
MEDELLÍN,ARRACACHA,2021-11-01,011712,BASE,2350.0168788715573
MEDELLÍN,ARRACACHA,2021-12-01,011712,BASE,2370.5774908575268
MEDELLÍN,ARRACACHA,2022-01-01,011712,BASE,2411.902285245167
MEDELLÍN,ARRACACHA,2022-02-01,011712,BASE,2430.223622658407
MEDELLÍN,ARRACACHA,2022-03-01,011712,BASE,2458.112769609672
MEDELLÍN,ARRACACHA,2022-04-01,011712,BASE,2511.0410776923645
MEDELLÍN,ARRACACHA,2022-05-01,011712,BASE,2493.12688111053
MEDELLÍN,ARRACACHA,2022-06-01,011712,BASE,2536.2838092394954
MEDELLÍN,ARRACACHA,2022-07-01,011712,BASE,2676.136684827226
MEDELLÍN,ARRACACHA,2022-08-01,011712,BASE,3179.769893275617
MEDELLÍN,ARRACACHA,2022-09-01,011712,BASE,3588.74285842227
MEDELLÍN,ARRACACHA,2022-10-01,011712,BASE,4046.572723337562
MEDELLÍN,ARRACACHA,2022-11-01,011712,BASE,4217.5718725278
MEDELLÍN,ARRACACHA,2022-12-01,011712,BASE,4370.656825136203
MEDELLÍN,ARRACACHA,2023-01-01,011712,BASE,4640.998337189341
MEDELLÍN,ARRACACHA,2023-02-01,011712,BASE,4868.59006194492
MEDELLÍN,ARRACACHA,2023-03-01,011712,BASE,5150.738658108813
MEDELLÍN,ARRACACHA,2023-04-01,011712,BASE,5308.098589446973
MEDELLÍN,ARRACACHA,2023-05-01,011712,BASE,5331.102046421373
MEDELLÍN,ARRACACHA,2023-06-01,011712,BASE,5224.63471900888
MEDELLÍN,ARRACACHA,2023-07-01,011712,BASE,5177.20281215016
MEDELLÍN,ARRACACHA,2023-08-01,011712,BASE,4998.467987163221
MEDELLÍN,ARRACACHA,2023-09-01,011712,BASE,4656.062547951339
MEDELLÍN,ARRACACHA,2023-10-01,011712,BASE,4347.4497977461
MEDELLÍN,ARRACACHA,2023-11-01,011712,BASE,4111.918826778117
MEDELLÍN,ARRACACHA,2023-12-01,011712,BASE,3961.276719158146
MEDELLÍN,ARRACACHA,2024-01-01,011712,BASE,3977.1552115829536
MEDELLÍN,ARRACACHA,2024-02-01,011712,BASE,3883.919961191133
MEDELLÍN,ARRACACHA,2024-03-01,011712,BASE,3849.1094201059777
MEDELLÍN,ARRACACHA,2024-04-01,011712,BASE,3809.006048212553
MEDELLÍN,ARRACACHA,2024-05-01,011712,BASE,3686.456657959549
MEDELLÍN,ARRACACHA,2024-06-01,011712,BASE,3631.0855048884246
MEDELLÍN,ARRACACHA,2024-07-01,011712,BASE,3724.524325695947
MEDELLÍN,ARRACACHA,2024-08-01,011712,BASE,3692.3602000149262
MEDELLÍN,ARRACACHA,2024-09-01,011712,BASE,3839.3380401522495
MEDELLÍN,ARRACACHA,2024-10-01,011712,BASE,3909.1626927382636
MEDELLÍN,ARRACACHA,2024-11-01,011712,BASE,3896.7448973804007
MEDELLÍN,ARRACACHA,2024-12-01,011712,BASE,4081.383264422718
MEDELLÍN,ARROZ INTEGRAL,2019-01-01,011101,D_city,2008.5109334764988
MEDELLÍN,ARROZ INTEGRAL,2019-02-01,011101,D_city,2023.7993560949467
MEDELLÍN,ARROZ INTEGRAL,2019-03-01,011101,D_city,2019.3847956219065
MEDELLÍN,ARROZ INTEGRAL,2019-04-01,011101,D_city,2024.6481155913973
MEDELLÍN,ARROZ INTEGRAL,2019-05-01,011101,D_city,2038.72840000435
MEDELLÍN,ARROZ INTEGRAL,2019-06-01,011101,D_city,2059.393727303354
MEDELLÍN,ARROZ INTEGRAL,2019-07-01,011101,D_city,2135.643224968388
MEDELLÍN,ARROZ INTEGRAL,2019-08-01,011101,D_city,2193.3533474963824
MEDELLÍN,ARROZ INTEGRAL,2019-09-01,011101,D_city,2194.859591736465
MEDELLÍN,ARROZ INTEGRAL,2019-10-01,011101,D_city,2190.507722428333
MEDELLÍN,ARROZ INTEGRAL,2019-11-01,011101,D_city,2246.9647204869507
MEDELLÍN,ARROZ INTEGRAL,2019-12-01,011101,D_city,2368.060717090264
MEDELLÍN,ARROZ INTEGRAL,2020-01-01,011101,D_city,2534.979082785871
MEDELLÍN,ARROZ INTEGRAL,2020-02-01,011101,D_city,2644.8602776666753
MEDELLÍN,ARROZ INTEGRAL,2020-03-01,011101,D_city,2708.693740717358
MEDELLÍN,ARROZ INTEGRAL,2020-04-01,011101,D_city,2804.5129165606304
MEDELLÍN,ARROZ INTEGRAL,2020-05-01,011101,D_city,2826.776631561815
MEDELLÍN,ARROZ INTEGRAL,2020-06-01,011101,D_city,2819.252078913779
MEDELLÍN,ARROZ INTEGRAL,2020-07-01,011101,D_city,2749.6012145526706
MEDELLÍN,ARROZ INTEGRAL,2020-08-01,011101,D_city,2631.2507425372105
MEDELLÍN,ARROZ INTEGRAL,2020-09-01,011101,D_city,2557.9662152238866
MEDELLÍN,ARROZ INTEGRAL,2020-10-01,011101,D_city,2517.347081596947
MEDELLÍN,ARROZ INTEGRAL,2020-11-01,011101,D_city,2469.4018717899553
MEDELLÍN,ARROZ INTEGRAL,2020-12-01,011101,D_city,2441.67295914956
MEDELLÍN,ARROZ INTEGRAL,2021-01-01,011101,D_city,2438.223491658453
MEDELLÍN,ARROZ INTEGRAL,2021-02-01,011101,D_city,2411.4197037947606
MEDELLÍN,ARROZ INTEGRAL,2021-03-01,011101,D_city,2380.769536677646
MEDELLÍN,ARROZ INTEGRAL,2021-04-01,011101,D_city,2361.2887850553816
MEDELLÍN,ARROZ INTEGRAL,2021-05-01,011101,D_city,2358.4799082778322
MEDELLÍN,ARROZ INTEGRAL,2021-06-01,011101,D_city,2359.6365758852394
MEDELLÍN,ARROZ INTEGRAL,2021-07-01,011101,D_city,2326.5493572884457
MEDELLÍN,ARROZ INTEGRAL,2021-08-01,011101,D_city,2277.926164603592
MEDELLÍN,ARROZ INTEGRAL,2021-09-01,011101,D_city,2200.7154800171134
MEDELLÍN,ARROZ INTEGRAL,2021-10-01,011101,D_city,2118.478927071153
MEDELLÍN,ARROZ INTEGRAL,2021-11-01,011101,D_city,2096.398579657431
MEDELLÍN,ARROZ INTEGRAL,2021-12-01,011101,D_city,2116.4579911407372
MEDELLÍN,ARROZ INTEGRAL,2022-01-01,011101,D_city,2138.8378086580574
MEDELLÍN,ARROZ INTEGRAL,2022-02-01,011101,D_city,2244.631259777988
MEDELLÍN,ARROZ INTEGRAL,2022-03-01,011101,D_city,2396.9271513867297
MEDELLÍN,ARROZ INTEGRAL,2022-04-01,011101,D_city,2568.713646403477
MEDELLÍN,ARROZ INTEGRAL,2022-05-01,011101,D_city,2656.515786149654
MEDELLÍN,ARROZ INTEGRAL,2022-06-01,011101,D_city,2735.118776788333
MEDELLÍN,ARROZ INTEGRAL,2022-07-01,011101,D_city,2779.8102429302335
MEDELLÍN,ARROZ INTEGRAL,2022-08-01,011101,D_city,2818.4513866395064
MEDELLÍN,ARROZ INTEGRAL,2022-09-01,011101,D_city,2856.200663276779
MEDELLÍN,ARROZ INTEGRAL,2022-10-01,011101,D_city,2914.7304502964903
MEDELLÍN,ARROZ INTEGRAL,2022-11-01,011101,D_city,3047.927746243602
MEDELLÍN,ARROZ INTEGRAL,2022-12-01,011101,D_city,3186.8477254772497
MEDELLÍN,ARROZ INTEGRAL,2023-01-01,011101,D_city,3221.4490313978363
MEDELLÍN,ARROZ INTEGRAL,2023-02-01,011101,D_city,3232.5513815734366
MEDELLÍN,ARROZ INTEGRAL,2023-03-01,011101,D_city,3226.1409857925582
MEDELLÍN,ARROZ INTEGRAL,2023-04-01,011101,D_city,3245.834106230248
MEDELLÍN,ARROZ INTEGRAL,2023-05-01,011101,D_city,3243.4907923762976
MEDELLÍN,ARROZ INTEGRAL,2023-06-01,011101,D_city,3207.522476785205
MEDELLÍN,ARROZ INTEGRAL,2023-07-01,011101,D_city,3162.3834328775247
MEDELLÍN,ARROZ INTEGRAL,2023-08-01,011101,D_city,3168.973240911058
MEDELLÍN,ARROZ INTEGRAL,2023-09-01,011101,D_city,3163.7957379608447
MEDELLÍN,ARROZ INTEGRAL,2023-10-01,011101,D_city,3157.361003852078
MEDELLÍN,ARROZ INTEGRAL,2023-11-01,011101,D_city,3175.560637291944
MEDELLÍN,ARROZ INTEGRAL,2023-12-01,011101,D_city,3166.6200152420565
MEDELLÍN,ARROZ INTEGRAL,2024-01-01,011101,D_city,3174.776549675816
MEDELLÍN,ARROZ INTEGRAL,2024-02-01,011101,D_city,3216.1300281652734
MEDELLÍN,ARROZ INTEGRAL,2024-03-01,011101,D_city,3210.965984739305
MEDELLÍN,ARROZ INTEGRAL,2024-04-01,011101,D_city,3200.007107661948
MEDELLÍN,ARROZ INTEGRAL,2024-05-01,011101,D_city,3197.6579177526855
MEDELLÍN,ARROZ INTEGRAL,2024-06-01,011101,D_city,3239.4283420478623
MEDELLÍN,ARROZ INTEGRAL,2024-07-01,011101,D_city,3242.709621530092
MEDELLÍN,ARROZ INTEGRAL,2024-08-01,011101,D_city,3199.693899887566
MEDELLÍN,ARROZ INTEGRAL,2024-09-01,011101,D_city,3171.7967056978987
MEDELLÍN,ARROZ INTEGRAL,2024-10-01,011101,D_city,3177.2855100917063
MEDELLÍN,ARROZ INTEGRAL,2024-11-01,011101,D_city,3203.295463585097
MEDELLÍN,ARROZ INTEGRAL,2024-12-01,011101,D_city,3189.981778061501
MEDELLÍN,ARROZ PARA SECO,2019-01-01,011101,D_city,1321.7217672201407
MEDELLÍN,ARROZ PARA SECO,2019-02-01,011101,D_city,1334.0713626594074
MEDELLÍN,ARROZ PARA SECO,2019-03-01,011101,D_city,1330.503217261947
MEDELLÍN,ARROZ PARA SECO,2019-04-01,011101,D_city,1334.7575894614786
MEDELLÍN,ARROZ PARA SECO,2019-05-01,011101,D_city,1346.1510670720368
MEDELLÍN,ARROZ PARA SECO,2019-06-01,011101,D_city,1362.9052933802766
MEDELLÍN,ARROZ PARA SECO,2019-07-01,011101,D_city,1425.0513972654273
MEDELLÍN,ARROZ PARA SECO,2019-08-01,011101,D_city,1472.4234560926323
MEDELLÍN,ARROZ PARA SECO,2019-09-01,011101,D_city,1473.6636913915333
MEDELLÍN,ARROZ PARA SECO,2019-10-01,011101,D_city,1470.0809065647195
MEDELLÍN,ARROZ PARA SECO,2019-11-01,011101,D_city,1516.684806039684
MEDELLÍN,ARROZ PARA SECO,2019-12-01,011101,D_city,1617.5371461924046
MEDELLÍN,ARROZ PARA SECO,2020-01-01,011101,D_city,1758.4686512729543
MEDELLÍN,ARROZ PARA SECO,2020-02-01,011101,D_city,1852.40581152154
MEDELLÍN,ARROZ PARA SECO,2020-03-01,011101,D_city,1907.3865415054736
MEDELLÍN,ARROZ PARA SECO,2020-04-01,011101,D_city,1990.4676929969767
MEDELLÍN,ARROZ PARA SECO,2020-05-01,011101,D_city,2009.8647355706817
MEDELLÍN,ARROZ PARA SECO,2020-06-01,011101,D_city,2003.3051587813459
MEDELLÍN,ARROZ PARA SECO,2020-07-01,011101,D_city,1942.7757951946191
MEDELLÍN,ARROZ PARA SECO,2020-08-01,011101,D_city,1840.7222822082606
MEDELLÍN,ARROZ PARA SECO,2020-09-01,011101,D_city,1778.0453964815729
MEDELLÍN,ARROZ PARA SECO,2020-10-01,011101,D_city,1743.4797471454222
MEDELLÍN,ARROZ PARA SECO,2020-11-01,011101,D_city,1702.8421877832745
MEDELLÍN,ARROZ PARA SECO,2020-12-01,011101,D_city,1679.4208261894823
MEDELLÍN,ARROZ PARA SECO,2021-01-01,011101,D_city,1676.5114130351712
MEDELLÍN,ARROZ PARA SECO,2021-02-01,011101,D_city,1653.9359053834762
MEDELLÍN,ARROZ PARA SECO,2021-03-01,011101,D_city,1628.190366396945
MEDELLÍN,ARROZ PARA SECO,2021-04-01,011101,D_city,1611.8658272264095
MEDELLÍN,ARROZ PARA SECO,2021-05-01,011101,D_city,1609.5145450259222
MEDELLÍN,ARROZ PARA SECO,2021-06-01,011101,D_city,1610.4827029671421
MEDELLÍN,ARROZ PARA SECO,2021-07-01,011101,D_city,1582.8305196834126
MEDELLÍN,ARROZ PARA SECO,2021-08-01,011101,D_city,1542.3559811945006
MEDELLÍN,ARROZ PARA SECO,2021-09-01,011101,D_city,1478.4872361154253
MEDELLÍN,ARROZ PARA SECO,2021-10-01,011101,D_city,1411.017365437645
MEDELLÍN,ARROZ PARA SECO,2021-11-01,011101,D_city,1393.0016836278587
MEDELLÍN,ARROZ PARA SECO,2021-12-01,011101,D_city,1409.3666788078103
MEDELLÍN,ARROZ PARA SECO,2022-01-01,011101,D_city,1427.666208960768
MEDELLÍN,ARROZ PARA SECO,2022-02-01,011101,D_city,1514.753285666432
MEDELLÍN,ARROZ PARA SECO,2022-03-01,011101,D_city,1641.7531518117853
MEDELLÍN,ARROZ PARA SECO,2022-04-01,011101,D_city,1787.2120295680597
MEDELLÍN,ARROZ PARA SECO,2022-05-01,011101,D_city,1862.4226766895636
MEDELLÍN,ARROZ PARA SECO,2022-06-01,011101,D_city,1930.2332402277777
MEDELLÍN,ARROZ PARA SECO,2022-07-01,011101,D_city,1968.986513913173
MEDELLÍN,ARROZ PARA SECO,2022-08-01,011101,D_city,2002.6073833519745
MEDELLÍN,ARROZ PARA SECO,2022-09-01,011101,D_city,2035.5532211432617
MEDELLÍN,ARROZ PARA SECO,2022-10-01,011101,D_city,2086.8302359290724
MEDELLÍN,ARROZ PARA SECO,2022-11-01,011101,D_city,2204.387765125755
MEDELLÍN,ARROZ PARA SECO,2022-12-01,011101,D_city,2328.2413670129386
MEDELLÍN,ARROZ PARA SECO,2023-01-01,011101,D_city,2359.2828220854663
MEDELLÍN,ARROZ PARA SECO,2023-02-01,011101,D_city,2369.2589900239855
MEDELLÍN,ARROZ PARA SECO,2023-03-01,011101,D_city,2363.497893256235
MEDELLÍN,ARROZ PARA SECO,2023-04-01,011101,D_city,2381.2045597682886
MEDELLÍN,ARROZ PARA SECO,2023-05-01,011101,D_city,2379.096338748644
MEDELLÍN,ARROZ PARA SECO,2023-06-01,011101,D_city,2346.7799335699756
MEDELLÍN,ARROZ PARA SECO,2023-07-01,011101,D_city,2306.339973413181
MEDELLÍN,ARROZ PARA SECO,2023-08-01,011101,D_city,2312.235665129599
MEDELLÍN,ARROZ PARA SECO,2023-09-01,011101,D_city,2307.6032838423707
MEDELLÍN,ARROZ PARA SECO,2023-10-01,011101,D_city,2301.8484333857546
MEDELLÍN,ARROZ PARA SECO,2023-11-01,011101,D_city,2318.1319746493164
MEDELLÍN,ARROZ PARA SECO,2023-12-01,011101,D_city,2310.1299899487485
MEDELLÍN,ARROZ PARA SECO,2024-01-01,011101,D_city,2317.430000691165
MEDELLÍN,ARROZ PARA SECO,2024-02-01,011101,D_city,2354.506115521252
MEDELLÍN,ARROZ PARA SECO,2024-03-01,011101,D_city,2349.8702811127673
MEDELLÍN,ARROZ PARA SECO,2024-04-01,011101,D_city,2340.0379378194352
MEDELLÍN,ARROZ PARA SECO,2024-05-01,011101,D_city,2337.9312277258146
MEDELLÍN,ARROZ PARA SECO,2024-06-01,011101,D_city,2375.4422708685747
MEDELLÍN,ARROZ PARA SECO,2024-07-01,011101,D_city,2378.393615464885
MEDELLÍN,ARROZ PARA SECO,2024-08-01,011101,D_city,2339.757038635584
MEDELLÍN,ARROZ PARA SECO,2024-09-01,011101,D_city,2314.7625793586444
MEDELLÍN,ARROZ PARA SECO,2024-10-01,011101,D_city,2319.6763481019652
MEDELLÍN,ARROZ PARA SECO,2024-11-01,011101,D_city,2342.9874628780635
MEDELLÍN,ARROZ PARA SECO,2024-12-01,011101,D_city,2331.0498520427354
MEDELLÍN,ARVEJA FRESCA,2019-01-01,011716,BASE_lowR2,2332.6862941439426
MEDELLÍN,ARVEJA FRESCA,2019-02-01,011716,BASE_lowR2,2334.5103084488155
MEDELLÍN,ARVEJA FRESCA,2019-03-01,011716,BASE_lowR2,2350.0144300402326
MEDELLÍN,ARVEJA FRESCA,2019-04-01,011716,BASE_lowR2,2373.042610639249
MEDELLÍN,ARVEJA FRESCA,2019-05-01,011716,BASE_lowR2,2274.5458381761287
MEDELLÍN,ARVEJA FRESCA,2019-06-01,011716,BASE_lowR2,2412.942923558337
MEDELLÍN,ARVEJA FRESCA,2019-07-01,011716,BASE_lowR2,2401.542834152883
MEDELLÍN,ARVEJA FRESCA,2019-08-01,011716,BASE_lowR2,2398.350809119356
MEDELLÍN,ARVEJA FRESCA,2019-09-01,011716,BASE_lowR2,2476.7834242288777
MEDELLÍN,ARVEJA FRESCA,2019-10-01,011716,BASE_lowR2,2606.060438086723
MEDELLÍN,ARVEJA FRESCA,2019-11-01,011716,BASE_lowR2,2727.129387572642
MEDELLÍN,ARVEJA FRESCA,2019-12-01,011716,BASE_lowR2,2646.416754582029
MEDELLÍN,ARVEJA FRESCA,2020-01-01,011716,BASE_lowR2,2617.688529280286
MEDELLÍN,ARVEJA FRESCA,2020-02-01,011716,BASE_lowR2,2776.3777738042018
MEDELLÍN,ARVEJA FRESCA,2020-03-01,011716,BASE_lowR2,3315.830004470273
MEDELLÍN,ARVEJA FRESCA,2020-04-01,011716,BASE_lowR2,3088.5122217255257
MEDELLÍN,ARVEJA FRESCA,2020-05-01,011716,BASE_lowR2,2863.474456861869
MEDELLÍN,ARVEJA FRESCA,2020-06-01,011716,BASE_lowR2,2624.528582923558
MEDELLÍN,ARVEJA FRESCA,2020-07-01,011716,BASE_lowR2,2688.3690835940993
MEDELLÍN,ARVEJA FRESCA,2020-08-01,011716,BASE_lowR2,2836.1142422887797
MEDELLÍN,ARVEJA FRESCA,2020-09-01,011716,BASE_lowR2,3044.051873044256
MEDELLÍN,ARVEJA FRESCA,2020-10-01,011716,BASE_lowR2,3029.687760393384
MEDELLÍN,ARVEJA FRESCA,2020-11-01,011716,BASE_lowR2,2839.3062673223067
MEDELLÍN,ARVEJA FRESCA,2020-12-01,011716,BASE_lowR2,2968.5832811801515
MEDELLÍN,ARVEJA FRESCA,2021-01-01,011716,BASE_lowR2,3005.5195708538217
MEDELLÍN,ARVEJA FRESCA,2021-02-01,011716,BASE_lowR2,2971.0913008493517
MEDELLÍN,ARVEJA FRESCA,2021-03-01,011716,BASE_lowR2,2917.9668842199376
MEDELLÍN,ARVEJA FRESCA,2021-04-01,011716,BASE_lowR2,2985.2274117121146
MEDELLÍN,ARVEJA FRESCA,2021-05-01,011716,BASE_lowR2,3176.2929101475193
MEDELLÍN,ARVEJA FRESCA,2021-06-01,011716,BASE_lowR2,3300.3258828788557
MEDELLÍN,ARVEJA FRESCA,2021-07-01,011716,BASE_lowR2,3389.0185784532855
MEDELLÍN,ARVEJA FRESCA,2021-08-01,011716,BASE_lowR2,3450.807063030845
MEDELLÍN,ARVEJA FRESCA,2021-09-01,011716,BASE_lowR2,3372.8304514975416
MEDELLÍN,ARVEJA FRESCA,2021-10-01,011716,BASE_lowR2,3367.3584085829234
MEDELLÍN,ARVEJA FRESCA,2021-11-01,011716,BASE_lowR2,3343.8742244076884
MEDELLÍN,ARVEJA FRESCA,2021-12-01,011716,BASE_lowR2,3418.430809119356
MEDELLÍN,ARVEJA FRESCA,2022-01-01,011716,BASE_lowR2,3525.135645954403
MEDELLÍN,ARVEJA FRESCA,2022-02-01,011716,BASE_lowR2,3550.6718462226195
MEDELLÍN,ARVEJA FRESCA,2022-03-01,011716,BASE_lowR2,3773.2015914170765
MEDELLÍN,ARVEJA FRESCA,2022-04-01,011716,BASE_lowR2,3840.234117121144
MEDELLÍN,ARVEJA FRESCA,2022-05-01,011716,BASE_lowR2,3945.570943227537
MEDELLÍN,ARVEJA FRESCA,2022-06-01,011716,BASE_lowR2,4085.3360393383996
MEDELLÍN,ARVEJA FRESCA,2022-07-01,011716,BASE_lowR2,4311.513813142601
MEDELLÍN,ARVEJA FRESCA,2022-08-01,011716,BASE_lowR2,4388.806419311578
MEDELLÍN,ARVEJA FRESCA,2022-09-01,011716,BASE_lowR2,4433.266767992847
MEDELLÍN,ARVEJA FRESCA,2022-10-01,011716,BASE_lowR2,4256.7933839964235
MEDELLÍN,ARVEJA FRESCA,2022-11-01,011716,BASE_lowR2,4300.341725525257
MEDELLÍN,ARVEJA FRESCA,2022-12-01,011716,BASE_lowR2,4370.338274474743
MEDELLÍN,ARVEJA FRESCA,2023-01-01,011716,BASE_lowR2,4474.763093428699
MEDELLÍN,ARVEJA FRESCA,2023-02-01,011716,BASE_lowR2,4376.494322753688
MEDELLÍN,ARVEJA FRESCA,2023-03-01,011716,BASE_lowR2,4389.946428252123
MEDELLÍN,ARVEJA FRESCA,2023-04-01,011716,BASE_lowR2,4483.427161376843
MEDELLÍN,ARVEJA FRESCA,2023-05-01,011716,BASE_lowR2,4254.513366115332
MEDELLÍN,ARVEJA FRESCA,2023-06-01,011716,BASE_lowR2,4125.692355833706
MEDELLÍN,ARVEJA FRESCA,2023-07-01,011716,BASE_lowR2,4115.660277156907
MEDELLÍN,ARVEJA FRESCA,2023-08-01,011716,BASE_lowR2,4143.020491729995
MEDELLÍN,ARVEJA FRESCA,2023-09-01,011716,BASE_lowR2,4108.592221725525
MEDELLÍN,ARVEJA FRESCA,2023-10-01,011716,BASE_lowR2,4062.9918641037098
MEDELLÍN,ARVEJA FRESCA,2023-11-01,011716,BASE_lowR2,4134.584425569959
MEDELLÍN,ARVEJA FRESCA,2023-12-01,011716,BASE_lowR2,4151.000554313813
MEDELLÍN,ARVEJA FRESCA,2024-01-01,011716,BASE_lowR2,4251.777344658024
MEDELLÍN,ARVEJA FRESCA,2024-02-01,011716,BASE_lowR2,4495.511256146624
MEDELLÍN,ARVEJA FRESCA,2024-03-01,011716,BASE_lowR2,4783.021510952168
MEDELLÍN,ARVEJA FRESCA,2024-04-01,011716,BASE_lowR2,4909.106499776487
MEDELLÍN,ARVEJA FRESCA,2024-05-01,011716,BASE_lowR2,4825.885847116674
MEDELLÍN,ARVEJA FRESCA,2024-06-01,011716,BASE_lowR2,4590.588001788109
MEDELLÍN,ARVEJA FRESCA,2024-07-01,011716,BASE_lowR2,4653.744497094323
MEDELLÍN,ARVEJA FRESCA,2024-08-01,011716,BASE_lowR2,4417.534644613322
MEDELLÍN,ARVEJA FRESCA,2024-09-01,011716,BASE_lowR2,4311.513813142601
MEDELLÍN,ARVEJA FRESCA,2024-10-01,011716,BASE_lowR2,4280.049566383549
MEDELLÍN,ARVEJA FRESCA,2024-11-01,011716,BASE_lowR2,4281.873580688422
MEDELLÍN,ARVEJA FRESCA,2024-12-01,011716,BASE_lowR2,4468.835046937864
MEDELLÍN,ARVEJA SECA,2019-01-01,011716,BASE_lowR2,1718.2889036656234
MEDELLÍN,ARVEJA SECA,2019-02-01,011716,BASE_lowR2,1719.6324977648635
MEDELLÍN,ARVEJA SECA,2019-03-01,011716,BASE_lowR2,1731.0530476084039
MEDELLÍN,ARVEJA SECA,2019-04-01,011716,BASE_lowR2,1748.0159231113096
MEDELLÍN,ARVEJA SECA,2019-05-01,011716,BASE_lowR2,1675.4618417523468
MEDELLÍN,ARVEJA SECA,2019-06-01,011716,BASE_lowR2,1777.4070440321857
MEDELLÍN,ARVEJA SECA,2019-07-01,011716,BASE_lowR2,1769.0095809119355
MEDELLÍN,ARVEJA SECA,2019-08-01,011716,BASE_lowR2,1766.6582912382653
MEDELLÍN,ARVEJA SECA,2019-09-01,011716,BASE_lowR2,1824.4328375055875
MEDELLÍN,ARVEJA SECA,2019-10-01,011716,BASE_lowR2,1919.6600692892264
MEDELLÍN,ARVEJA SECA,2019-11-01,011716,BASE_lowR2,2008.841127626285
MEDELLÍN,ARVEJA SECA,2019-12-01,011716,BASE_lowR2,1949.3870887349126
MEDELLÍN,ARVEJA SECA,2020-01-01,011716,BASE_lowR2,1928.2254816718817
MEDELLÍN,ARVEJA SECA,2020-02-01,011716,BASE_lowR2,2045.1181683057662
MEDELLÍN,ARVEJA SECA,2020-03-01,011716,BASE_lowR2,2442.4861231560126
MEDELLÍN,ARVEJA SECA,2020-04-01,011716,BASE_lowR2,2275.0407085382208
MEDELLÍN,ARVEJA SECA,2020-05-01,011716,BASE_lowR2,2109.2747865444794
MEDELLÍN,ARVEJA SECA,2020-06-01,011716,BASE_lowR2,1933.263959544032
MEDELLÍN,ARVEJA SECA,2020-07-01,011716,BASE_lowR2,1980.289753017434
MEDELLÍN,ARVEJA SECA,2020-08-01,011716,BASE_lowR2,2089.1208750558785
MEDELLÍN,ARVEJA SECA,2020-09-01,011716,BASE_lowR2,2242.2906023692444
MEDELLÍN,ARVEJA SECA,2020-10-01,011716,BASE_lowR2,2231.709798837729
MEDELLÍN,ARVEJA SECA,2020-11-01,011716,BASE_lowR2,2091.4721647295482
MEDELLÍN,ARVEJA SECA,2020-12-01,011716,BASE_lowR2,2186.699396513187
MEDELLÍN,ARVEJA SECA,2021-01-01,011716,BASE_lowR2,2213.907177022798
MEDELLÍN,ARVEJA SECA,2021-02-01,011716,BASE_lowR2,2188.546838399642
MEDELLÍN,ARVEJA SECA,2021-03-01,011716,BASE_lowR2,2149.414660259276
MEDELLÍN,ARVEJA SECA,2021-04-01,011716,BASE_lowR2,2198.9596926687527
MEDELLÍN,ARVEJA SECA,2021-05-01,011716,BASE_lowR2,2339.7011745641485
MEDELLÍN,ARVEJA SECA,2021-06-01,011716,BASE_lowR2,2431.0655733124718
MEDELLÍN,ARVEJA SECA,2021-07-01,011716,BASE_lowR2,2496.397836388019
MEDELLÍN,ARVEJA SECA,2021-08-01,011716,BASE_lowR2,2541.9120864997763
MEDELLÍN,ARVEJA SECA,2021-09-01,011716,BASE_lowR2,2484.473438757264
MEDELLÍN,ARVEJA SECA,2021-10-01,011716,BASE_lowR2,2480.4426564595437
MEDELLÍN,ARVEJA SECA,2021-11-01,011716,BASE_lowR2,2463.143882431828
MEDELLÍN,ARVEJA SECA,2021-12-01,011716,BASE_lowR2,2518.0632912382653
MEDELLÍN,ARVEJA SECA,2022-01-01,011716,BASE_lowR2,2596.6635460438088
MEDELLÍN,ARVEJA SECA,2022-02-01,011716,BASE_lowR2,2615.473863433169
MEDELLÍN,ARVEJA SECA,2022-03-01,011716,BASE_lowR2,2779.392343540456
MEDELLÍN,ARVEJA SECA,2022-04-01,011716,BASE_lowR2,2828.769426687528
MEDELLÍN,ARVEJA SECA,2022-05-01,011716,BASE_lowR2,2906.361985918641
MEDELLÍN,ARVEJA SECA,2022-06-01,011716,BASE_lowR2,3009.3148837729095
MEDELLÍN,ARVEJA SECA,2022-07-01,011716,BASE_lowR2,3175.9205520786763
MEDELLÍN,ARVEJA SECA,2022-08-01,011716,BASE_lowR2,3232.8553520339738
MEDELLÍN,ARVEJA SECA,2022-09-01,011716,BASE_lowR2,3265.6054582029496
MEDELLÍN,ARVEJA SECA,2022-10-01,011716,BASE_lowR2,3135.6127291014745
MEDELLÍN,ARVEJA SECA,2022-11-01,011716,BASE_lowR2,3167.691038220831
MEDELLÍN,ARVEJA SECA,2022-12-01,011716,BASE_lowR2,3219.2514617791685
MEDELLÍN,ARVEJA SECA,2023-01-01,011716,BASE_lowR2,3296.172223960661
MEDELLÍN,ARVEJA SECA,2023-02-01,011716,BASE_lowR2,3223.7860918641036
MEDELLÍN,ARVEJA SECA,2023-03-01,011716,BASE_lowR2,3233.6950983459988
MEDELLÍN,ARVEJA SECA,2023-04-01,011716,BASE_lowR2,3302.554295932051
MEDELLÍN,ARVEJA SECA,2023-05-01,011716,BASE_lowR2,3133.9332364774245
MEDELLÍN,ARVEJA SECA,2023-06-01,011716,BASE_lowR2,3039.041903218596
MEDELLÍN,ARVEJA SECA,2023-07-01,011716,BASE_lowR2,3031.652135672776
MEDELLÍN,ARVEJA SECA,2023-08-01,011716,BASE_lowR2,3051.8060471613762
MEDELLÍN,ARVEJA SECA,2023-09-01,011716,BASE_lowR2,3026.44570853822
MEDELLÍN,ARVEJA SECA,2023-10-01,011716,BASE_lowR2,2992.855856057219
MEDELLÍN,ARVEJA SECA,2023-11-01,011716,BASE_lowR2,3045.591924452391
MEDELLÍN,ARVEJA SECA,2023-12-01,011716,BASE_lowR2,3057.6842713455517
MEDELLÍN,ARVEJA SECA,2024-01-01,011716,BASE_lowR2,3131.917845328565
MEDELLÍN,ARVEJA SECA,2024-02-01,011716,BASE_lowR2,3311.4556068395163
MEDELLÍN,ARVEJA SECA,2024-03-01,011716,BASE_lowR2,3523.23962673223
MEDELLÍN,ARVEJA SECA,2024-04-01,011716,BASE_lowR2,3616.115568842199
MEDELLÍN,ARVEJA SECA,2024-05-01,011716,BASE_lowR2,3554.8140880643714
MEDELLÍN,ARVEJA SECA,2024-06-01,011716,BASE_lowR2,3381.490449262405
MEDELLÍN,ARVEJA SECA,2024-07-01,011716,BASE_lowR2,3428.012394948592
MEDELLÍN,ARVEJA SECA,2024-08-01,011716,BASE_lowR2,3254.016959097005
MEDELLÍN,ARVEJA SECA,2024-09-01,011716,BASE_lowR2,3175.9205520786763
MEDELLÍN,ARVEJA SECA,2024-10-01,011716,BASE_lowR2,3152.7435538667855
MEDELLÍN,ARVEJA SECA,2024-11-01,011716,BASE_lowR2,3154.087147966026
MEDELLÍN,ARVEJA SECA,2024-12-01,011716,BASE_lowR2,3291.8055431381313
MEDELLÍN,ARVEJA TARRO,2019-01-01,011703,D_city,3970.1044423168655
MEDELLÍN,ARVEJA TARRO,2019-02-01,011703,D_city,3871.39606258775
MEDELLÍN,ARVEJA TARRO,2019-03-01,011703,D_city,3906.9714820296504
MEDELLÍN,ARVEJA TARRO,2019-04-01,011703,D_city,4087.2932134805446
MEDELLÍN,ARVEJA TARRO,2019-05-01,011703,D_city,4036.5652097645266
MEDELLÍN,ARVEJA TARRO,2019-06-01,011703,D_city,4077.6112942395093
MEDELLÍN,ARVEJA TARRO,2019-07-01,011703,D_city,4115.985043684555
MEDELLÍN,ARVEJA TARRO,2019-08-01,011703,D_city,4115.018659929282
MEDELLÍN,ARVEJA TARRO,2019-09-01,011703,D_city,4106.641128014638
MEDELLÍN,ARVEJA TARRO,2019-10-01,011703,D_city,4113.73006640271
MEDELLÍN,ARVEJA TARRO,2019-11-01,011703,D_city,4124.358168156568
MEDELLÍN,ARVEJA TARRO,2019-12-01,011703,D_city,4128.543252504306
MEDELLÍN,ARVEJA TARRO,2020-01-01,011703,D_city,4157.811391567226
MEDELLÍN,ARVEJA TARRO,2020-02-01,011703,D_city,4123.714221657098
MEDELLÍN,ARVEJA TARRO,2020-03-01,011703,D_city,4128.221357868095
MEDELLÍN,ARVEJA TARRO,2020-04-01,011703,D_city,4152.025888329224
MEDELLÍN,ARVEJA TARRO,2020-05-01,011703,D_city,4143.022499146096
MEDELLÍN,ARVEJA TARRO,2020-06-01,011703,D_city,4158.7754606099
MEDELLÍN,ARVEJA TARRO,2020-07-01,011703,D_city,4155.883097983461
MEDELLÍN,ARVEJA TARRO,2020-08-01,011703,D_city,4166.486149289217
MEDELLÍN,ARVEJA TARRO,2020-09-01,011703,D_city,4182.8603941624715
MEDELLÍN,ARVEJA TARRO,2020-10-01,011703,D_city,4187.031843311647
MEDELLÍN,ARVEJA TARRO,2020-11-01,011703,D_city,4159.739477843216
MEDELLÍN,ARVEJA TARRO,2020-12-01,011703,D_city,4163.916287596836
MEDELLÍN,ARVEJA TARRO,2021-01-01,011703,D_city,4170.34025301025
MEDELLÍN,ARVEJA TARRO,2021-02-01,011703,D_city,4151.382939299852
MEDELLÍN,ARVEJA TARRO,2021-03-01,011703,D_city,4232.214433550477
MEDELLÍN,ARVEJA TARRO,2021-04-01,011703,D_city,4199.540416744062
MEDELLÍN,ARVEJA TARRO,2021-05-01,011703,D_city,4223.571137405216
MEDELLÍN,ARVEJA TARRO,2021-06-01,011703,D_city,4250.12824398162
MEDELLÍN,ARVEJA TARRO,2021-07-01,011703,D_city,4252.68592967762
MEDELLÍN,ARVEJA TARRO,2021-08-01,011703,D_city,4289.413410943936
MEDELLÍN,ARVEJA TARRO,2021-09-01,011703,D_city,4309.82147946649
MEDELLÍN,ARVEJA TARRO,2021-10-01,011703,D_city,4311.414915316761
MEDELLÍN,ARVEJA TARRO,2021-11-01,011703,D_city,4341.664341664314
MEDELLÍN,ARVEJA TARRO,2021-12-01,011703,D_city,4369.005950376973
MEDELLÍN,ARVEJA TARRO,2022-01-01,011703,D_city,4420.402611664144
MEDELLÍN,ARVEJA TARRO,2022-02-01,011703,D_city,4501.3412402300155
MEDELLÍN,ARVEJA TARRO,2022-03-01,011703,D_city,4519.00146684063
MEDELLÍN,ARVEJA TARRO,2022-04-01,011703,D_city,4540.109669848544
MEDELLÍN,ARVEJA TARRO,2022-05-01,011703,D_city,4583.829004440973
MEDELLÍN,ARVEJA TARRO,2022-06-01,011703,D_city,4646.878805565303
MEDELLÍN,ARVEJA TARRO,2022-07-01,011703,D_city,4720.343313580387
MEDELLÍN,ARVEJA TARRO,2022-08-01,011703,D_city,4789.501107412706
MEDELLÍN,ARVEJA TARRO,2022-09-01,011703,D_city,4932.998694463187
MEDELLÍN,ARVEJA TARRO,2022-10-01,011703,D_city,5006.693172644385
MEDELLÍN,ARVEJA TARRO,2022-11-01,011703,D_city,5122.431858408764
MEDELLÍN,ARVEJA TARRO,2022-12-01,011703,D_city,5267.400127658508
MEDELLÍN,ARVEJA TARRO,2023-01-01,011703,D_city,5242.440709816483
MEDELLÍN,ARVEJA TARRO,2023-02-01,011703,D_city,5566.93156668982
MEDELLÍN,ARVEJA TARRO,2023-03-01,011703,D_city,5705.889771635
MEDELLÍN,ARVEJA TARRO,2023-04-01,011703,D_city,5754.518220736712
MEDELLÍN,ARVEJA TARRO,2023-05-01,011703,D_city,5775.074557346702
MEDELLÍN,ARVEJA TARRO,2023-06-01,011703,D_city,5790.257472602076
MEDELLÍN,ARVEJA TARRO,2023-07-01,011703,D_city,5808.702714611908
MEDELLÍN,ARVEJA TARRO,2023-08-01,011703,D_city,5840.800768350651
MEDELLÍN,ARVEJA TARRO,2023-09-01,011703,D_city,5880.272843155967
MEDELLÍN,ARVEJA TARRO,2023-10-01,011703,D_city,5907.540912304452
MEDELLÍN,ARVEJA TARRO,2023-11-01,011703,D_city,6137.281116510783
MEDELLÍN,ARVEJA TARRO,2023-12-01,011703,D_city,6234.001266923422
MEDELLÍN,ARVEJA TARRO,2024-01-01,011703,D_city,6321.3360266430955
MEDELLÍN,ARVEJA TARRO,2024-02-01,011703,D_city,6332.123835313477
MEDELLÍN,ARVEJA TARRO,2024-03-01,011703,D_city,6358.34669179314
MEDELLÍN,ARVEJA TARRO,2024-04-01,011703,D_city,6378.433910360048
MEDELLÍN,ARVEJA TARRO,2024-05-01,011703,D_city,6332.123835313477
MEDELLÍN,ARVEJA TARRO,2024-06-01,011703,D_city,6257.103761300896
MEDELLÍN,ARVEJA TARRO,2024-07-01,011703,D_city,6098.788258056142
MEDELLÍN,ARVEJA TARRO,2024-08-01,011703,D_city,6105.844589879899
MEDELLÍN,ARVEJA TARRO,2024-09-01,011703,D_city,6030.184136996315
MEDELLÍN,ARVEJA TARRO,2024-10-01,011703,D_city,6023.402267028583
MEDELLÍN,ARVEJA TARRO,2024-11-01,011703,D_city,5980.310718278411
MEDELLÍN,ARVEJA TARRO,2024-12-01,011703,D_city,5967.9011978414455
MEDELLÍN,AVENA HOJUELAS,2019-01-01,011103,D_city,4454.493084848009
MEDELLÍN,AVENA HOJUELAS,2019-02-01,011103,D_city,4422.993014483531
MEDELLÍN,AVENA HOJUELAS,2019-03-01,011103,D_city,4398.148105436563
MEDELLÍN,AVENA HOJUELAS,2019-04-01,011103,D_city,4410.57053597363
MEDELLÍN,AVENA HOJUELAS,2019-05-01,011103,D_city,4460.260736510286
MEDELLÍN,AVENA HOJUELAS,2019-06-01,011103,D_city,4443.845139459332
MEDELLÍN,AVENA HOJUELAS,2019-07-01,011103,D_city,4396.373476426715
MEDELLÍN,AVENA HOJUELAS,2019-08-01,011103,D_city,4417.669089256556
MEDELLÍN,AVENA HOJUELAS,2019-09-01,011103,D_city,4445.176130721545
MEDELLÍN,AVENA HOJUELAS,2019-10-01,011103,D_city,4431.422580725297
MEDELLÍN,AVENA HOJUELAS,2019-11-01,011103,D_city,4454.0494197594735
MEDELLÍN,AVENA HOJUELAS,2019-12-01,011103,D_city,4446.950786587806
MEDELLÍN,AVENA HOJUELAS,2020-01-01,011103,D_city,4457.155076651356
MEDELLÍN,AVENA HOJUELAS,2020-02-01,011103,D_city,4438.964842842223
MEDELLÍN,AVENA HOJUELAS,2020-03-01,011103,D_city,4482.0004384273925
MEDELLÍN,AVENA HOJUELAS,2020-04-01,011103,D_city,4487.324469126562
MEDELLÍN,AVENA HOJUELAS,2020-05-01,011103,D_city,4526.811299790402
MEDELLÍN,AVENA HOJUELAS,2020-06-01,011103,D_city,4540.565250793532
MEDELLÍN,AVENA HOJUELAS,2020-07-01,011103,D_city,4549.882475874822
MEDELLÍN,AVENA HOJUELAS,2020-08-01,011103,D_city,4564.080202475724
MEDELLÍN,AVENA HOJUELAS,2020-09-01,011103,D_city,4675.445706166544
MEDELLÍN,AVENA HOJUELAS,2020-10-01,011103,D_city,4699.405296933339
MEDELLÍN,AVENA HOJUELAS,2020-11-01,011103,D_city,4745.993868800596
MEDELLÍN,AVENA HOJUELAS,2020-12-01,011103,D_city,4740.669428734078
MEDELLÍN,AVENA HOJUELAS,2021-01-01,011103,D_city,4793.470487101538
MEDELLÍN,AVENA HOJUELAS,2021-02-01,011103,D_city,4828.523731542667
MEDELLÍN,AVENA HOJUELAS,2021-03-01,011103,D_city,4896.412650670605
MEDELLÍN,AVENA HOJUELAS,2021-04-01,011103,D_city,4982.0521455559265
MEDELLÍN,AVENA HOJUELAS,2021-05-01,011103,D_city,5020.65713956398
MEDELLÍN,AVENA HOJUELAS,2021-06-01,011103,D_city,4991.8142893282375
MEDELLÍN,AVENA HOJUELAS,2021-07-01,011103,D_city,4996.695371033693
MEDELLÍN,AVENA HOJUELAS,2021-08-01,011103,D_city,5006.457554051324
MEDELLÍN,AVENA HOJUELAS,2021-09-01,011103,D_city,5037.519218866347
MEDELLÍN,AVENA HOJUELAS,2021-10-01,011103,D_city,5020.65713956398
MEDELLÍN,AVENA HOJUELAS,2021-11-01,011103,D_city,5055.712601743552
MEDELLÍN,AVENA HOJUELAS,2021-12-01,011103,D_city,5108.518293424701
MEDELLÍN,AVENA HOJUELAS,2022-01-01,011103,D_city,5149.343375162828
MEDELLÍN,AVENA HOJUELAS,2022-02-01,011103,D_city,5213.244392735343
MEDELLÍN,AVENA HOJUELAS,2022-03-01,011103,D_city,5263.833460632433
MEDELLÍN,AVENA HOJUELAS,2022-04-01,011103,D_city,5340.605861358476
MEDELLÍN,AVENA HOJUELAS,2022-05-01,011103,D_city,5340.605861358476
MEDELLÍN,AVENA HOJUELAS,2022-06-01,011103,D_city,5361.907143382602
MEDELLÍN,AVENA HOJUELAS,2022-07-01,011103,D_city,5408.504101697513
MEDELLÍN,AVENA HOJUELAS,2022-08-01,011103,D_city,5394.746847000551
MEDELLÍN,AVENA HOJUELAS,2022-09-01,011103,D_city,5469.302864723453
MEDELLÍN,AVENA HOJUELAS,2022-10-01,011103,D_city,5531.433944826881
MEDELLÍN,AVENA HOJUELAS,2022-11-01,011103,D_city,5634.396122066806
MEDELLÍN,AVENA HOJUELAS,2022-12-01,011103,D_city,5737.80469842098
MEDELLÍN,AVENA HOJUELAS,2023-01-01,011103,D_city,5853.19925763364
MEDELLÍN,AVENA HOJUELAS,2023-02-01,011103,D_city,5958.388555985311
MEDELLÍN,AVENA HOJUELAS,2023-03-01,011103,D_city,6092.87477945438
MEDELLÍN,AVENA HOJUELAS,2023-04-01,011103,D_city,6189.192502292933
MEDELLÍN,AVENA HOJUELAS,2023-05-01,011103,D_city,6246.451479545236
MEDELLÍN,AVENA HOJUELAS,2023-06-01,011103,D_city,6309.925450167461
MEDELLÍN,AVENA HOJUELAS,2023-07-01,011103,D_city,6368.961467571413
MEDELLÍN,AVENA HOJUELAS,2023-08-01,011103,D_city,6439.983234044071
MEDELLÍN,AVENA HOJUELAS,2023-09-01,011103,D_city,6479.489557242874
MEDELLÍN,AVENA HOJUELAS,2023-10-01,011103,D_city,6490.586898543486
MEDELLÍN,AVENA HOJUELAS,2023-11-01,011103,D_city,6485.704065163501
MEDELLÍN,AVENA HOJUELAS,2023-12-01,011103,D_city,6532.313134276033
MEDELLÍN,AVENA HOJUELAS,2024-01-01,011103,D_city,6519.440107566501
MEDELLÍN,AVENA HOJUELAS,2024-02-01,011103,D_city,6515.001140916571
MEDELLÍN,AVENA HOJUELAS,2024-03-01,011103,D_city,6479.933450394847
MEDELLÍN,AVENA HOJUELAS,2024-04-01,011103,D_city,6476.3823063467025
MEDELLÍN,AVENA HOJUELAS,2024-05-01,011103,D_city,6441.758792015182
MEDELLÍN,AVENA HOJUELAS,2024-06-01,011103,D_city,6460.402191189918
MEDELLÍN,AVENA HOJUELAS,2024-07-01,011103,D_city,6390.267884041848
MEDELLÍN,AVENA HOJUELAS,2024-08-01,011103,D_city,6382.721850385373
MEDELLÍN,AVENA HOJUELAS,2024-09-01,011103,D_city,6235.798591879153
MEDELLÍN,AVENA HOJUELAS,2024-10-01,011103,D_city,6211.385818494123
MEDELLÍN,AVENA HOJUELAS,2024-11-01,011103,D_city,6064.91195917763
MEDELLÍN,AVENA HOJUELAS,2024-12-01,011103,D_city,6040.056267306629
MEDELLÍN,AVENA MOLIDA,2019-01-01,011103,D_city,4831.9904104550205
MEDELLÍN,AVENA MOLIDA,2019-02-01,011103,D_city,4799.085682139424
MEDELLÍN,AVENA MOLIDA,2019-03-01,011103,D_city,4773.126745865013
MEDELLÍN,AVENA MOLIDA,2019-04-01,011103,D_city,4786.106867856015
MEDELLÍN,AVENA MOLIDA,2019-05-01,011103,D_city,4838.014316626325
MEDELLÍN,AVENA MOLIDA,2019-06-01,011103,D_city,4820.868619594389
MEDELLÍN,AVENA MOLIDA,2019-07-01,011103,D_city,4771.272335749285
MEDELLÍN,AVENA MOLIDA,2019-08-01,011103,D_city,4793.523493044114
MEDELLÍN,AVENA MOLIDA,2019-09-01,011103,D_city,4822.258895538417
MEDELLÍN,AVENA MOLIDA,2019-10-01,011103,D_city,4807.891991862061
MEDELLÍN,AVENA MOLIDA,2019-11-01,011103,D_city,4831.5270215051105
MEDELLÍN,AVENA MOLIDA,2019-12-01,011103,D_city,4824.112573634053
MEDELLÍN,AVENA MOLIDA,2020-01-01,011103,D_city,4834.770709489799
MEDELLÍN,AVENA MOLIDA,2020-02-01,011103,D_city,4815.770813657096
MEDELLÍN,AVENA MOLIDA,2020-03-01,011103,D_city,4860.7173077144225
MEDELLÍN,AVENA MOLIDA,2020-04-01,011103,D_city,4866.276622715153
MEDELLÍN,AVENA MOLIDA,2020-05-01,011103,D_city,4907.500864025099
MEDELLÍN,AVENA MOLIDA,2020-06-01,011103,D_city,4921.856843378982
MEDELLÍN,AVENA MOLIDA,2020-07-01,011103,D_city,4931.580977585663
MEDELLÍN,AVENA MOLIDA,2020-08-01,011103,D_city,4946.397336723124
MEDELLÍN,AVENA MOLIDA,2020-09-01,011103,D_city,5062.556386861443
MEDELLÍN,AVENA MOLIDA,2020-10-01,011103,D_city,5087.533763903346
MEDELLÍN,AVENA MOLIDA,2020-11-01,011103,D_city,5136.087868100782
MEDELLÍN,AVENA MOLIDA,2020-12-01,011103,D_city,5130.539693672912
MEDELLÍN,AVENA MOLIDA,2021-01-01,011103,D_city,5185.5492761720825
MEDELLÍN,AVENA MOLIDA,2021-02-01,011103,D_city,5222.056258244253
MEDELLÍN,AVENA MOLIDA,2021-03-01,011103,D_city,5292.732759436807
MEDELLÍN,AVENA MOLIDA,2021-04-01,011103,D_city,5381.836851002961
MEDELLÍN,AVENA MOLIDA,2021-05-01,011103,D_city,5421.984974592758
MEDELLÍN,AVENA MOLIDA,2021-06-01,011103,D_city,5391.990297962567
MEDELLÍN,AVENA MOLIDA,2021-07-01,011103,D_city,5397.066754999519
MEDELLÍN,AVENA MOLIDA,2021-08-01,011103,D_city,5407.219137084841
MEDELLÍN,AVENA MOLIDA,2021-09-01,011103,D_city,5439.517466794907
MEDELLÍN,AVENA MOLIDA,2021-10-01,011103,D_city,5421.984974592758
MEDELLÍN,AVENA MOLIDA,2021-11-01,011103,D_city,5458.431748997904
MEDELLÍN,AVENA MOLIDA,2021-12-01,011103,D_city,5513.315544046792
MEDELLÍN,AVENA MOLIDA,2022-01-01,011103,D_city,5555.732794678862
MEDELLÍN,AVENA MOLIDA,2022-02-01,011103,D_city,5622.100902619183
MEDELLÍN,AVENA MOLIDA,2022-03-01,011103,D_city,5674.621669074122
MEDELLÍN,AVENA MOLIDA,2022-04-01,011103,D_city,5754.289807899644
MEDELLÍN,AVENA MOLIDA,2022-05-01,011103,D_city,5754.289807899644
MEDELLÍN,AVENA MOLIDA,2022-06-01,011103,D_city,5776.38697795719
MEDELLÍN,AVENA MOLIDA,2022-07-01,011103,D_city,5824.713607978716
MEDELLÍN,AVENA MOLIDA,2022-08-01,011103,D_city,5810.447301043158
MEDELLÍN,AVENA MOLIDA,2022-09-01,011103,D_city,5887.745982849724
MEDELLÍN,AVENA MOLIDA,2022-10-01,011103,D_city,5952.132741004565
MEDELLÍN,AVENA MOLIDA,2022-11-01,011103,D_city,6058.773992957535
MEDELLÍN,AVENA MOLIDA,2022-12-01,011103,D_city,6165.804763925074
MEDELLÍN,AVENA MOLIDA,2023-01-01,011103,D_city,6285.156862203726
MEDELLÍN,AVENA MOLIDA,2023-02-01,011103,D_city,6393.877535082829
MEDELLÍN,AVENA MOLIDA,2023-03-01,011103,D_city,6532.775042516584
MEDELLÍN,AVENA MOLIDA,2023-04-01,011103,D_city,6632.181974006129
MEDELLÍN,AVENA MOLIDA,2023-05-01,011103,D_city,6691.250139473369
MEDELLÍN,AVENA MOLIDA,2023-06-01,011103,D_city,6756.706178485512
MEDELLÍN,AVENA MOLIDA,2023-07-01,011103,D_city,6817.563729557342
MEDELLÍN,AVENA MOLIDA,2023-08-01,011103,D_city,6890.749102420526
MEDELLÍN,AVENA MOLIDA,2023-09-01,011103,D_city,6931.445950597342
MEDELLÍN,AVENA MOLIDA,2023-10-01,011103,D_city,6942.876050427009
MEDELLÍN,AVENA MOLIDA,2023-11-01,011103,D_city,6937.846892698993
MEDELLÍN,AVENA MOLIDA,2023-12-01,011103,D_city,6985.846980205407
MEDELLÍN,AVENA MOLIDA,2024-01-01,011103,D_city,6972.591041473514
MEDELLÍN,AVENA MOLIDA,2024-02-01,011103,D_city,6968.019811106963
MEDELLÍN,AVENA MOLIDA,2024-03-01,011103,D_city,6931.903168027956
MEDELLÍN,AVENA MOLIDA,2024-04-01,011103,D_city,6928.245397205345
MEDELLÍN,AVENA MOLIDA,2024-05-01,011103,D_city,6892.578365515608
MEDELLÍN,AVENA MOLIDA,2024-06-01,011103,D_city,6911.784540060139
MEDELLÍN,AVENA MOLIDA,2024-07-01,011103,D_city,6839.522392097741
MEDELLÍN,AVENA MOLIDA,2024-08-01,011103,D_city,6831.745665758241
MEDELLÍN,AVENA MOLIDA,2024-09-01,011103,D_city,6680.262185176129
MEDELLÍN,AVENA MOLIDA,2024-10-01,011103,D_city,6655.078921952358
MEDELLÍN,AVENA MOLIDA,2024-11-01,011103,D_city,6503.904474084954
MEDELLÍN,AVENA MOLIDA,2024-12-01,011103,D_city,6478.237749579135
MEDELLÍN,AZÚCAR NATURAL O MORENA,2019-01-01,011801,D_city,1410.3205195607052
MEDELLÍN,AZÚCAR NATURAL O MORENA,2019-02-01,011801,D_city,1406.160324187794
MEDELLÍN,AZÚCAR NATURAL O MORENA,2019-03-01,011801,D_city,1394.024642296228
MEDELLÍN,AZÚCAR NATURAL O MORENA,2019-04-01,011801,D_city,1428.126973757747
MEDELLÍN,AZÚCAR NATURAL O MORENA,2019-05-01,011801,D_city,1501.4611018838955
MEDELLÍN,AZÚCAR NATURAL O MORENA,2019-06-01,011801,D_city,1548.733583673898
MEDELLÍN,AZÚCAR NATURAL O MORENA,2019-07-01,011801,D_city,1552.0090605670432
MEDELLÍN,AZÚCAR NATURAL O MORENA,2019-08-01,011801,D_city,1573.5052445230617
MEDELLÍN,AZÚCAR NATURAL O MORENA,2019-09-01,011801,D_city,1570.9376251170268
MEDELLÍN,AZÚCAR NATURAL O MORENA,2019-10-01,011801,D_city,1551.6581715177215
MEDELLÍN,AZÚCAR NATURAL O MORENA,2019-11-01,011801,D_city,1548.4995770761113
MEDELLÍN,AZÚCAR NATURAL O MORENA,2019-12-01,011801,D_city,1543.7011469736256
MEDELLÍN,AZÚCAR NATURAL O MORENA,2020-01-01,011801,D_city,1530.4633570391597
MEDELLÍN,AZÚCAR NATURAL O MORENA,2020-02-01,011801,D_city,1525.4209820999542
MEDELLÍN,AZÚCAR NATURAL O MORENA,2020-03-01,011801,D_city,1535.8544757237594
MEDELLÍN,AZÚCAR NATURAL O MORENA,2020-04-01,011801,D_city,1564.3987199874093
MEDELLÍN,AZÚCAR NATURAL O MORENA,2020-05-01,011801,D_city,1572.1048111050325
MEDELLÍN,AZÚCAR NATURAL O MORENA,2020-06-01,011801,D_city,1575.4888379435854
MEDELLÍN,AZÚCAR NATURAL O MORENA,2020-07-01,011801,D_city,1583.419075398175
MEDELLÍN,AZÚCAR NATURAL O MORENA,2020-08-01,011801,D_city,1571.9880989783528
MEDELLÍN,AZÚCAR NATURAL O MORENA,2020-09-01,011801,D_city,1566.0338707526012
MEDELLÍN,AZÚCAR NATURAL O MORENA,2020-10-01,011801,D_city,1561.594944262234
MEDELLÍN,AZÚCAR NATURAL O MORENA,2020-11-01,011801,D_city,1566.6177845033778
MEDELLÍN,AZÚCAR NATURAL O MORENA,2020-12-01,011801,D_city,1553.2955411597563
MEDELLÍN,AZÚCAR NATURAL O MORENA,2021-01-01,011801,D_city,1541.2424561588468
MEDELLÍN,AZÚCAR NATURAL O MORENA,2021-02-01,011801,D_city,1539.9543107705606
MEDELLÍN,AZÚCAR NATURAL O MORENA,2021-03-01,011801,D_city,1519.789015294396
MEDELLÍN,AZÚCAR NATURAL O MORENA,2021-04-01,011801,D_city,1571.287796018032
MEDELLÍN,AZÚCAR NATURAL O MORENA,2021-05-01,011801,D_city,1608.1006874525353
MEDELLÍN,AZÚCAR NATURAL O MORENA,2021-06-01,011801,D_city,1721.6292493696992
MEDELLÍN,AZÚCAR NATURAL O MORENA,2021-07-01,011801,D_city,1730.2480550441799
MEDELLÍN,AZÚCAR NATURAL O MORENA,2021-08-01,011801,D_city,1735.3011051218373
MEDELLÍN,AZÚCAR NATURAL O MORENA,2021-09-01,011801,D_city,1743.7939180237481
MEDELLÍN,AZÚCAR NATURAL O MORENA,2021-10-01,011801,D_city,1743.6791960929136
MEDELLÍN,AZÚCAR NATURAL O MORENA,2021-11-01,011801,D_city,1730.0183128122717
MEDELLÍN,AZÚCAR NATURAL O MORENA,2021-12-01,011801,D_city,1735.989968116262
MEDELLÍN,AZÚCAR NATURAL O MORENA,2022-01-01,011801,D_city,1739.3188336465537
MEDELLÍN,AZÚCAR NATURAL O MORENA,2022-02-01,011801,D_city,1738.8597426731121
MEDELLÍN,AZÚCAR NATURAL O MORENA,2022-03-01,011801,D_city,1747.5790398306492
MEDELLÍN,AZÚCAR NATURAL O MORENA,2022-04-01,011801,D_city,1764.0800722476565
MEDELLÍN,AZÚCAR NATURAL O MORENA,2022-05-01,011801,D_city,1848.1395498972981
MEDELLÍN,AZÚCAR NATURAL O MORENA,2022-06-01,011801,D_city,1988.8399443718145
MEDELLÍN,AZÚCAR NATURAL O MORENA,2022-07-01,011801,D_city,2085.8813253031076
MEDELLÍN,AZÚCAR NATURAL O MORENA,2022-08-01,011801,D_city,2176.2089678703446
MEDELLÍN,AZÚCAR NATURAL O MORENA,2022-09-01,011801,D_city,2267.6758902907645
MEDELLÍN,AZÚCAR NATURAL O MORENA,2022-10-01,011801,D_city,2298.6125346170293
MEDELLÍN,AZÚCAR NATURAL O MORENA,2022-11-01,011801,D_city,2316.0250648930773
MEDELLÍN,AZÚCAR NATURAL O MORENA,2022-12-01,011801,D_city,2341.7208988012185
MEDELLÍN,AZÚCAR NATURAL O MORENA,2023-01-01,011801,D_city,2352.8594095038243
MEDELLÍN,AZÚCAR NATURAL O MORENA,2023-02-01,011801,D_city,2359.6256010365323
MEDELLÍN,AZÚCAR NATURAL O MORENA,2023-03-01,011801,D_city,2363.0074893270557
MEDELLÍN,AZÚCAR NATURAL O MORENA,2023-04-01,011801,D_city,2354.6058321918254
MEDELLÍN,AZÚCAR NATURAL O MORENA,2023-05-01,011801,D_city,2357.6615548938557
MEDELLÍN,AZÚCAR NATURAL O MORENA,2023-06-01,011801,D_city,2344.9978421778173
MEDELLÍN,AZÚCAR NATURAL O MORENA,2023-07-01,011801,D_city,2334.1810383656466
MEDELLÍN,AZÚCAR NATURAL O MORENA,2023-08-01,011801,D_city,2323.4652970872407
MEDELLÍN,AZÚCAR NATURAL O MORENA,2023-09-01,011801,D_city,2314.164387476746
MEDELLÍN,AZÚCAR NATURAL O MORENA,2023-10-01,011801,D_city,2301.8995883498355
MEDELLÍN,AZÚCAR NATURAL O MORENA,2023-11-01,011801,D_city,2361.698466612741
MEDELLÍN,AZÚCAR NATURAL O MORENA,2023-12-01,011801,D_city,2407.8782158274294
MEDELLÍN,AZÚCAR NATURAL O MORENA,2024-01-01,011801,D_city,2427.112524167644
MEDELLÍN,AZÚCAR NATURAL O MORENA,2024-02-01,011801,D_city,2428.415627760398
MEDELLÍN,AZÚCAR NATURAL O MORENA,2024-03-01,011801,D_city,2418.63951712
MEDELLÍN,AZÚCAR NATURAL O MORENA,2024-04-01,011801,D_city,2404.0718069903874
MEDELLÍN,AZÚCAR NATURAL O MORENA,2024-05-01,011801,D_city,2399.720400484823
MEDELLÍN,AZÚCAR NATURAL O MORENA,2024-06-01,011801,D_city,2402.2226190477695
MEDELLÍN,AZÚCAR NATURAL O MORENA,2024-07-01,011801,D_city,2397.000106554077
MEDELLÍN,AZÚCAR NATURAL O MORENA,2024-08-01,011801,D_city,2385.8959893409883
MEDELLÍN,AZÚCAR NATURAL O MORENA,2024-09-01,011801,D_city,2376.9629297254523
MEDELLÍN,AZÚCAR NATURAL O MORENA,2024-10-01,011801,D_city,2373.0393395308793
MEDELLÍN,AZÚCAR NATURAL O MORENA,2024-11-01,011801,D_city,2356.897685859147
MEDELLÍN,AZÚCAR NATURAL O MORENA,2024-12-01,011801,D_city,2338.0061094930757
MEDELLÍN,AZÚCAR REFINADA,2019-01-01,011801,D_city,1390.6693649872084
MEDELLÍN,AZÚCAR REFINADA,2019-02-01,011801,D_city,1385.8357755243137
MEDELLÍN,AZÚCAR REFINADA,2019-03-01,011801,D_city,1371.7503500887985
MEDELLÍN,AZÚCAR REFINADA,2019-04-01,011801,D_city,1411.3867852729595
MEDELLÍN,AZÚCAR REFINADA,2019-05-01,011801,D_city,1497.19116609578
MEDELLÍN,AZÚCAR REFINADA,2019-06-01,011801,D_city,1552.9026842971437
MEDELLÍN,AZÚCAR REFINADA,2019-07-01,011801,D_city,1556.77426669823
MEDELLÍN,AZÚCAR REFINADA,2019-08-01,011801,D_city,1582.2186558098556
MEDELLÍN,AZÚCAR REFINADA,2019-09-01,011801,D_city,1579.176159100167
MEDELLÍN,AZÚCAR REFINADA,2019-10-01,011801,D_city,1556.3594493457565
MEDELLÍN,AZÚCAR REFINADA,2019-11-01,011801,D_city,1552.6261466620558
MEDELLÍN,AZÚCAR REFINADA,2019-12-01,011801,D_city,1546.9572418879693
MEDELLÍN,AZÚCAR REFINADA,2020-01-01,011801,D_city,1531.3343448810156
MEDELLÍN,AZÚCAR REFINADA,2020-02-01,011801,D_city,1525.389797487024
MEDELLÍN,AZÚCAR REFINADA,2020-03-01,011801,D_city,1537.6939025957415
MEDELLÍN,AZÚCAR REFINADA,2020-04-01,011801,D_city,1571.4319064632627
MEDELLÍN,AZÚCAR REFINADA,2020-05-01,011801,D_city,1580.5591043504094
MEDELLÍN,AZÚCAR REFINADA,2020-06-01,011801,D_city,1584.5697190518758
MEDELLÍN,AZÚCAR REFINADA,2020-07-01,011801,D_city,1593.9743462499484
MEDELLÍN,AZÚCAR REFINADA,2020-08-01,011801,D_city,1580.4208092401966
MEDELLÍN,AZÚCAR REFINADA,2020-09-01,011801,D_city,1573.3679312620188
MEDELLÍN,AZÚCAR REFINADA,2020-10-01,011801,D_city,1568.1130664427494
MEDELLÍN,AZÚCAR REFINADA,2020-11-01,011801,D_city,1574.0593748944107
MEDELLÍN,AZÚCAR REFINADA,2020-12-01,011801,D_city,1558.2952738146485
MEDELLÍN,AZÚCAR REFINADA,2021-01-01,011801,D_city,1544.0537428946468
MEDELLÍN,AZÚCAR REFINADA,2021-02-01,011801,D_city,1542.532885872112
MEDELLÍN,AZÚCAR REFINADA,2021-03-01,011801,D_city,1518.7543176625381
MEDELLÍN,AZÚCAR REFINADA,2021-04-01,011801,D_city,1579.5910413095662
MEDELLÍN,AZÚCAR REFINADA,2021-05-01,011801,D_city,1623.2984657902625
MEDELLÍN,AZÚCAR REFINADA,2021-06-01,011801,D_city,1759.2027271551963
MEDELLÍN,AZÚCAR REFINADA,2021-07-01,011801,D_city,1769.587133203091
MEDELLÍN,AZÚCAR REFINADA,2021-08-01,011801,D_city,1775.6796230527539
MEDELLÍN,AZÚCAR REFINADA,2021-09-01,011801,D_city,1785.9265893506429
MEDELLÍN,AZÚCAR REFINADA,2021-10-01,011801,D_city,1785.788112614663
MEDELLÍN,AZÚCAR REFINADA,2021-11-01,011801,D_city,1769.3102071947944
MEDELLÍN,AZÚCAR REFINADA,2021-12-01,011801,D_city,1776.5104345408554
MEDELLÍN,AZÚCAR REFINADA,2022-01-01,011801,D_city,1780.5260822115615
MEDELLÍN,AZÚCAR REFINADA,2022-02-01,011801,D_city,1779.9721939845422
MEDELLÍN,AZÚCAR REFINADA,2022-03-01,011801,D_city,1790.4963862994366
MEDELLÍN,AZÚCAR REFINADA,2022-04-01,011801,D_city,1810.4387807610506
MEDELLÍN,AZÚCAR REFINADA,2022-05-01,011801,D_city,1912.5414855060917
MEDELLÍN,AZÚCAR REFINADA,2022-06-01,011801,D_city,2085.2919649754995
MEDELLÍN,AZÚCAR REFINADA,2022-07-01,011801,D_city,2205.72676635012
MEDELLÍN,AZÚCAR REFINADA,2022-08-01,011801,D_city,2318.733410105531
MEDELLÍN,AZÚCAR REFINADA,2022-09-01,011801,D_city,2434.02227762252
MEDELLÍN,AZÚCAR REFINADA,2022-10-01,011801,D_city,2473.2062116345305
MEDELLÍN,AZÚCAR REFINADA,2022-11-01,011801,D_city,2495.3022284355297
MEDELLÍN,AZÚCAR REFINADA,2022-12-01,011801,D_city,2527.9637078205524
MEDELLÍN,AZÚCAR REFINADA,2023-01-01,011801,D_city,2542.141594255333
MEDELLÍN,AZÚCAR REFINADA,2023-02-01,011801,D_city,2550.759940666423
MEDELLÍN,AZÚCAR REFINADA,2023-03-01,011801,D_city,2555.069231255883
MEDELLÍN,AZÚCAR REFINADA,2023-04-01,011801,D_city,2544.3656536437693
MEDELLÍN,AZÚCAR REFINADA,2023-05-01,011801,D_city,2548.257807820367
MEDELLÍN,AZÚCAR REFINADA,2023-06-01,011801,D_city,2532.133585955021
MEDELLÍN,AZÚCAR REFINADA,2023-07-01,011801,D_city,2518.3732687371917
MEDELLÍN,AZÚCAR REFINADA,2023-08-01,011801,D_city,2504.7527401238785
MEDELLÍN,AZÚCAR REFINADA,2023-09-01,011801,D_city,2492.9396605383545
MEDELLÍN,AZÚCAR REFINADA,2023-10-01,011801,D_city,2477.375109653898
MEDELLÍN,AZÚCAR REFINADA,2023-11-01,011801,D_city,2553.40110949978
MEDELLÍN,AZÚCAR REFINADA,2023-12-01,011801,D_city,2612.3484586408113
MEDELLÍN,AZÚCAR REFINADA,2024-01-01,011801,D_city,2636.9604437247212
MEDELLÍN,AZÚCAR REFINADA,2024-02-01,011801,D_city,2638.629142477129
MEDELLÍN,AZÚCAR REFINADA,2024-03-01,011801,D_city,2626.114178675514
MEDELLÍN,AZÚCAR REFINADA,2024-04-01,011801,D_city,2607.4819761832996
MEDELLÍN,AZÚCAR REFINADA,2024-05-01,011801,D_city,2601.920401437618
MEDELLÍN,AZÚCAR REFINADA,2024-06-01,011801,D_city,2605.118291328571
MEDELLÍN,AZÚCAR REFINADA,2024-07-01,011801,D_city,2598.4444820588865
MEDELLÍN,AZÚCAR REFINADA,2024-08-01,011801,D_city,2584.2632493661104
MEDELLÍN,AZÚCAR REFINADA,2024-09-01,011801,D_city,2572.863256516649
MEDELLÍN,AZÚCAR REFINADA,2024-10-01,011801,D_city,2567.8585528808812
MEDELLÍN,AZÚCAR REFINADA,2024-11-01,011801,D_city,2547.2847632848075
MEDELLÍN,AZÚCAR REFINADA,2024-12-01,011801,D_city,2523.237935271407
MEDELLÍN,BANANOS,2019-01-01,011606,BASE,817.728740937651
MEDELLÍN,BANANOS,2019-02-01,011606,BASE,801.2992544707588
MEDELLÍN,BANANOS,2019-03-01,011606,BASE,788.4450966650555
MEDELLÍN,BANANOS,2019-04-01,011606,BASE,814.2385391493475
MEDELLÍN,BANANOS,2019-05-01,011606,BASE,819.7717858869017
MEDELLÍN,BANANOS,2019-06-01,011606,BASE,826.3265550990816
MEDELLÍN,BANANOS,2019-07-01,011606,BASE,835.435130497825
MEDELLÍN,BANANOS,2019-08-01,011606,BASE,837.2227948284194
MEDELLÍN,BANANOS,2019-09-01,011606,BASE,851.4389826002898
MEDELLÍN,BANANOS,2019-10-01,011606,BASE,875.9555219913001
MEDELLÍN,BANANOS,2019-11-01,011606,BASE,931.2879893668439
MEDELLÍN,BANANOS,2019-12-01,011606,BASE,951.9738194780086
MEDELLÍN,BANANOS,2020-01-01,011606,BASE,915.7948985016916
MEDELLÍN,BANANOS,2020-02-01,011606,BASE,922.4347945867569
MEDELLÍN,BANANOS,2020-03-01,011606,BASE,957.1665587240211
MEDELLÍN,BANANOS,2020-04-01,011606,BASE,991.5578153697437
MEDELLÍN,BANANOS,2020-05-01,011606,BASE,1066.8950978733687
MEDELLÍN,BANANOS,2020-06-01,011606,BASE,1076.003673272112
MEDELLÍN,BANANOS,2020-07-01,011606,BASE,1087.6660548574189
MEDELLÍN,BANANOS,2020-08-01,011606,BASE,1097.3705183663606
MEDELLÍN,BANANOS,2020-09-01,011606,BASE,1060.1700749154181
MEDELLÍN,BANANOS,2020-10-01,011606,BASE,1074.8118970517157
MEDELLÍN,BANANOS,2020-11-01,011606,BASE,1107.3303624939583
MEDELLÍN,BANANOS,2020-12-01,011606,BASE,1140.61496979217
MEDELLÍN,BANANOS,2021-01-01,011606,BASE,1114.395892943451
MEDELLÍN,BANANOS,2021-02-01,011606,BASE,1114.991781053649
MEDELLÍN,BANANOS,2021-03-01,011606,BASE,1070.129919043016
MEDELLÍN,BANANOS,2021-04-01,011606,BASE,1076.4293076365393
MEDELLÍN,BANANOS,2021-05-01,011606,BASE,1115.1620347994199
MEDELLÍN,BANANOS,2021-06-01,011606,BASE,1061.106470517158
MEDELLÍN,BANANOS,2021-07-01,011606,BASE,1034.206378685355
MEDELLÍN,BANANOS,2021-08-01,011606,BASE,1035.7386623972934
MEDELLÍN,BANANOS,2021-09-01,011606,BASE,1059.8295674238761
MEDELLÍN,BANANOS,2021-10-01,011606,BASE,1073.0242327211213
MEDELLÍN,BANANOS,2021-11-01,011606,BASE,1084.9419949250846
MEDELLÍN,BANANOS,2021-12-01,011606,BASE,1099.2433095698404
MEDELLÍN,BANANOS,2022-01-01,011606,BASE,1108.2667580956984
MEDELLÍN,BANANOS,2022-02-01,011606,BASE,1114.8215273078783
MEDELLÍN,BANANOS,2022-03-01,011606,BASE,1149.4681645722571
MEDELLÍN,BANANOS,2022-04-01,011606,BASE,1183.689167472209
MEDELLÍN,BANANOS,2022-05-01,011606,BASE,1168.5365840985983
MEDELLÍN,BANANOS,2022-06-01,011606,BASE,1170.8350096665054
MEDELLÍN,BANANOS,2022-07-01,011606,BASE,1170.2391215563073
MEDELLÍN,BANANOS,2022-08-01,011606,BASE,1209.6528637022714
MEDELLÍN,BANANOS,2022-09-01,011606,BASE,1217.0589016433057
MEDELLÍN,BANANOS,2022-10-01,011606,BASE,1221.3152452875784
MEDELLÍN,BANANOS,2022-11-01,011606,BASE,1266.3473610439823
MEDELLÍN,BANANOS,2022-12-01,011606,BASE,1308.1446556307392
MEDELLÍN,BANANOS,2023-01-01,011606,BASE,1293.4177066215561
MEDELLÍN,BANANOS,2023-02-01,011606,BASE,1323.2972390043499
MEDELLÍN,BANANOS,2023-03-01,011606,BASE,1321.9352090381824
MEDELLÍN,BANANOS,2023-04-01,011606,BASE,1346.111240937651
MEDELLÍN,BANANOS,2023-05-01,011606,BASE,1347.473270903818
MEDELLÍN,BANANOS,2023-06-01,011606,BASE,1362.8812348960848
MEDELLÍN,BANANOS,2023-07-01,011606,BASE,1359.7315405993231
MEDELLÍN,BANANOS,2023-08-01,011606,BASE,1376.8420420492992
MEDELLÍN,BANANOS,2023-09-01,011606,BASE,1396.1658421942966
MEDELLÍN,BANANOS,2023-10-01,011606,BASE,1351.4742339294344
MEDELLÍN,BANANOS,2023-11-01,011606,BASE,1426.2156283228612
MEDELLÍN,BANANOS,2023-12-01,011606,BASE,1455.0736382310295
MEDELLÍN,BANANOS,2024-01-01,011606,BASE,1387.397774287095
MEDELLÍN,BANANOS,2024-02-01,011606,BASE,1388.9300579990334
MEDELLÍN,BANANOS,2024-03-01,011606,BASE,1417.7880679072016
MEDELLÍN,BANANOS,2024-04-01,011606,BASE,1514.151688013533
MEDELLÍN,BANANOS,2024-05-01,011606,BASE,1714.6254736587723
MEDELLÍN,BANANOS,2024-06-01,011606,BASE,1817.1182286128565
MEDELLÍN,BANANOS,2024-07-01,011606,BASE,1780.5988001449973
MEDELLÍN,BANANOS,2024-08-01,011606,BASE,1794.3893535524405
MEDELLÍN,BANANOS,2024-09-01,011606,BASE,1760.1683506524892
MEDELLÍN,BANANOS,2024-10-01,011606,BASE,1823.5878709521508
MEDELLÍN,BANANOS,2024-11-01,011606,BASE,1849.7218209279843
MEDELLÍN,BANANOS,2024-12-01,011606,BASE,1908.5444900918317
MEDELLÍN,CAFÉ MOLIDO,2019-01-01,012101,BASE,9286.0328742709
MEDELLÍN,CAFÉ MOLIDO,2019-02-01,012101,BASE,9335.106534888744
MEDELLÍN,CAFÉ MOLIDO,2019-03-01,012101,BASE,9376.772850507668
MEDELLÍN,CAFÉ MOLIDO,2019-04-01,012101,BASE,9389.73570425578
MEDELLÍN,CAFÉ MOLIDO,2019-05-01,012101,BASE,9404.550394253616
MEDELLÍN,CAFÉ MOLIDO,2019-06-01,012101,BASE,9365.66183300929
MEDELLÍN,CAFÉ MOLIDO,2019-07-01,012101,BASE,9250.84798552603
MEDELLÍN,CAFÉ MOLIDO,2019-08-01,012101,BASE,9268.440429898465
MEDELLÍN,CAFÉ MOLIDO,2019-09-01,012101,BASE,9249.922067401167
MEDELLÍN,CAFÉ MOLIDO,2019-10-01,012101,BASE,9326.77327176496
MEDELLÍN,CAFÉ MOLIDO,2019-11-01,012101,BASE,9339.736125513069
MEDELLÍN,CAFÉ MOLIDO,2019-12-01,012101,BASE,9396.217131129835
MEDELLÍN,CAFÉ MOLIDO,2020-01-01,012101,BASE,9395.29121300497
MEDELLÍN,CAFÉ MOLIDO,2020-02-01,012101,BASE,9461.957317995248
MEDELLÍN,CAFÉ MOLIDO,2020-03-01,012101,BASE,9517.512405487147
MEDELLÍN,CAFÉ MOLIDO,2020-04-01,012101,BASE,9581.40075610283
MEDELLÍN,CAFÉ MOLIDO,2020-05-01,012101,BASE,9617.511562972564
MEDELLÍN,CAFÉ MOLIDO,2020-06-01,012101,BASE,9626.770744221214
MEDELLÍN,CAFÉ MOLIDO,2020-07-01,012101,BASE,9586.030346727155
MEDELLÍN,CAFÉ MOLIDO,2020-08-01,012101,BASE,9686.029504212573
MEDELLÍN,CAFÉ MOLIDO,2020-09-01,012101,BASE,9666.585223590408
MEDELLÍN,CAFÉ MOLIDO,2020-10-01,012101,BASE,9672.140732339598
MEDELLÍN,CAFÉ MOLIDO,2020-11-01,012101,BASE,9637.881761719593
MEDELLÍN,CAFÉ MOLIDO,2020-12-01,012101,BASE,9631.400334845539
MEDELLÍN,CAFÉ MOLIDO,2021-01-01,012101,BASE,9653.622369842298
MEDELLÍN,CAFÉ MOLIDO,2021-02-01,012101,BASE,9678.622159213654
MEDELLÍN,CAFÉ MOLIDO,2021-03-01,012101,BASE,9641.585434219052
MEDELLÍN,CAFÉ MOLIDO,2021-04-01,012101,BASE,9629.54849859581
MEDELLÍN,CAFÉ MOLIDO,2021-05-01,012101,BASE,9686.029504212573
MEDELLÍN,CAFÉ MOLIDO,2021-06-01,012101,BASE,9698.992357960684
MEDELLÍN,CAFÉ MOLIDO,2021-07-01,012101,BASE,9740.658673579606
MEDELLÍN,CAFÉ MOLIDO,2021-08-01,012101,BASE,9882.324146683948
MEDELLÍN,CAFÉ MOLIDO,2021-09-01,012101,BASE,10014.730438539642
MEDELLÍN,CAFÉ MOLIDO,2021-10-01,012101,BASE,10268.432004752645
MEDELLÍN,CAFÉ MOLIDO,2021-11-01,012101,BASE,10438.800939727802
MEDELLÍN,CAFÉ MOLIDO,2021-12-01,012101,BASE,10720.280049686759
MEDELLÍN,CAFÉ MOLIDO,2022-01-01,012101,BASE,11007.314668394902
MEDELLÍN,CAFÉ MOLIDO,2022-02-01,012101,BASE,11226.757263987902
MEDELLÍN,CAFÉ MOLIDO,2022-03-01,012101,BASE,11490.643929574422
MEDELLÍN,CAFÉ MOLIDO,2022-04-01,012101,BASE,12183.23068697343
MEDELLÍN,CAFÉ MOLIDO,2022-05-01,012101,BASE,12931.372531864334
MEDELLÍN,CAFÉ MOLIDO,2022-06-01,012101,BASE,13187.851852451933
MEDELLÍN,CAFÉ MOLIDO,2022-07-01,012101,BASE,13602.663172391445
MEDELLÍN,CAFÉ MOLIDO,2022-08-01,012101,BASE,13935.993697342838
MEDELLÍN,CAFÉ MOLIDO,2022-09-01,012101,BASE,14503.581507885072
MEDELLÍN,CAFÉ MOLIDO,2022-10-01,012101,BASE,15032.280757182976
MEDELLÍN,CAFÉ MOLIDO,2022-11-01,012101,BASE,15719.312005832793
MEDELLÍN,CAFÉ MOLIDO,2022-12-01,012101,BASE,15906.347467055519
MEDELLÍN,CAFÉ MOLIDO,2023-01-01,012101,BASE,15909.125221430115
MEDELLÍN,CAFÉ MOLIDO,2023-02-01,012101,BASE,15933.199092676605
MEDELLÍN,CAFÉ MOLIDO,2023-03-01,012101,BASE,15930.421338302009
MEDELLÍN,CAFÉ MOLIDO,2023-04-01,012101,BASE,15983.198671419314
MEDELLÍN,CAFÉ MOLIDO,2023-05-01,012101,BASE,16054.494367033914
MEDELLÍN,CAFÉ MOLIDO,2023-06-01,012101,BASE,16034.124168286886
MEDELLÍN,CAFÉ MOLIDO,2023-07-01,012101,BASE,16048.938858284728
MEDELLÍN,CAFÉ MOLIDO,2023-08-01,012101,BASE,16166.530460142578
MEDELLÍN,CAFÉ MOLIDO,2023-09-01,012101,BASE,16062.8276301577
MEDELLÍN,CAFÉ MOLIDO,2023-10-01,012101,BASE,16048.938858284728
MEDELLÍN,CAFÉ MOLIDO,2023-11-01,012101,BASE,16185.04882263988
MEDELLÍN,CAFÉ MOLIDO,2023-12-01,012101,BASE,16138.75291639663
MEDELLÍN,CAFÉ MOLIDO,2024-01-01,012101,BASE,16214.67820263556
MEDELLÍN,CAFÉ MOLIDO,2024-02-01,012101,BASE,16216.530038885287
MEDELLÍN,CAFÉ MOLIDO,2024-03-01,012101,BASE,16239.677992006911
MEDELLÍN,CAFÉ MOLIDO,2024-04-01,012101,BASE,16389.676728235037
MEDELLÍN,CAFÉ MOLIDO,2024-05-01,012101,BASE,16368.380611363145
MEDELLÍN,CAFÉ MOLIDO,2024-06-01,012101,BASE,16333.195722618275
MEDELLÍN,CAFÉ MOLIDO,2024-07-01,012101,BASE,16226.715138258804
MEDELLÍN,CAFÉ MOLIDO,2024-08-01,012101,BASE,16286.899816375028
MEDELLÍN,CAFÉ MOLIDO,2024-09-01,012101,BASE,16346.158576366384
MEDELLÍN,CAFÉ MOLIDO,2024-10-01,012101,BASE,16234.122483257725
MEDELLÍN,CAFÉ MOLIDO,2024-11-01,012101,BASE,16233.196565132857
MEDELLÍN,CAFÉ MOLIDO,2024-12-01,012101,BASE,16520.231183841
MEDELLÍN,CAMARONES O VARIEDAD DISPONIBLE,2019-01-01,011303,BASE_lowR2,22756.26240475918
MEDELLÍN,CAMARONES O VARIEDAD DISPONIBLE,2019-02-01,011303,BASE_lowR2,23147.87447660451
MEDELLÍN,CAMARONES O VARIEDAD DISPONIBLE,2019-03-01,011303,BASE_lowR2,23314.422139343325
MEDELLÍN,CAMARONES O VARIEDAD DISPONIBLE,2019-04-01,011303,BASE_lowR2,23582.248786180073
MEDELLÍN,CAMARONES O VARIEDAD DISPONIBLE,2019-05-01,011303,BASE_lowR2,23634.01360027457
MEDELLÍN,CAMARONES O VARIEDAD DISPONIBLE,2019-06-01,011303,BASE_lowR2,23679.026482095873
MEDELLÍN,CAMARONES O VARIEDAD DISPONIBLE,2019-07-01,011303,BASE_lowR2,23656.52004118522
MEDELLÍN,CAMARONES O VARIEDAD DISPONIBLE,2019-08-01,011303,BASE_lowR2,23674.52519391374
MEDELLÍN,CAMARONES O VARIEDAD DISPONIBLE,2019-09-01,011303,BASE_lowR2,23634.01360027457
MEDELLÍN,CAMARONES O VARIEDAD DISPONIBLE,2019-10-01,011303,BASE_lowR2,23746.545804827823
MEDELLÍN,CAMARONES O VARIEDAD DISPONIBLE,2019-11-01,011303,BASE_lowR2,23791.558686649125
MEDELLÍN,CAMARONES O VARIEDAD DISPONIBLE,2019-12-01,011303,BASE_lowR2,23773.553533920607
MEDELLÍN,CAMARONES O VARIEDAD DISPONIBLE,2020-01-01,011303,BASE_lowR2,23760.049669374217
MEDELLÍN,CAMARONES O VARIEDAD DISPONIBLE,2020-02-01,011303,BASE_lowR2,23838.822212561492
MEDELLÍN,CAMARONES O VARIEDAD DISPONIBLE,2020-03-01,011303,BASE_lowR2,24336.214556686882
MEDELLÍN,CAMARONES O VARIEDAD DISPONIBLE,2020-04-01,011303,BASE_lowR2,25538.058501315638
MEDELLÍN,CAMARONES O VARIEDAD DISPONIBLE,2020-05-01,011303,BASE_lowR2,25900.412199977123
MEDELLÍN,CAMARONES O VARIEDAD DISPONIBLE,2020-06-01,011303,BASE_lowR2,25945.425081798425
MEDELLÍN,CAMARONES O VARIEDAD DISPONIBLE,2020-07-01,011303,BASE_lowR2,25938.673149525228
MEDELLÍN,CAMARONES O VARIEDAD DISPONIBLE,2020-08-01,011303,BASE_lowR2,26201.998508179844
MEDELLÍN,CAMARONES O VARIEDAD DISPONIBLE,2020-09-01,011303,BASE_lowR2,26217.753016817296
MEDELLÍN,CAMARONES O VARIEDAD DISPONIBLE,2020-10-01,011303,BASE_lowR2,26337.03715364375
MEDELLÍN,CAMARONES O VARIEDAD DISPONIBLE,2020-11-01,011303,BASE_lowR2,26352.791662281204
MEDELLÍN,CAMARONES O VARIEDAD DISPONIBLE,2020-12-01,011303,BASE_lowR2,26501.3341722915
MEDELLÍN,CAMARONES O VARIEDAD DISPONIBLE,2021-01-01,011303,BASE_lowR2,26654.377970483933
MEDELLÍN,CAMARONES O VARIEDAD DISPONIBLE,2021-02-01,011303,BASE_lowR2,26712.89471685162
MEDELLÍN,CAMARONES O VARIEDAD DISPONIBLE,2021-03-01,011303,BASE_lowR2,26807.421768676355
MEDELLÍN,CAMARONES O VARIEDAD DISPONIBLE,2021-04-01,011303,BASE_lowR2,26962.716210959847
MEDELLÍN,CAMARONES O VARIEDAD DISPONIBLE,2021-05-01,011303,BASE_lowR2,27034.73682187393
MEDELLÍN,CAMARONES O VARIEDAD DISPONIBLE,2021-06-01,011303,BASE_lowR2,27100.005500514817
MEDELLÍN,CAMARONES O VARIEDAD DISPONIBLE,2021-07-01,011303,BASE_lowR2,27394.839876444345
MEDELLÍN,CAMARONES O VARIEDAD DISPONIBLE,2021-08-01,011303,BASE_lowR2,27606.400421004462
MEDELLÍN,CAMARONES O VARIEDAD DISPONIBLE,2021-09-01,011303,BASE_lowR2,27998.01249284979
MEDELLÍN,CAMARONES O VARIEDAD DISPONIBLE,2021-10-01,011303,BASE_lowR2,28090.28890058346
MEDELLÍN,CAMARONES O VARIEDAD DISPONIBLE,2021-11-01,011303,BASE_lowR2,28281.593648323993
MEDELLÍN,CAMARONES O VARIEDAD DISPONIBLE,2021-12-01,011303,BASE_lowR2,28598.93446516417
MEDELLÍN,CAMARONES O VARIEDAD DISPONIBLE,2022-01-01,011303,BASE_lowR2,28763.231483811924
MEDELLÍN,CAMARONES O VARIEDAD DISPONIBLE,2022-02-01,011303,BASE_lowR2,29166.09677611258
MEDELLÍN,CAMARONES O VARIEDAD DISPONIBLE,2022-03-01,011303,BASE_lowR2,29737.76037524311
MEDELLÍN,CAMARONES O VARIEDAD DISPONIBLE,2022-04-01,011303,BASE_lowR2,30129.372447088437
MEDELLÍN,CAMARONES O VARIEDAD DISPONIBLE,2022-05-01,011303,BASE_lowR2,30338.682347557493
MEDELLÍN,CAMARONES O VARIEDAD DISPONIBLE,2022-06-01,011303,BASE_lowR2,30919.348523052286
MEDELLÍN,CAMARONES O VARIEDAD DISPONIBLE,2022-07-01,011303,BASE_lowR2,31144.412932158793
MEDELLÍN,CAMARONES O VARIEDAD DISPONIBLE,2022-08-01,011303,BASE_lowR2,31770.09198947489
MEDELLÍN,CAMARONES O VARIEDAD DISPONIBLE,2022-09-01,011303,BASE_lowR2,33242.013225031464
MEDELLÍN,CAMARONES O VARIEDAD DISPONIBLE,2022-10-01,011303,BASE_lowR2,33334.28963276513
MEDELLÍN,CAMARONES O VARIEDAD DISPONIBLE,2022-11-01,011303,BASE_lowR2,34081.503470998745
MEDELLÍN,CAMARONES O VARIEDAD DISPONIBLE,2022-12-01,011303,BASE_lowR2,34851.223750143006
MEDELLÍN,CAMARONES O VARIEDAD DISPONIBLE,2023-01-01,011303,BASE_lowR2,35272.094195172176
MEDELLÍN,CAMARONES O VARIEDAD DISPONIBLE,2023-02-01,011303,BASE_lowR2,35726.72430156733
MEDELLÍN,CAMARONES O VARIEDAD DISPONIBLE,2023-03-01,011303,BASE_lowR2,36066.57155931816
MEDELLÍN,CAMARONES O VARIEDAD DISPONIBLE,2023-04-01,011303,BASE_lowR2,36478.439427983074
MEDELLÍN,CAMARONES O VARIEDAD DISPONIBLE,2023-05-01,011303,BASE_lowR2,36084.576712046684
MEDELLÍN,CAMARONES O VARIEDAD DISPONIBLE,2023-06-01,011303,BASE_lowR2,35978.79643976662
MEDELLÍN,CAMARONES O VARIEDAD DISPONIBLE,2023-07-01,011303,BASE_lowR2,35663.70626701751
MEDELLÍN,CAMARONES O VARIEDAD DISPONIBLE,2023-08-01,011303,BASE_lowR2,35398.13026427183
MEDELLÍN,CAMARONES O VARIEDAD DISPONIBLE,2023-09-01,011303,BASE_lowR2,35391.37833199863
MEDELLÍN,CAMARONES O VARIEDAD DISPONIBLE,2023-10-01,011303,BASE_lowR2,35249.587754261534
MEDELLÍN,CAMARONES O VARIEDAD DISPONIBLE,2023-11-01,011303,BASE_lowR2,34860.22632650727
MEDELLÍN,CAMARONES O VARIEDAD DISPONIBLE,2023-12-01,011303,BASE_lowR2,34677.924155131
MEDELLÍN,CAMARONES O VARIEDAD DISPONIBLE,2024-01-01,011303,BASE_lowR2,34565.391950577745
MEDELLÍN,CAMARONES O VARIEDAD DISPONIBLE,2024-02-01,011303,BASE_lowR2,34502.37391602792
MEDELLÍN,CAMARONES O VARIEDAD DISPONIBLE,2024-03-01,011303,BASE_lowR2,34556.389374213475
MEDELLÍN,CAMARONES O VARIEDAD DISPONIBLE,2024-04-01,011303,BASE_lowR2,34722.937036952295
MEDELLÍN,CAMARONES O VARIEDAD DISPONIBLE,2024-05-01,011303,BASE_lowR2,33822.679400526256
MEDELLÍN,CAMARONES O VARIEDAD DISPONIBLE,2024-06-01,011303,BASE_lowR2,34540.63486557602
MEDELLÍN,CAMARONES O VARIEDAD DISPONIBLE,2024-07-01,011303,BASE_lowR2,35546.672774282124
MEDELLÍN,CAMARONES O VARIEDAD DISPONIBLE,2024-08-01,011303,BASE_lowR2,35434.140569728865
MEDELLÍN,CAMARONES O VARIEDAD DISPONIBLE,2024-09-01,011303,BASE_lowR2,35512.91311291614
MEDELLÍN,CAMARONES O VARIEDAD DISPONIBLE,2024-10-01,011303,BASE_lowR2,35715.471081112
MEDELLÍN,CAMARONES O VARIEDAD DISPONIBLE,2024-11-01,011303,BASE_lowR2,36001.30288067728
MEDELLÍN,CAMARONES O VARIEDAD DISPONIBLE,2024-12-01,011303,BASE_lowR2,35967.543219311294
MEDELLÍN,CARNE DE CERDO CON HUESO,2019-01-01,011202,D_city,6559.619385260419
MEDELLÍN,CARNE DE CERDO CON HUESO,2019-02-01,011202,D_city,6557.367658000234
MEDELLÍN,CARNE DE CERDO CON HUESO,2019-03-01,011202,D_city,6580.319611034871
MEDELLÍN,CARNE DE CERDO CON HUESO,2019-04-01,011202,D_city,6571.772938581651
MEDELLÍN,CARNE DE CERDO CON HUESO,2019-05-01,011202,D_city,6584.815930511637
MEDELLÍN,CARNE DE CERDO CON HUESO,2019-06-01,011202,D_city,6620.738810145129
MEDELLÍN,CARNE DE CERDO CON HUESO,2019-07-01,011202,D_city,6589.310921720347
MEDELLÍN,CARNE DE CERDO CON HUESO,2019-08-01,011202,D_city,6558.268389052066
MEDELLÍN,CARNE DE CERDO CON HUESO,2019-09-01,011202,D_city,6555.115596075358
MEDELLÍN,CARNE DE CERDO CON HUESO,2019-10-01,011202,D_city,6605.032955202688
MEDELLÍN,CARNE DE CERDO CON HUESO,2019-11-01,011202,D_city,6685.635123168611
MEDELLÍN,CARNE DE CERDO CON HUESO,2019-12-01,011202,D_city,6827.900777524731
MEDELLÍN,CARNE DE CERDO CON HUESO,2020-01-01,011202,D_city,6811.074222640075
MEDELLÍN,CARNE DE CERDO CON HUESO,2020-02-01,011202,D_city,6775.146881437941
MEDELLÍN,CARNE DE CERDO CON HUESO,2020-03-01,011202,D_city,6752.483619345246
MEDELLÍN,CARNE DE CERDO CON HUESO,2020-04-01,011202,D_city,6732.013975593434
MEDELLÍN,CARNE DE CERDO CON HUESO,2020-05-01,011202,D_city,6519.036915081357
MEDELLÍN,CARNE DE CERDO CON HUESO,2020-06-01,011202,D_city,6542.047026309391
MEDELLÍN,CARNE DE CERDO CON HUESO,2020-07-01,011202,D_city,6703.043461487327
MEDELLÍN,CARNE DE CERDO CON HUESO,2020-08-01,011202,D_city,6766.2632434735015
MEDELLÍN,CARNE DE CERDO CON HUESO,2020-09-01,011202,D_city,6770.705692978999
MEDELLÍN,CARNE DE CERDO CON HUESO,2020-10-01,011202,D_city,6896.350593034768
MEDELLÍN,CARNE DE CERDO CON HUESO,2020-11-01,011202,D_city,7075.578178360381
MEDELLÍN,CARNE DE CERDO CON HUESO,2020-12-01,011202,D_city,7350.021833356067
MEDELLÍN,CARNE DE CERDO CON HUESO,2021-01-01,011202,D_city,7452.595589674925
MEDELLÍN,CARNE DE CERDO CON HUESO,2021-02-01,011202,D_city,7421.034172054179
MEDELLÍN,CARNE DE CERDO CON HUESO,2021-03-01,011202,D_city,7416.764662296012
MEDELLÍN,CARNE DE CERDO CON HUESO,2021-04-01,011202,D_city,7449.186336177592
MEDELLÍN,CARNE DE CERDO CON HUESO,2021-05-01,011202,D_city,7515.970226922642
MEDELLÍN,CARNE DE CERDO CON HUESO,2021-06-01,011202,D_city,7563.455646659437
MEDELLÍN,CARNE DE CERDO CON HUESO,2021-07-01,011202,D_city,7737.457544039193
MEDELLÍN,CARNE DE CERDO CON HUESO,2021-08-01,011202,D_city,8010.004751259886
MEDELLÍN,CARNE DE CERDO CON HUESO,2021-09-01,011202,D_city,8226.407167828796
MEDELLÍN,CARNE DE CERDO CON HUESO,2021-10-01,011202,D_city,8387.002555191963
MEDELLÍN,CARNE DE CERDO CON HUESO,2021-11-01,011202,D_city,8488.362963104006
MEDELLÍN,CARNE DE CERDO CON HUESO,2021-12-01,011202,D_city,8563.940347942429
MEDELLÍN,CARNE DE CERDO CON HUESO,2022-01-01,011202,D_city,8551.4980441576
MEDELLÍN,CARNE DE CERDO CON HUESO,2022-02-01,011202,D_city,8439.565751027061
MEDELLÍN,CARNE DE CERDO CON HUESO,2022-03-01,011202,D_city,8202.303256398902
MEDELLÍN,CARNE DE CERDO CON HUESO,2022-04-01,011202,D_city,8133.499691069687
MEDELLÍN,CARNE DE CERDO CON HUESO,2022-05-01,011202,D_city,8133.9099800606355
MEDELLÍN,CARNE DE CERDO CON HUESO,2022-06-01,011202,D_city,8262.709605416
MEDELLÍN,CARNE DE CERDO CON HUESO,2022-07-01,011202,D_city,8433.911917052123
MEDELLÍN,CARNE DE CERDO CON HUESO,2022-08-01,011202,D_city,8672.379562742419
MEDELLÍN,CARNE DE CERDO CON HUESO,2022-09-01,011202,D_city,8835.333765884854
MEDELLÍN,CARNE DE CERDO CON HUESO,2022-10-01,011202,D_city,9017.803580171058
MEDELLÍN,CARNE DE CERDO CON HUESO,2022-11-01,011202,D_city,9161.70080171896
MEDELLÍN,CARNE DE CERDO CON HUESO,2022-12-01,011202,D_city,9383.83433991066
MEDELLÍN,CARNE DE CERDO CON HUESO,2023-01-01,011202,D_city,9560.526556203044
MEDELLÍN,CARNE DE CERDO CON HUESO,2023-02-01,011202,D_city,9537.943257685754
MEDELLÍN,CARNE DE CERDO CON HUESO,2023-03-01,011202,D_city,9529.899550142978
MEDELLÍN,CARNE DE CERDO CON HUESO,2023-04-01,011202,D_city,9512.653130792323
MEDELLÍN,CARNE DE CERDO CON HUESO,2023-05-01,011202,D_city,9342.141543236574
MEDELLÍN,CARNE DE CERDO CON HUESO,2023-06-01,011202,D_city,9275.575068566088
MEDELLÍN,CARNE DE CERDO CON HUESO,2023-07-01,011202,D_city,9231.72973899804
MEDELLÍN,CARNE DE CERDO CON HUESO,2023-08-01,011202,D_city,9270.535486922545
MEDELLÍN,CARNE DE CERDO CON HUESO,2023-09-01,011202,D_city,9299.206534960114
MEDELLÍN,CARNE DE CERDO CON HUESO,2023-10-01,011202,D_city,9306.561847677782
MEDELLÍN,CARNE DE CERDO CON HUESO,2023-11-01,011202,D_city,9321.651720046704
MEDELLÍN,CARNE DE CERDO CON HUESO,2023-12-01,011202,D_city,9395.786908434739
MEDELLÍN,CARNE DE CERDO CON HUESO,2024-01-01,011202,D_city,9443.146953674732
MEDELLÍN,CARNE DE CERDO CON HUESO,2024-02-01,011202,D_city,9297.65772727514
MEDELLÍN,CARNE DE CERDO CON HUESO,2024-03-01,011202,D_city,9305.787722724834
MEDELLÍN,CARNE DE CERDO CON HUESO,2024-04-01,011202,D_city,9325.905926568374
MEDELLÍN,CARNE DE CERDO CON HUESO,2024-05-01,011202,D_city,9258.901155250498
MEDELLÍN,CARNE DE CERDO CON HUESO,2024-06-01,011202,D_city,9294.559776891696
MEDELLÍN,CARNE DE CERDO CON HUESO,2024-07-01,011202,D_city,9196.744115708669
MEDELLÍN,CARNE DE CERDO CON HUESO,2024-08-01,011202,D_city,9156.634197016196
MEDELLÍN,CARNE DE CERDO CON HUESO,2024-09-01,011202,D_city,9201.801149689596
MEDELLÍN,CARNE DE CERDO CON HUESO,2024-10-01,011202,D_city,9194.409694131296
MEDELLÍN,CARNE DE CERDO CON HUESO,2024-11-01,011202,D_city,9313.52771884359
MEDELLÍN,CARNE DE CERDO CON HUESO,2024-12-01,011202,D_city,9582.322415672337
MEDELLÍN,CARNE DE CERDO SIN HUESO,2019-01-01,011202,D_city,6997.4335672936695
MEDELLÍN,CARNE DE CERDO SIN HUESO,2019-02-01,011202,D_city,6993.779292888963
MEDELLÍN,CARNE DE CERDO SIN HUESO,2019-03-01,011202,D_city,7031.058106491519
MEDELLÍN,CARNE DE CERDO SIN HUESO,2019-04-01,011202,D_city,7017.168570693078
MEDELLÍN,CARNE DE CERDO SIN HUESO,2019-05-01,011202,D_city,7038.369031362949
MEDELLÍN,CARNE DE CERDO SIN HUESO,2019-06-01,011202,D_city,7096.872338252772
MEDELLÍN,CARNE DE CERDO SIN HUESO,2019-07-01,011202,D_city,7045.680399065572
MEDELLÍN,CARNE DE CERDO SIN HUESO,2019-08-01,011202,D_city,6995.240989293994
MEDELLÍN,CARNE DE CERDO SIN HUESO,2019-09-01,011202,D_city,6990.125129815328
MEDELLÍN,CARNE DE CERDO SIN HUESO,2019-10-01,011202,D_city,7071.2736674661965
MEDELLÍN,CARNE DE CERDO SIN HUESO,2019-11-01,011202,D_city,7202.981152666646
MEDELLÍN,CARNE DE CERDO SIN HUESO,2019-12-01,011202,D_city,7437.473478672545
MEDELLÍN,CARNE DE CERDO SIN HUESO,2020-01-01,011202,D_city,7409.6046779723365
MEDELLÍN,CARNE DE CERDO SIN HUESO,2020-02-01,011202,D_city,7350.220549645904
MEDELLÍN,CARNE DE CERDO SIN HUESO,2020-03-01,011202,D_city,7312.844876011841
MEDELLÍN,CARNE DE CERDO SIN HUESO,2020-04-01,011202,D_city,7279.143033993861
MEDELLÍN,CARNE DE CERDO SIN HUESO,2020-05-01,011202,D_city,6931.6737037651
MEDELLÍN,CARNE DE CERDO SIN HUESO,2020-06-01,011202,D_city,6968.933182075971
MEDELLÍN,CARNE DE CERDO SIN HUESO,2020-07-01,011202,D_city,7231.536382158074
MEDELLÍN,CARNE DE CERDO SIN HUESO,2020-08-01,011202,D_city,7335.562098773048
MEDELLÍN,CARNE DE CERDO SIN HUESO,2020-09-01,011202,D_city,7342.891110925434
MEDELLÍN,CARNE DE CERDO SIN HUESO,2020-10-01,011202,D_city,7551.2117238166275
MEDELLÍN,CARNE DE CERDO SIN HUESO,2020-11-01,011202,D_city,7851.810503672054
MEDELLÍN,CARNE DE CERDO SIN HUESO,2020-12-01,011202,D_city,8319.835162051286
MEDELLÍN,CARNE DE CERDO SIN HUESO,2021-01-01,011202,D_city,8497.131749529037
MEDELLÍN,CARNE DE CERDO SIN HUESO,2021-02-01,011202,D_city,8442.442084933937
MEDELLÍN,CARNE DE CERDO SIN HUESO,2021-03-01,011202,D_city,8435.053170926545
MEDELLÍN,CARNE DE CERDO SIN HUESO,2021-04-01,011202,D_city,8491.218361394192
MEDELLÍN,CARNE DE CERDO SIN HUESO,2021-05-01,011202,D_city,8607.312302494991
MEDELLÍN,CARNE DE CERDO SIN HUESO,2021-06-01,011202,D_city,8690.186818637747
MEDELLÍN,CARNE DE CERDO SIN HUESO,2021-07-01,011202,D_city,8996.1821493621
MEDELLÍN,CARNE DE CERDO SIN HUESO,2021-08-01,011202,D_city,9482.717443621354
MEDELLÍN,CARNE DE CERDO SIN HUESO,2021-09-01,011202,D_city,9875.237459531732
MEDELLÍN,CARNE DE CERDO SIN HUESO,2021-10-01,011202,D_city,10170.041003613129
MEDELLÍN,CARNE DE CERDO SIN HUESO,2021-11-01,011202,D_city,10357.632055201037
MEDELLÍN,CARNE DE CERDO SIN HUESO,2021-12-01,011202,D_city,10498.268578936184
MEDELLÍN,CARNE DE CERDO SIN HUESO,2022-01-01,011202,D_city,10475.070909213595
MEDELLÍN,CARNE DE CERDO SIN HUESO,2022-02-01,011202,D_city,10267.174759896123
MEDELLÍN,CARNE DE CERDO SIN HUESO,2022-03-01,011202,D_city,9831.24716205474
MEDELLÍN,CARNE DE CERDO SIN HUESO,2022-04-01,011202,D_city,9706.049661948764
MEDELLÍN,CARNE DE CERDO SIN HUESO,2022-05-01,011202,D_city,9706.794607845388
MEDELLÍN,CARNE DE CERDO SIN HUESO,2022-06-01,011202,D_city,9941.617314561427
MEDELLÍN,CARNE DE CERDO SIN HUESO,2022-07-01,011202,D_city,10256.711617586094
MEDELLÍN,CARNE DE CERDO SIN HUESO,2022-08-01,011202,D_city,10701.1877639459
MEDELLÍN,CARNE DE CERDO SIN HUESO,2022-09-01,011202,D_city,11008.61305351273
MEDELLÍN,CARNE DE CERDO SIN HUESO,2022-10-01,011202,D_city,11356.380949655299
MEDELLÍN,CARNE DE CERDO SIN HUESO,2022-11-01,011202,D_city,11633.2371809043
MEDELLÍN,CARNE DE CERDO SIN HUESO,2022-12-01,011202,D_city,12065.083406748907
MEDELLÍN,CARNE DE CERDO SIN HUESO,2023-01-01,011202,D_city,12412.4212836821
MEDELLÍN,CARNE DE CERDO SIN HUESO,2023-02-01,011202,D_city,12367.839390307858
MEDELLÍN,CARNE DE CERDO SIN HUESO,2023-03-01,011202,D_city,12351.973517944085
MEDELLÍN,CARNE DE CERDO SIN HUESO,2023-04-01,011202,D_city,12317.979222916214
MEDELLÍN,CARNE DE CERDO SIN HUESO,2023-05-01,011202,D_city,11983.61835033943
MEDELLÍN,CARNE DE CERDO SIN HUESO,2023-06-01,011202,D_city,11853.94442420471
MEDELLÍN,CARNE DE CERDO SIN HUESO,2023-07-01,011202,D_city,11768.796613967092
MEDELLÍN,CARNE DE CERDO SIN HUESO,2023-08-01,011202,D_city,11844.146837933076
MEDELLÍN,CARNE DE CERDO SIN HUESO,2023-09-01,011202,D_city,11899.924014359085
MEDELLÍN,CARNE DE CERDO SIN HUESO,2023-10-01,011202,D_city,11914.24764400734
MEDELLÍN,CARNE DE CERDO SIN HUESO,2023-11-01,011202,D_city,11943.651923420819
MEDELLÍN,CARNE DE CERDO SIN HUESO,2023-12-01,011202,D_city,12088.472830418232
MEDELLÍN,CARNE DE CERDO SIN HUESO,2024-01-01,011202,D_city,12181.301993022607
MEDELLÍN,CARNE DE CERDO SIN HUESO,2024-02-01,011202,D_city,11896.908641436496
MEDELLÍN,CARNE DE CERDO SIN HUESO,2024-03-01,011202,D_city,11912.73984621154
MEDELLÍN,CARNE DE CERDO SIN HUESO,2024-04-01,011202,D_city,11951.946201814038
MEDELLÍN,CARNE DE CERDO SIN HUESO,2024-05-01,011202,D_city,11821.538827574876
MEDELLÍN,CARNE DE CERDO SIN HUESO,2024-06-01,011202,D_city,11890.878029292235
MEDELLÍN,CARNE DE CERDO SIN HUESO,2024-07-01,011202,D_city,11701.00545053945
MEDELLÍN,CARNE DE CERDO SIN HUESO,2024-08-01,011202,D_city,11623.450330059326
MEDELLÍN,CARNE DE CERDO SIN HUESO,2024-09-01,011202,D_city,11710.796095629124
MEDELLÍN,CARNE DE CERDO SIN HUESO,2024-10-01,011202,D_city,11696.486852349668
MEDELLÍN,CARNE DE CERDO SIN HUESO,2024-11-01,011202,D_city,11927.81832471684
MEDELLÍN,CARNE DE CERDO SIN HUESO,2024-12-01,011202,D_city,12455.500796072016
MEDELLÍN,CARNE DE RES CON HUESO,2019-01-01,011201,D_city,3779.134143592209
MEDELLÍN,CARNE DE RES CON HUESO,2019-02-01,011201,D_city,3791.423044203001
MEDELLÍN,CARNE DE RES CON HUESO,2019-03-01,011201,D_city,3793.7625077513617
MEDELLÍN,CARNE DE RES CON HUESO,2019-04-01,011201,D_city,3842.7974899879123
MEDELLÍN,CARNE DE RES CON HUESO,2019-05-01,011201,D_city,3884.3963636156045
MEDELLÍN,CARNE DE RES CON HUESO,2019-06-01,011201,D_city,3935.1331435619863
MEDELLÍN,CARNE DE RES CON HUESO,2019-07-01,011201,D_city,3936.5800359541554
MEDELLÍN,CARNE DE RES CON HUESO,2019-08-01,011201,D_city,3933.6861005017545
MEDELLÍN,CARNE DE RES CON HUESO,2019-09-01,011201,D_city,3930.791562029713
MEDELLÍN,CARNE DE RES CON HUESO,2019-10-01,011201,D_city,3917.4688984150607
MEDELLÍN,CARNE DE RES CON HUESO,2019-11-01,011201,D_city,3907.033511099138
MEDELLÍN,CARNE DE RES CON HUESO,2019-12-01,011201,D_city,3951.9078545783577
MEDELLÍN,CARNE DE RES CON HUESO,2020-01-01,011201,D_city,3960.576518308
MEDELLÍN,CARNE DE RES CON HUESO,2020-02-01,011201,D_city,3964.331270626056
MEDELLÍN,CARNE DE RES CON HUESO,2020-03-01,011201,D_city,3904.713464624975
MEDELLÍN,CARNE DE RES CON HUESO,2020-04-01,011201,D_city,3969.8171749334615
MEDELLÍN,CARNE DE RES CON HUESO,2020-05-01,011201,D_city,3978.1862615259315
MEDELLÍN,CARNE DE RES CON HUESO,2020-06-01,011201,D_city,3983.955141201864
MEDELLÍN,CARNE DE RES CON HUESO,2020-07-01,011201,D_city,4000.671539720927
MEDELLÍN,CARNE DE RES CON HUESO,2020-08-01,011201,D_city,4007.0070675269553
MEDELLÍN,CARNE DE RES CON HUESO,2020-09-01,011201,D_city,3983.3783597287616
MEDELLÍN,CARNE DE RES CON HUESO,2020-10-01,011201,D_city,4006.43122772446
MEDELLÍN,CARNE DE RES CON HUESO,2020-11-01,011201,D_city,4028.009225893053
MEDELLÍN,CARNE DE RES CON HUESO,2020-12-01,011201,D_city,4077.371783028408
MEDELLÍN,CARNE DE RES CON HUESO,2021-01-01,011201,D_city,4077.08528194554
MEDELLÍN,CARNE DE RES CON HUESO,2021-02-01,011201,D_city,4101.131559878816
MEDELLÍN,CARNE DE RES CON HUESO,2021-03-01,011201,D_city,4209.419584961891
MEDELLÍN,CARNE DE RES CON HUESO,2021-04-01,011201,D_city,4373.482375920278
MEDELLÍN,CARNE DE RES CON HUESO,2021-05-01,011201,D_city,4526.36587239305
MEDELLÍN,CARNE DE RES CON HUESO,2021-06-01,011201,D_city,4615.680810343973
MEDELLÍN,CARNE DE RES CON HUESO,2021-07-01,011201,D_city,4667.049924844279
MEDELLÍN,CARNE DE RES CON HUESO,2021-08-01,011201,D_city,4724.580821439234
MEDELLÍN,CARNE DE RES CON HUESO,2021-09-01,011201,D_city,4787.390212067111
MEDELLÍN,CARNE DE RES CON HUESO,2021-10-01,011201,D_city,4874.498026728255
MEDELLÍN,CARNE DE RES CON HUESO,2021-11-01,011201,D_city,4944.627467582753
MEDELLÍN,CARNE DE RES CON HUESO,2021-12-01,011201,D_city,5080.551581873721
MEDELLÍN,CARNE DE RES CON HUESO,2022-01-01,011201,D_city,5154.965257031383
MEDELLÍN,CARNE DE RES CON HUESO,2022-02-01,011201,D_city,5181.219211551368
MEDELLÍN,CARNE DE RES CON HUESO,2022-03-01,011201,D_city,5271.215393080589
MEDELLÍN,CARNE DE RES CON HUESO,2022-04-01,011201,D_city,5403.681833345496
MEDELLÍN,CARNE DE RES CON HUESO,2022-05-01,011201,D_city,5657.293195978402
MEDELLÍN,CARNE DE RES CON HUESO,2022-06-01,011201,D_city,5860.984279550455
MEDELLÍN,CARNE DE RES CON HUESO,2022-07-01,011201,D_city,5864.086296817135
MEDELLÍN,CARNE DE RES CON HUESO,2022-08-01,011201,D_city,5814.9162091760145
MEDELLÍN,CARNE DE RES CON HUESO,2022-09-01,011201,D_city,5786.654931119344
MEDELLÍN,CARNE DE RES CON HUESO,2022-10-01,011201,D_city,5800.660804729313
MEDELLÍN,CARNE DE RES CON HUESO,2022-11-01,011201,D_city,5857.106104026236
MEDELLÍN,CARNE DE RES CON HUESO,2022-12-01,011201,D_city,5885.787430180661
MEDELLÍN,CARNE DE RES CON HUESO,2023-01-01,011201,D_city,5963.622124249024
MEDELLÍN,CARNE DE RES CON HUESO,2023-02-01,011201,D_city,5947.151487047234
MEDELLÍN,CARNE DE RES CON HUESO,2023-03-01,011201,D_city,5966.96614780469
MEDELLÍN,CARNE DE RES CON HUESO,2023-04-01,011201,D_city,5977.252124958068
MEDELLÍN,CARNE DE RES CON HUESO,2023-05-01,011201,D_city,5957.189816632867
MEDELLÍN,CARNE DE RES CON HUESO,2023-06-01,011201,D_city,5967.223358401845
MEDELLÍN,CARNE DE RES CON HUESO,2023-07-01,011201,D_city,5966.708934067808
MEDELLÍN,CARNE DE RES CON HUESO,2023-08-01,011201,D_city,5940.199062904342
MEDELLÍN,CARNE DE RES CON HUESO,2023-09-01,011201,D_city,5901.016352887588
MEDELLÍN,CARNE DE RES CON HUESO,2023-10-01,011201,D_city,5918.554538958269
MEDELLÍN,CARNE DE RES CON HUESO,2023-11-01,011201,D_city,5908.239744130475
MEDELLÍN,CARNE DE RES CON HUESO,2023-12-01,011201,D_city,5908.497676123778
MEDELLÍN,CARNE DE RES CON HUESO,2024-01-01,011201,D_city,5921.132442109398
MEDELLÍN,CARNE DE RES CON HUESO,2024-02-01,011201,D_city,5856.847533139919
MEDELLÍN,CARNE DE RES CON HUESO,2024-03-01,011201,D_city,5858.657461470221
MEDELLÍN,CARNE DE RES CON HUESO,2024-04-01,011201,D_city,5896.629500759767
MEDELLÍN,CARNE DE RES CON HUESO,2024-05-01,011201,D_city,5901.7904073864165
MEDELLÍN,CARNE DE RES CON HUESO,2024-06-01,011201,D_city,5907.9818089484215
MEDELLÍN,CARNE DE RES CON HUESO,2024-07-01,011201,D_city,5919.843530270911
MEDELLÍN,CARNE DE RES CON HUESO,2024-08-01,011201,D_city,5928.348880990187
MEDELLÍN,CARNE DE RES CON HUESO,2024-09-01,011201,D_city,5911.592611400162
MEDELLÍN,CARNE DE RES CON HUESO,2024-10-01,011201,D_city,5852.45133328886
MEDELLÍN,CARNE DE RES CON HUESO,2024-11-01,011201,D_city,5884.23810140868
MEDELLÍN,CARNE DE RES CON HUESO,2024-12-01,011201,D_city,5908.239744130475
MEDELLÍN,CARNE DE RES SIN HUESO,2019-01-01,011201,D_city,9606.431815865884
MEDELLÍN,CARNE DE RES SIN HUESO,2019-02-01,011201,D_city,9646.798357326219
MEDELLÍN,CARNE DE RES SIN HUESO,2019-03-01,011201,D_city,9654.487347569844
MEDELLÍN,CARNE DE RES SIN HUESO,2019-04-01,011201,D_city,9815.965332134643
MEDELLÍN,CARNE DE RES SIN HUESO,2019-05-01,011201,D_city,9953.427534630124
MEDELLÍN,CARNE DE RES SIN HUESO,2019-06-01,011201,D_city,10121.667363614759
MEDELLÍN,CARNE DE RES SIN HUESO,2019-07-01,011201,D_city,10126.474485669149
MEDELLÍN,CARNE DE RES SIN HUESO,2019-08-01,011201,D_city,10116.860256469272
MEDELLÍN,CARNE DE RES SIN HUESO,2019-09-01,011201,D_city,10107.246086932973
MEDELLÍN,CARNE DE RES SIN HUESO,2019-10-01,011201,D_city,10063.02167712275
MEDELLÍN,CARNE DE RES SIN HUESO,2019-11-01,011201,D_city,10028.412154453381
MEDELLÍN,CARNE DE RES SIN HUESO,2019-12-01,011201,D_city,10177.430894245388
MEDELLÍN,CARNE DE RES SIN HUESO,2020-01-01,011201,D_city,10206.274883361222
MEDELLÍN,CARNE DE RES SIN HUESO,2020-02-01,011201,D_city,10218.774110716415
MEDELLÍN,CARNE DE RES SIN HUESO,2020-03-01,011201,D_city,10020.72125524426
MEDELLÍN,CARNE DE RES SIN HUESO,2020-04-01,011201,D_city,10237.042391794119
MEDELLÍN,CARNE DE RES SIN HUESO,2020-05-01,011201,D_city,10264.925967969772
MEDELLÍN,CARNE DE RES SIN HUESO,2020-06-01,011201,D_city,10284.156308774081
MEDELLÍN,CARNE DE RES SIN HUESO,2020-07-01,011201,D_city,10339.925623479532
MEDELLÍN,CARNE DE RES SIN HUESO,2020-08-01,011201,D_city,10361.080015898053
MEDELLÍN,CARNE DE RES SIN HUESO,2020-09-01,011201,D_city,10282.23326411949
MEDELLÍN,CARNE DE RES SIN HUESO,2020-10-01,011201,D_city,10359.156877650923
MEDELLÍN,CARNE DE RES SIN HUESO,2020-11-01,011201,D_city,10431.276153760837
MEDELLÍN,CARNE DE RES SIN HUESO,2020-12-01,011201,D_city,10596.681954485337
MEDELLÍN,CARNE DE RES SIN HUESO,2021-01-01,011201,D_city,10595.720243867567
MEDELLÍN,CARNE DE RES SIN HUESO,2021-02-01,011201,D_city,10676.50591781093
MEDELLÍN,CARNE DE RES SIN HUESO,2021-03-01,011201,D_city,11042.014366473903
MEDELLÍN,CARNE DE RES SIN HUESO,2021-04-01,011201,D_city,11601.009497601983
MEDELLÍN,CARNE DE RES SIN HUESO,2021-05-01,011201,D_city,12127.453361970463
MEDELLÍN,CARNE DE RES SIN HUESO,2021-06-01,011201,D_city,12437.422902428014
MEDELLÍN,CARNE DE RES SIN HUESO,2021-07-01,011201,D_city,12616.496702355758
MEDELLÍN,CARNE DE RES SIN HUESO,2021-08-01,011201,D_city,12817.73383131251
MEDELLÍN,CARNE DE RES SIN HUESO,2021-09-01,011201,D_city,13038.251781160368
MEDELLÍN,CARNE DE RES SIN HUESO,2021-10-01,011201,D_city,13345.47668734374
MEDELLÍN,CARNE DE RES SIN HUESO,2021-11-01,011201,D_city,13593.987096257344
MEDELLÍN,CARNE DE RES SIN HUESO,2021-12-01,011201,D_city,14078.570908830343
MEDELLÍN,CARNE DE RES SIN HUESO,2022-01-01,011201,D_city,14345.475952229968
MEDELLÍN,CARNE DE RES SIN HUESO,2022-02-01,011201,D_city,14439.9122493126
MEDELLÍN,CARNE DE RES SIN HUESO,2022-03-01,011201,D_city,14764.688097524122
MEDELLÍN,CARNE DE RES SIN HUESO,2022-04-01,011201,D_city,15245.673054828781
MEDELLÍN,CARNE DE RES SIN HUESO,2022-05-01,011201,D_city,16176.112916261412
MEDELLÍN,CARNE DE RES SIN HUESO,2022-06-01,011201,D_city,16932.29348110871
MEDELLÍN,CARNE DE RES SIN HUESO,2022-07-01,011201,D_city,16943.869412847445
MEDELLÍN,CARNE DE RES SIN HUESO,2022-08-01,011201,D_city,16760.5899147788
MEDELLÍN,CARNE DE RES SIN HUESO,2022-09-01,011201,D_city,16655.451259056423
MEDELLÍN,CARNE DE RES SIN HUESO,2022-10-01,011201,D_city,16707.53775948971
MEDELLÍN,CARNE DE RES SIN HUESO,2022-11-01,011201,D_city,16917.823639114464
MEDELLÍN,CARNE DE RES SIN HUESO,2022-12-01,011201,D_city,17024.902379138923
MEDELLÍN,CARNE DE RES SIN HUESO,2023-01-01,011201,D_city,17316.255908668474
MEDELLÍN,CARNE DE RES SIN HUESO,2023-02-01,011201,D_city,17254.509422762785
MEDELLÍN,CARNE DE RES SIN HUESO,2023-03-01,011201,D_city,17328.798339475226
MEDELLÍN,CARNE DE RES SIN HUESO,2023-04-01,011201,D_city,17367.390805912015
MEDELLÍN,CARNE DE RES SIN HUESO,2023-05-01,011201,D_city,17292.13601620268
MEDELLÍN,CARNE DE RES SIN HUESO,2023-06-01,011201,D_city,17329.763144301
MEDELLÍN,CARNE DE RES SIN HUESO,2023-07-01,011201,D_city,17327.833535000234
MEDELLÍN,CARNE DE RES SIN HUESO,2023-08-01,011201,D_city,17228.460556496015
MEDELLÍN,CARNE DE RES SIN HUESO,2023-09-01,011201,D_city,17081.819897729274
MEDELLÍN,CARNE DE RES SIN HUESO,2023-10-01,011201,D_city,17147.421285705226
MEDELLÍN,CARNE DE RES SIN HUESO,2023-11-01,011201,D_city,17108.8320350677
MEDELLÍN,CARNE DE RES SIN HUESO,2023-12-01,011201,D_city,17109.79675941183
MEDELLÍN,CARNE DE RES SIN HUESO,2024-01-01,011201,D_city,17157.068687025152
MEDELLÍN,CARNE DE RES SIN HUESO,2024-02-01,011201,D_city,16916.8589858543
MEDELLÍN,CARNE DE RES SIN HUESO,2024-03-01,011201,D_city,16923.611566217794
MEDELLÍN,CARNE DE RES SIN HUESO,2024-04-01,011201,D_city,17065.419807549435
MEDELLÍN,CARNE DE RES SIN HUESO,2024-05-01,011201,D_city,17084.714041966858
MEDELLÍN,CARNE DE RES SIN HUESO,2024-06-01,011201,D_city,17107.867311078797
MEDELLÍN,CARNE DE RES SIN HUESO,2024-07-01,011201,D_city,17152.244981935855
MEDELLÍN,CARNE DE RES SIN HUESO,2024-08-01,011201,D_city,17184.08159911843
MEDELLÍN,CARNE DE RES SIN HUESO,2024-09-01,011201,D_city,17121.373479242524
MEDELLÍN,CARNE DE RES SIN HUESO,2024-10-01,011201,D_city,16900.459935407467
MEDELLÍN,CARNE DE RES SIN HUESO,2024-11-01,011201,D_city,17019.11422644842
MEDELLÍN,CARNE DE RES SIN HUESO,2024-12-01,011201,D_city,17108.8320350677
MEDELLÍN,CEBOLLA CABEZONA,2019-01-01,011714,D_city,1907.8353788137667
MEDELLÍN,CEBOLLA CABEZONA,2019-02-01,011714,D_city,1820.8572200659257
MEDELLÍN,CEBOLLA CABEZONA,2019-03-01,011714,D_city,1623.447070976852
MEDELLÍN,CEBOLLA CABEZONA,2019-04-01,011714,D_city,1538.086161593698
MEDELLÍN,CEBOLLA CABEZONA,2019-05-01,011714,D_city,1490.580237991631
MEDELLÍN,CEBOLLA CABEZONA,2019-06-01,011714,D_city,1534.0826206276765
MEDELLÍN,CEBOLLA CABEZONA,2019-07-01,011714,D_city,1837.4407450308122
MEDELLÍN,CEBOLLA CABEZONA,2019-08-01,011714,D_city,1777.2633054652306
MEDELLÍN,CEBOLLA CABEZONA,2019-09-01,011714,D_city,1665.2490497106367
MEDELLÍN,CEBOLLA CABEZONA,2019-10-01,011714,D_city,1614.343971833508
MEDELLÍN,CEBOLLA CABEZONA,2019-11-01,011714,D_city,1493.9636023944468
MEDELLÍN,CEBOLLA CABEZONA,2019-12-01,011714,D_city,1469.5186929569963
MEDELLÍN,CEBOLLA CABEZONA,2020-01-01,011714,D_city,1393.1394564288157
MEDELLÍN,CEBOLLA CABEZONA,2020-02-01,011714,D_city,1315.454230272365
MEDELLÍN,CEBOLLA CABEZONA,2020-03-01,011714,D_city,1398.4416514524341
MEDELLÍN,CEBOLLA CABEZONA,2020-04-01,011714,D_city,1555.726481261638
MEDELLÍN,CEBOLLA CABEZONA,2020-05-01,011714,D_city,1682.1514149119091
MEDELLÍN,CEBOLLA CABEZONA,2020-06-01,011714,D_city,1901.5659875561316
MEDELLÍN,CEBOLLA CABEZONA,2020-07-01,011714,D_city,1970.1236175857653
MEDELLÍN,CEBOLLA CABEZONA,2020-08-01,011714,D_city,2044.0357486787025
MEDELLÍN,CEBOLLA CABEZONA,2020-09-01,011714,D_city,1921.0145169335656
MEDELLÍN,CEBOLLA CABEZONA,2020-10-01,011714,D_city,1767.5816977777563
MEDELLÍN,CEBOLLA CABEZONA,2020-11-01,011714,D_city,1801.8234674478363
MEDELLÍN,CEBOLLA CABEZONA,2020-12-01,011714,D_city,1703.7870508845892
MEDELLÍN,CEBOLLA CABEZONA,2021-01-01,011714,D_city,1826.4507956408736
MEDELLÍN,CEBOLLA CABEZONA,2021-02-01,011714,D_city,1959.3992444468977
MEDELLÍN,CEBOLLA CABEZONA,2021-03-01,011714,D_city,2083.321964620802
MEDELLÍN,CEBOLLA CABEZONA,2021-04-01,011714,D_city,2214.3362578154342
MEDELLÍN,CEBOLLA CABEZONA,2021-05-01,011714,D_city,2256.629717223747
MEDELLÍN,CEBOLLA CABEZONA,2021-06-01,011714,D_city,1633.7762748943696
MEDELLÍN,CEBOLLA CABEZONA,2021-07-01,011714,D_city,1440.8057310648358
MEDELLÍN,CEBOLLA CABEZONA,2021-08-01,011714,D_city,1370.601333579363
MEDELLÍN,CEBOLLA CABEZONA,2021-09-01,011714,D_city,1350.6728270522767
MEDELLÍN,CEBOLLA CABEZONA,2021-10-01,011714,D_city,1466.14648841244
MEDELLÍN,CEBOLLA CABEZONA,2021-11-01,011714,D_city,1485.8063387026584
MEDELLÍN,CEBOLLA CABEZONA,2021-12-01,011714,D_city,1615.759336563079
MEDELLÍN,CEBOLLA CABEZONA,2022-01-01,011714,D_city,1907.8353788137667
MEDELLÍN,CEBOLLA CABEZONA,2022-02-01,011714,D_city,2280.219058918674
MEDELLÍN,CEBOLLA CABEZONA,2022-03-01,011714,D_city,2443.402546740611
MEDELLÍN,CEBOLLA CABEZONA,2022-04-01,011714,D_city,3034.398536239678
MEDELLÍN,CEBOLLA CABEZONA,2022-05-01,011714,D_city,2888.3081293627934
MEDELLÍN,CEBOLLA CABEZONA,2022-06-01,011714,D_city,2411.8129005083547
MEDELLÍN,CEBOLLA CABEZONA,2022-07-01,011714,D_city,2554.829006839812
MEDELLÍN,CEBOLLA CABEZONA,2022-08-01,011714,D_city,3023.1627200208145
MEDELLÍN,CEBOLLA CABEZONA,2022-09-01,011714,D_city,3293.685954473502
MEDELLÍN,CEBOLLA CABEZONA,2022-10-01,011714,D_city,3497.316966061675
MEDELLÍN,CEBOLLA CABEZONA,2022-11-01,011714,D_city,3502.509677975353
MEDELLÍN,CEBOLLA CABEZONA,2022-12-01,011714,D_city,4231.6045941202965
MEDELLÍN,CEBOLLA CABEZONA,2023-01-01,011714,D_city,4805.3367102505745
MEDELLÍN,CEBOLLA CABEZONA,2023-02-01,011714,D_city,4333.840158643821
MEDELLÍN,CEBOLLA CABEZONA,2023-03-01,011714,D_city,3854.8274278657445
MEDELLÍN,CEBOLLA CABEZONA,2023-04-01,011714,D_city,3288.3236499354825
MEDELLÍN,CEBOLLA CABEZONA,2023-05-01,011714,D_city,2458.5683252716526
MEDELLÍN,CEBOLLA CABEZONA,2023-06-01,011714,D_city,2320.1504532897134
MEDELLÍN,CEBOLLA CABEZONA,2023-07-01,011714,D_city,2409.841282481127
MEDELLÍN,CEBOLLA CABEZONA,2023-08-01,011714,D_city,3267.1247415580847
MEDELLÍN,CEBOLLA CABEZONA,2023-09-01,011714,D_city,3859.400094952574
MEDELLÍN,CEBOLLA CABEZONA,2023-10-01,011714,D_city,3388.1593769870587
MEDELLÍN,CEBOLLA CABEZONA,2023-11-01,011714,D_city,3058.5033128337386
MEDELLÍN,CEBOLLA CABEZONA,2023-12-01,011714,D_city,2867.2001478065986
MEDELLÍN,CEBOLLA CABEZONA,2024-01-01,011714,D_city,2727.2803942819946
MEDELLÍN,CEBOLLA CABEZONA,2024-02-01,011714,D_city,2515.2197024276147
MEDELLÍN,CEBOLLA CABEZONA,2024-03-01,011714,D_city,2251.658429956272
MEDELLÍN,CEBOLLA CABEZONA,2024-04-01,011714,D_city,2270.4743922194893
MEDELLÍN,CEBOLLA CABEZONA,2024-05-01,011714,D_city,2382.491134361717
MEDELLÍN,CEBOLLA CABEZONA,2024-06-01,011714,D_city,3754.504640705132
MEDELLÍN,CEBOLLA CABEZONA,2024-07-01,011714,D_city,4321.034055888616
MEDELLÍN,CEBOLLA CABEZONA,2024-08-01,011714,D_city,3429.4823960247036
MEDELLÍN,CEBOLLA CABEZONA,2024-09-01,011714,D_city,3039.445899235609
MEDELLÍN,CEBOLLA CABEZONA,2024-10-01,011714,D_city,2662.543002072996
MEDELLÍN,CEBOLLA CABEZONA,2024-11-01,011714,D_city,2447.5767569385284
MEDELLÍN,CEBOLLA CABEZONA,2024-12-01,011714,D_city,2642.0001109665163
MEDELLÍN,CEBOLLA LARGA,2019-01-01,011714,D_city,1928.0857109745414
MEDELLÍN,CEBOLLA LARGA,2019-02-01,011714,D_city,1899.3740378926366
MEDELLÍN,CEBOLLA LARGA,2019-03-01,011714,D_city,1830.568924762039
MEDELLÍN,CEBOLLA LARGA,2019-04-01,011714,D_city,1799.052218530116
MEDELLÍN,CEBOLLA LARGA,2019-05-01,011714,D_city,1780.9954235981418
MEDELLÍN,CEBOLLA LARGA,2019-06-01,011714,D_city,1797.5452129844143
MEDELLÍN,CEBOLLA LARGA,2019-07-01,011714,D_city,1904.9189925303374
MEDELLÍN,CEBOLLA LARGA,2019-08-01,011714,D_city,1884.6324358561765
MEDELLÍN,CEBOLLA LARGA,2019-09-01,011714,D_city,1845.59385259915
MEDELLÍN,CEBOLLA LARGA,2019-10-01,011714,D_city,1827.2622708960703
MEDELLÍN,CEBOLLA LARGA,2019-11-01,011714,D_city,1782.2942338332573
MEDELLÍN,CEBOLLA LARGA,2019-12-01,011714,D_city,1772.8649745704222
MEDELLÍN,CEBOLLA LARGA,2020-01-01,011714,D_city,1742.6990349032205
MEDELLÍN,CEBOLLA LARGA,2020-02-01,011714,D_city,1710.8431450598239
MEDELLÍN,CEBOLLA LARGA,2020-03-01,011714,D_city,1744.8288759996378
MEDELLÍN,CEBOLLA LARGA,2020-04-01,011714,D_city,1805.6608412054325
MEDELLÍN,CEBOLLA LARGA,2020-05-01,011714,D_city,1851.5964403523267
MEDELLÍN,CEBOLLA LARGA,2020-06-01,011714,D_city,1926.0462323124975
MEDELLÍN,CEBOLLA LARGA,2020-07-01,011714,D_city,1948.1057604250161
MEDELLÍN,CEBOLLA LARGA,2020-08-01,011714,D_city,1971.3122959730651
MEDELLÍN,CEBOLLA LARGA,2020-09-01,011714,D_city,1932.3582009143738
MEDELLÍN,CEBOLLA LARGA,2020-10-01,011714,D_city,1881.325313701636
MEDELLÍN,CEBOLLA LARGA,2020-11-01,011714,D_city,1892.9674177247553
MEDELLÍN,CEBOLLA LARGA,2020-12-01,011714,D_city,1859.220548282226
MEDELLÍN,CEBOLLA LARGA,2021-01-01,011714,D_city,1901.2481504436244
MEDELLÍN,CEBOLLA LARGA,2021-02-01,011714,D_city,1944.6897573734495
MEDELLÍN,CEBOLLA LARGA,2021-03-01,011714,D_city,1983.4160503429725
MEDELLÍN,CEBOLLA LARGA,2021-04-01,011714,D_city,2022.694469279678
MEDELLÍN,CEBOLLA LARGA,2021-05-01,011714,D_city,2035.0366049607906
MEDELLÍN,CEBOLLA LARGA,2021-06-01,011714,D_city,1834.3057547671087
MEDELLÍN,CEBOLLA LARGA,2021-07-01,011714,D_city,1761.6524618471965
MEDELLÍN,CEBOLLA LARGA,2021-08-01,011714,D_city,1733.5838020961403
MEDELLÍN,CEBOLLA LARGA,2021-09-01,011714,D_city,1725.4388896004932
MEDELLÍN,CEBOLLA LARGA,2021-10-01,011714,D_city,1771.555863681727
MEDELLÍN,CEBOLLA LARGA,2021-11-01,011714,D_city,1779.1594064611363
MEDELLÍN,CEBOLLA LARGA,2021-12-01,011714,D_city,1827.7772239649264
MEDELLÍN,CEBOLLA LARGA,2022-01-01,011714,D_city,1928.0857109745414
MEDELLÍN,CEBOLLA LARGA,2022-02-01,011714,D_city,2041.8524155294829
MEDELLÍN,CEBOLLA LARGA,2022-03-01,011714,D_city,2087.7391112579658
MEDELLÍN,CEBOLLA LARGA,2022-04-01,011714,D_city,2238.335296834453
MEDELLÍN,CEBOLLA LARGA,2022-05-01,011714,D_city,2203.1040673609364
MEDELLÍN,CEBOLLA LARGA,2022-06-01,011714,D_city,2079.0221730699627
MEDELLÍN,CEBOLLA LARGA,2022-07-01,011714,D_city,2117.889365799673
MEDELLÍN,CEBOLLA LARGA,2022-08-01,011714,D_city,2235.667043497947
MEDELLÍN,CEBOLLA LARGA,2022-09-01,011714,D_city,2298.1307972079767
MEDELLÍN,CEBOLLA LARGA,2022-10-01,011714,D_city,2342.88807658135
MEDELLÍN,CEBOLLA LARGA,2022-11-01,011714,D_city,2344.006009515861
MEDELLÍN,CEBOLLA LARGA,2022-12-01,011714,D_city,2490.94842763818
MEDELLÍN,CEBOLLA LARGA,2023-01-01,011714,D_city,2594.8921037081836
MEDELLÍN,CEBOLLA LARGA,2023-02-01,011714,D_city,2510.1421358518483
MEDELLÍN,CEBOLLA LARGA,2023-03-01,011714,D_city,2417.367412983626
MEDELLÍN,CEBOLLA LARGA,2023-04-01,011714,D_city,2296.9271266574115
MEDELLÍN,CEBOLLA LARGA,2023-05-01,011714,D_city,2091.8968507843724
MEDELLÍN,CEBOLLA LARGA,2023-06-01,011714,D_city,2053.2818114018264
MEDELLÍN,CEBOLLA LARGA,2023-07-01,011714,D_city,2078.475557045348
MEDELLÍN,CEBOLLA LARGA,2023-08-01,011714,D_city,2292.155549732228
MEDELLÍN,CEBOLLA LARGA,2023-09-01,011714,D_city,2418.2890421708803
MEDELLÍN,CEBOLLA LARGA,2023-10-01,011714,D_city,2319.1224420543685
MEDELLÍN,CEBOLLA LARGA,2023-11-01,011714,D_city,2244.037103545856
MEDELLÍN,CEBOLLA LARGA,2023-12-01,011714,D_city,2197.9143757324314
MEDELLÍN,CEBOLLA LARGA,2024-01-01,011714,D_city,2162.8403408003583
MEDELLÍN,CEBOLLA LARGA,2024-02-01,011714,D_city,2107.27582497488
MEDELLÍN,CEBOLLA LARGA,2024-03-01,011714,D_city,2033.594060475952
MEDELLÍN,CEBOLLA LARGA,2024-04-01,011714,D_city,2039.0426568132682
MEDELLÍN,CEBOLLA LARGA,2024-05-01,011714,D_city,2070.8614447165323
MEDELLÍN,CEBOLLA LARGA,2024-06-01,011714,D_city,2396.9578062923474
MEDELLÍN,CEBOLLA LARGA,2024-07-01,011714,D_city,2507.7548641845106
MEDELLÍN,CEBOLLA LARGA,2024-08-01,011714,D_city,2328.1794994400857
MEDELLÍN,CEBOLLA LARGA,2024-09-01,011714,D_city,2239.5317501418704
MEDELLÍN,CEBOLLA LARGA,2024-10-01,011714,D_city,2146.1984223944496
MEDELLÍN,CEBOLLA LARGA,2024-11-01,011714,D_city,2088.8852246683728
MEDELLÍN,CEBOLLA LARGA,2024-12-01,011714,D_city,2140.860176897446
MEDELLÍN,FECULA DE MAÍZ,2019-01-01,011105,BASE_lowR2,8143.107690380762
MEDELLÍN,FECULA DE MAÍZ,2019-02-01,011105,BASE_lowR2,8178.798171342685
MEDELLÍN,FECULA DE MAÍZ,2019-03-01,011105,BASE_lowR2,8156.086047094188
MEDELLÍN,FECULA DE MAÍZ,2019-04-01,011105,BASE_lowR2,8385.640731462925
MEDELLÍN,FECULA DE MAÍZ,2019-05-01,011105,BASE_lowR2,8389.696467935872
MEDELLÍN,FECULA DE MAÍZ,2019-06-01,011105,BASE_lowR2,8466.755460921842
MEDELLÍN,FECULA DE MAÍZ,2019-07-01,011105,BASE_lowR2,8409.164003006012
MEDELLÍN,FECULA DE MAÍZ,2019-08-01,011105,BASE_lowR2,8497.579058116233
MEDELLÍN,FECULA DE MAÍZ,2019-09-01,011105,BASE_lowR2,8318.315506012023
MEDELLÍN,FECULA DE MAÍZ,2019-10-01,011105,BASE_lowR2,8298.847970941884
MEDELLÍN,FECULA DE MAÍZ,2019-11-01,011105,BASE_lowR2,8250.990280561122
MEDELLÍN,FECULA DE MAÍZ,2019-12-01,011105,BASE_lowR2,8254.23486973948
MEDELLÍN,FECULA DE MAÍZ,2020-01-01,011105,BASE_lowR2,8264.779784569138
MEDELLÍN,FECULA DE MAÍZ,2020-02-01,011105,BASE_lowR2,8262.34634268537
MEDELLÍN,FECULA DE MAÍZ,2020-03-01,011105,BASE_lowR2,8362.928607214428
MEDELLÍN,FECULA DE MAÍZ,2020-04-01,011105,BASE_lowR2,8482.167259519038
MEDELLÍN,FECULA DE MAÍZ,2020-05-01,011105,BASE_lowR2,8457.021693386774
MEDELLÍN,FECULA DE MAÍZ,2020-06-01,011105,BASE_lowR2,8498.390205410822
MEDELLÍN,FECULA DE MAÍZ,2020-07-01,011105,BASE_lowR2,8506.501678356713
MEDELLÍN,FECULA DE MAÍZ,2020-08-01,011105,BASE_lowR2,8393.752204408816
MEDELLÍN,FECULA DE MAÍZ,2020-09-01,011105,BASE_lowR2,8356.439428857715
MEDELLÍN,FECULA DE MAÍZ,2020-10-01,011105,BASE_lowR2,8313.448622244488
MEDELLÍN,FECULA DE MAÍZ,2020-11-01,011105,BASE_lowR2,8391.31876252505
MEDELLÍN,FECULA DE MAÍZ,2020-12-01,011105,BASE_lowR2,8439.9876002004
MEDELLÍN,FECULA DE MAÍZ,2021-01-01,011105,BASE_lowR2,8388.074173346693
MEDELLÍN,FECULA DE MAÍZ,2021-02-01,011105,BASE_lowR2,8491.08987975952
MEDELLÍN,FECULA DE MAÍZ,2021-03-01,011105,BASE_lowR2,8493.523321643284
MEDELLÍN,FECULA DE MAÍZ,2021-04-01,011105,BASE_lowR2,8579.504934869738
MEDELLÍN,FECULA DE MAÍZ,2021-05-01,011105,BASE_lowR2,8581.127229458918
MEDELLÍN,FECULA DE MAÍZ,2021-06-01,011105,BASE_lowR2,8712.533091182364
MEDELLÍN,FECULA DE MAÍZ,2021-07-01,011105,BASE_lowR2,8887.740906813626
MEDELLÍN,FECULA DE MAÍZ,2021-08-01,011105,BASE_lowR2,9020.76906312625
MEDELLÍN,FECULA DE MAÍZ,2021-09-01,011105,BASE_lowR2,9075.927079158315
MEDELLÍN,FECULA DE MAÍZ,2021-10-01,011105,BASE_lowR2,9097.828056112225
MEDELLÍN,FECULA DE MAÍZ,2021-11-01,011105,BASE_lowR2,9213.010971943886
MEDELLÍN,FECULA DE MAÍZ,2021-12-01,011105,BASE_lowR2,9517.19120741483
MEDELLÍN,FECULA DE MAÍZ,2022-01-01,011105,BASE_lowR2,9908.164203406812
MEDELLÍN,FECULA DE MAÍZ,2022-02-01,011105,BASE_lowR2,9967.377955911823
MEDELLÍN,FECULA DE MAÍZ,2022-03-01,011105,BASE_lowR2,10078.505135270541
MEDELLÍN,FECULA DE MAÍZ,2022-04-01,011105,BASE_lowR2,10186.387725450903
MEDELLÍN,FECULA DE MAÍZ,2022-05-01,011105,BASE_lowR2,10448.388301603207
MEDELLÍN,FECULA DE MAÍZ,2022-06-01,011105,BASE_lowR2,10584.661047094189
MEDELLÍN,FECULA DE MAÍZ,2022-07-01,011105,BASE_lowR2,10772.847219438876
MEDELLÍN,FECULA DE MAÍZ,2022-08-01,011105,BASE_lowR2,11396.619488977954
MEDELLÍN,FECULA DE MAÍZ,2022-09-01,011105,BASE_lowR2,11672.409569138277
MEDELLÍN,FECULA DE MAÍZ,2022-10-01,011105,BASE_lowR2,11850.050826653305
MEDELLÍN,FECULA DE MAÍZ,2022-11-01,011105,BASE_lowR2,12294.559544088175
MEDELLÍN,FECULA DE MAÍZ,2022-12-01,011105,BASE_lowR2,12595.495190380761
MEDELLÍN,FECULA DE MAÍZ,2023-01-01,011105,BASE_lowR2,13077.316683366733
MEDELLÍN,FECULA DE MAÍZ,2023-02-01,011105,BASE_lowR2,13275.236623246492
MEDELLÍN,FECULA DE MAÍZ,2023-03-01,011105,BASE_lowR2,13508.035896793586
MEDELLÍN,FECULA DE MAÍZ,2023-04-01,011105,BASE_lowR2,13544.537525050098
MEDELLÍN,FECULA DE MAÍZ,2023-05-01,011105,BASE_lowR2,13771.65876753507
MEDELLÍN,FECULA DE MAÍZ,2023-06-01,011105,BASE_lowR2,13800.04892284569
MEDELLÍN,FECULA DE MAÍZ,2023-07-01,011105,BASE_lowR2,13903.064629258517
MEDELLÍN,FECULA DE MAÍZ,2023-08-01,011105,BASE_lowR2,13925.776753507012
MEDELLÍN,FECULA DE MAÍZ,2023-09-01,011105,BASE_lowR2,13850.340055110219
MEDELLÍN,FECULA DE MAÍZ,2023-10-01,011105,BASE_lowR2,13865.751853707414
MEDELLÍN,FECULA DE MAÍZ,2023-11-01,011105,BASE_lowR2,13754.624674348695
MEDELLÍN,FECULA DE MAÍZ,2023-12-01,011105,BASE_lowR2,13415.565105210419
MEDELLÍN,FECULA DE MAÍZ,2024-01-01,011105,BASE_lowR2,13222.512049098195
MEDELLÍN,FECULA DE MAÍZ,2024-02-01,011105,BASE_lowR2,12859.929208416832
MEDELLÍN,FECULA DE MAÍZ,2024-03-01,011105,BASE_lowR2,12410.55360721443
MEDELLÍN,FECULA DE MAÍZ,2024-04-01,011105,BASE_lowR2,12031.747820641283
MEDELLÍN,FECULA DE MAÍZ,2024-05-01,011105,BASE_lowR2,11692.688251503007
MEDELLÍN,FECULA DE MAÍZ,2024-06-01,011105,BASE_lowR2,11560.471242484971
MEDELLÍN,FECULA DE MAÍZ,2024-07-01,011105,BASE_lowR2,11889.797044088176
MEDELLÍN,FECULA DE MAÍZ,2024-08-01,011105,BASE_lowR2,11652.130886773548
MEDELLÍN,FECULA DE MAÍZ,2024-09-01,011105,BASE_lowR2,11453.399799599198
MEDELLÍN,FECULA DE MAÍZ,2024-10-01,011105,BASE_lowR2,11601.839754509017
MEDELLÍN,FECULA DE MAÍZ,2024-11-01,011105,BASE_lowR2,11272.51395290581
MEDELLÍN,FECULA DE MAÍZ,2024-12-01,011105,BASE_lowR2,11059.993361723446
MEDELLÍN,FRÍJOL FRESCO,2019-01-01,011716,BASE_lowR2,2063.4879660259276
MEDELLÍN,FRÍJOL FRESCO,2019-02-01,011716,BASE_lowR2,2065.101484130532
MEDELLÍN,FRÍJOL FRESCO,2019-03-01,011716,BASE_lowR2,2078.816388019669
MEDELLÍN,FRÍJOL FRESCO,2019-04-01,011716,BASE_lowR2,2099.187054090299
MEDELLÍN,FRÍJOL FRESCO,2019-05-01,011716,BASE_lowR2,2012.057076441663
MEDELLÍN,FRÍJOL FRESCO,2019-06-01,011716,BASE_lowR2,2134.48276262852
MEDELLÍN,FRÍJOL FRESCO,2019-07-01,011716,BASE_lowR2,2124.3982744747427
MEDELLÍN,FRÍJOL FRESCO,2019-08-01,011716,BASE_lowR2,2121.5746177916853
MEDELLÍN,FRÍJOL FRESCO,2019-09-01,011716,BASE_lowR2,2190.9558962896735
MEDELLÍN,FRÍJOL FRESCO,2019-10-01,011716,BASE_lowR2,2305.3139919535092
MEDELLÍN,FRÍJOL FRESCO,2019-11-01,011716,BASE_lowR2,2412.411256146625
MEDELLÍN,FRÍJOL FRESCO,2019-12-01,011716,BASE_lowR2,2341.013080017881
MEDELLÍN,FRÍJOL FRESCO,2020-01-01,011716,BASE_lowR2,2315.6001698703617
MEDELLÍN,FRÍJOL FRESCO,2020-02-01,011716,BASE_lowR2,2455.976244970943
MEDELLÍN,FRÍJOL FRESCO,2020-03-01,011716,BASE_lowR2,2933.174224407689
MEDELLÍN,FRÍJOL FRESCO,2020-04-01,011716,BASE_lowR2,2732.0895306213683
MEDELLÍN,FRÍJOL FRESCO,2020-05-01,011716,BASE_lowR2,2533.0217344658026
MEDELLÍN,FRÍJOL FRESCO,2020-06-01,011716,BASE_lowR2,2321.6508627626285
MEDELLÍN,FRÍJOL FRESCO,2020-07-01,011716,BASE_lowR2,2378.1239964237816
MEDELLÍN,FRÍJOL FRESCO,2020-08-01,011716,BASE_lowR2,2508.8189628967366
MEDELLÍN,FRÍJOL FRESCO,2020-09-01,011716,BASE_lowR2,2692.760026821636
MEDELLÍN,FRÍJOL FRESCO,2020-10-01,011716,BASE_lowR2,2680.0535717478765
MEDELLÍN,FRÍJOL FRESCO,2020-11-01,011716,BASE_lowR2,2511.6426195797944
MEDELLÍN,FRÍJOL FRESCO,2020-12-01,011716,BASE_lowR2,2626.0007152436297
MEDELLÍN,FRÍJOL FRESCO,2021-01-01,011716,BASE_lowR2,2658.6744568618683
MEDELLÍN,FRÍJOL FRESCO,2021-02-01,011716,BASE_lowR2,2628.2193026374607
MEDELLÍN,FRÍJOL FRESCO,2021-03-01,011716,BASE_lowR2,2581.2255878408587
MEDELLÍN,FRÍJOL FRESCO,2021-04-01,011716,BASE_lowR2,2640.7240679481447
MEDELLÍN,FRÍJOL FRESCO,2021-05-01,011716,BASE_lowR2,2809.740089405454
MEDELLÍN,FRÍJOL FRESCO,2021-06-01,011716,BASE_lowR2,2919.4593205185515
MEDELLÍN,FRÍJOL FRESCO,2021-07-01,011716,BASE_lowR2,2997.9166383549396
MEDELLÍN,FRÍJOL FRESCO,2021-08-01,011716,BASE_lowR2,3052.5745641484127
MEDELLÍN,FRÍJOL FRESCO,2021-09-01,011716,BASE_lowR2,2983.5966651765757
MEDELLÍN,FRÍJOL FRESCO,2021-10-01,011716,BASE_lowR2,2978.7561108627624
MEDELLÍN,FRÍJOL FRESCO,2021-11-01,011716,BASE_lowR2,2957.982065265981
MEDELLÍN,FRÍJOL FRESCO,2021-12-01,011716,BASE_lowR2,3023.934617791685
MEDELLÍN,FRÍJOL FRESCO,2022-01-01,011716,BASE_lowR2,3118.3254269110416
MEDELLÍN,FRÍJOL FRESCO,2022-02-01,011716,BASE_lowR2,3140.9146803755025
MEDELLÍN,FRÍJOL FRESCO,2022-03-01,011716,BASE_lowR2,3337.763889137237
MEDELLÍN,FRÍJOL FRESCO,2022-04-01,011716,BASE_lowR2,3397.060679481448
MEDELLÍN,FRÍJOL FRESCO,2022-05-01,011716,BASE_lowR2,3490.2413500223515
MEDELLÍN,FRÍJOL FRESCO,2022-06-01,011716,BASE_lowR2,3613.8771747876617
MEDELLÍN,FRÍJOL FRESCO,2022-07-01,011716,BASE_lowR2,3813.953419758605
MEDELLÍN,FRÍJOL FRESCO,2022-08-01,011716,BASE_lowR2,3882.326249441216
MEDELLÍN,FRÍJOL FRESCO,2022-09-01,011716,BASE_lowR2,3921.6557532409474
MEDELLÍN,FRÍJOL FRESCO,2022-10-01,011716,BASE_lowR2,3765.5478766204733
MEDELLÍN,FRÍJOL FRESCO,2022-11-01,011716,BASE_lowR2,3804.0706213679036
MEDELLÍN,FRÍJOL FRESCO,2022-12-01,011716,BASE_lowR2,3865.9893786320968
MEDELLÍN,FRÍJOL FRESCO,2023-01-01,011716,BASE_lowR2,3958.363290120697
MEDELLÍN,FRÍJOL FRESCO,2023-02-01,011716,BASE_lowR2,3871.4350022351364
MEDELLÍN,FRÍJOL FRESCO,2023-03-01,011716,BASE_lowR2,3883.334698256593
MEDELLÍN,FRÍJOL FRESCO,2023-04-01,011716,BASE_lowR2,3966.027501117567
MEDELLÍN,FRÍJOL FRESCO,2023-05-01,011716,BASE_lowR2,3763.530978989718
MEDELLÍN,FRÍJOL FRESCO,2023-06-01,011716,BASE_lowR2,3649.576262852034
MEDELLÍN,FRÍJOL FRESCO,2023-07-01,011716,BASE_lowR2,3640.70191327671
MEDELLÍN,FRÍJOL FRESCO,2023-08-01,011716,BASE_lowR2,3664.904684845775
MEDELLÍN,FRÍJOL FRESCO,2023-09-01,011716,BASE_lowR2,3634.4495306213676
MEDELLÍN,FRÍJOL FRESCO,2023-10-01,011716,BASE_lowR2,3594.111578006258
MEDELLÍN,FRÍJOL FRESCO,2023-11-01,011716,BASE_lowR2,3657.44216361198
MEDELLÍN,FRÍJOL FRESCO,2023-12-01,011716,BASE_lowR2,3671.9638265534195
MEDELLÍN,FRÍJOL FRESCO,2024-01-01,011716,BASE_lowR2,3761.1107018328116
MEDELLÍN,FRÍJOL FRESCO,2024-02-01,011716,BASE_lowR2,3976.7170585605713
MEDELLÍN,FRÍJOL FRESCO,2024-03-01,011716,BASE_lowR2,4231.047849798837
MEDELLÍN,FRÍJOL FRESCO,2024-04-01,011716,BASE_lowR2,4342.582288779616
MEDELLÍN,FRÍJOL FRESCO,2024-05-01,011716,BASE_lowR2,4268.96552525704
MEDELLÍN,FRÍJOL FRESCO,2024-06-01,011716,BASE_lowR2,4060.8216897630755
MEDELLÍN,FRÍJOL FRESCO,2024-07-01,011716,BASE_lowR2,4116.689754135003
MEDELLÍN,FRÍJOL FRESCO,2024-08-01,011716,BASE_lowR2,3907.739159588735
MEDELLÍN,FRÍJOL FRESCO,2024-09-01,011716,BASE_lowR2,3813.953419758605
MEDELLÍN,FRÍJOL FRESCO,2024-10-01,011716,BASE_lowR2,3786.1202324541796
MEDELLÍN,FRÍJOL FRESCO,2024-11-01,011716,BASE_lowR2,3787.7337505587843
MEDELLÍN,FRÍJOL FRESCO,2024-12-01,011716,BASE_lowR2,3953.1193562807334
MEDELLÍN,FRÍJOL SECO,2019-01-01,011716,D_city,5168.623607260742
MEDELLÍN,FRÍJOL SECO,2019-02-01,011716,D_city,5171.738828549266
MEDELLÍN,FRÍJOL SECO,2019-03-01,011716,D_city,5198.1957480692745
MEDELLÍN,FRÍJOL SECO,2019-04-01,011716,D_city,5237.418389023439
MEDELLÍN,FRÍJOL SECO,2019-05-01,011716,D_city,5069.030533851043
MEDELLÍN,FRÍJOL SECO,2019-06-01,011716,D_city,5305.172765815336
MEDELLÍN,FRÍJOL SECO,2019-07-01,011716,D_city,5285.840747854632
MEDELLÍN,FRÍJOL SECO,2019-08-01,011716,D_city,5280.424018002355
MEDELLÍN,FRÍJOL SECO,2019-09-01,011716,D_city,5413.048922617286
MEDELLÍN,FRÍJOL SECO,2019-10-01,011716,D_city,5629.572767036513
MEDELLÍN,FRÍJOL SECO,2019-11-01,011716,D_city,5830.126248843945
MEDELLÍN,FRÍJOL SECO,2019-12-01,011716,D_city,5696.6564885088
MEDELLÍN,FRÍJOL SECO,2020-01-01,011716,D_city,5648.926231286449
MEDELLÍN,FRÍJOL SECO,2020-02-01,011716,D_city,5911.12015823069
MEDELLÍN,FRÍJOL SECO,2020-03-01,011716,D_city,6778.200364472596
MEDELLÍN,FRÍJOL SECO,2020-04-01,011716,D_city,6417.095749481324
MEDELLÍN,FRÍJOL SECO,2020-05-01,011716,D_city,6053.559501693053
MEDELLÍN,FRÍJOL SECO,2020-06-01,011716,D_city,5660.30141809729
MEDELLÍN,FRÍJOL SECO,2020-07-01,011716,D_city,5766.145236483214
MEDELLÍN,FRÍJOL SECO,2020-08-01,011716,D_city,6008.9225013598
MEDELLÍN,FRÍJOL SECO,2020-09-01,011716,D_city,6345.767272424776
MEDELLÍN,FRÍJOL SECO,2020-10-01,011716,D_city,6322.671789153221
MEDELLÍN,FRÍJOL SECO,2020-11-01,011716,D_city,6014.135218766129
MEDELLÍN,FRÍJOL SECO,2020-12-01,011716,D_city,6224.142012761386
MEDELLÍN,FRÍJOL SECO,2021-01-01,011716,D_city,6283.755995342962
MEDELLÍN,FRÍJOL SECO,2021-02-01,011716,D_city,6228.195232587277
MEDELLÍN,FRÍJOL SECO,2021-03-01,011716,D_city,6142.171816999456
MEDELLÍN,FRÍJOL SECO,2021-04-01,011716,D_city,6251.026016166479
MEDELLÍN,FRÍJOL SECO,2021-05-01,011716,D_city,6557.237971985442
MEDELLÍN,FRÍJOL SECO,2021-06-01,011716,D_city,6753.755742426905
MEDELLÍN,FRÍJOL SECO,2021-07-01,011716,D_city,6893.242423725896
MEDELLÍN,FRÍJOL SECO,2021-08-01,011716,D_city,6989.922453473177
MEDELLÍN,FRÍJOL SECO,2021-09-01,011716,D_city,6867.846427457061
MEDELLÍN,FRÍJOL SECO,2021-10-01,011716,D_city,6859.255554130585
MEDELLÍN,FRÍJOL SECO,2021-11-01,011716,D_city,6822.3499808416955
MEDELLÍN,FRÍJOL SECO,2021-12-01,011716,D_city,6939.313468370545
MEDELLÍN,FRÍJOL SECO,2022-01-01,011716,D_city,7105.700139997534
MEDELLÍN,FRÍJOL SECO,2022-02-01,011716,D_city,7145.346999885507
MEDELLÍN,FRÍJOL SECO,2022-03-01,011716,D_city,7488.1386676692055
MEDELLÍN,FRÍJOL SECO,2022-04-01,011716,D_city,7590.480220974838
MEDELLÍN,FRÍJOL SECO,2022-05-01,011716,D_city,7750.480597044089
MEDELLÍN,FRÍJOL SECO,2022-06-01,011716,D_city,7961.27428732128
MEDELLÍN,FRÍJOL SECO,2022-07-01,011716,D_city,8298.937184409273
MEDELLÍN,FRÍJOL SECO,2022-08-01,011716,D_city,8413.389677625712
MEDELLÍN,FRÍJOL SECO,2022-09-01,011716,D_city,8479.015715169204
MEDELLÍN,FRÍJOL SECO,2022-10-01,011716,D_city,8217.624650174803
MEDELLÍN,FRÍJOL SECO,2022-11-01,011716,D_city,8282.355178707843
MEDELLÍN,FRÍJOL SECO,2022-12-01,011716,D_city,8386.084907859193
MEDELLÍN,FRÍJOL SECO,2023-01-01,011716,D_city,8540.130743082864
MEDELLÍN,FRÍJOL SECO,2023-02-01,011716,D_city,8395.189429994241
MEDELLÍN,FRÍJOL SECO,2023-03-01,011716,D_city,8415.074293546313
MEDELLÍN,FRÍJOL SECO,2023-04-01,011716,D_city,8552.874604458342
MEDELLÍN,FRÍJOL SECO,2023-05-01,011716,D_city,8214.231448875105
MEDELLÍN,FRÍJOL SECO,2023-06-01,011716,D_city,8021.830333842175
MEDELLÍN,FRÍJOL SECO,2023-07-01,011716,D_city,8006.789578834718
MEDELLÍN,FRÍJOL SECO,2023-08-01,011716,D_city,8047.790101387846
MEDELLÍN,FRÍJOL SECO,2023-09-01,011716,D_city,7996.187639150487
MEDELLÍN,FRÍJOL SECO,2023-10-01,011716,D_city,7927.687166867992
MEDELLÍN,FRÍJOL SECO,2023-11-01,011716,D_city,8035.154907563209
MEDELLÍN,FRÍJOL SECO,2023-12-01,011716,D_city,8059.736887096868
MEDELLÍN,FRÍJOL SECO,2024-01-01,011716,D_city,8210.159057268007
MEDELLÍN,FRÍJOL SECO,2024-02-01,011716,D_city,8570.639518881908
MEDELLÍN,FRÍJOL SECO,2024-03-01,011716,D_city,8990.16252757137
MEDELLÍN,FRÍJOL SECO,2024-04-01,011716,D_city,9172.304489435457
MEDELLÍN,FRÍJOL SECO,2024-05-01,011716,D_city,9052.206244471283
MEDELLÍN,FRÍJOL SECO,2024-06-01,011716,D_city,8710.033785179055
MEDELLÍN,FRÍJOL SECO,2024-07-01,011716,D_city,8802.263168831685
MEDELLÍN,FRÍJOL SECO,2024-08-01,011716,D_city,8455.811510340767
MEDELLÍN,FRÍJOL SECO,2024-09-01,011716,D_city,8298.937184409273
MEDELLÍN,FRÍJOL SECO,2024-10-01,011716,D_city,8252.211565966896
MEDELLÍN,FRÍJOL SECO,2024-11-01,011716,D_city,8254.922441524466
MEDELLÍN,FRÍJOL SECO,2024-12-01,011716,D_city,8531.408001522963
MEDELLÍN,FRÍJOL TARRO,2019-01-01,011703,D_city,5745.930278162447
MEDELLÍN,FRÍJOL TARRO,2019-02-01,011703,D_city,5548.74389050406
MEDELLÍN,FRÍJOL TARRO,2019-03-01,011703,D_city,5619.590118077295
MEDELLÍN,FRÍJOL TARRO,2019-04-01,011703,D_city,5982.507345046075
MEDELLÍN,FRÍJOL TARRO,2019-05-01,011703,D_city,5879.7724597658125
MEDELLÍN,FRÍJOL TARRO,2019-06-01,011703,D_city,5962.861112841971
MEDELLÍN,FRÍJOL TARRO,2019-07-01,011703,D_city,6040.833574134471
MEDELLÍN,FRÍJOL TARRO,2019-08-01,011703,D_city,6038.8664918022305
MEDELLÍN,FRÍJOL TARRO,2019-09-01,011703,D_city,6021.821449016844
MEDELLÍN,FRÍJOL TARRO,2019-10-01,011703,D_city,6036.243826848119
MEDELLÍN,FRÍJOL TARRO,2019-11-01,011703,D_city,6057.884620470041
MEDELLÍN,FRÍJOL TARRO,2019-12-01,011703,D_city,6066.412158139374
MEDELLÍN,FRÍJOL TARRO,2020-01-01,011703,D_city,6126.142389498135
MEDELLÍN,FRÍJOL TARRO,2020-02-01,011703,D_city,6056.572810718934
MEDELLÍN,FRÍJOL TARRO,2020-03-01,011703,D_city,6065.756146073508
MEDELLÍN,FRÍJOL TARRO,2020-04-01,011703,D_city,6114.322428837451
MEDELLÍN,FRÍJOL TARRO,2020-05-01,011703,D_city,6095.940903926548
MEDELLÍN,FRÍJOL TARRO,2020-06-01,011703,D_city,6128.112631109195
MEDELLÍN,FRÍJOL TARRO,2020-07-01,011703,D_city,6122.202118920266
MEDELLÍN,FRÍJOL TARRO,2020-08-01,011703,D_city,6143.877113395468
MEDELLÍN,FRÍJOL TARRO,2020-09-01,011703,D_city,6177.391654350994
MEDELLÍN,FRÍJOL TARRO,2020-10-01,011703,D_city,6185.937834875168
MEDELLÍN,FRÍJOL TARRO,2020-11-01,011703,D_city,6130.08294357808
MEDELLÍN,FRÍJOL TARRO,2020-12-01,011703,D_city,6138.621782647018
MEDELLÍN,FRÍJOL TARRO,2021-01-01,011703,D_city,6151.761052302538
MEDELLÍN,FRÍJOL TARRO,2021-02-01,011703,D_city,6113.009257542535
MEDELLÍN,FRÍJOL TARRO,2021-03-01,011703,D_city,6278.715584012613
MEDELLÍN,FRÍJOL TARRO,2021-04-01,011703,D_city,6211.584296114546
MEDELLÍN,FRÍJOL TARRO,2021-05-01,011703,D_city,6260.937687026744
MEDELLÍN,FRÍJOL TARRO,2021-06-01,011703,D_city,6315.606200606664
MEDELLÍN,FRÍJOL TARRO,2021-07-01,011703,D_city,6320.878260155605
MEDELLÍN,FRÍJOL TARRO,2021-08-01,011703,D_city,6396.71831968005
MEDELLÍN,FRÍJOL TARRO,2021-09-01,011703,D_city,6438.968641394058
MEDELLÍN,FRÍJOL TARRO,2021-10-01,011703,D_city,6442.270756760049
MEDELLÍN,FRÍJOL TARRO,2021-11-01,011703,D_city,6505.046836781992
MEDELLÍN,FRÍJOL TARRO,2021-12-01,011703,D_city,6561.934225256536
MEDELLÍN,FRÍJOL TARRO,2022-01-01,011703,D_city,6669.2438715239905
MEDELLÍN,FRÍJOL TARRO,2022-02-01,011703,D_city,6839.213136061035
MEDELLÍN,FRÍJOL TARRO,2022-03-01,011703,D_city,6876.457394403231
MEDELLÍN,FRÍJOL TARRO,2022-04-01,011703,D_city,6921.047146629118
MEDELLÍN,FRÍJOL TARRO,2022-05-01,011703,D_city,7013.656621339049
MEDELLÍN,FRÍJOL TARRO,2022-06-01,011703,D_city,7147.815819686022
MEDELLÍN,FRÍJOL TARRO,2022-07-01,011703,D_city,7305.026248664136
MEDELLÍN,FRÍJOL TARRO,2022-08-01,011703,D_city,7453.888518258998
MEDELLÍN,FRÍJOL TARRO,2022-09-01,011703,D_city,7765.420051963198
MEDELLÍN,FRÍJOL TARRO,2022-10-01,011703,D_city,7926.784629369855
MEDELLÍN,FRÍJOL TARRO,2022-11-01,011703,D_city,8182.068479973912
MEDELLÍN,FRÍJOL TARRO,2022-12-01,011703,D_city,8504.982994643959
MEDELLÍN,FRÍJOL TARRO,2023-01-01,011703,D_city,8449.138237417537
MEDELLÍN,FRÍJOL TARRO,2023-02-01,011703,D_city,9183.073659480135
MEDELLÍN,FRÍJOL TARRO,2023-03-01,011703,D_city,9502.527333942617
MEDELLÍN,FRÍJOL TARRO,2023-04-01,011703,D_city,9615.037057808097
MEDELLÍN,FRÍJOL TARRO,2023-05-01,011703,D_city,9662.708372895071
MEDELLÍN,FRÍJOL TARRO,2023-06-01,011703,D_city,9697.960616010543
MEDELLÍN,FRÍJOL TARRO,2023-07-01,011703,D_city,9740.835592334486
MEDELLÍN,FRÍJOL TARRO,2023-08-01,011703,D_city,9815.571429078378
MEDELLÍN,FRÍJOL TARRO,2023-09-01,011703,D_city,9907.6947202626
MEDELLÍN,FRÍJOL TARRO,2023-10-01,011703,D_city,9971.475264036091
MEDELLÍN,FRÍJOL TARRO,2023-11-01,011703,D_city,10513.338327460653
MEDELLÍN,FRÍJOL TARRO,2023-12-01,011703,D_city,10743.837407998586
MEDELLÍN,FRÍJOL TARRO,2024-01-01,011703,D_city,10953.162614990268
MEDELLÍN,FRÍJOL TARRO,2024-02-01,011703,D_city,10979.097049929873
MEDELLÍN,FRÍJOL TARRO,2024-03-01,011703,D_city,11042.20939934968
MEDELLÍN,FRÍJOL TARRO,2024-04-01,011703,D_city,11090.622886166113
MEDELLÍN,FRÍJOL TARRO,2024-05-01,011703,D_city,10979.097049929873
MEDELLÍN,FRÍJOL TARRO,2024-06-01,011703,D_city,10799.100100671632
MEDELLÍN,FRÍJOL TARRO,2024-07-01,011703,D_city,10421.993005256774
MEDELLÍN,FRÍJOL TARRO,2024-08-01,011703,D_city,10438.721350097578
MEDELLÍN,FRÍJOL TARRO,2024-09-01,011703,D_city,10259.745315202475
MEDELLÍN,FRÍJOL TARRO,2024-10-01,011703,D_city,10243.744928041475
MEDELLÍN,FRÍJOL TARRO,2024-11-01,011703,D_city,10142.24257838856
MEDELLÍN,FRÍJOL TARRO,2024-12-01,011703,D_city,10113.064255313691
MEDELLÍN,GUAYABAS,2019-01-01,011609,BASE_lowR2,1527.6370584239132
MEDELLÍN,GUAYABAS,2019-02-01,011609,BASE_lowR2,1630.3179415760872
MEDELLÍN,GUAYABAS,2019-03-01,011609,BASE_lowR2,1796.4715896739133
MEDELLÍN,GUAYABAS,2019-04-01,011609,BASE_lowR2,1779.6047010869568
MEDELLÍN,GUAYABAS,2019-05-01,011609,BASE_lowR2,1665.6792255434784
MEDELLÍN,GUAYABAS,2019-06-01,011609,BASE_lowR2,1699.4130027173915
MEDELLÍN,GUAYABAS,2019-07-01,011609,BASE_lowR2,1792.1808899456523
MEDELLÍN,GUAYABAS,2019-08-01,011609,BASE_lowR2,1941.467649456522
MEDELLÍN,GUAYABAS,2019-09-01,011609,BASE_lowR2,2064.71430027174
MEDELLÍN,GUAYABAS,2019-10-01,011609,BASE_lowR2,2046.8117255434786
MEDELLÍN,GUAYABAS,2019-11-01,011609,BASE_lowR2,1926.672133152174
MEDELLÍN,GUAYABAS,2019-12-01,011609,BASE_lowR2,1776.0537771739132
MEDELLÍN,GUAYABAS,2020-01-01,011609,BASE_lowR2,1789.221786684783
MEDELLÍN,GUAYABAS,2020-02-01,011609,BASE_lowR2,1891.0149388586958
MEDELLÍN,GUAYABAS,2020-03-01,011609,BASE_lowR2,2128.7788858695653
MEDELLÍN,GUAYABAS,2020-04-01,011609,BASE_lowR2,2240.4850339673917
MEDELLÍN,GUAYABAS,2020-05-01,011609,BASE_lowR2,2063.8265692934788
MEDELLÍN,GUAYABAS,2020-06-01,011609,BASE_lowR2,1868.821664402174
MEDELLÍN,GUAYABAS,2020-07-01,011609,BASE_lowR2,1820.440326086957
MEDELLÍN,GUAYABAS,2020-08-01,011609,BASE_lowR2,1984.8185122282614
MEDELLÍN,GUAYABAS,2020-09-01,011609,BASE_lowR2,2042.668980978261
MEDELLÍN,GUAYABAS,2020-10-01,011609,BASE_lowR2,2103.626508152174
MEDELLÍN,GUAYABAS,2020-11-01,011609,BASE_lowR2,2105.401970108696
MEDELLÍN,GUAYABAS,2020-12-01,011609,BASE_lowR2,2005.236324728261
MEDELLÍN,GUAYABAS,2021-01-01,011609,BASE_lowR2,1993.6958220108697
MEDELLÍN,GUAYABAS,2021-02-01,011609,BASE_lowR2,2032.0162092391308
MEDELLÍN,GUAYABAS,2021-03-01,011609,BASE_lowR2,2123.00863451087
MEDELLÍN,GUAYABAS,2021-04-01,011609,BASE_lowR2,2179.823417119566
MEDELLÍN,GUAYABAS,2021-05-01,011609,BASE_lowR2,2217.847894021739
MEDELLÍN,GUAYABAS,2021-06-01,011609,BASE_lowR2,2128.7788858695653
MEDELLÍN,GUAYABAS,2021-07-01,011609,BASE_lowR2,2245.9593750000004
MEDELLÍN,GUAYABAS,2021-08-01,011609,BASE_lowR2,2430.459463315218
MEDELLÍN,GUAYABAS,2021-09-01,011609,BASE_lowR2,2442.591786684783
MEDELLÍN,GUAYABAS,2021-10-01,011609,BASE_lowR2,2544.9767595108697
MEDELLÍN,GUAYABAS,2021-11-01,011609,BASE_lowR2,2422.3219293478264
MEDELLÍN,GUAYABAS,2021-12-01,011609,BASE_lowR2,2353.0789130434787
MEDELLÍN,GUAYABAS,2022-01-01,011609,BASE_lowR2,2506.952282608696
MEDELLÍN,GUAYABAS,2022-02-01,011609,BASE_lowR2,2679.024137228261
MEDELLÍN,GUAYABAS,2022-03-01,011609,BASE_lowR2,2844.5859646739136
MEDELLÍN,GUAYABAS,2022-04-01,011609,BASE_lowR2,2847.6930230978264
MEDELLÍN,GUAYABAS,2022-05-01,011609,BASE_lowR2,2748.8589741847827
MEDELLÍN,GUAYABAS,2022-06-01,011609,BASE_lowR2,2770.608383152174
MEDELLÍN,GUAYABAS,2022-07-01,011609,BASE_lowR2,2847.6930230978264
MEDELLÍN,GUAYABAS,2022-08-01,011609,BASE_lowR2,3053.202744565218
MEDELLÍN,GUAYABAS,2022-09-01,011609,BASE_lowR2,3343.6387296195658
MEDELLÍN,GUAYABAS,2022-10-01,011609,BASE_lowR2,3348.9651154891308
MEDELLÍN,GUAYABAS,2022-11-01,011609,BASE_lowR2,3109.277751358696
MEDELLÍN,GUAYABAS,2022-12-01,011609,BASE_lowR2,2983.515862771739
MEDELLÍN,GUAYABAS,2023-01-01,011609,BASE_lowR2,3122.7416711956525
MEDELLÍN,GUAYABAS,2023-02-01,011609,BASE_lowR2,3466.589470108696
MEDELLÍN,GUAYABAS,2023-03-01,011609,BASE_lowR2,3770.933240489131
MEDELLÍN,GUAYABAS,2023-04-01,011609,BASE_lowR2,3591.6115828804354
MEDELLÍN,GUAYABAS,2023-05-01,011609,BASE_lowR2,3323.368872282609
MEDELLÍN,GUAYABAS,2023-06-01,011609,BASE_lowR2,3241.993532608696
MEDELLÍN,GUAYABAS,2023-07-01,011609,BASE_lowR2,3584.065869565218
MEDELLÍN,GUAYABAS,2023-08-01,011609,BASE_lowR2,3960.7597146739135
MEDELLÍN,GUAYABAS,2023-09-01,011609,BASE_lowR2,4114.928994565218
MEDELLÍN,GUAYABAS,2023-10-01,011609,BASE_lowR2,4176.330387228261
MEDELLÍN,GUAYABAS,2023-11-01,011609,BASE_lowR2,3802.2997350543483
MEDELLÍN,GUAYABAS,2023-12-01,011609,BASE_lowR2,3549.5923165760873
MEDELLÍN,GUAYABAS,2024-01-01,011609,BASE_lowR2,3748.148145380436
MEDELLÍN,GUAYABAS,2024-02-01,011609,BASE_lowR2,4009.5849184782614
MEDELLÍN,GUAYABAS,2024-03-01,011609,BASE_lowR2,4421.935957880435
MEDELLÍN,GUAYABAS,2024-04-01,011609,BASE_lowR2,4633.659796195653
MEDELLÍN,GUAYABAS,2024-05-01,011609,BASE_lowR2,4298.985217391305
MEDELLÍN,GUAYABAS,2024-06-01,011609,BASE_lowR2,3844.0230910326095
MEDELLÍN,GUAYABAS,2024-07-01,011609,BASE_lowR2,3739.5667459239135
MEDELLÍN,GUAYABAS,2024-08-01,011609,BASE_lowR2,4143.780251358697
MEDELLÍN,GUAYABAS,2024-09-01,011609,BASE_lowR2,4591.344619565218
MEDELLÍN,GUAYABAS,2024-10-01,011609,BASE_lowR2,4500.648104619566
MEDELLÍN,GUAYABAS,2024-11-01,011609,BASE_lowR2,4263.919843750001
MEDELLÍN,GUAYABAS,2024-12-01,011609,BASE_lowR2,3952.4742255434785
MEDELLÍN,HABICHUELAS FRESCAS,2019-01-01,011716,BASE_lowR2,1910.8576363433167
MEDELLÍN,HABICHUELAS FRESCAS,2019-02-01,011716,BASE_lowR2,1912.3518071077335
MEDELLÍN,HABICHUELAS FRESCAS,2019-03-01,011716,BASE_lowR2,1925.0522586052748
MEDELLÍN,HABICHUELAS FRESCAS,2019-04-01,011716,BASE_lowR2,1943.9161645060346
MEDELLÍN,HABICHUELAS FRESCAS,2019-05-01,011716,BASE_lowR2,1863.230943227537
MEDELLÍN,HABICHUELAS FRESCAS,2019-06-01,011716,BASE_lowR2,1976.6011499776484
MEDELLÍN,HABICHUELAS FRESCAS,2019-07-01,011716,BASE_lowR2,1967.2625827000445
MEDELLÍN,HABICHUELAS FRESCAS,2019-08-01,011716,BASE_lowR2,1964.6477838623155
MEDELLÍN,HABICHUELAS FRESCAS,2019-09-01,011716,BASE_lowR2,2028.8971267322304
MEDELLÍN,HABICHUELAS FRESCAS,2019-10-01,011716,BASE_lowR2,2134.796479660259
MEDELLÍN,HABICHUELAS FRESCAS,2019-11-01,011716,BASE_lowR2,2233.972064148413
MEDELLÍN,HABICHUELAS FRESCAS,2019-12-01,011716,BASE_lowR2,2167.855007822977
MEDELLÍN,HABICHUELAS FRESCAS,2020-01-01,011716,BASE_lowR2,2144.3218182834153
MEDELLÍN,HABICHUELAS FRESCAS,2020-02-01,011716,BASE_lowR2,2274.3146747876617
MEDELLÍN,HABICHUELAS FRESCAS,2020-03-01,011716,BASE_lowR2,2716.21567836388
MEDELLÍN,HABICHUELAS FRESCAS,2020-04-01,011716,BASE_lowR2,2530.004646848458
MEDELLÍN,HABICHUELAS FRESCAS,2020-05-01,011716,BASE_lowR2,2345.661328788556
MEDELLÍN,HABICHUELAS FRESCAS,2020-06-01,011716,BASE_lowR2,2149.9249586499777
MEDELLÍN,HABICHUELAS FRESCAS,2020-07-01,011716,BASE_lowR2,2202.2209354045594
MEDELLÍN,HABICHUELAS FRESCAS,2020-08-01,011716,BASE_lowR2,2323.248767322307
MEDELLÍN,HABICHUELAS FRESCAS,2020-09-01,011716,BASE_lowR2,2493.584234465802
MEDELLÍN,HABICHUELAS FRESCAS,2020-10-01,011716,BASE_lowR2,2481.817639696021
MEDELLÍN,HABICHUELAS FRESCAS,2020-11-01,011716,BASE_lowR2,2325.8635661600356
MEDELLÍN,HABICHUELAS FRESCAS,2020-12-01,011716,BASE_lowR2,2431.762919088064
MEDELLÍN,HABICHUELAS FRESCAS,2021-01-01,011716,BASE_lowR2,2462.019877067501
MEDELLÍN,HABICHUELAS FRESCAS,2021-02-01,011716,BASE_lowR2,2433.817403889137
MEDELLÍN,HABICHUELAS FRESCAS,2021-03-01,011716,BASE_lowR2,2390.299680375503
MEDELLÍN,HABICHUELAS FRESCAS,2021-04-01,011716,BASE_lowR2,2445.3972273133663
MEDELLÍN,HABICHUELAS FRESCAS,2021-05-01,011716,BASE_lowR2,2601.911614886008
MEDELLÍN,HABICHUELAS FRESCAS,2021-06-01,011716,BASE_lowR2,2703.5152268663387
MEDELLÍN,HABICHUELAS FRESCAS,2021-07-01,011716,BASE_lowR2,2776.169280286097
MEDELLÍN,HABICHUELAS FRESCAS,2021-08-01,011716,BASE_lowR2,2826.7843149307105
MEDELLÍN,HABICHUELAS FRESCAS,2021-09-01,011716,BASE_lowR2,2762.9085147519
MEDELLÍN,HABICHUELAS FRESCAS,2021-10-01,011716,BASE_lowR2,2758.4260024586497
MEDELLÍN,HABICHUELAS FRESCAS,2021-11-01,011716,BASE_lowR2,2739.1885538667857
MEDELLÍN,HABICHUELAS FRESCAS,2021-12-01,011716,BASE_lowR2,2800.2627838623157
MEDELLÍN,HABICHUELAS FRESCAS,2022-01-01,011716,BASE_lowR2,2887.6717735806883
MEDELLÍN,HABICHUELAS FRESCAS,2022-02-01,011716,BASE_lowR2,2908.590164282521
MEDELLÍN,HABICHUELAS FRESCAS,2022-03-01,011716,BASE_lowR2,3090.87899754135
MEDELLÍN,HABICHUELAS FRESCAS,2022-04-01,011716,BASE_lowR2,3145.789773133661
MEDELLÍN,HABICHUELAS FRESCAS,2022-05-01,011716,BASE_lowR2,3232.0781347787215
MEDELLÍN,HABICHUELAS FRESCAS,2022-06-01,011716,BASE_lowR2,3346.5689696021454
MEDELLÍN,HABICHUELAS FRESCAS,2022-07-01,011716,BASE_lowR2,3531.8461443898077
MEDELLÍN,HABICHUELAS FRESCAS,2022-08-01,011716,BASE_lowR2,3595.1616305319626
MEDELLÍN,HABICHUELAS FRESCAS,2022-09-01,011716,BASE_lowR2,3631.5820429146174
MEDELLÍN,HABICHUELAS FRESCAS,2022-10-01,011716,BASE_lowR2,3487.0210214573085
MEDELLÍN,HABICHUELAS FRESCAS,2022-11-01,011716,BASE_lowR2,3522.694348457756
MEDELLÍN,HABICHUELAS FRESCAS,2022-12-01,011716,BASE_lowR2,3580.033151542244
MEDELLÍN,HABICHUELAS FRESCAS,2023-01-01,011716,BASE_lowR2,3665.5744278050956
MEDELLÍN,HABICHUELAS FRESCAS,2023-02-01,011716,BASE_lowR2,3585.0759778721504
MEDELLÍN,HABICHUELAS FRESCAS,2023-03-01,011716,BASE_lowR2,3596.0954872597226
MEDELLÍN,HABICHUELAS FRESCAS,2023-04-01,011716,BASE_lowR2,3672.6717389360742
MEDELLÍN,HABICHUELAS FRESCAS,2023-05-01,011716,BASE_lowR2,3485.1533080017875
MEDELLÍN,HABICHUELAS FRESCAS,2023-06-01,011716,BASE_lowR2,3379.6274977648636
MEDELLÍN,HABICHUELAS FRESCAS,2023-07-01,011716,BASE_lowR2,3371.409558560572
MEDELLÍN,HABICHUELAS FRESCAS,2023-08-01,011716,BASE_lowR2,3393.8221200268213
MEDELLÍN,HABICHUELAS FRESCAS,2023-09-01,011716,BASE_lowR2,3365.6196468484573
MEDELLÍN,HABICHUELAS FRESCAS,2023-10-01,011716,BASE_lowR2,3328.2653777380415
MEDELLÍN,HABICHUELAS FRESCAS,2023-11-01,011716,BASE_lowR2,3386.9115802413944
MEDELLÍN,HABICHUELAS FRESCAS,2023-12-01,011716,BASE_lowR2,3400.359117121144
MEDELLÍN,HABICHUELAS FRESCAS,2024-01-01,011716,BASE_lowR2,3482.912051855163
MEDELLÍN,HABICHUELAS FRESCAS,2024-02-01,011716,BASE_lowR2,3682.5706202503347
MEDELLÍN,HABICHUELAS FRESCAS,2024-03-01,011716,BASE_lowR2,3918.089286991506
MEDELLÍN,HABICHUELAS FRESCAS,2024-04-01,011716,BASE_lowR2,4021.373841081806
MEDELLÍN,HABICHUELAS FRESCAS,2024-05-01,011716,BASE_lowR2,3953.202299955297
MEDELLÍN,HABICHUELAS FRESCAS,2024-06-01,011716,BASE_lowR2,3760.454271345552
MEDELLÍN,HABICHUELAS FRESCAS,2024-07-01,011716,BASE_lowR2,3812.189934063478
MEDELLÍN,HABICHUELAS FRESCAS,2024-08-01,011716,BASE_lowR2,3618.6948200715246
MEDELLÍN,HABICHUELAS FRESCAS,2024-09-01,011716,BASE_lowR2,3531.8461443898077
MEDELLÍN,HABICHUELAS FRESCAS,2024-10-01,011716,BASE_lowR2,3506.0716987036208
MEDELLÍN,HABICHUELAS FRESCAS,2024-11-01,011716,BASE_lowR2,3507.5658694680374
MEDELLÍN,HABICHUELAS FRESCAS,2024-12-01,011716,BASE_lowR2,3660.7183728207424
MEDELLÍN,HARINA DE TRIGO,2019-01-01,011105,BASE_lowR2,1260.8830369830569
MEDELLÍN,HARINA DE TRIGO,2019-02-01,011105,BASE_lowR2,1266.4093696483876
MEDELLÍN,HARINA DE TRIGO,2019-03-01,011105,BASE_lowR2,1262.8926124977227
MEDELLÍN,HARINA DE TRIGO,2019-04-01,011105,BASE_lowR2,1298.436979413372
MEDELLÍN,HARINA DE TRIGO,2019-05-01,011105,BASE_lowR2,1299.0649717617052
MEDELLÍN,HARINA DE TRIGO,2019-06-01,011105,BASE_lowR2,1310.9968263800326
MEDELLÍN,HARINA DE TRIGO,2019-07-01,011105,BASE_lowR2,1302.0793350337037
MEDELLÍN,HARINA DE TRIGO,2019-08-01,011105,BASE_lowR2,1315.7695682273638
MEDELLÍN,HARINA DE TRIGO,2019-09-01,011105,BASE_lowR2,1288.0123064310437
MEDELLÍN,HARINA DE TRIGO,2019-10-01,011105,BASE_lowR2,1284.9979431590452
MEDELLÍN,HARINA DE TRIGO,2019-11-01,011105,BASE_lowR2,1277.5876334487155
MEDELLÍN,HARINA DE TRIGO,2019-12-01,011105,BASE_lowR2,1278.0900273273821
MEDELLÍN,HARINA DE TRIGO,2020-01-01,011105,BASE_lowR2,1279.7228074330478
MEDELLÍN,HARINA DE TRIGO,2020-02-01,011105,BASE_lowR2,1279.3460120240482
MEDELLÍN,HARINA DE TRIGO,2020-03-01,011105,BASE_lowR2,1294.920222262707
MEDELLÍN,HARINA DE TRIGO,2020-04-01,011105,BASE_lowR2,1313.3831973036981
MEDELLÍN,HARINA DE TRIGO,2020-05-01,011105,BASE_lowR2,1309.4896447440335
MEDELLÍN,HARINA DE TRIGO,2020-06-01,011105,BASE_lowR2,1315.8951666970304
MEDELLÍN,HARINA DE TRIGO,2020-07-01,011105,BASE_lowR2,1317.1511513936964
MEDELLÍN,HARINA DE TRIGO,2020-08-01,011105,BASE_lowR2,1299.6929641100382
MEDELLÍN,HARINA DE TRIGO,2020-09-01,011105,BASE_lowR2,1293.9154345053742
MEDELLÍN,HARINA DE TRIGO,2020-10-01,011105,BASE_lowR2,1287.2587156130442
MEDELLÍN,HARINA DE TRIGO,2020-11-01,011105,BASE_lowR2,1299.3161687010384
MEDELLÍN,HARINA DE TRIGO,2020-12-01,011105,BASE_lowR2,1306.8520768810347
MEDELLÍN,HARINA DE TRIGO,2021-01-01,011105,BASE_lowR2,1298.813774822372
MEDELLÍN,HARINA DE TRIGO,2021-02-01,011105,BASE_lowR2,1314.764780470031
MEDELLÍN,HARINA DE TRIGO,2021-03-01,011105,BASE_lowR2,1315.1415758790306
MEDELLÍN,HARINA DE TRIGO,2021-04-01,011105,BASE_lowR2,1328.4550136636908
MEDELLÍN,HARINA DE TRIGO,2021-05-01,011105,BASE_lowR2,1328.7062106030244
MEDELLÍN,HARINA DE TRIGO,2021-06-01,011105,BASE_lowR2,1349.0531626890142
MEDELLÍN,HARINA DE TRIGO,2021-07-01,011105,BASE_lowR2,1376.1824321370011
MEDELLÍN,HARINA DE TRIGO,2021-08-01,011105,BASE_lowR2,1396.7805811623243
MEDELLÍN,HARINA DE TRIGO,2021-09-01,011105,BASE_lowR2,1405.3212770996536
MEDELLÍN,HARINA DE TRIGO,2021-10-01,011105,BASE_lowR2,1408.7124357806522
MEDELLÍN,HARINA DE TRIGO,2021-11-01,011105,BASE_lowR2,1426.54741847331
MEDELLÍN,HARINA DE TRIGO,2021-12-01,011105,BASE_lowR2,1473.6468445982875
MEDELLÍN,HARINA DE TRIGO,2022-01-01,011105,BASE_lowR2,1534.1853069775914
MEDELLÍN,HARINA DE TRIGO,2022-02-01,011105,BASE_lowR2,1543.3539952632536
MEDELLÍN,HARINA DE TRIGO,2022-03-01,011105,BASE_lowR2,1560.560985607579
MEDELLÍN,HARINA DE TRIGO,2022-04-01,011105,BASE_lowR2,1577.2655820732375
MEDELLÍN,HARINA DE TRIGO,2022-05-01,011105,BASE_lowR2,1617.8338877755511
MEDELLÍN,HARINA DE TRIGO,2022-06-01,011105,BASE_lowR2,1638.934430679541
MEDELLÍN,HARINA DE TRIGO,2022-07-01,011105,BASE_lowR2,1668.0732756421933
MEDELLÍN,HARINA DE TRIGO,2022-08-01,011105,BASE_lowR2,1764.6584988158131
MEDELLÍN,HARINA DE TRIGO,2022-09-01,011105,BASE_lowR2,1807.3619785024596
MEDELLÍN,HARINA DE TRIGO,2022-10-01,011105,BASE_lowR2,1834.8680433594461
MEDELLÍN,HARINA DE TRIGO,2022-11-01,011105,BASE_lowR2,1903.696004736746
MEDELLÍN,HARINA DE TRIGO,2022-12-01,011105,BASE_lowR2,1950.293036983057
MEDELLÍN,HARINA DE TRIGO,2023-01-01,011105,BASE_lowR2,2024.8985279650208
MEDELLÍN,HARINA DE TRIGO,2023-02-01,011105,BASE_lowR2,2055.5445545636726
MEDELLÍN,HARINA DE TRIGO,2023-03-01,011105,BASE_lowR2,2091.5913153579886
MEDELLÍN,HARINA DE TRIGO,2023-04-01,011105,BASE_lowR2,2097.2432464929857
MEDELLÍN,HARINA DE TRIGO,2023-05-01,011105,BASE_lowR2,2132.4108179996356
MEDELLÍN,HARINA DE TRIGO,2023-06-01,011105,BASE_lowR2,2136.8067644379666
MEDELLÍN,HARINA DE TRIGO,2023-07-01,011105,BASE_lowR2,2152.757770085626
MEDELLÍN,HARINA DE TRIGO,2023-08-01,011105,BASE_lowR2,2156.2745272362904
MEDELLÍN,HARINA DE TRIGO,2023-09-01,011105,BASE_lowR2,2144.5938695572963
MEDELLÍN,HARINA DE TRIGO,2023-10-01,011105,BASE_lowR2,2146.9802404809616
MEDELLÍN,HARINA DE TRIGO,2023-11-01,011105,BASE_lowR2,2129.7732501366368
MEDELLÍN,HARINA DE TRIGO,2023-12-01,011105,BASE_lowR2,2077.2730898159953
MEDELLÍN,HARINA DE TRIGO,2024-01-01,011105,BASE_lowR2,2047.380654035343
MEDELLÍN,HARINA DE TRIGO,2024-02-01,011105,BASE_lowR2,1991.2381380943702
MEDELLÍN,HARINA DE TRIGO,2024-03-01,011105,BASE_lowR2,1921.656585899071
MEDELLÍN,HARINA DE TRIGO,2024-04-01,011105,BASE_lowR2,1863.002100564766
MEDELLÍN,HARINA DE TRIGO,2024-05-01,011105,BASE_lowR2,1810.5019402441246
MEDELLÍN,HARINA DE TRIGO,2024-06-01,011105,BASE_lowR2,1790.029389688468
MEDELLÍN,HARINA DE TRIGO,2024-07-01,011105,BASE_lowR2,1841.0223683731099
MEDELLÍN,HARINA DE TRIGO,2024-08-01,011105,BASE_lowR2,1804.2220167607943
MEDELLÍN,HARINA DE TRIGO,2024-09-01,011105,BASE_lowR2,1773.4503916924757
MEDELLÍN,HARINA DE TRIGO,2024-10-01,011105,BASE_lowR2,1796.4349116414649
MEDELLÍN,HARINA DE TRIGO,2024-11-01,011105,BASE_lowR2,1745.4419329568227
MEDELLÍN,HARINA DE TRIGO,2024-12-01,011105,BASE_lowR2,1712.5351339041717
MEDELLÍN,HARINA PRECOCIDA,2019-01-01,011106,BASE,1383.2953270176718
MEDELLÍN,HARINA PRECOCIDA,2019-02-01,011106,BASE,1376.3405993805793
MEDELLÍN,HARINA PRECOCIDA,2019-03-01,011106,BASE,1374.11508653671
MEDELLÍN,HARINA PRECOCIDA,2019-04-01,011106,BASE,1375.3669375113864
MEDELLÍN,HARINA PRECOCIDA,2019-05-01,011106,BASE,1381.208908726544
MEDELLÍN,HARINA PRECOCIDA,2019-06-01,011106,BASE,1387.1899744944435
MEDELLÍN,HARINA PRECOCIDA,2019-07-01,011106,BASE,1391.223716523957
MEDELLÍN,HARINA PRECOCIDA,2019-08-01,011106,BASE,1384.5471779923485
MEDELLÍN,HARINA PRECOCIDA,2019-09-01,011106,BASE,1404.5767935871745
MEDELLÍN,HARINA PRECOCIDA,2019-10-01,011106,BASE,1464.5265458189106
MEDELLÍN,HARINA PRECOCIDA,2019-11-01,011106,BASE,1447.557010384405
MEDELLÍN,HARINA PRECOCIDA,2019-12-01,011106,BASE,1464.3874512661687
MEDELLÍN,HARINA PRECOCIDA,2020-01-01,011106,BASE,1479.1314738568046
MEDELLÍN,HARINA PRECOCIDA,2020-02-01,011106,BASE,1488.3117143377665
MEDELLÍN,HARINA PRECOCIDA,2020-03-01,011106,BASE,1504.3075879030791
MEDELLÍN,HARINA PRECOCIDA,2020-04-01,011106,BASE,1506.811289852432
MEDELLÍN,HARINA PRECOCIDA,2020-05-01,011106,BASE,1499.8565622153399
MEDELLÍN,HARINA PRECOCIDA,2020-06-01,011106,BASE,1518.2170431772636
MEDELLÍN,HARINA PRECOCIDA,2020-07-01,011106,BASE,1526.2845272362908
MEDELLÍN,HARINA PRECOCIDA,2020-08-01,011106,BASE,1538.2466587720896
MEDELLÍN,HARINA PRECOCIDA,2020-09-01,011106,BASE,1537.4120914556386
MEDELLÍN,HARINA PRECOCIDA,2020-10-01,011106,BASE,1533.378349426125
MEDELLÍN,HARINA PRECOCIDA,2020-11-01,011106,BASE,1525.310865367098
MEDELLÍN,HARINA PRECOCIDA,2020-12-01,011106,BASE,1523.7808252869374
MEDELLÍN,HARINA PRECOCIDA,2021-01-01,011106,BASE,1519.3297995991984
MEDELLÍN,HARINA PRECOCIDA,2021-02-01,011106,BASE,1519.0516104937146
MEDELLÍN,HARINA PRECOCIDA,2021-03-01,011106,BASE,1514.1833011477502
MEDELLÍN,HARINA PRECOCIDA,2021-04-01,011106,BASE,1517.1042867553288
MEDELLÍN,HARINA PRECOCIDA,2021-05-01,011106,BASE,1526.98
MEDELLÍN,HARINA PRECOCIDA,2021-06-01,011106,BASE,1557.5808016032065
MEDELLÍN,HARINA PRECOCIDA,2021-07-01,011106,BASE,1584.1478611768991
MEDELLÍN,HARINA PRECOCIDA,2021-08-01,011106,BASE,1596.1099927126982
MEDELLÍN,HARINA PRECOCIDA,2021-09-01,011106,BASE,1621.0079176534887
MEDELLÍN,HARINA PRECOCIDA,2021-10-01,011106,BASE,1619.6169721260706
MEDELLÍN,HARINA PRECOCIDA,2021-11-01,011106,BASE,1631.1618200036437
MEDELLÍN,HARINA PRECOCIDA,2021-12-01,011106,BASE,1660.3716760794316
MEDELLÍN,HARINA PRECOCIDA,2022-01-01,011106,BASE,1685.1305064674807
MEDELLÍN,HARINA PRECOCIDA,2022-02-01,011106,BASE,1689.8597212607033
MEDELLÍN,HARINA PRECOCIDA,2022-03-01,011106,BASE,1710.1675259610129
MEDELLÍN,HARINA PRECOCIDA,2022-04-01,011106,BASE,1783.6094498087082
MEDELLÍN,HARINA PRECOCIDA,2022-05-01,011106,BASE,1815.740291492075
MEDELLÍN,HARINA PRECOCIDA,2022-06-01,011106,BASE,1892.6595791583165
MEDELLÍN,HARINA PRECOCIDA,2022-07-01,011106,BASE,1946.2109819639277
MEDELLÍN,HARINA PRECOCIDA,2022-08-01,011106,BASE,1971.665285115686
MEDELLÍN,HARINA PRECOCIDA,2022-09-01,011106,BASE,2018.6792439424303
MEDELLÍN,HARINA PRECOCIDA,2022-10-01,011106,BASE,2064.58044634724
MEDELLÍN,HARINA PRECOCIDA,2022-11-01,011106,BASE,2080.854509018036
MEDELLÍN,HARINA PRECOCIDA,2022-12-01,011106,BASE,2118.410038258335
MEDELLÍN,HARINA PRECOCIDA,2023-01-01,011106,BASE,2143.5861523046096
MEDELLÍN,HARINA PRECOCIDA,2023-02-01,011106,BASE,2191.017394789579
MEDELLÍN,HARINA PRECOCIDA,2023-03-01,011106,BASE,2231.493909637457
MEDELLÍN,HARINA PRECOCIDA,2023-04-01,011106,BASE,2252.775376206959
MEDELLÍN,HARINA PRECOCIDA,2023-05-01,011106,BASE,2251.801714337766
MEDELLÍN,HARINA PRECOCIDA,2023-06-01,011106,BASE,2234.1367061395517
MEDELLÍN,HARINA PRECOCIDA,2023-07-01,011106,BASE,2178.7770741482964
MEDELLÍN,HARINA PRECOCIDA,2023-08-01,011106,BASE,2123.6956312625252
MEDELLÍN,HARINA PRECOCIDA,2023-09-01,011106,BASE,2064.7195408999814
MEDELLÍN,HARINA PRECOCIDA,2023-10-01,011106,BASE,2045.8026817270907
MEDELLÍN,HARINA PRECOCIDA,2023-11-01,011106,BASE,2007.1343960648571
MEDELLÍN,HARINA PRECOCIDA,2023-12-01,011106,BASE,1977.924539989069
MEDELLÍN,HARINA PRECOCIDA,2024-01-01,011106,BASE,1927.850501002004
MEDELLÍN,HARINA PRECOCIDA,2024-02-01,011106,BASE,1861.224210238659
MEDELLÍN,HARINA PRECOCIDA,2024-03-01,011106,BASE,1847.8711331754419
MEDELLÍN,HARINA PRECOCIDA,2024-04-01,011106,BASE,1825.89419384223
MEDELLÍN,HARINA PRECOCIDA,2024-05-01,011106,BASE,1794.0415412643467
MEDELLÍN,HARINA PRECOCIDA,2024-06-01,011106,BASE,1768.4481435598468
MEDELLÍN,HARINA PRECOCIDA,2024-07-01,011106,BASE,1762.049794133722
MEDELLÍN,HARINA PRECOCIDA,2024-08-01,011106,BASE,1750.2267571506652
MEDELLÍN,HARINA PRECOCIDA,2024-09-01,011106,BASE,1737.8473419566403
MEDELLÍN,HARINA PRECOCIDA,2024-10-01,011106,BASE,1721.9905629440698
MEDELLÍN,HARINA PRECOCIDA,2024-11-01,011106,BASE,1721.8514683913284
MEDELLÍN,HARINA PRECOCIDA,2024-12-01,011106,BASE,1726.9979668427763
MEDELLÍN,HUEVOS,2019-01-01,011405,BASE,3393.3879922089623
MEDELLÍN,HUEVOS,2019-02-01,011405,BASE,3416.882249831119
MEDELLÍN,HUEVOS,2019-03-01,011405,BASE,3478.85261051565
MEDELLÍN,HUEVOS,2019-04-01,011405,BASE,3471.361687795542
MEDELLÍN,HUEVOS,2019-05-01,011405,BASE,3525.1601327854087
MEDELLÍN,HUEVOS,2019-06-01,011405,BASE,3560.5717674622833
MEDELLÍN,HUEVOS,2019-07-01,011405,BASE,3562.614746385949
MEDELLÍN,HUEVOS,2019-08-01,011405,BASE,3585.7685075208287
MEDELLÍN,HUEVOS,2019-09-01,011405,BASE,3586.789996982662
MEDELLÍN,HUEVOS,2019-10-01,011405,BASE,3563.295739360505
MEDELLÍN,HUEVOS,2019-11-01,011405,BASE,3551.378362305787
MEDELLÍN,HUEVOS,2019-12-01,011405,BASE,3558.8692850258954
MEDELLÍN,HUEVOS,2020-01-01,011405,BASE,3584.066025084441
MEDELLÍN,HUEVOS,2020-02-01,011405,BASE,3572.489144517001
MEDELLÍN,HUEVOS,2020-03-01,011405,BASE,3627.649575455979
MEDELLÍN,HUEVOS,2020-04-01,011405,BASE,3875.8715146813784
MEDELLÍN,HUEVOS,2020-05-01,011405,BASE,3838.416901080838
MEDELLÍN,HUEVOS,2020-06-01,011405,BASE,3703.9207886061704
MEDELLÍN,HUEVOS,2020-07-01,011405,BASE,3664.0826995946863
MEDELLÍN,HUEVOS,2020-08-01,011405,BASE,3682.129013420401
MEDELLÍN,HUEVOS,2020-09-01,011405,BASE,3597.685884575546
MEDELLÍN,HUEVOS,2020-10-01,011405,BASE,3614.7107089394285
MEDELLÍN,HUEVOS,2020-11-01,011405,BASE,3647.398371718082
MEDELLÍN,HUEVOS,2020-12-01,011405,BASE,3718.9026340463865
MEDELLÍN,HUEVOS,2021-01-01,011405,BASE,3752.6117862868723
MEDELLÍN,HUEVOS,2021-02-01,011405,BASE,3756.3572476469267
MEDELLÍN,HUEVOS,2021-03-01,011405,BASE,3755.6762546723708
MEDELLÍN,HUEVOS,2021-04-01,011405,BASE,3769.977107138032
MEDELLÍN,HUEVOS,2021-05-01,011405,BASE,3870.0830743976585
MEDELLÍN,HUEVOS,2021-06-01,011405,BASE,4207.5150932898
MEDELLÍN,HUEVOS,2021-07-01,011405,BASE,4352.226100382797
MEDELLÍN,HUEVOS,2021-08-01,011405,BASE,4307.621060549426
MEDELLÍN,HUEVOS,2021-09-01,011405,BASE,4234.414315784734
MEDELLÍN,HUEVOS,2021-10-01,011405,BASE,4092.7677770772357
MEDELLÍN,HUEVOS,2021-11-01,011405,BASE,4162.229060481874
MEDELLÍN,HUEVOS,2021-12-01,011405,BASE,4250.4176506867825
MEDELLÍN,HUEVOS,2022-01-01,011405,BASE,4332.817800607972
MEDELLÍN,HUEVOS,2022-02-01,011405,BASE,4454.034550078812
MEDELLÍN,HUEVOS,2022-03-01,011405,BASE,4756.7359272686335
MEDELLÍN,HUEVOS,2022-04-01,011405,BASE,4906.554381670795
MEDELLÍN,HUEVOS,2022-05-01,011405,BASE,4965.800770457105
MEDELLÍN,HUEVOS,2022-06-01,011405,BASE,5050.243899301959
MEDELLÍN,HUEVOS,2022-07-01,011405,BASE,5032.8785784508
MEDELLÍN,HUEVOS,2022-08-01,011405,BASE,5103.020854829994
MEDELLÍN,HUEVOS,2022-09-01,011405,BASE,5278.0360492907
MEDELLÍN,HUEVOS,2022-10-01,011405,BASE,5401.976770659762
MEDELLÍN,HUEVOS,2022-11-01,011405,BASE,5505.147206304887
MEDELLÍN,HUEVOS,2022-12-01,011405,BASE,5577.672958095024
MEDELLÍN,HUEVOS,2023-01-01,011405,BASE,5608.998634924566
MEDELLÍN,HUEVOS,2023-02-01,011405,BASE,5645.431759063275
MEDELLÍN,HUEVOS,2023-03-01,011405,BASE,5743.494747399235
MEDELLÍN,HUEVOS,2023-04-01,011405,BASE,5815.6800027020945
MEDELLÍN,HUEVOS,2023-05-01,011405,BASE,5829.980855167755
MEDELLÍN,HUEVOS,2023-06-01,011405,BASE,5795.250213465436
MEDELLÍN,HUEVOS,2023-07-01,011405,BASE,5801.719646723711
MEDELLÍN,HUEVOS,2023-08-01,011405,BASE,5781.970850461608
MEDELLÍN,HUEVOS,2023-09-01,011405,BASE,5862.668517946409
MEDELLÍN,HUEVOS,2023-10-01,011405,BASE,5912.721501576222
MEDELLÍN,HUEVOS,2023-11-01,011405,BASE,5928.043843503716
MEDELLÍN,HUEVOS,2023-12-01,011405,BASE,5932.129801351048
MEDELLÍN,HUEVOS,2024-01-01,011405,BASE,5703.316161900474
MEDELLÍN,HUEVOS,2024-02-01,011405,BASE,5634.876367957668
MEDELLÍN,HUEVOS,2024-03-01,011405,BASE,5659.392115041658
MEDELLÍN,HUEVOS,2024-04-01,011405,BASE,5639.302822292277
MEDELLÍN,HUEVOS,2024-05-01,011405,BASE,5635.216864444946
MEDELLÍN,HUEVOS,2024-06-01,011405,BASE,5624.661473339339
MEDELLÍN,HUEVOS,2024-07-01,011405,BASE,5583.801894866022
MEDELLÍN,HUEVOS,2024-08-01,011405,BASE,5577.332461607747
MEDELLÍN,HUEVOS,2024-09-01,011405,BASE,5505.828199279442
MEDELLÍN,HUEVOS,2024-10-01,011405,BASE,5408.446203918037
MEDELLÍN,HUEVOS,2024-11-01,011405,BASE,5453.051243751408
MEDELLÍN,HUEVOS,2024-12-01,011405,BASE,5449.646278878632
MEDELLÍN,LECHE EN POLVO ENTERA,2019-01-01,011401,BASE_lowR2,10087.2334553058
MEDELLÍN,LECHE EN POLVO ENTERA,2019-02-01,011401,BASE_lowR2,10105.372336644014
MEDELLÍN,LECHE EN POLVO ENTERA,2019-03-01,011401,BASE_lowR2,10135.603805541032
MEDELLÍN,LECHE EN POLVO ENTERA,2019-04-01,011401,BASE_lowR2,10208.159330893881
MEDELLÍN,LECHE EN POLVO ENTERA,2019-05-01,011401,BASE_lowR2,10229.321359121797
MEDELLÍN,LECHE EN POLVO ENTERA,2019-06-01,011401,BASE_lowR2,10183.974155776266
MEDELLÍN,LECHE EN POLVO ENTERA,2019-07-01,011401,BASE_lowR2,10247.46024046001
MEDELLÍN,LECHE EN POLVO ENTERA,2019-08-01,011401,BASE_lowR2,10316.992618923156
MEDELLÍN,LECHE EN POLVO ENTERA,2019-09-01,011401,BASE_lowR2,10421.795044432825
MEDELLÍN,LECHE EN POLVO ENTERA,2019-10-01,011401,BASE_lowR2,10541.713204391008
MEDELLÍN,LECHE EN POLVO ENTERA,2019-11-01,011401,BASE_lowR2,10542.720920020909
MEDELLÍN,LECHE EN POLVO ENTERA,2019-12-01,011401,BASE_lowR2,10519.543460533192
MEDELLÍN,LECHE EN POLVO ENTERA,2020-01-01,011401,BASE_lowR2,10587.060407736539
MEDELLÍN,LECHE EN POLVO ENTERA,2020-02-01,011401,BASE_lowR2,10733.179174072136
MEDELLÍN,LECHE EN POLVO ENTERA,2020-03-01,011401,BASE_lowR2,10902.47539989545
MEDELLÍN,LECHE EN POLVO ENTERA,2020-04-01,011401,BASE_lowR2,10997.200669106114
MEDELLÍN,LECHE EN POLVO ENTERA,2020-05-01,011401,BASE_lowR2,11045.571019341347
MEDELLÍN,LECHE EN POLVO ENTERA,2020-06-01,011401,BASE_lowR2,11079.83335075797
MEDELLÍN,LECHE EN POLVO ENTERA,2020-07-01,011401,BASE_lowR2,11111.072535284893
MEDELLÍN,LECHE EN POLVO ENTERA,2020-08-01,011401,BASE_lowR2,11158.435169890225
MEDELLÍN,LECHE EN POLVO ENTERA,2020-09-01,011401,BASE_lowR2,11193.705216936747
MEDELLÍN,LECHE EN POLVO ENTERA,2020-10-01,011401,BASE_lowR2,11241.067851542079
MEDELLÍN,LECHE EN POLVO ENTERA,2020-11-01,011401,BASE_lowR2,11217.890392054363
MEDELLÍN,LECHE EN POLVO ENTERA,2020-12-01,011401,BASE_lowR2,11246.106429691581
MEDELLÍN,LECHE EN POLVO ENTERA,2021-01-01,011401,BASE_lowR2,11345.87027705175
MEDELLÍN,LECHE EN POLVO ENTERA,2021-02-01,011401,BASE_lowR2,11336.800836382643
MEDELLÍN,LECHE EN POLVO ENTERA,2021-03-01,011401,BASE_lowR2,11390.209764767378
MEDELLÍN,LECHE EN POLVO ENTERA,2021-04-01,011401,BASE_lowR2,11543.382540512283
MEDELLÍN,LECHE EN POLVO ENTERA,2021-05-01,011401,BASE_lowR2,11578.652587558807
MEDELLÍN,LECHE EN POLVO ENTERA,2021-06-01,011401,BASE_lowR2,11592.760606377416
MEDELLÍN,LECHE EN POLVO ENTERA,2021-07-01,011401,BASE_lowR2,11607.876340825926
MEDELLÍN,LECHE EN POLVO ENTERA,2021-08-01,011401,BASE_lowR2,11693.532169367483
MEDELLÍN,LECHE EN POLVO ENTERA,2021-09-01,011401,BASE_lowR2,11875.928698379506
MEDELLÍN,LECHE EN POLVO ENTERA,2021-10-01,011401,BASE_lowR2,12284.053528489283
MEDELLÍN,LECHE EN POLVO ENTERA,2021-11-01,011401,BASE_lowR2,12504.74325143753
MEDELLÍN,LECHE EN POLVO ENTERA,2021-12-01,011401,BASE_lowR2,12906.821787767904
MEDELLÍN,LECHE EN POLVO ENTERA,2022-01-01,011401,BASE_lowR2,13539.66720334553
MEDELLÍN,LECHE EN POLVO ENTERA,2022-02-01,011401,BASE_lowR2,13938.722592786196
MEDELLÍN,LECHE EN POLVO ENTERA,2022-03-01,011401,BASE_lowR2,14514.128217459485
MEDELLÍN,LECHE EN POLVO ENTERA,2022-04-01,011401,BASE_lowR2,15298.130977522214
MEDELLÍN,LECHE EN POLVO ENTERA,2022-05-01,011401,BASE_lowR2,15570.214197595398
MEDELLÍN,LECHE EN POLVO ENTERA,2022-06-01,011401,BASE_lowR2,15957.176999477259
MEDELLÍN,LECHE EN POLVO ENTERA,2022-07-01,011401,BASE_lowR2,16085.156884474645
MEDELLÍN,LECHE EN POLVO ENTERA,2022-08-01,011401,BASE_lowR2,16096.241756403551
MEDELLÍN,LECHE EN POLVO ENTERA,2022-09-01,011401,BASE_lowR2,16233.291082070045
MEDELLÍN,LECHE EN POLVO ENTERA,2022-10-01,011401,BASE_lowR2,16360.26325143753
MEDELLÍN,LECHE EN POLVO ENTERA,2022-11-01,011401,BASE_lowR2,16762.341787767902
MEDELLÍN,LECHE EN POLVO ENTERA,2022-12-01,011401,BASE_lowR2,17278.29219027705
MEDELLÍN,LECHE EN POLVO ENTERA,2023-01-01,011401,BASE_lowR2,17800.2888865656
MEDELLÍN,LECHE EN POLVO ENTERA,2023-02-01,011401,BASE_lowR2,18431.118870883427
MEDELLÍN,LECHE EN POLVO ENTERA,2023-03-01,011401,BASE_lowR2,18783.819341348666
MEDELLÍN,LECHE EN POLVO ENTERA,2023-04-01,011401,BASE_lowR2,18939.00754835337
MEDELLÍN,LECHE EN POLVO ENTERA,2023-05-01,011401,BASE_lowR2,18983.347036069
MEDELLÍN,LECHE EN POLVO ENTERA,2023-06-01,011401,BASE_lowR2,19057.91799268165
MEDELLÍN,LECHE EN POLVO ENTERA,2023-07-01,011401,BASE_lowR2,19039.779111343436
MEDELLÍN,LECHE EN POLVO ENTERA,2023-08-01,011401,BASE_lowR2,18815.05852587559
MEDELLÍN,LECHE EN POLVO ENTERA,2023-09-01,011401,BASE_lowR2,18802.96593831678
MEDELLÍN,LECHE EN POLVO ENTERA,2023-10-01,011401,BASE_lowR2,18900.714354417145
MEDELLÍN,LECHE EN POLVO ENTERA,2023-11-01,011401,BASE_lowR2,18872.498316779922
MEDELLÍN,LECHE EN POLVO ENTERA,2023-12-01,011401,BASE_lowR2,18886.606335598535
MEDELLÍN,LECHE EN POLVO ENTERA,2024-01-01,011401,BASE_lowR2,18914.82237323575
MEDELLÍN,LECHE EN POLVO ENTERA,2024-02-01,011401,BASE_lowR2,18991.408761108207
MEDELLÍN,LECHE EN POLVO ENTERA,2024-03-01,011401,BASE_lowR2,18931.953538944064
MEDELLÍN,LECHE EN POLVO ENTERA,2024-04-01,011401,BASE_lowR2,18912.806941975952
MEDELLÍN,LECHE EN POLVO ENTERA,2024-05-01,011401,BASE_lowR2,18976.293026659696
MEDELLÍN,LECHE EN POLVO ENTERA,2024-06-01,011401,BASE_lowR2,18946.061557762674
MEDELLÍN,LECHE EN POLVO ENTERA,2024-07-01,011401,BASE_lowR2,18952.107851542078
MEDELLÍN,LECHE EN POLVO ENTERA,2024-08-01,011401,BASE_lowR2,18888.621766858334
MEDELLÍN,LECHE EN POLVO ENTERA,2024-09-01,011401,BASE_lowR2,18998.46277051751
MEDELLÍN,LECHE EN POLVO ENTERA,2024-10-01,011401,BASE_lowR2,18972.26216414009
MEDELLÍN,LECHE EN POLVO ENTERA,2024-11-01,011401,BASE_lowR2,18958.15414532148
MEDELLÍN,LECHE EN POLVO ENTERA,2024-12-01,011401,BASE_lowR2,19155.666408782014
MEDELLÍN,LECHE EN POLVO LACTANTE,2019-01-01,011401,BASE_lowR2,39290.17878985885
MEDELLÍN,LECHE EN POLVO LACTANTE,2019-02-01,011401,BASE_lowR2,39360.83046001045
MEDELLÍN,LECHE EN POLVO LACTANTE,2019-03-01,011401,BASE_lowR2,39478.58324359643
MEDELLÍN,LECHE EN POLVO LACTANTE,2019-04-01,011401,BASE_lowR2,39761.189924202816
MEDELLÍN,LECHE EN POLVO LACTANTE,2019-05-01,011401,BASE_lowR2,39843.616872713006
MEDELLÍN,LECHE EN POLVO LACTANTE,2019-06-01,011401,BASE_lowR2,39666.98769733403
MEDELLÍN,LECHE EN POLVO LACTANTE,2019-07-01,011401,BASE_lowR2,39914.26854286461
MEDELLÍN,LECHE EN POLVO LACTANTE,2019-08-01,011401,BASE_lowR2,40185.099945112386
MEDELLÍN,LECHE EN POLVO LACTANTE,2019-09-01,011401,BASE_lowR2,40593.309594877144
MEDELLÍN,LECHE EN POLVO LACTANTE,2019-10-01,011401,BASE_lowR2,41060.395636434914
MEDELLÍN,LECHE EN POLVO LACTANTE,2019-11-01,011401,BASE_lowR2,41064.320729221115
MEDELLÍN,LECHE EN POLVO LACTANTE,2019-12-01,011401,BASE_lowR2,40974.04359513852
MEDELLÍN,LECHE EN POLVO LACTANTE,2020-01-01,011401,BASE_lowR2,41237.0248118139
MEDELLÍN,LECHE EN POLVO LACTANTE,2020-02-01,011401,BASE_lowR2,41806.16326581285
MEDELLÍN,LECHE EN POLVO LACTANTE,2020-03-01,011401,BASE_lowR2,42465.578853894396
MEDELLÍN,LECHE EN POLVO LACTANTE,2020-04-01,011401,BASE_lowR2,42834.53757579717
MEDELLÍN,LECHE EN POLVO LACTANTE,2020-05-01,011401,BASE_lowR2,43022.94202953475
MEDELLÍN,LECHE EN POLVO LACTANTE,2020-06-01,011401,BASE_lowR2,43156.395184265544
MEDELLÍN,LECHE EN POLVO LACTANTE,2020-07-01,011401,BASE_lowR2,43278.07306063774
MEDELLÍN,LECHE EN POLVO LACTANTE,2020-08-01,011401,BASE_lowR2,43462.55242158912
MEDELLÍN,LECHE EN POLVO LACTANTE,2020-09-01,011401,BASE_lowR2,43599.93066910611
MEDELLÍN,LECHE EN POLVO LACTANTE,2020-10-01,011401,BASE_lowR2,43784.410030057494
MEDELLÍN,LECHE EN POLVO LACTANTE,2020-11-01,011401,BASE_lowR2,43694.1328959749
MEDELLÍN,LECHE EN POLVO LACTANTE,2020-12-01,011401,BASE_lowR2,43804.03549398849
MEDELLÍN,LECHE EN POLVO LACTANTE,2021-01-01,011401,BASE_lowR2,44192.61967982226
MEDELLÍN,LECHE EN POLVO LACTANTE,2021-02-01,011401,BASE_lowR2,44157.29384474646
MEDELLÍN,LECHE EN POLVO LACTANTE,2021-03-01,011401,BASE_lowR2,44365.32376241504
MEDELLÍN,LECHE EN POLVO LACTANTE,2021-04-01,011401,BASE_lowR2,44961.937865917396
MEDELLÍN,LECHE EN POLVO LACTANTE,2021-05-01,011401,BASE_lowR2,45099.31611343439
MEDELLÍN,LECHE EN POLVO LACTANTE,2021-06-01,011401,BASE_lowR2,45154.26741244119
MEDELLÍN,LECHE EN POLVO LACTANTE,2021-07-01,011401,BASE_lowR2,45213.143804234176
MEDELLÍN,LECHE EN POLVO LACTANTE,2021-08-01,011401,BASE_lowR2,45546.77669106115
MEDELLÍN,LECHE EN POLVO LACTANTE,2021-09-01,011401,BASE_lowR2,46257.21848536329
MEDELLÍN,LECHE EN POLVO LACTANTE,2021-10-01,011401,BASE_lowR2,47846.88106377418
MEDELLÍN,LECHE EN POLVO LACTANTE,2021-11-01,011401,BASE_lowR2,48706.4763839519
MEDELLÍN,LECHE EN POLVO LACTANTE,2021-12-01,011401,BASE_lowR2,50272.58840564558
MEDELLÍN,LECHE EN POLVO LACTANTE,2022-01-01,011401,BASE_lowR2,52737.54667537898
MEDELLÍN,LECHE EN POLVO LACTANTE,2022-02-01,011401,BASE_lowR2,54291.88341871405
MEDELLÍN,LECHE EN POLVO LACTANTE,2022-03-01,011401,BASE_lowR2,56533.11139963407
MEDELLÍN,LECHE EN POLVO LACTANTE,2022-04-01,011401,BASE_lowR2,59586.83358729743
MEDELLÍN,LECHE EN POLVO LACTANTE,2022-05-01,011401,BASE_lowR2,60646.60863957134
MEDELLÍN,LECHE EN POLVO LACTANTE,2022-06-01,011401,BASE_lowR2,62153.84426947202
MEDELLÍN,LECHE EN POLVO LACTANTE,2022-07-01,011401,BASE_lowR2,62652.33105331939
MEDELLÍN,LECHE EN POLVO LACTANTE,2022-08-01,011401,BASE_lowR2,62695.50707396758
MEDELLÍN,LECHE EN POLVO LACTANTE,2022-09-01,011401,BASE_lowR2,63229.31969289074
MEDELLÍN,LECHE EN POLVO LACTANTE,2022-10-01,011401,BASE_lowR2,63723.88138395189
MEDELLÍN,LECHE EN POLVO LACTANTE,2022-11-01,011401,BASE_lowR2,65289.993405645575
MEDELLÍN,LECHE EN POLVO LACTANTE,2022-12-01,011401,BASE_lowR2,67299.64091217982
MEDELLÍN,LECHE EN POLVO LACTANTE,2023-01-01,011401,BASE_lowR2,69332.83897543124
MEDELLÍN,LECHE EN POLVO LACTANTE,2023-02-01,011401,BASE_lowR2,71789.94705959226
MEDELLÍN,LECHE EN POLVO LACTANTE,2023-03-01,011401,BASE_lowR2,73163.72953476214
MEDELLÍN,LECHE EN POLVO LACTANTE,2023-04-01,011401,BASE_lowR2,73768.19382383689
MEDELLÍN,LECHE EN POLVO LACTANTE,2023-05-01,011401,BASE_lowR2,73940.89790642969
MEDELLÍN,LECHE EN POLVO LACTANTE,2023-06-01,011401,BASE_lowR2,74231.35477260847
MEDELLÍN,LECHE EN POLVO LACTANTE,2023-07-01,011401,BASE_lowR2,74160.70310245687
MEDELLÍN,LECHE EN POLVO LACTANTE,2023-08-01,011401,BASE_lowR2,73285.40741113434
MEDELLÍN,LECHE EN POLVO LACTANTE,2023-09-01,011401,BASE_lowR2,73238.30629769994
MEDELLÍN,LECHE EN POLVO LACTANTE,2023-10-01,011401,BASE_lowR2,73619.04029796131
MEDELLÍN,LECHE EN POLVO LACTANTE,2023-11-01,011401,BASE_lowR2,73509.1376999477
MEDELLÍN,LECHE EN POLVO LACTANTE,2023-12-01,011401,BASE_lowR2,73564.08899895451
MEDELLÍN,LECHE EN POLVO LACTANTE,2024-01-01,011401,BASE_lowR2,73673.9915969681
MEDELLÍN,LECHE EN POLVO LACTANTE,2024-02-01,011401,BASE_lowR2,73972.29864871928
MEDELLÍN,LECHE EN POLVO LACTANTE,2024-03-01,011401,BASE_lowR2,73740.7181743335
MEDELLÍN,LECHE EN POLVO LACTANTE,2024-04-01,011401,BASE_lowR2,73666.1414113957
MEDELLÍN,LECHE EN POLVO LACTANTE,2024-05-01,011401,BASE_lowR2,73913.42225692628
MEDELLÍN,LECHE EN POLVO LACTANTE,2024-06-01,011401,BASE_lowR2,73795.66947334028
MEDELLÍN,LECHE EN POLVO LACTANTE,2024-07-01,011401,BASE_lowR2,73819.22003005749
MEDELLÍN,LECHE EN POLVO LACTANTE,2024-08-01,011401,BASE_lowR2,73571.93918452691
MEDELLÍN,LECHE EN POLVO LACTANTE,2024-09-01,011401,BASE_lowR2,73999.77429822268
MEDELLÍN,LECHE EN POLVO LACTANTE,2024-10-01,011401,BASE_lowR2,73897.72188578149
MEDELLÍN,LECHE EN POLVO LACTANTE,2024-11-01,011401,BASE_lowR2,73842.77058677468
MEDELLÍN,LECHE EN POLVO LACTANTE,2024-12-01,011401,BASE_lowR2,74612.08877286983
MEDELLÍN,LECHE LARGA VIDA,2019-01-01,011401,D_city,1498.9687843934726
MEDELLÍN,LECHE LARGA VIDA,2019-02-01,011401,D_city,1501.2221837311954
MEDELLÍN,LECHE LARGA VIDA,2019-03-01,011401,D_city,1504.976377211561
MEDELLÍN,LECHE LARGA VIDA,2019-04-01,011401,D_city,1513.9789686009472
MEDELLÍN,LECHE LARGA VIDA,2019-05-01,011401,D_city,1516.6027465030554
MEDELLÍN,LECHE LARGA VIDA,2019-06-01,011401,D_city,1510.9792735185601
MEDELLÍN,LECHE LARGA VIDA,2019-07-01,011401,D_city,1518.8509910516154
MEDELLÍN,LECHE LARGA VIDA,2019-08-01,011401,D_city,1527.4632329090196
MEDELLÍN,LECHE LARGA VIDA,2019-09-01,011401,D_city,1540.4260639549927
MEDELLÍN,LECHE LARGA VIDA,2019-10-01,011401,D_city,1555.2323640603731
MEDELLÍN,LECHE LARGA VIDA,2019-11-01,011401,D_city,1555.3566693977546
MEDELLÍN,LECHE LARGA VIDA,2019-12-01,011401,D_city,1552.4971535864995
MEDELLÍN,LECHE LARGA VIDA,2020-01-01,011401,D_city,1560.824179694937
MEDELLÍN,LECHE LARGA VIDA,2020-02-01,011401,D_city,1578.815659618053
MEDELLÍN,LECHE LARGA VIDA,2020-03-01,011401,D_city,1599.6108631584846
MEDELLÍN,LECHE LARGA VIDA,2020-04-01,011401,D_city,1611.2231544849421
MEDELLÍN,LECHE LARGA VIDA,2020-05-01,011401,D_city,1617.1465071682308
MEDELLÍN,LECHE LARGA VIDA,2020-06-01,011401,D_city,1621.3396430716905
MEDELLÍN,LECHE LARGA VIDA,2020-07-01,011401,D_city,1625.160944741843
MEDELLÍN,LECHE LARGA VIDA,2020-08-01,011401,D_city,1630.951175593044
MEDELLÍN,LECHE LARGA VIDA,2020-09-01,011401,D_city,1635.2604330721922
MEDELLÍN,LECHE LARGA VIDA,2020-10-01,011401,D_city,1641.043652413595
MEDELLÍN,LECHE LARGA VIDA,2020-11-01,011401,D_city,1638.2140663106072
MEDELLÍN,LECHE LARGA VIDA,2020-12-01,011401,D_city,1641.658653255907
MEDELLÍN,LECHE LARGA VIDA,2021-01-01,011401,D_city,1653.826402431149
MEDELLÍN,LECHE LARGA VIDA,2021-02-01,011401,D_city,1652.7209701076563
MEDELLÍN,LECHE LARGA VIDA,2021-03-01,011401,D_city,1659.2286563807652
MEDELLÍN,LECHE LARGA VIDA,2021-04-01,011401,D_city,1677.864577928896
MEDELLÍN,LECHE LARGA VIDA,2021-05-01,011401,D_city,1682.1499875347515
MEDELLÍN,LECHE LARGA VIDA,2021-06-01,011401,D_city,1683.8635521221352
MEDELLÍN,LECHE LARGA VIDA,2021-07-01,011401,D_city,1685.699135006271
MEDELLÍN,LECHE LARGA VIDA,2021-08-01,011401,D_city,1696.0933905579398
MEDELLÍN,LECHE LARGA VIDA,2021-09-01,011401,D_city,1718.1856245019721
MEDELLÍN,LECHE LARGA VIDA,2021-10-01,011401,D_city,1767.418821076372
MEDELLÍN,LECHE LARGA VIDA,2021-11-01,011401,D_city,1793.929180958477
MEDELLÍN,LECHE LARGA VIDA,2021-12-01,011401,D_city,1842.0331435143837
MEDELLÍN,LECHE LARGA VIDA,2022-01-01,011401,D_city,1917.2527418555007
MEDELLÍN,LECHE LARGA VIDA,2022-02-01,011401,D_city,1964.3870804877936
MEDELLÍN,LECHE LARGA VIDA,2022-03-01,011401,D_city,2031.9643911464254
MEDELLÍN,LECHE LARGA VIDA,2022-04-01,011401,D_city,2123.3392444228316
MEDELLÍN,LECHE LARGA VIDA,2022-05-01,011401,D_city,2154.8693076521786
MEDELLÍN,LECHE LARGA VIDA,2022-06-01,011401,D_city,2199.5571931102327
MEDELLÍN,LECHE LARGA VIDA,2022-07-01,011401,D_city,2214.2975296379113
MEDELLÍN,LECHE LARGA VIDA,2022-08-01,011401,D_city,2215.5733453083953
MEDELLÍN,LECHE LARGA VIDA,2022-09-01,011401,D_city,2231.3352083829504
MEDELLÍN,LECHE LARGA VIDA,2022-10-01,011401,D_city,2245.9186589259657
MEDELLÍN,LECHE LARGA VIDA,2022-11-01,011401,D_city,2291.978085632426
MEDELLÍN,LECHE LARGA VIDA,2022-12-01,011401,D_city,2350.8178622158903
MEDELLÍN,LECHE LARGA VIDA,2023-01-01,011401,D_city,2410.0548612583325
MEDELLÍN,LECHE LARGA VIDA,2023-02-01,011401,D_city,2481.2642765428463
MEDELLÍN,LECHE LARGA VIDA,2023-03-01,011401,D_city,2520.9032111722445
MEDELLÍN,LECHE LARGA VIDA,2023-04-01,011401,D_city,2538.3056021584516
MEDELLÍN,LECHE LARGA VIDA,2023-05-01,011401,D_city,2543.2734148669497
MEDELLÍN,LECHE LARGA VIDA,2023-06-01,011401,D_city,2551.624087866274
MEDELLÍN,LECHE LARGA VIDA,2023-07-01,011401,D_city,2549.593336685179
MEDELLÍN,LECHE LARGA VIDA,2023-08-01,011401,D_city,2524.4081779460194
MEDELLÍN,LECHE LARGA VIDA,2023-09-01,011401,D_city,2523.0515298286955
MEDELLÍN,LECHE LARGA VIDA,2023-10-01,011401,D_city,2534.0136845312973
MEDELLÍN,LECHE LARGA VIDA,2023-11-01,011401,D_city,2530.8503071202476
MEDELLÍN,LECHE LARGA VIDA,2023-12-01,011401,D_city,2532.4320926349315
MEDELLÍN,LECHE LARGA VIDA,2024-01-01,011401,D_city,2535.595082977539
MEDELLÍN,LECHE LARGA VIDA,2024-02-01,011401,D_city,2544.1764491353006
MEDELLÍN,LECHE LARGA VIDA,2024-03-01,011401,D_city,2537.515092689287
MEDELLÍN,LECHE LARGA VIDA,2024-04-01,011401,D_city,2535.3691807513082
MEDELLÍN,LECHE LARGA VIDA,2024-05-01,011401,D_city,2542.4832083286346
MEDELLÍN,LECHE LARGA VIDA,2024-06-01,011401,D_city,2539.096063378881
MEDELLÍN,LECHE LARGA VIDA,2024-07-01,011401,D_city,2539.773563181614
MEDELLÍN,LECHE LARGA VIDA,2024-08-01,011401,D_city,2532.6580461846693
MEDELLÍN,LECHE LARGA VIDA,2024-09-01,011401,D_city,2544.9665525899472
MEDELLÍN,LECHE LARGA VIDA,2024-10-01,011401,D_city,2542.0316401234813
MEDELLÍN,LECHE LARGA VIDA,2024-11-01,011401,D_city,2540.4510275648136
MEDELLÍN,LECHE LARGA VIDA,2024-12-01,011401,D_city,2562.562137028266
MEDELLÍN,LECHE PASTEURIZADA,2019-01-01,011401,D_city,1094.2805060031474
MEDELLÍN,LECHE PASTEURIZADA,2019-02-01,011401,D_city,1096.2927388064932
MEDELLÍN,LECHE PASTEURIZADA,2019-03-01,011401,D_city,1099.6466414109277
MEDELLÍN,LECHE PASTEURIZADA,2019-04-01,011401,D_city,1107.696928530295
MEDELLÍN,LECHE PASTEURIZADA,2019-05-01,011401,D_city,1110.0451728574096
MEDELLÍN,LECHE PASTEURIZADA,2019-06-01,011401,D_city,1105.0133554043655
MEDELLÍN,LECHE PASTEURIZADA,2019-07-01,011401,D_city,1112.0580410718917
MEDELLÍN,LECHE PASTEURIZADA,2019-08-01,011401,D_city,1119.7747803781242
MEDELLÍN,LECHE PASTEURIZADA,2019-09-01,011401,D_city,1131.408025552591
MEDELLÍN,LECHE PASTEURIZADA,2019-10-01,011401,D_city,1144.7223836992496
MEDELLÍN,LECHE PASTEURIZADA,2019-11-01,011401,D_city,1144.8342836151057
MEDELLÍN,LECHE PASTEURIZADA,2019-12-01,011401,D_city,1142.2606467308049
MEDELLÍN,LECHE PASTEURIZADA,2020-01-01,011401,D_city,1149.7581188156405
MEDELLÍN,LECHE PASTEURIZADA,2020-02-01,011401,D_city,1165.9876811623592
MEDELLÍN,LECHE PASTEURIZADA,2020-03-01,011401,D_city,1184.7978266687403
MEDELLÍN,LECHE PASTEURIZADA,2020-04-01,011401,D_city,1195.3254369802185
MEDELLÍN,LECHE PASTEURIZADA,2020-05-01,011401,D_city,1200.7020293083608
MEDELLÍN,LECHE PASTEURIZADA,2020-06-01,011401,D_city,1204.5107708572612
MEDELLÍN,LECHE PASTEURIZADA,2020-07-01,011401,D_city,1207.9836789060562
MEDELLÍN,LECHE PASTEURIZADA,2020-08-01,011401,D_city,1213.2494761938242
MEDELLÍN,LECHE PASTEURIZADA,2020-09-01,011401,D_city,1217.1711427549324
MEDELLÍN,LECHE PASTEURIZADA,2020-10-01,011401,D_city,1222.4378197073445
MEDELLÍN,LECHE PASTEURIZADA,2020-11-01,011401,D_city,1219.8604469411714
MEDELLÍN,LECHE PASTEURIZADA,2020-12-01,011401,D_city,1222.9981340300424
MEDELLÍN,LECHE PASTEURIZADA,2021-01-01,011401,D_city,1234.0935222855767
MEDELLÍN,LECHE PASTEURIZADA,2021-02-01,011401,D_city,1233.0847592529026
MEDELLÍN,LECHE PASTEURIZADA,2021-03-01,011401,D_city,1239.0255146435393
MEDELLÍN,LECHE PASTEURIZADA,2021-04-01,011401,D_city,1256.0666335732944
MEDELLÍN,LECHE PASTEURIZADA,2021-05-01,011401,D_city,1259.9913015528552
MEDELLÍN,LECHE PASTEURIZADA,2021-06-01,011401,D_city,1261.5612444165274
MEDELLÍN,LECHE PASTEURIZADA,2021-07-01,011401,D_city,1263.2433739535131
MEDELLÍN,LECHE PASTEURIZADA,2021-08-01,011401,D_city,1272.7763742460102
MEDELLÍN,LECHE PASTEURIZADA,2021-09-01,011401,D_city,1293.081299995773
MEDELLÍN,LECHE PASTEURIZADA,2021-10-01,011401,D_city,1338.5403428307068
MEDELLÍN,LECHE PASTEURIZADA,2021-11-01,011401,D_city,1363.1361911871522
MEDELLÍN,LECHE PASTEURIZADA,2021-12-01,011401,D_city,1407.9729037892994
MEDELLÍN,LECHE PASTEURIZADA,2022-01-01,011401,D_city,1478.606555818374
MEDELLÍN,LECHE PASTEURIZADA,2022-02-01,011401,D_city,1523.1848382799865
MEDELLÍN,LECHE PASTEURIZADA,2022-03-01,011401,D_city,1587.513698048251
MEDELLÍN,LECHE PASTEURIZADA,2022-04-01,011401,D_city,1675.2555519826342
MEDELLÍN,LECHE PASTEURIZADA,2022-05-01,011401,D_city,1705.7298358578278
MEDELLÍN,LECHE PASTEURIZADA,2022-06-01,011401,D_city,1749.0917180665062
MEDELLÍN,LECHE PASTEURIZADA,2022-07-01,011401,D_city,1763.4380143493854
MEDELLÍN,LECHE PASTEURIZADA,2022-08-01,011401,D_city,1764.6807285908444
MEDELLÍN,LECHE PASTEURIZADA,2022-09-01,011401,D_city,1780.0467887717216
MEDELLÍN,LECHE PASTEURIZADA,2022-10-01,011401,D_city,1794.285607854645
MEDELLÍN,LECHE PASTEURIZADA,2022-11-01,011401,D_city,1839.3915844838873
MEDELLÍN,LECHE PASTEURIZADA,2022-12-01,011401,D_city,1897.307677964789
MEDELLÍN,LECHE PASTEURIZADA,2023-01-01,011401,D_city,1955.942251236343
MEDELLÍN,LECHE PASTEURIZADA,2023-02-01,011401,D_city,2026.8535554411326
MEDELLÍN,LECHE PASTEURIZADA,2023-03-01,011401,D_city,2066.524479387389
MEDELLÍN,LECHE PASTEURIZADA,2023-04-01,011401,D_city,2083.9850368342327
MEDELLÍN,LECHE PASTEURIZADA,2023-05-01,011401,D_city,2088.974362412615
MEDELLÍN,LECHE PASTEURIZADA,2023-06-01,011401,D_city,2097.366094324765
MEDELLÍN,LECHE PASTEURIZADA,2023-07-01,011401,D_city,2095.3247938511545
MEDELLÍN,LECHE PASTEURIZADA,2023-08-01,011401,D_city,2070.0390058063253
MEDELLÍN,LECHE PASTEURIZADA,2023-09-01,011401,D_city,2068.678528316246
MEDELLÍN,LECHE PASTEURIZADA,2023-10-01,011401,D_city,2079.6762861750444
MEDELLÍN,LECHE PASTEURIZADA,2023-11-01,011401,D_city,2076.5015434410775
MEDELLÍN,LECHE PASTEURIZADA,2023-12-01,011401,D_city,2078.088901414006
MEDELLÍN,LECHE PASTEURIZADA,2024-01-01,011401,D_city,2081.2636977046486
MEDELLÍN,LECHE PASTEURIZADA,2024-02-01,011401,D_city,2089.8815408219966
MEDELLÍN,LECHE PASTEURIZADA,2024-03-01,011401,D_city,2083.1913048069646
MEDELLÍN,LECHE PASTEURIZADA,2024-04-01,011401,D_city,2081.0369229908392
MEDELLÍN,LECHE PASTEURIZADA,2024-05-01,011401,D_city,2088.180588443927
MEDELLÍN,LECHE PASTEURIZADA,2024-06-01,011401,D_city,2084.778775540416
MEDELLÍN,LECHE PASTEURIZADA,2024-07-01,011401,D_city,2085.4591283168884
MEDELLÍN,LECHE PASTEURIZADA,2024-08-01,011401,D_city,2078.3156690259507
MEDELLÍN,LECHE PASTEURIZADA,2024-09-01,011401,D_city,2090.6753290670104
MEDELLÍN,LECHE PASTEURIZADA,2024-10-01,011401,D_city,2087.7270063117444
MEDELLÍN,LECHE PASTEURIZADA,2024-11-01,011401,D_city,2086.1394859970037
MEDELLÍN,LECHE PASTEURIZADA,2024-12-01,011401,D_city,2108.367190341407
MEDELLÍN,LECHUGA,2019-01-01,011716,BASE_lowR2,1235.9294970943226
MEDELLÍN,LECHUGA,2019-02-01,011716,BASE_lowR2,1236.8959164059008
MEDELLÍN,LECHUGA,2019-03-01,011716,BASE_lowR2,1245.1104805543139
MEDELLÍN,LECHUGA,2019-04-01,011716,BASE_lowR2,1257.3115243629861
MEDELLÍN,LECHUGA,2019-05-01,011716,BASE_lowR2,1205.124881537774
MEDELLÍN,LECHUGA,2019-06-01,011716,BASE_lowR2,1278.451946803755
MEDELLÍN,LECHUGA,2019-07-01,011716,BASE_lowR2,1272.4118261063925
MEDELLÍN,LECHUGA,2019-08-01,011716,BASE_lowR2,1270.720592311131
MEDELLÍN,LECHUGA,2019-09-01,011716,BASE_lowR2,1312.276622708985
MEDELLÍN,LECHUGA,2019-10-01,011716,BASE_lowR2,1380.7715914170765
MEDELLÍN,LECHUGA,2019-11-01,011716,BASE_lowR2,1444.9176732230667
MEDELLÍN,LECHUGA,2019-12-01,011716,BASE_lowR2,1402.1536186857397
MEDELLÍN,LECHUGA,2020-01-01,011716,BASE_lowR2,1386.932514528386
MEDELLÍN,LECHUGA,2020-02-01,011716,BASE_lowR2,1471.0109946356727
MEDELLÍN,LECHUGA,2020-03-01,011716,BASE_lowR2,1756.8295060348682
MEDELLÍN,LECHUGA,2020-04-01,011716,BASE_lowR2,1636.3894993294593
MEDELLÍN,LECHUGA,2020-05-01,011716,BASE_lowR2,1517.1575167635228
MEDELLÍN,LECHUGA,2020-06-01,011716,BASE_lowR2,1390.5565869468037
MEDELLÍN,LECHUGA,2020-07-01,011716,BASE_lowR2,1424.381262852034
MEDELLÍN,LECHUGA,2020-08-01,011716,BASE_lowR2,1502.6612270898524
MEDELLÍN,LECHUGA,2020-09-01,011716,BASE_lowR2,1612.8330286097453
MEDELLÍN,LECHUGA,2020-10-01,011716,BASE_lowR2,1605.2224765310684
MEDELLÍN,LECHUGA,2020-11-01,011716,BASE_lowR2,1504.352460885114
MEDELLÍN,LECHUGA,2020-12-01,011716,BASE_lowR2,1572.847429593205
MEDELLÍN,LECHUGA,2021-01-01,011716,BASE_lowR2,1592.4174206526598
MEDELLÍN,LECHUGA,2021-02-01,011716,BASE_lowR2,1574.1762561466248
MEDELLÍN,LECHUGA,2021-03-01,011716,BASE_lowR2,1546.0292936969156
MEDELLÍN,LECHUGA,2021-04-01,011716,BASE_lowR2,1581.6660058113546
MEDELLÍN,LECHUGA,2021-05-01,011716,BASE_lowR2,1682.8984286991508
MEDELLÍN,LECHUGA,2021-06-01,011716,BASE_lowR2,1748.614941886455
MEDELLÍN,LECHUGA,2021-07-01,011716,BASE_lowR2,1795.6070809119356
MEDELLÍN,LECHUGA,2021-08-01,011716,BASE_lowR2,1828.3445350916404
MEDELLÍN,LECHUGA,2021-09-01,011716,BASE_lowR2,1787.030109521681
MEDELLÍN,LECHUGA,2021-10-01,011716,BASE_lowR2,1784.1308515869468
MEDELLÍN,LECHUGA,2021-11-01,011716,BASE_lowR2,1771.68820295038
MEDELLÍN,LECHUGA,2021-12-01,011716,BASE_lowR2,1811.190592311131
MEDELLÍN,LECHUGA,2022-01-01,011716,BASE_lowR2,1867.7261220384444
MEDELLÍN,LECHUGA,2022-02-01,011716,BASE_lowR2,1881.2559924005363
MEDELLÍN,LECHUGA,2022-03-01,011716,BASE_lowR2,1999.1591484130531
MEDELLÍN,LECHUGA,2022-04-01,011716,BASE_lowR2,2034.675058113545
MEDELLÍN,LECHUGA,2022-05-01,011716,BASE_lowR2,2090.485773357175
MEDELLÍN,LECHUGA,2022-06-01,011716,BASE_lowR2,2164.5376531068396
MEDELLÍN,LECHUGA,2022-07-01,011716,BASE_lowR2,2284.3736477425123
MEDELLÍN,LECHUGA,2022-08-01,011716,BASE_lowR2,2325.3256660706306
MEDELLÍN,LECHUGA,2022-09-01,011716,BASE_lowR2,2348.8821367903442
MEDELLÍN,LECHUGA,2022-10-01,011716,BASE_lowR2,2255.381068395172
MEDELLÍN,LECHUGA,2022-11-01,011716,BASE_lowR2,2278.454329459097
MEDELLÍN,LECHUGA,2022-12-01,011716,BASE_lowR2,2315.540670540903
MEDELLÍN,LECHUGA,2023-01-01,011716,BASE_lowR2,2370.8681761287435
MEDELLÍN,LECHUGA,2023-02-01,011716,BASE_lowR2,2318.802335717479
MEDELLÍN,LECHUGA,2023-03-01,011716,BASE_lowR2,2325.9296781403664
MEDELLÍN,LECHUGA,2023-04-01,011716,BASE_lowR2,2375.458667858739
MEDELLÍN,LECHUGA,2023-05-01,011716,BASE_lowR2,2254.1730442556996
MEDELLÍN,LECHUGA,2023-06-01,011716,BASE_lowR2,2185.919680375503
MEDELLÍN,LECHUGA,2023-07-01,011716,BASE_lowR2,2180.6043741618237
MEDELLÍN,LECHUGA,2023-08-01,011716,BASE_lowR2,2195.100663835494
MEDELLÍN,LECHUGA,2023-09-01,011716,BASE_lowR2,2176.8594993294587
MEDELLÍN,LECHUGA,2023-10-01,011716,BASE_lowR2,2152.699016540009
MEDELLÍN,LECHUGA,2023-11-01,011716,BASE_lowR2,2190.6309745194458
MEDELLÍN,LECHUGA,2023-12-01,011716,BASE_lowR2,2199.3287483236477
MEDELLÍN,LECHUGA,2024-01-01,011716,BASE_lowR2,2252.7234152883325
MEDELLÍN,LECHUGA,2024-02-01,011716,BASE_lowR2,2381.8611957979433
MEDELLÍN,LECHUGA,2024-03-01,011716,BASE_lowR2,2534.1930397854267
MEDELLÍN,LECHUGA,2024-04-01,011716,BASE_lowR2,2600.9967746982566
MEDELLÍN,LECHUGA,2024-05-01,011716,BASE_lowR2,2556.90389360751
MEDELLÍN,LECHUGA,2024-06-01,011716,BASE_lowR2,2432.235802413947
MEDELLÍN,LECHUGA,2024-07-01,011716,BASE_lowR2,2465.698071077336
MEDELLÍN,LECHUGA,2024-08-01,011716,BASE_lowR2,2340.546770227984
MEDELLÍN,LECHUGA,2024-09-01,011716,BASE_lowR2,2284.3736477425123
MEDELLÍN,LECHUGA,2024-10-01,011716,BASE_lowR2,2267.7029146177915
MEDELLÍN,LECHUGA,2024-11-01,011716,BASE_lowR2,2268.6693339293697
MEDELLÍN,LECHUGA,2024-12-01,011716,BASE_lowR2,2367.7273133661156
MEDELLÍN,LENTEJAS,2019-01-01,011702,BASE,2564.979450438641
MEDELLÍN,LENTEJAS,2019-02-01,011702,BASE,2531.3716234748413
MEDELLÍN,LENTEJAS,2019-03-01,011702,BASE,2478.2010315619646
MEDELLÍN,LENTEJAS,2019-04-01,011702,BASE,2461.3971180800645
MEDELLÍN,LENTEJAS,2019-05-01,011702,BASE,2476.6962034889584
MEDELLÍN,LENTEJAS,2019-06-01,011702,BASE,2480.709078350307
MEDELLÍN,LENTEJAS,2019-07-01,011702,BASE,2422.7731975395786
MEDELLÍN,LENTEJAS,2019-08-01,011702,BASE,2426.786072400928
MEDELLÍN,LENTEJAS,2019-09-01,011702,BASE,2380.3872068165774
MEDELLÍN,LENTEJAS,2019-10-01,011702,BASE,2360.8244418675004
MEDELLÍN,LENTEJAS,2019-11-01,011702,BASE,2379.3839881012404
MEDELLÍN,LENTEJAS,2019-12-01,011702,BASE,2385.6541050720984
MEDELLÍN,LENTEJAS,2020-01-01,011702,BASE,2397.441924977312
MEDELLÍN,LENTEJAS,2020-02-01,011702,BASE,2390.6701986487847
MEDELLÍN,LENTEJAS,2020-03-01,011702,BASE,2378.380769385903
MEDELLÍN,LENTEJAS,2020-04-01,011702,BASE,2578.27209841686
MEDELLÍN,LENTEJAS,2020-05-01,011702,BASE,2771.6425057981246
MEDELLÍN,LENTEJAS,2020-06-01,011702,BASE,2863.687822930322
MEDELLÍN,LENTEJAS,2020-07-01,011702,BASE,2879.739322375718
MEDELLÍN,LENTEJAS,2020-08-01,011702,BASE,2881.9965644852273
MEDELLÍN,LENTEJAS,2020-09-01,011702,BASE,2797.7261923968945
MEDELLÍN,LENTEJAS,2020-10-01,011702,BASE,2716.716281133407
MEDELLÍN,LENTEJAS,2020-11-01,011702,BASE,2692.6390319653124
MEDELLÍN,LENTEJAS,2020-12-01,011702,BASE,2631.693495008571
MEDELLÍN,LENTEJAS,2021-01-01,011702,BASE,2597.082449329434
MEDELLÍN,LENTEJAS,2021-02-01,011702,BASE,2581.7833639205405
MEDELLÍN,LENTEJAS,2021-03-01,011702,BASE,2556.4520913582737
MEDELLÍN,LENTEJAS,2021-04-01,011702,BASE,2578.27209841686
MEDELLÍN,LENTEJAS,2021-05-01,011702,BASE,2616.896018957346
MEDELLÍN,LENTEJAS,2021-06-01,011702,BASE,2738.5362881919937
MEDELLÍN,LENTEJAS,2021-07-01,011702,BASE,2819.044590097812
MEDELLÍN,LENTEJAS,2021-08-01,011702,BASE,2880.7425410910555
MEDELLÍN,LENTEJAS,2021-09-01,011702,BASE,2985.5788968438037
MEDELLÍN,LENTEJAS,2021-10-01,011702,BASE,3121.5150327720075
MEDELLÍN,LENTEJAS,2021-11-01,011702,BASE,3251.181051729354
MEDELLÍN,LENTEJAS,2021-12-01,011702,BASE,3346.2360250075626
MEDELLÍN,LENTEJAS,2022-01-01,011702,BASE,3468.1270989210448
MEDELLÍN,LENTEJAS,2022-02-01,011702,BASE,3530.075854593123
MEDELLÍN,LENTEJAS,2022-03-01,011702,BASE,3723.195457295553
MEDELLÍN,LENTEJAS,2022-04-01,011702,BASE,3798.938470303519
MEDELLÍN,LENTEJAS,2022-05-01,011702,BASE,3957.6978320056473
MEDELLÍN,LENTEJAS,2022-06-01,011702,BASE,4119.466849853787
MEDELLÍN,LENTEJAS,2022-07-01,011702,BASE,4493.667430674599
MEDELLÍN,LENTEJAS,2022-08-01,011702,BASE,4750.993031158617
MEDELLÍN,LENTEJAS,2022-09-01,011702,BASE,4815.951442976707
MEDELLÍN,LENTEJAS,2022-10-01,011702,BASE,4887.681581123324
MEDELLÍN,LENTEJAS,2022-11-01,011702,BASE,4954.14482101442
MEDELLÍN,LENTEJAS,2022-12-01,011702,BASE,4936.588493496018
MEDELLÍN,LENTEJAS,2023-01-01,011702,BASE,4872.38249571443
MEDELLÍN,LENTEJAS,2023-02-01,011702,BASE,4753.751882625794
MEDELLÍN,LENTEJAS,2023-03-01,011702,BASE,4645.4042613693655
MEDELLÍN,LENTEJAS,2023-04-01,011702,BASE,4474.104665725522
MEDELLÍN,LENTEJAS,2023-05-01,011702,BASE,4316.8501320964
MEDELLÍN,LENTEJAS,2023-06-01,011702,BASE,4288.760008066955
MEDELLÍN,LENTEJAS,2023-07-01,011702,BASE,4291.268054855299
MEDELLÍN,LENTEJAS,2023-08-01,011702,BASE,4176.650316628013
MEDELLÍN,LENTEJAS,2023-09-01,011702,BASE,3985.787956035091
MEDELLÍN,LENTEJAS,2023-10-01,011702,BASE,3932.36655944338
MEDELLÍN,LENTEJAS,2023-11-01,011702,BASE,3903.774826056267
MEDELLÍN,LENTEJAS,2023-12-01,011702,BASE,3826.5269849752945
MEDELLÍN,LENTEJAS,2024-01-01,011702,BASE,3807.7166340627205
MEDELLÍN,LENTEJAS,2024-02-01,011702,BASE,3725.2018947262277
MEDELLÍN,LENTEJAS,2024-03-01,011702,BASE,3688.082802258748
MEDELLÍN,LENTEJAS,2024-04-01,011702,BASE,3751.787190682666
MEDELLÍN,LENTEJAS,2024-05-01,011702,BASE,3948.9196682464453
MEDELLÍN,LENTEJAS,2024-06-01,011702,BASE,4128.245013612987
MEDELLÍN,LENTEJAS,2024-07-01,011702,BASE,4359.236122819401
MEDELLÍN,LENTEJAS,2024-08-01,011702,BASE,4435.982354542704
MEDELLÍN,LENTEJAS,2024-09-01,011702,BASE,4296.5349531108195
MEDELLÍN,LENTEJAS,2024-10-01,011702,BASE,4157.338356357769
MEDELLÍN,LENTEJAS,2024-11-01,011702,BASE,4146.804559846728
MEDELLÍN,LENTEJAS,2024-12-01,011702,BASE,4137.524786729858
MEDELLÍN,LIMONES,2019-01-01,011609,D_city,1990.5172008762847
MEDELLÍN,LIMONES,2019-02-01,011609,D_city,2110.771233020076
MEDELLÍN,LIMONES,2019-03-01,011609,D_city,2303.8091353659092
MEDELLÍN,LIMONES,2019-04-01,011609,D_city,2284.295903028613
MEDELLÍN,LIMONES,2019-05-01,011609,D_city,2152.009879668875
MEDELLÍN,LIMONES,2019-06-01,011609,D_city,2191.270362172352
MEDELLÍN,LIMONES,2019-07-01,011609,D_city,2298.8469573047832
MEDELLÍN,LIMONES,2019-08-01,011609,D_city,2470.8306297977956
MEDELLÍN,LIMONES,2019-09-01,011609,D_city,2611.83369752614
MEDELLÍN,LIMONES,2019-10-01,011609,D_city,2591.404386347644
MEDELLÍN,LIMONES,2019-11-01,011609,D_city,2453.8453352797155
MEDELLÍN,LIMONES,2019-12-01,011609,D_city,2280.1855430323753
MEDELLÍN,LIMONES,2020-01-01,011609,D_city,2295.424085302313
MEDELLÍN,LIMONES,2020-02-01,011609,D_city,2412.8578642499683
MEDELLÍN,LIMONES,2020-03-01,011609,D_city,2684.7988170593712
MEDELLÍN,LIMONES,2020-04-01,011609,D_city,2811.5129056637684
MEDELLÍN,LIMONES,2020-05-01,011609,D_city,2610.8210852944285
MEDELLÍN,LIMONES,2020-06-01,011609,D_city,2387.308698527095
MEDELLÍN,LIMONES,2020-07-01,011609,D_city,2331.507547083625
MEDELLÍN,LIMONES,2020-08-01,011609,D_city,2520.524708586935
MEDELLÍN,LIMONES,2020-09-01,011609,D_city,2586.67444517828
MEDELLÍN,LIMONES,2020-10-01,011609,D_city,2656.1781003808337
MEDELLÍN,LIMONES,2020-11-01,011609,D_city,2658.1994851081276
MEDELLÍN,LIMONES,2020-12-01,011609,D_city,2543.8930364918665
MEDELLÍN,LIMONES,2021-01-01,011609,D_city,2530.687740247303
MEDELLÍN,LIMONES,2021-02-01,011609,D_city,2574.5074042904503
MEDELLÍN,LIMONES,2021-03-01,011609,D_city,2678.2358398956185
MEDELLÍN,LIMONES,2021-04-01,011609,D_city,2742.780369308464
MEDELLÍN,LIMONES,2021-05-01,011609,D_city,2785.8855943466124
MEDELLÍN,LIMONES,2021-06-01,011609,D_city,2684.7988170593712
MEDELLÍN,LIMONES,2021-07-01,011609,D_city,2817.7065296747787
MEDELLÍN,LIMONES,2021-08-01,011609,D_city,3025.6050596026325
MEDELLÍN,LIMONES,2021-09-01,011609,D_city,3039.2204009434467
MEDELLÍN,LIMONES,2021-10-01,011609,D_city,3153.859426168555
MEDELLÍN,LIMONES,2021-11-01,011609,D_city,3016.469076802271
MEDELLÍN,LIMONES,2021-12-01,011609,D_city,2938.6069598111453
MEDELLÍN,LIMONES,2022-01-01,011609,D_city,3111.3378503805952
MEDELLÍN,LIMONES,2022-02-01,011609,D_city,3303.269337105508
MEDELLÍN,LIMONES,2022-03-01,011609,D_city,3486.7974584835283
MEDELLÍN,LIMONES,2022-04-01,011609,D_city,3490.23146278061
MEDELLÍN,LIMONES,2022-05-01,011609,D_city,3380.8145637580874
MEDELLÍN,LIMONES,2022-06-01,011609,D_city,3404.925551044315
MEDELLÍN,LIMONES,2022-07-01,011609,D_city,3490.23146278061
MEDELLÍN,LIMONES,2022-08-01,011609,D_city,3716.5691236712
MEDELLÍN,LIMONES,2022-09-01,011609,D_city,4033.9178019610654
MEDELLÍN,LIMONES,2022-10-01,011609,D_city,4039.7117340779923
MEDELLÍN,LIMONES,2022-11-01,011609,D_city,3778.063218222938
MEDELLÍN,LIMONES,2022-12-01,011609,D_city,3639.992599514757
MEDELLÍN,LIMONES,2023-01-01,011609,D_city,3792.811994709926
MEDELLÍN,LIMONES,2023-02-01,011609,D_city,4167.4330154962345
MEDELLÍN,LIMONES,2023-03-01,011609,D_city,4495.965013171728
MEDELLÍN,LIMONES,2023-04-01,011609,D_city,4302.721139468868
MEDELLÍN,LIMONES,2023-05-01,011609,D_city,4011.8603619499454
MEDELLÍN,LIMONES,2023-06-01,011609,D_city,3923.1745451986803
MEDELLÍN,LIMONES,2023-07-01,011609,D_city,4294.569103795187
MEDELLÍN,LIMONES,2023-08-01,011609,D_city,4699.548018308355
MEDELLÍN,LIMONES,2023-09-01,011609,D_city,4864.183166053396
MEDELLÍN,LIMONES,2023-10-01,011609,D_city,4929.582901414592
MEDELLÍN,LIMONES,2023-11-01,011609,D_city,4529.672788833485
MEDELLÍN,LIMONES,2023-12-01,011609,D_city,4257.3039696367505
MEDELLÍN,LIMONES,2024-01-01,011609,D_city,4471.46190285748
MEDELLÍN,LIMONES,2024-02-01,011609,D_city,4751.754775445696
MEDELLÍN,LIMONES,2024-03-01,011609,D_city,5190.252209374283
MEDELLÍN,LIMONES,2024-04-01,011609,D_city,5413.818962696335
MEDELLÍN,LIMONES,2024-05-01,011609,D_city,5059.9435174338505
MEDELLÍN,LIMONES,2024-06-01,011609,D_city,4574.468191421558
MEDELLÍN,LIMONES,2024-07-01,011609,D_city,4462.229667446199
MEDELLÍN,LIMONES,2024-08-01,011609,D_city,4894.925021994166
MEDELLÍN,LIMONES,2024-09-01,011609,D_city,5369.218606849912
MEDELLÍN,LIMONES,2024-10-01,011609,D_city,5273.487442638183
MEDELLÍN,LIMONES,2024-11-01,011609,D_city,5022.712935357005
MEDELLÍN,LIMONES,2024-12-01,011609,D_city,4690.682431473485
MEDELLÍN,MANTECA VEGETAL,2019-01-01,011505,BASE,2945.1115387131954
MEDELLÍN,MANTECA VEGETAL,2019-02-01,011505,BASE,2984.7793086150486
MEDELLÍN,MANTECA VEGETAL,2019-03-01,011505,BASE,2941.8793500545253
MEDELLÍN,MANTECA VEGETAL,2019-04-01,011505,BASE,3005.3477818974916
MEDELLÍN,MANTECA VEGETAL,2019-05-01,011505,BASE,3016.513524536532
MEDELLÍN,MANTECA VEGETAL,2019-06-01,011505,BASE,2989.186838604144
MEDELLÍN,MANTECA VEGETAL,2019-07-01,011505,BASE,2956.8649520174476
MEDELLÍN,MANTECA VEGETAL,2019-08-01,011505,BASE,2991.243685932388
MEDELLÍN,MANTECA VEGETAL,2019-09-01,011505,BASE,3011.812159214831
MEDELLÍN,MANTECA VEGETAL,2019-10-01,011505,BASE,2998.8834045801523
MEDELLÍN,MANTECA VEGETAL,2019-11-01,011505,BASE,2999.7649105779715
MEDELLÍN,MANTECA VEGETAL,2019-12-01,011505,BASE,2974.2012366412214
MEDELLÍN,MANTECA VEGETAL,2020-01-01,011505,BASE,2988.0114972737183
MEDELLÍN,MANTECA VEGETAL,2020-02-01,011505,BASE,3021.2148898582327
MEDELLÍN,MANTECA VEGETAL,2020-03-01,011505,BASE,3057.9443064340235
MEDELLÍN,MANTECA VEGETAL,2020-04-01,011505,BASE,3077.0436030534347
MEDELLÍN,MANTECA VEGETAL,2020-05-01,011505,BASE,3084.9771570338057
MEDELLÍN,MANTECA VEGETAL,2020-06-01,011505,BASE,3098.493582333697
MEDELLÍN,MANTECA VEGETAL,2020-07-01,011505,BASE,3106.7209716466737
MEDELLÍN,MANTECA VEGETAL,2020-08-01,011505,BASE,3121.41273827699
MEDELLÍN,MANTECA VEGETAL,2020-09-01,011505,BASE,3132.5784809160305
MEDELLÍN,MANTECA VEGETAL,2020-10-01,011505,BASE,3138.749022900763
MEDELLÍN,MANTECA VEGETAL,2020-11-01,011505,BASE,3132.8723162486367
MEDELLÍN,MANTECA VEGETAL,2020-12-01,011505,BASE,3137.867516902944
MEDELLÍN,MANTECA VEGETAL,2021-01-01,011505,BASE,3165.4880381679386
MEDELLÍN,MANTECA VEGETAL,2021-02-01,011505,BASE,3179.2982988004355
MEDELLÍN,MANTECA VEGETAL,2021-03-01,011505,BASE,3183.7058287895306
MEDELLÍN,MANTECA VEGETAL,2021-04-01,011505,BASE,3226.0181166848415
MEDELLÍN,MANTECA VEGETAL,2021-05-01,011505,BASE,3239.240706652126
MEDELLÍN,MANTECA VEGETAL,2021-06-01,011505,BASE,3301.533797164667
MEDELLÍN,MANTECA VEGETAL,2021-07-01,011505,BASE,3320.6330937840785
MEDELLÍN,MANTECA VEGETAL,2021-08-01,011505,BASE,3348.547450381679
MEDELLÍN,MANTECA VEGETAL,2021-09-01,011505,BASE,3376.755642311886
MEDELLÍN,MANTECA VEGETAL,2021-10-01,011505,BASE,3404.3761635768806
MEDELLÍN,MANTECA VEGETAL,2021-11-01,011505,BASE,3418.1864242093784
MEDELLÍN,MANTECA VEGETAL,2021-12-01,011505,BASE,3472.8397960741545
MEDELLÍN,MANTECA VEGETAL,2022-01-01,011505,BASE,3496.9342933478733
MEDELLÍN,MANTECA VEGETAL,2022-02-01,011505,BASE,3546.0047938931298
MEDELLÍN,MANTECA VEGETAL,2022-03-01,011505,BASE,3573.625315158124
MEDELLÍN,MANTECA VEGETAL,2022-04-01,011505,BASE,3608.591719738277
MEDELLÍN,MANTECA VEGETAL,2022-05-01,011505,BASE,3667.0649509269356
MEDELLÍN,MANTECA VEGETAL,2022-06-01,011505,BASE,3703.5005321701196
MEDELLÍN,MANTECA VEGETAL,2022-07-01,011505,BASE,3760.5045866957466
MEDELLÍN,MANTECA VEGETAL,2022-08-01,011505,BASE,3841.309303162486
MEDELLÍN,MANTECA VEGETAL,2022-09-01,011505,BASE,3831.906572519084
MEDELLÍN,MANTECA VEGETAL,2022-10-01,011505,BASE,3853.356551799345
MEDELLÍN,MANTECA VEGETAL,2022-11-01,011505,BASE,4041.117329334787
MEDELLÍN,MANTECA VEGETAL,2022-12-01,011505,BASE,4103.99809051254
MEDELLÍN,MANTECA VEGETAL,2023-01-01,011505,BASE,4170.40487568157
MEDELLÍN,MANTECA VEGETAL,2023-02-01,011505,BASE,4144.547366412214
MEDELLÍN,MANTECA VEGETAL,2023-03-01,011505,BASE,4221.53222355507
MEDELLÍN,MANTECA VEGETAL,2023-04-01,011505,BASE,4200.963750272627
MEDELLÍN,MANTECA VEGETAL,2023-05-01,011505,BASE,4178.926100327153
MEDELLÍN,MANTECA VEGETAL,2023-06-01,011505,BASE,4187.741160305343
MEDELLÍN,MANTECA VEGETAL,2023-07-01,011505,BASE,4178.044594329334
MEDELLÍN,MANTECA VEGETAL,2023-08-01,011505,BASE,4151.011743729552
MEDELLÍN,MANTECA VEGETAL,2023-09-01,011505,BASE,4146.6042137404575
MEDELLÍN,MANTECA VEGETAL,2023-10-01,011505,BASE,4136.319977099236
MEDELLÍN,MANTECA VEGETAL,2023-11-01,011505,BASE,4148.954896401308
MEDELLÍN,MANTECA VEGETAL,2023-12-01,011505,BASE,4234.167142857143
MEDELLÍN,MANTECA VEGETAL,2024-01-01,011505,BASE,4285.882161395856
MEDELLÍN,MANTECA VEGETAL,2024-02-01,011505,BASE,4208.603468920392
MEDELLÍN,MANTECA VEGETAL,2024-03-01,011505,BASE,4168.054193020719
MEDELLÍN,MANTECA VEGETAL,2024-04-01,011505,BASE,4123.097387131951
MEDELLÍN,MANTECA VEGETAL,2024-05-01,011505,BASE,4164.234333696837
MEDELLÍN,MANTECA VEGETAL,2024-06-01,011505,BASE,4232.404130861504
MEDELLÍN,MANTECA VEGETAL,2024-07-01,011505,BASE,4232.991801526717
MEDELLÍN,MANTECA VEGETAL,2024-08-01,011505,BASE,4184.802806979279
MEDELLÍN,MANTECA VEGETAL,2024-09-01,011505,BASE,4168.054193020719
MEDELLÍN,MANTECA VEGETAL,2024-10-01,011505,BASE,4185.684312977099
MEDELLÍN,MANTECA VEGETAL,2024-11-01,011505,BASE,4134.5569651035985
MEDELLÍN,MANTECA VEGETAL,2024-12-01,011505,BASE,4065.505661941112
MEDELLÍN,MANZANAS,2019-01-01,011609,D_city,4015.6783877884795
MEDELLÍN,MANZANAS,2019-02-01,011609,D_city,4141.949154955867
MEDELLÍN,MANZANAS,2019-03-01,011609,D_city,4337.744773435987
MEDELLÍN,MANZANAS,2019-04-01,011609,D_city,4318.31410453509
MEDELLÍN,MANZANAS,2019-05-01,011609,D_city,4184.464816603922
MEDELLÍN,MANZANAS,2019-06-01,011609,D_city,4224.585011775959
MEDELLÍN,MANZANAS,2019-07-01,011609,D_city,4332.810983304045
MEDELLÍN,MANZANAS,2019-08-01,011609,D_city,4500.981964426181
MEDELLÍN,MANZANAS,2019-09-01,011609,D_city,4634.7744870509505
MEDELLÍN,MANZANAS,2019-10-01,011609,D_city,4615.6049784223605
MEDELLÍN,MANZANAS,2019-11-01,011609,D_city,4484.624580049511
MEDELLÍN,MANZANAS,2019-12-01,011609,D_city,4314.211155205806
MEDELLÍN,MANZANAS,2020-01-01,011609,D_city,4329.404761716236
MEDELLÍN,MANZANAS,2020-02-01,011609,D_city,4444.930723329501
MEDELLÍN,MANZANAS,2020-03-01,011609,D_city,4702.6687453129725
MEDELLÍN,MANZANAS,2020-04-01,011609,D_city,4818.538715013056
MEDELLÍN,MANZANAS,2020-05-01,011609,D_city,4633.825990377051
MEDELLÍN,MANZANAS,2020-06-01,011609,D_city,4420.026682207339
MEDELLÍN,MANZANAS,2020-07-01,011609,D_city,4365.193036185507
MEDELLÍN,MANZANAS,2020-08-01,011609,D_city,4548.536481365897
MEDELLÍN,MANZANAS,2020-09-01,011609,D_city,4611.156553538052
MEDELLÍN,MANZANAS,2020-10-01,011609,D_city,4676.142219020098
MEDELLÍN,MANZANAS,2020-11-01,011609,D_city,4678.020113938586
MEDELLÍN,MANZANAS,2020-12-01,011609,D_city,4570.7455724417605
MEDELLÍN,MANZANAS,2021-01-01,011609,D_city,4558.2072496776545
MEDELLÍN,MANZANAS,2021-02-01,011609,D_city,4599.695988945666
MEDELLÍN,MANZANAS,2021-03-01,011609,D_city,4696.597829508251
MEDELLÍN,MANZANAS,2021-04-01,011609,D_city,4756.001679629762
MEDELLÍN,MANZANAS,2021-05-01,011609,D_city,4795.306750231448
MEDELLÍN,MANZANAS,2021-06-01,011609,D_city,4702.6687453129725
MEDELLÍN,MANZANAS,2021-07-01,011609,D_city,4824.138407881771
MEDELLÍN,MANZANAS,2021-08-01,011609,D_city,5008.843849243737
MEDELLÍN,MANZANAS,2021-09-01,011609,D_city,5020.72785730811
MEDELLÍN,MANZANAS,2021-10-01,011609,D_city,5119.809307529906
MEDELLÍN,MANZANAS,2021-11-01,011609,D_city,5000.855440288943
MEDELLÍN,MANZANAS,2021-12-01,011609,D_city,4932.304412125827
MEDELLÍN,MANZANAS,2022-01-01,011609,D_city,5083.2599252630725
MEDELLÍN,MANZANAS,2022-02-01,011609,D_city,5246.424755097398
MEDELLÍN,MANZANAS,2022-03-01,011609,D_city,5398.307852201887
MEDELLÍN,MANZANAS,2022-04-01,011609,D_city,5401.113289785515
MEDELLÍN,MANZANAS,2022-05-01,011609,D_city,5311.073193216917
MEDELLÍN,MANZANAS,2022-06-01,011609,D_city,5331.031164810035
MEDELLÍN,MANZANAS,2022-07-01,011609,D_city,5401.113289785515
MEDELLÍN,MANZANAS,2022-08-01,011609,D_city,5583.234888528333
MEDELLÍN,MANZANAS,2022-09-01,011609,D_city,5829.987050958747
MEDELLÍN,MANZANAS,2022-10-01,011609,D_city,5834.405161216975
MEDELLÍN,MANZANAS,2022-11-01,011609,D_city,5631.804059741271
MEDELLÍN,MANZANAS,2022-12-01,011609,D_city,5522.2196632535915
MEDELLÍN,MANZANAS,2023-01-01,011609,D_city,5643.397288498412
MEDELLÍN,MANZANAS,2023-02-01,011609,D_city,5931.049177238101
MEDELLÍN,MANZANAS,2023-03-01,011609,D_city,6173.405696381626
MEDELLÍN,MANZANAS,2023-04-01,011609,D_city,6031.905530608013
MEDELLÍN,MANZANAS,2023-05-01,011609,D_city,5813.139869015316
MEDELLÍN,MANZANAS,2023-06-01,011609,D_city,5744.957120190685
MEDELLÍN,MANZANAS,2023-07-01,011609,D_city,6025.871026250013
MEDELLÍN,MANZANAS,2023-08-01,011609,D_city,6319.403614824747
MEDELLÍN,MANZANAS,2023-09-01,011609,D_city,6435.299037808183
MEDELLÍN,MANZANAS,2023-10-01,011609,D_city,6480.822243081217
MEDELLÍN,MANZANAS,2023-11-01,011609,D_city,6197.791393364291
MEDELLÍN,MANZANAS,2023-12-01,011609,D_city,5998.216555363687
MEDELLÍN,MANZANAS,2024-01-01,011609,D_city,6155.624831817686
MEDELLÍN,MANZANAS,2024-02-01,011609,D_city,6356.359374501104
MEDELLÍN,MANZANAS,2024-03-01,011609,D_city,6659.496285060041
MEDELLÍN,MANZANAS,2024-04-01,011609,D_city,6809.389677367658
MEDELLÍN,MANZANAS,2024-05-01,011609,D_city,6570.720430467865
MEDELLÍN,MANZANAS,2024-06-01,011609,D_city,6230.066156357621
MEDELLÍN,MANZANAS,2024-07-01,011609,D_city,6148.913462379096
MEDELLÍN,MANZANAS,2024-08-01,011609,D_city,6456.733479509761
MEDELLÍN,MANZANAS,2024-09-01,011609,D_city,6779.723614797627
MEDELLÍN,MANZANAS,2024-10-01,011609,D_city,6715.652172147348
MEDELLÍN,MANZANAS,2024-11-01,011609,D_city,6545.158510140701
MEDELLÍN,MANZANAS,2024-12-01,011609,D_city,6313.108685520758
MEDELLÍN,MARACUYA,2019-01-01,011609,D_city,2163.465054254189
MEDELLÍN,MARACUYA,2019-02-01,011609,D_city,2312.8022628891654
MEDELLÍN,MARACUYA,2019-03-01,011609,D_city,2554.9669935272045
MEDELLÍN,MARACUYA,2019-04-01,011609,D_city,2530.3563457556015
MEDELLÍN,MARACUYA,2019-05-01,011609,D_city,2364.2886682511094
MEDELLÍN,MARACUYA,2019-06-01,011609,D_city,2413.4319808167415
MEDELLÍN,MARACUYA,2019-07-01,011609,D_city,2548.705816620711
MEDELLÍN,MARACUYA,2019-08-01,011609,D_city,2766.7751725783846
MEDELLÍN,MARACUYA,2019-09-01,011609,D_city,2947.1381126650585
MEDELLÍN,MARACUYA,2019-10-01,011609,D_city,2920.921098052203
MEDELLÍN,MARACUYA,2019-11-01,011609,D_city,2745.1426567564204
MEDELLÍN,MARACUYA,2019-12-01,011609,D_city,2525.1759296096334
MEDELLÍN,MARACUYA,2020-01-01,011609,D_city,2544.3879911982867
MEDELLÍN,MARACUYA,2020-02-01,011609,D_city,2693.026149823257
MEDELLÍN,MARACUYA,2020-03-01,011609,D_city,3041.0042296304405
MEDELLÍN,MARACUYA,2020-04-01,011609,D_city,3204.8487800932826
MEDELLÍN,MARACUYA,2020-05-01,011609,D_city,2945.8379553423597
MEDELLÍN,MARACUYA,2020-06-01,011609,D_city,2660.601391954193
MEDELLÍN,MARACUYA,2020-07-01,011609,D_city,2589.9503694639116
MEDELLÍN,MARACUYA,2020-08-01,011609,D_city,2830.1830729999874
MEDELLÍN,MARACUYA,2020-09-01,011609,D_city,2914.855200616777
MEDELLÍN,MARACUYA,2020-10-01,011609,D_city,3004.1425762223944
MEDELLÍN,MARACUYA,2020-11-01,011609,D_city,3006.7442000112646
MEDELLÍN,MARACUYA,2020-12-01,011609,D_city,2860.060102468214
MEDELLÍN,MARACUYA,2021-01-01,011609,D_city,2843.172106162336
MEDELLÍN,MARACUYA,2021-02-01,011609,D_city,2899.25865275106
MEDELLÍN,MARACUYA,2021-03-01,011609,D_city,3032.546724177267
MEDELLÍN,MARACUYA,2021-04-01,011609,D_city,3115.846473942397
MEDELLÍN,MARACUYA,2021-05-01,011609,D_city,3171.6282845675423
MEDELLÍN,MARACUYA,2021-06-01,011609,D_city,3041.0042296304405
MEDELLÍN,MARACUYA,2021-07-01,011609,D_city,3212.883812011987
MEDELLÍN,MARACUYA,2021-08-01,011609,D_city,3483.977248534093
MEDELLÍN,MARACUYA,2021-09-01,011609,D_city,3501.823029501456
MEDELLÍN,MARACUYA,2021-10-01,011609,D_city,3652.5149666279267
MEDELLÍN,MARACUYA,2021-11-01,011609,D_city,3472.008817799117
MEDELLÍN,MARACUYA,2021-12-01,011609,D_city,3370.211107386256
MEDELLÍN,MARACUYA,2022-01-01,011609,D_city,3596.5311019923424
MEDELLÍN,MARACUYA,2022-02-01,011609,D_city,3850.046319722892
MEDELLÍN,MARACUYA,2022-03-01,011609,D_city,4094.371858102505
MEDELLÍN,MARACUYA,2022-04-01,011609,D_city,4098.960670080608
MEDELLÍN,MARACUYA,2022-05-01,011609,D_city,3953.057460424354
MEDELLÍN,MARACUYA,2022-06-01,011609,D_city,3985.1533369947238
MEDELLÍN,MARACUYA,2022-07-01,011609,D_city,4098.960670080608
MEDELLÍN,MARACUYA,2022-08-01,011609,D_city,4402.761170535303
MEDELLÍN,MARACUYA,2022-09-01,011609,D_city,4833.008937216609
MEDELLÍN,MARACUYA,2022-10-01,011609,D_city,4840.908741499366
MEDELLÍN,MARACUYA,2022-11-01,011609,D_city,4485.7498012699125
MEDELLÍN,MARACUYA,2022-12-01,011609,D_city,4299.68298433228
MEDELLÍN,MARACUYA,2023-01-01,011609,D_city,4505.68166751117
MEDELLÍN,MARACUYA,2023-02-01,011609,D_city,5015.445342775849
MEDELLÍN,MARACUYA,2023-03-01,011609,D_city,5467.750014608383
MEDELLÍN,MARACUYA,2023-04-01,011609,D_city,5201.128333749138
MEDELLÍN,MARACUYA,2023-05-01,011609,D_city,4802.948797165055
MEDELLÍN,MARACUYA,2023-06-01,011609,D_city,4682.317799446632
MEDELLÍN,MARACUYA,2023-07-01,011609,D_city,5189.916592962899
MEDELLÍN,MARACUYA,2023-08-01,011609,D_city,5750.350792877288
MEDELLÍN,MARACUYA,2023-09-01,011609,D_city,5980.1283893938
MEDELLÍN,MARACUYA,2023-10-01,011609,D_city,6071.705487915133
MEDELLÍN,MARACUYA,2023-11-01,011609,D_city,5514.421238658833
MEDELLÍN,MARACUYA,2023-12-01,011609,D_city,5138.7021726653165
MEDELLÍN,MARACUYA,2024-01-01,011609,D_city,5433.853673462168
MEDELLÍN,MARACUYA,2024-02-01,011609,D_city,5823.096245124955
MEDELLÍN,MARACUYA,2024-03-01,011609,D_city,6438.360061636528
MEDELLÍN,MARACUYA,2024-04-01,011609,D_city,6754.861620510554
MEDELLÍN,MARACUYA,2024-05-01,011609,D_city,6254.743632219381
MEDELLÍN,MARACUYA,2024-06-01,011609,D_city,5576.518315437349
MEDELLÍN,MARACUYA,2024-07-01,011609,D_city,5421.088909699234
MEDELLÍN,MARACUYA,2024-08-01,011609,D_city,6023.154187860333
MEDELLÍN,MARACUYA,2024-09-01,011609,D_city,6691.574831651147
MEDELLÍN,MARACUYA,2024-10-01,011609,D_city,6555.980064674696
MEDELLÍN,MARACUYA,2024-11-01,011609,D_city,6202.401407584771
MEDELLÍN,MARACUYA,2024-12-01,011609,D_city,5738.008422149183
MEDELLÍN,MORAS,2019-01-01,011608,BASE,2547.847123495403
MEDELLÍN,MORAS,2019-02-01,011608,BASE,2442.442185574827
MEDELLÍN,MORAS,2019-03-01,011608,BASE,2527.6466685622213
MEDELLÍN,MORAS,2019-04-01,011608,BASE,2780.9292958013457
MEDELLÍN,MORAS,2019-05-01,011608,BASE,2861.9900957255236
MEDELLÍN,MORAS,2019-06-01,011608,BASE,2764.3545635484784
MEDELLÍN,MORAS,2019-07-01,011608,BASE,2722.399772533409
MEDELLÍN,MORAS,2019-08-01,011608,BASE,2652.4751208416264
MEDELLÍN,MORAS,2019-09-01,011608,BASE,2612.5921713581647
MEDELLÍN,MORAS,2019-10-01,011608,BASE,2623.469339399109
MEDELLÍN,MORAS,2019-11-01,011608,BASE,2831.4304331343
MEDELLÍN,MORAS,2019-12-01,011608,BASE,3201.2541465263957
MEDELLÍN,MORAS,2020-01-01,011608,BASE,2878.3058477869395
MEDELLÍN,MORAS,2020-02-01,011608,BASE,2737.679603829021
MEDELLÍN,MORAS,2020-03-01,011608,BASE,2905.7577480807504
MEDELLÍN,MORAS,2020-04-01,011608,BASE,2906.5346886551033
MEDELLÍN,MORAS,2020-05-01,011608,BASE,3266.2581745806083
MEDELLÍN,MORAS,2020-06-01,011608,BASE,3004.4292010235995
MEDELLÍN,MORAS,2020-07-01,011608,BASE,2803.7195526490377
MEDELLÍN,MORAS,2020-08-01,011608,BASE,2737.4206236375694
MEDELLÍN,MORAS,2020-09-01,011608,BASE,2725.248554639371
MEDELLÍN,MORAS,2020-10-01,011608,BASE,2681.739882475594
MEDELLÍN,MORAS,2020-11-01,011608,BASE,2784.5550184816602
MEDELLÍN,MORAS,2020-12-01,011608,BASE,2641.0799924177804
MEDELLÍN,MORAS,2021-01-01,011608,BASE,2679.9270211354374
MEDELLÍN,MORAS,2021-02-01,011608,BASE,2706.860961046346
MEDELLÍN,MORAS,2021-03-01,011608,BASE,2714.371386598427
MEDELLÍN,MORAS,2021-04-01,011608,BASE,2706.3430006634444
MEDELLÍN,MORAS,2021-05-01,011608,BASE,2941.2380343095438
MEDELLÍN,MORAS,2021-06-01,011608,BASE,2738.9745047862766
MEDELLÍN,MORAS,2021-07-01,011608,BASE,2779.8933750355413
MEDELLÍN,MORAS,2021-08-01,011608,BASE,3044.312150507061
MEDELLÍN,MORAS,2021-09-01,011608,BASE,2939.6841531608375
MEDELLÍN,MORAS,2021-10-01,011608,BASE,2987.0775281963797
MEDELLÍN,MORAS,2021-11-01,011608,BASE,3003.393280257795
MEDELLÍN,MORAS,2021-12-01,011608,BASE,2968.1719742204527
MEDELLÍN,MORAS,2022-01-01,011608,BASE,2987.3365083878302
MEDELLÍN,MORAS,2022-02-01,011608,BASE,3105.6904558809592
MEDELLÍN,MORAS,2022-03-01,011608,BASE,3286.45862951379
MEDELLÍN,MORAS,2022-04-01,011608,BASE,3331.521182826272
MEDELLÍN,MORAS,2022-05-01,011608,BASE,3451.946971851009
MEDELLÍN,MORAS,2022-06-01,011608,BASE,3535.597573689698
MEDELLÍN,MORAS,2022-07-01,011608,BASE,3484.8374561652918
MEDELLÍN,MORAS,2022-08-01,011608,BASE,3583.249928916691
MEDELLÍN,MORAS,2022-09-01,011608,BASE,3446.767368021988
MEDELLÍN,MORAS,2022-10-01,011608,BASE,3316.2413515306607
MEDELLÍN,MORAS,2022-11-01,011608,BASE,3280.5020851104155
MEDELLÍN,MORAS,2022-12-01,011608,BASE,3335.664865889489
MEDELLÍN,MORAS,2023-01-01,011608,BASE,3385.38906264809
MEDELLÍN,MORAS,2023-02-01,011608,BASE,3561.4955928348027
MEDELLÍN,MORAS,2023-03-01,011608,BASE,3707.819401004644
MEDELLÍN,MORAS,2023-04-01,011608,BASE,3714.811866173822
MEDELLÍN,MORAS,2023-05-01,011608,BASE,3754.435835465832
MEDELLÍN,MORAS,2023-06-01,011608,BASE,3773.3413894417586
MEDELLÍN,MORAS,2023-07-01,011608,BASE,3614.586532082267
MEDELLÍN,MORAS,2023-08-01,011608,BASE,3659.9080655862
MEDELLÍN,MORAS,2023-09-01,011608,BASE,3707.301440621742
MEDELLÍN,MORAS,2023-10-01,011608,BASE,3824.360487157615
MEDELLÍN,MORAS,2023-11-01,011608,BASE,3966.2816320727893
MEDELLÍN,MORAS,2023-12-01,011608,BASE,4052.5220358259876
MEDELLÍN,MORAS,2024-01-01,011608,BASE,3927.6935835465833
MEDELLÍN,MORAS,2024-02-01,011608,BASE,3903.0904653587336
MEDELLÍN,MORAS,2024-03-01,011608,BASE,4380.908918585916
MEDELLÍN,MORAS,2024-04-01,011608,BASE,4970.865794711402
MEDELLÍN,MORAS,2024-05-01,011608,BASE,5373.838972609231
MEDELLÍN,MORAS,2024-06-01,011608,BASE,4916.738934698133
MEDELLÍN,MORAS,2024-07-01,011608,BASE,4785.953938015354
MEDELLÍN,MORAS,2024-08-01,011608,BASE,4283.532366600322
MEDELLÍN,MORAS,2024-09-01,011608,BASE,3836.5325561558143
MEDELLÍN,MORAS,2024-10-01,011608,BASE,3863.7254762581742
MEDELLÍN,MORAS,2024-11-01,011608,BASE,3910.0829305279112
MEDELLÍN,MORAS,2024-12-01,011608,BASE,4173.465785233627
MEDELLÍN,NARANJAS,2019-01-01,011605,BASE,849.0075725900115
MEDELLÍN,NARANJAS,2019-02-01,011605,BASE,826.1546109175378
MEDELLÍN,NARANJAS,2019-03-01,011605,BASE,844.9982810685249
MEDELLÍN,NARANJAS,2019-04-01,011605,BASE,859.110987224158
MEDELLÍN,NARANJAS,2019-05-01,011605,BASE,853.0168641114981
MEDELLÍN,NARANJAS,2019-06-01,011605,BASE,914.599581881533
MEDELLÍN,NARANJAS,2019-07-01,011605,BASE,915.0005110336817
MEDELLÍN,NARANJAS,2019-08-01,011605,BASE,911.6327061556328
MEDELLÍN,NARANJAS,2019-09-01,011605,BASE,928.3915447154471
MEDELLÍN,NARANJAS,2019-10-01,011605,BASE,934.405481997677
MEDELLÍN,NARANJAS,2019-11-01,011605,BASE,881.1620905923344
MEDELLÍN,NARANJAS,2019-12-01,011605,BASE,859.993031358885
MEDELLÍN,NARANJAS,2020-01-01,011605,BASE,891.6664343786294
MEDELLÍN,NARANJAS,2020-02-01,011605,BASE,912.6751219512194
MEDELLÍN,NARANJAS,2020-03-01,011605,BASE,1053.1606968641113
MEDELLÍN,NARANJAS,2020-04-01,011605,BASE,1147.539419279907
MEDELLÍN,NARANJAS,2020-05-01,011605,BASE,1057.8114750290358
MEDELLÍN,NARANJAS,2020-06-01,011605,BASE,943.8674099883854
MEDELLÍN,NARANJAS,2020-07-01,011605,BASE,925.7454123112659
MEDELLÍN,NARANJAS,2020-08-01,011605,BASE,936.8912427409988
MEDELLÍN,NARANJAS,2020-09-01,011605,BASE,950.041718931475
MEDELLÍN,NARANJAS,2020-10-01,011605,BASE,953.3293379790939
MEDELLÍN,NARANJAS,2020-11-01,011605,BASE,935.9290127758419
MEDELLÍN,NARANJAS,2020-12-01,011605,BASE,932.4008362369336
MEDELLÍN,NARANJAS,2021-01-01,011605,BASE,994.705226480836
MEDELLÍN,NARANJAS,2021-02-01,011605,BASE,1022.0485946573751
MEDELLÍN,NARANJAS,2021-03-01,011605,BASE,979.5501045296165
MEDELLÍN,NARANJAS,2021-04-01,011605,BASE,960.4658768873402
MEDELLÍN,NARANJAS,2021-05-01,011605,BASE,982.6773519163761
MEDELLÍN,NARANJAS,2021-06-01,011605,BASE,1058.4529616724737
MEDELLÍN,NARANJAS,2021-07-01,011605,BASE,1120.9979094076655
MEDELLÍN,NARANJAS,2021-08-01,011605,BASE,1097.1827177700347
MEDELLÍN,NARANJAS,2021-09-01,011605,BASE,1062.3018815331009
MEDELLÍN,NARANJAS,2021-10-01,011605,BASE,1064.7074564459929
MEDELLÍN,NARANJAS,2021-11-01,011605,BASE,1073.688269454123
MEDELLÍN,NARANJAS,2021-12-01,011605,BASE,1075.0514285714282
MEDELLÍN,NARANJAS,2022-01-01,011605,BASE,1181.057096399535
MEDELLÍN,NARANJAS,2022-02-01,011605,BASE,1271.9878281068522
MEDELLÍN,NARANJAS,2022-03-01,011605,BASE,1317.2928222996513
MEDELLÍN,NARANJAS,2022-04-01,011605,BASE,1405.4972357723577
MEDELLÍN,NARANJAS,2022-05-01,011605,BASE,1451.9248315911727
MEDELLÍN,NARANJAS,2022-06-01,011605,BASE,1498.9137282229963
MEDELLÍN,NARANJAS,2022-07-01,011605,BASE,1558.2512427409986
MEDELLÍN,NARANJAS,2022-08-01,011605,BASE,1536.2001393728224
MEDELLÍN,NARANJAS,2022-09-01,011605,BASE,1529.3843437862947
MEDELLÍN,NARANJAS,2022-10-01,011605,BASE,1474.9381649245063
MEDELLÍN,NARANJAS,2022-11-01,011605,BASE,1356.423507549361
MEDELLÍN,NARANJAS,2022-12-01,011605,BASE,1356.1829500580718
MEDELLÍN,NARANJAS,2023-01-01,011605,BASE,1545.5818815331008
MEDELLÍN,NARANJAS,2023-02-01,011605,BASE,1656.3986991869915
MEDELLÍN,NARANJAS,2023-03-01,011605,BASE,1652.6299651567942
MEDELLÍN,NARANJAS,2023-04-01,011605,BASE,1641.8048780487802
MEDELLÍN,NARANJAS,2023-05-01,011605,BASE,1671.3934494773516
MEDELLÍN,NARANJAS,2023-06-01,011605,BASE,1846.9202322880371
MEDELLÍN,NARANJAS,2023-07-01,011605,BASE,1963.4302439024389
MEDELLÍN,NARANJAS,2023-08-01,011605,BASE,1920.2902671312424
MEDELLÍN,NARANJAS,2023-09-01,011605,BASE,1649.8234610917536
MEDELLÍN,NARANJAS,2023-10-01,011605,BASE,1408.1433681765388
MEDELLÍN,NARANJAS,2023-11-01,011605,BASE,1388.5780255516838
MEDELLÍN,NARANJAS,2023-12-01,011605,BASE,1391.7052729384434
MEDELLÍN,NARANJAS,2024-01-01,011605,BASE,1519.2809291521485
MEDELLÍN,NARANJAS,2024-02-01,011605,BASE,1603.3156794425083
MEDELLÍN,NARANJAS,2024-03-01,011605,BASE,1815.96850174216
MEDELLÍN,NARANJAS,2024-04-01,011605,BASE,2106.642137049942
MEDELLÍN,NARANJAS,2024-05-01,011605,BASE,1855.339744483159
MEDELLÍN,NARANJAS,2024-06-01,011605,BASE,1849.6465505226479
MEDELLÍN,NARANJAS,2024-07-01,011605,BASE,1798.2474332171892
MEDELLÍN,NARANJAS,2024-08-01,011605,BASE,1762.1638095238093
MEDELLÍN,NARANJAS,2024-09-01,011605,BASE,1848.2833914053424
MEDELLÍN,NARANJAS,2024-10-01,011605,BASE,1791.1910801393726
MEDELLÍN,NARANJAS,2024-11-01,011605,BASE,1847.4013472706154
MEDELLÍN,NARANJAS,2024-12-01,011605,BASE,1830.2415795586526
MEDELLÍN,PAN CORRIENTE,2019-01-01,011108,D_city,3370.5171917421667
MEDELLÍN,PAN CORRIENTE,2019-02-01,011108,D_city,3375.277155556158
MEDELLÍN,PAN CORRIENTE,2019-03-01,011108,D_city,3376.664597509532
MEDELLÍN,PAN CORRIENTE,2019-04-01,011108,D_city,3392.8880216703737
MEDELLÍN,PAN CORRIENTE,2019-05-01,011108,D_city,3401.965341818337
MEDELLÍN,PAN CORRIENTE,2019-06-01,011108,D_city,3408.2700584340982
MEDELLÍN,PAN CORRIENTE,2019-07-01,011108,D_city,3411.616136059871
MEDELLÍN,PAN CORRIENTE,2019-08-01,011108,D_city,3434.974998433046
MEDELLÍN,PAN CORRIENTE,2019-09-01,011108,D_city,3447.8827309710964
MEDELLÍN,PAN CORRIENTE,2019-10-01,011108,D_city,3442.2153051684745
MEDELLÍN,PAN CORRIENTE,2019-11-01,011108,D_city,3468.154157411448
MEDELLÍN,PAN CORRIENTE,2019-12-01,011108,D_city,3472.2374119966403
MEDELLÍN,PAN CORRIENTE,2020-01-01,011108,D_city,3479.229505017997
MEDELLÍN,PAN CORRIENTE,2020-02-01,011108,D_city,3480.781974121326
MEDELLÍN,PAN CORRIENTE,2020-03-01,011108,D_city,3476.123117908348
MEDELLÍN,PAN CORRIENTE,2020-04-01,011108,D_city,3488.537095704126
MEDELLÍN,PAN CORRIENTE,2020-05-01,011108,D_city,3518.2829047637615
MEDELLÍN,PAN CORRIENTE,2020-06-01,011108,D_city,3541.532230593827
MEDELLÍN,PAN CORRIENTE,2020-07-01,011108,D_city,3549.768808404146
MEDELLÍN,PAN CORRIENTE,2020-08-01,011108,D_city,3560.8575654314905
MEDELLÍN,PAN CORRIENTE,2020-09-01,011108,D_city,3571.9223155158807
MEDELLÍN,PAN CORRIENTE,2020-10-01,011108,D_city,3565.820583912674
MEDELLÍN,PAN CORRIENTE,2020-11-01,011108,D_city,3574.399070354661
MEDELLÍN,PAN CORRIENTE,2020-12-01,011108,D_city,3560.4755951655993
MEDELLÍN,PAN CORRIENTE,2021-01-01,011108,D_city,3560.2845993258065
MEDELLÍN,PAN CORRIENTE,2021-02-01,011108,D_city,3578.968402397822
MEDELLÍN,PAN CORRIENTE,2021-03-01,011108,D_city,3621.043807431367
MEDELLÍN,PAN CORRIENTE,2021-04-01,011108,D_city,3666.3380247048635
MEDELLÍN,PAN CORRIENTE,2021-05-01,011108,D_city,3672.69670351238
MEDELLÍN,PAN CORRIENTE,2021-06-01,011108,D_city,3679.607738383311
MEDELLÍN,PAN CORRIENTE,2021-07-01,011108,D_city,3685.018179598234
MEDELLÍN,PAN CORRIENTE,2021-08-01,011108,D_city,3715.8824693810916
MEDELLÍN,PAN CORRIENTE,2021-09-01,011108,D_city,3757.0658345856646
MEDELLÍN,PAN CORRIENTE,2021-10-01,011108,D_city,3769.3779586046476
MEDELLÍN,PAN CORRIENTE,2021-11-01,011108,D_city,3832.338307416217
MEDELLÍN,PAN CORRIENTE,2021-12-01,011108,D_city,3897.814735821356
MEDELLÍN,PAN CORRIENTE,2022-01-01,011108,D_city,3965.192094081978
MEDELLÍN,PAN CORRIENTE,2022-02-01,011108,D_city,3983.766749038095
MEDELLÍN,PAN CORRIENTE,2022-03-01,011108,D_city,4021.9645204324606
MEDELLÍN,PAN CORRIENTE,2022-04-01,011108,D_city,4146.763665124535
MEDELLÍN,PAN CORRIENTE,2022-05-01,011108,D_city,4195.001307235693
MEDELLÍN,PAN CORRIENTE,2022-06-01,011108,D_city,4253.326298727127
MEDELLÍN,PAN CORRIENTE,2022-07-01,011108,D_city,4365.852845659806
MEDELLÍN,PAN CORRIENTE,2022-08-01,011108,D_city,4409.445160400337
MEDELLÍN,PAN CORRIENTE,2022-09-01,011108,D_city,4465.148405822504
MEDELLÍN,PAN CORRIENTE,2022-10-01,011108,D_city,4491.519648180758
MEDELLÍN,PAN CORRIENTE,2022-11-01,011108,D_city,4498.825861730004
MEDELLÍN,PAN CORRIENTE,2022-12-01,011108,D_city,4555.855095053836
MEDELLÍN,PAN CORRIENTE,2023-01-01,011108,D_city,4653.725595326107
MEDELLÍN,PAN CORRIENTE,2023-02-01,011108,D_city,4714.466891468214
MEDELLÍN,PAN CORRIENTE,2023-03-01,011108,D_city,4742.366187410779
MEDELLÍN,PAN CORRIENTE,2023-04-01,011108,D_city,4752.681841648244
MEDELLÍN,PAN CORRIENTE,2023-05-01,011108,D_city,4749.245024933297
MEDELLÍN,PAN CORRIENTE,2023-06-01,011108,D_city,4790.373253124841
MEDELLÍN,PAN CORRIENTE,2023-07-01,011108,D_city,4729.841364604871
MEDELLÍN,PAN CORRIENTE,2023-08-01,011108,D_city,4723.099715751686
MEDELLÍN,PAN CORRIENTE,2023-09-01,011108,D_city,4723.570280860345
MEDELLÍN,PAN CORRIENTE,2023-10-01,011108,D_city,4715.723259224545
MEDELLÍN,PAN CORRIENTE,2023-11-01,011108,D_city,4664.019256929955
MEDELLÍN,PAN CORRIENTE,2023-12-01,011108,D_city,4619.882269190108
MEDELLÍN,PAN CORRIENTE,2024-01-01,011108,D_city,4599.301384190516
MEDELLÍN,PAN CORRIENTE,2024-02-01,011108,D_city,4602.336702774717
MEDELLÍN,PAN CORRIENTE,2024-03-01,011108,D_city,4579.457543582867
MEDELLÍN,PAN CORRIENTE,2024-04-01,011108,D_city,4583.78347606249
MEDELLÍN,PAN CORRIENTE,2024-05-01,011108,D_city,4570.155157833115
MEDELLÍN,PAN CORRIENTE,2024-06-01,011108,D_city,4591.626986341873
MEDELLÍN,PAN CORRIENTE,2024-07-01,011108,D_city,4582.181610631271
MEDELLÍN,PAN CORRIENTE,2024-08-01,011108,D_city,4579.1369908831875
MEDELLÍN,PAN CORRIENTE,2024-09-01,011108,D_city,4571.7599581805025
MEDELLÍN,PAN CORRIENTE,2024-10-01,011108,D_city,4565.980838176754
MEDELLÍN,PAN CORRIENTE,2024-11-01,011108,D_city,4577.6943102119185
MEDELLÍN,PAN CORRIENTE,2024-12-01,011108,D_city,4594.985634232776
MEDELLÍN,PAN FRANCÉS,2019-01-01,011108,D_city,5733.0404402611475
MEDELLÍN,PAN FRANCÉS,2019-02-01,011108,D_city,5759.061968096221
MEDELLÍN,PAN FRANCÉS,2019-03-01,011108,D_city,5766.662040249957
MEDELLÍN,PAN FRANCÉS,2019-04-01,011108,D_city,5856.043092970521
MEDELLÍN,PAN FRANCÉS,2019-05-01,011108,D_city,5906.467244709981
MEDELLÍN,PAN FRANCÉS,2019-06-01,011108,D_city,5941.665051997958
MEDELLÍN,PAN FRANCÉS,2019-07-01,011108,D_city,5960.403967193429
MEDELLÍN,PAN FRANCÉS,2019-08-01,011108,D_city,6092.354608869014
MEDELLÍN,PAN FRANCÉS,2019-09-01,011108,D_city,6166.124038819624
MEDELLÍN,PAN FRANCÉS,2019-10-01,011108,D_city,6133.658666255398
MEDELLÍN,PAN FRANCÉS,2019-11-01,011108,D_city,6283.215487214699
MEDELLÍN,PAN FRANCÉS,2019-12-01,011108,D_city,6306.984879688964
MEDELLÍN,PAN FRANCÉS,2020-01-01,011108,D_city,6347.830793834135
MEDELLÍN,PAN FRANCÉS,2020-02-01,011108,D_city,6356.924536693226
MEDELLÍN,PAN FRANCÉS,2020-03-01,011108,D_city,6329.661713814148
MEDELLÍN,PAN FRANCÉS,2020-04-01,011108,D_city,6402.485259293691
MEDELLÍN,PAN FRANCÉS,2020-05-01,011108,D_city,6579.324743105057
MEDELLÍN,PAN FRANCÉS,2020-06-01,011108,D_city,6719.861827097226
MEDELLÍN,PAN FRANCÉS,2020-07-01,011108,D_city,6770.1417441968615
MEDELLÍN,PAN FRANCÉS,2020-08-01,011108,D_city,6838.240890560763
MEDELLÍN,PAN FRANCÉS,2020-09-01,011108,D_city,6906.661134450083
MEDELLÍN,PAN FRANCÉS,2020-10-01,011108,D_city,6868.872337707544
MEDELLÍN,PAN FRANCÉS,2020-11-01,011108,D_city,6922.040738331559
MEDELLÍN,PAN FRANCÉS,2020-12-01,011108,D_city,6835.887297814444
MEDELLÍN,PAN FRANCÉS,2021-01-01,011108,D_city,6834.710644620268
MEDELLÍN,PAN FRANCÉS,2021-02-01,011108,D_city,6950.476202274196
MEDELLÍN,PAN FRANCÉS,2021-03-01,011108,D_city,7216.106515677974
MEDELLÍN,PAN FRANCÉS,2021-04-01,011108,D_city,7509.779569542925
MEDELLÍN,PAN FRANCÉS,2021-05-01,011108,D_city,7551.654749681652
MEDELLÍN,PAN FRANCÉS,2021-06-01,011108,D_city,7597.3494591504705
MEDELLÍN,PAN FRANCÉS,2021-07-01,011108,D_city,7633.255029163387
MEDELLÍN,PAN FRANCÉS,2021-08-01,011108,D_city,7840.317949487989
MEDELLÍN,PAN FRANCÉS,2021-09-01,011108,D_city,8122.587704284249
MEDELLÍN,PAN FRANCÉS,2021-10-01,011108,D_city,8208.31381839024
MEDELLÍN,PAN FRANCÉS,2021-11-01,011108,D_city,8656.446638810405
MEDELLÍN,PAN FRANCÉS,2021-12-01,011108,D_city,9140.060262552424
MEDELLÍN,PAN FRANCÉS,2022-01-01,011108,D_city,9656.804144357198
MEDELLÍN,PAN FRANCÉS,2022-02-01,011108,D_city,9802.718750262224
MEDELLÍN,PAN FRANCÉS,2022-03-01,011108,D_city,10107.541043344889
MEDELLÍN,PAN FRANCÉS,2022-04-01,011108,D_city,11148.891614409393
MEDELLÍN,PAN FRANCÉS,2022-05-01,011108,D_city,11570.434717414862
MEDELLÍN,PAN FRANCÉS,2022-06-01,011108,D_city,12094.627288917342
MEDELLÍN,PAN FRANCÉS,2022-07-01,011108,D_city,13151.74197965779
MEDELLÍN,PAN FRANCÉS,2022-08-01,011108,D_city,13577.801034069022
MEDELLÍN,PAN FRANCÉS,2022-09-01,011108,D_city,14135.933752622175
MEDELLÍN,PAN FRANCÉS,2022-10-01,011108,D_city,14405.591587790814
MEDELLÍN,PAN FRANCÉS,2022-11-01,011108,D_city,14480.92257319506
MEDELLÍN,PAN FRANCÉS,2022-12-01,011108,D_city,15078.269977400567
MEDELLÍN,PAN FRANCÉS,2023-01-01,011108,D_city,16142.579935879763
MEDELLÍN,PAN FRANCÉS,2023-02-01,011108,D_city,16828.49154551554
MEDELLÍN,PAN FRANCÉS,2023-03-01,011108,D_city,17150.157677783318
MEDELLÍN,PAN FRANCÉS,2023-04-01,011108,D_city,17270.156303132444
MEDELLÍN,PAN FRANCÉS,2023-05-01,011108,D_city,17230.112951779578
MEDELLÍN,PAN FRANCÉS,2023-06-01,011108,D_city,17713.522804306693
MEDELLÍN,PAN FRANCÉS,2023-07-01,011108,D_city,17005.233542845122
MEDELLÍN,PAN FRANCÉS,2023-08-01,011108,D_city,16927.5763411111
MEDELLÍN,PAN FRANCÉS,2023-09-01,011108,D_city,16932.988849697875
MEDELLÍN,PAN FRANCÉS,2023-10-01,011108,D_city,16842.886842344407
MEDELLÍN,PAN FRANCÉS,2023-11-01,011108,D_city,16257.439223505995
MEDELLÍN,PAN FRANCÉS,2023-12-01,011108,D_city,15768.885564610617
MEDELLÍN,PAN FRANCÉS,2024-01-01,011108,D_city,15544.570061473247
MEDELLÍN,PAN FRANCÉS,2024-02-01,011108,D_city,15577.513662851341
MEDELLÍN,PAN FRANCÉS,2024-03-01,011108,D_city,15330.377137204734
MEDELLÍN,PAN FRANCÉS,2024-04-01,011108,D_city,15376.896634032732
MEDELLÍN,PAN FRANCÉS,2024-05-01,011108,D_city,15230.670996059569
MEDELLÍN,PAN FRANCÉS,2024-06-01,011108,D_city,15461.490536958107
MEDELLÍN,PAN FRANCÉS,2024-07-01,011108,D_city,15359.659446157959
MEDELLÍN,PAN FRANCÉS,2024-08-01,011108,D_city,15326.933890935854
MEDELLÍN,PAN FRANCÉS,2024-09-01,011108,D_city,15247.8398358633
MEDELLÍN,PAN FRANCÉS,2024-10-01,011108,D_city,15186.07467496896
MEDELLÍN,PAN FRANCÉS,2024-11-01,011108,D_city,15311.44379337267
MEDELLÍN,PAN FRANCÉS,2024-12-01,011108,D_city,15497.812012412878
MEDELLÍN,PAN INTEGRAL,2019-01-01,011108,D_city,3615.89549329435
MEDELLÍN,PAN INTEGRAL,2019-02-01,011108,D_city,3620.2858688594197
MEDELLÍN,PAN INTEGRAL,2019-03-01,011108,D_city,3621.5654192565917
MEDELLÍN,PAN INTEGRAL,2019-04-01,011108,D_city,3636.5218033921687
MEDELLÍN,PAN INTEGRAL,2019-05-01,011108,D_city,3644.885815095048
MEDELLÍN,PAN INTEGRAL,2019-06-01,011108,D_city,3650.6932574104644
MEDELLÍN,PAN INTEGRAL,2019-07-01,011108,D_city,3653.7748068853757
MEDELLÍN,PAN INTEGRAL,2019-08-01,011108,D_city,3675.275233497131
MEDELLÍN,PAN INTEGRAL,2019-09-01,011108,D_city,3687.14722804389
MEDELLÍN,PAN INTEGRAL,2019-10-01,011108,D_city,3681.9353343816356
MEDELLÍN,PAN INTEGRAL,2019-11-01,011108,D_city,3705.779481804159
MEDELLÍN,PAN INTEGRAL,2019-12-01,011108,D_city,3709.5307099419724
MEDELLÍN,PAN INTEGRAL,2020-01-01,011108,D_city,3715.952811522219
MEDELLÍN,PAN INTEGRAL,2020-02-01,011108,D_city,3717.3784787200498
MEDELLÍN,PAN INTEGRAL,2020-03-01,011108,D_city,3713.0998788322636
MEDELLÍN,PAN INTEGRAL,2020-04-01,011108,D_city,3724.498847267921
MEDELLÍN,PAN INTEGRAL,2020-05-01,011108,D_city,3751.7894546802136
MEDELLÍN,PAN INTEGRAL,2020-06-01,011108,D_city,3773.0972770646786
MEDELLÍN,PAN INTEGRAL,2020-07-01,011108,D_city,3780.6413267973485
MEDELLÍN,PAN INTEGRAL,2020-08-01,011108,D_city,3790.7938728070453
MEDELLÍN,PAN INTEGRAL,2020-09-01,011108,D_city,3800.920023066554
MEDELLÍN,PAN INTEGRAL,2020-10-01,011108,D_city,3795.33643330232
MEDELLÍN,PAN INTEGRAL,2020-11-01,011108,D_city,3803.1860773321528
MEDELLÍN,PAN INTEGRAL,2020-12-01,011108,D_city,3790.444225613982
MEDELLÍN,PAN INTEGRAL,2021-01-01,011108,D_city,3790.269390245081
MEDELLÍN,PAN INTEGRAL,2021-02-01,011108,D_city,3807.366113344832
MEDELLÍN,PAN INTEGRAL,2021-03-01,011108,D_city,3845.821784359896
MEDELLÍN,PAN INTEGRAL,2021-04-01,011108,D_city,3887.1494373080345
MEDELLÍN,PAN INTEGRAL,2021-05-01,011108,D_city,3892.9455194019906
MEDELLÍN,PAN INTEGRAL,2021-06-01,011108,D_city,3899.243492059987
MEDELLÍN,PAN INTEGRAL,2021-07-01,011108,D_city,3904.172828323461
MEDELLÍN,PAN INTEGRAL,2021-08-01,011108,D_city,3932.273272026189
MEDELLÍN,PAN INTEGRAL,2021-09-01,011108,D_city,3969.717871928661
MEDELLÍN,PAN INTEGRAL,2021-10-01,011108,D_city,3980.9010658336474
MEDELLÍN,PAN INTEGRAL,2021-11-01,011108,D_city,4038.0088156017323
MEDELLÍN,PAN INTEGRAL,2021-12-01,011108,D_city,4097.259467483892
MEDELLÍN,PAN INTEGRAL,2022-01-01,011108,D_city,4158.08486362106
MEDELLÍN,PAN INTEGRAL,2022-02-01,011108,D_city,4174.827706223619
MEDELLÍN,PAN INTEGRAL,2022-03-01,011108,D_city,4209.224145648521
MEDELLÍN,PAN INTEGRAL,2022-04-01,011108,D_city,4321.287262264731
MEDELLÍN,PAN INTEGRAL,2022-05-01,011108,D_city,4364.474852361138
MEDELLÍN,PAN INTEGRAL,2022-06-01,011108,D_city,4416.600938633198
MEDELLÍN,PAN INTEGRAL,2022-07-01,011108,D_city,4516.886451975762
MEDELLÍN,PAN INTEGRAL,2022-08-01,011108,D_city,4555.638872444029
MEDELLÍN,PAN INTEGRAL,2022-09-01,011108,D_city,4605.079583205742
MEDELLÍN,PAN INTEGRAL,2022-10-01,011108,D_city,4628.455793861827
MEDELLÍN,PAN INTEGRAL,2022-11-01,011108,D_city,4634.928819946074
MEDELLÍN,PAN INTEGRAL,2022-12-01,011108,D_city,4685.404126000394
MEDELLÍN,PAN INTEGRAL,2023-01-01,011108,D_city,4771.821611342786
MEDELLÍN,PAN INTEGRAL,2023-02-01,011108,D_city,4825.326527881401
MEDELLÍN,PAN INTEGRAL,2023-03-01,011108,D_city,4849.869620352969
MEDELLÍN,PAN INTEGRAL,2023-04-01,011108,D_city,4858.939202142648
MEDELLÍN,PAN INTEGRAL,2023-05-01,011108,D_city,4855.917840132749
MEDELLÍN,PAN INTEGRAL,2023-06-01,011108,D_city,4892.0543030396
MEDELLÍN,PAN INTEGRAL,2023-07-01,011108,D_city,4838.854007218782
MEDELLÍN,PAN INTEGRAL,2023-08-01,011108,D_city,4832.9230180822815
MEDELLÍN,PAN INTEGRAL,2023-09-01,011108,D_city,4833.337037880646
MEDELLÍN,PAN INTEGRAL,2023-10-01,011108,D_city,4826.432195132025
MEDELLÍN,PAN INTEGRAL,2023-11-01,011108,D_city,4780.895797953343
MEDELLÍN,PAN INTEGRAL,2023-12-01,011108,D_city,4741.967784886237
MEDELLÍN,PAN INTEGRAL,2024-01-01,011108,D_city,4723.798025357313
MEDELLÍN,PAN INTEGRAL,2024-02-01,011108,D_city,4726.478460533157
MEDELLÍN,PAN INTEGRAL,2024-03-01,011108,D_city,4706.268169676779
MEDELLÍN,PAN INTEGRAL,2024-04-01,011108,D_city,4710.09056223621
MEDELLÍN,PAN INTEGRAL,2024-05-01,011108,D_city,4698.046869627181
MEDELLÍN,PAN INTEGRAL,2024-06-01,011108,D_city,4717.019796495006
MEDELLÍN,PAN INTEGRAL,2024-07-01,011108,D_city,4708.675213421812
MEDELLÍN,PAN INTEGRAL,2024-08-01,011108,D_city,4705.9849092800605
MEDELLÍN,PAN INTEGRAL,2024-09-01,011108,D_city,4699.4653338338785
MEDELLÍN,PAN INTEGRAL,2024-10-01,011108,D_city,4694.35691040798
MEDELLÍN,PAN INTEGRAL,2024-11-01,011108,D_city,4704.710032083188
MEDELLÍN,PAN INTEGRAL,2024-12-01,011108,D_city,4719.98643737108
MEDELLÍN,PANELA,2019-01-01,011802,BASE,1742.4643213844251
MEDELLÍN,PANELA,2019-02-01,011802,BASE,1733.5813065512978
MEDELLÍN,PANELA,2019-03-01,011802,BASE,1710.0674437577256
MEDELLÍN,PANELA,2019-04-01,011802,BASE,1717.5570444993816
MEDELLÍN,PANELA,2019-05-01,011802,BASE,1711.809211372064
MEDELLÍN,PANELA,2019-06-01,011802,BASE,1703.4487268232383
MEDELLÍN,PANELA,2019-07-01,011802,BASE,1686.2052274412854
MEDELLÍN,PANELA,2019-08-01,011802,BASE,1687.2502880098887
MEDELLÍN,PANELA,2019-09-01,011802,BASE,1676.7996823238561
MEDELLÍN,PANELA,2019-10-01,011802,BASE,1664.7814857849194
MEDELLÍN,PANELA,2019-11-01,011802,BASE,1671.5743794808402
MEDELLÍN,PANELA,2019-12-01,011802,BASE,1673.4903238566128
MEDELLÍN,PANELA,2020-01-01,011802,BASE,1687.4244647713224
MEDELLÍN,PANELA,2020-02-01,011802,BASE,1682.3733386897402
MEDELLÍN,PANELA,2020-03-01,011802,BASE,1674.8837379480838
MEDELLÍN,PANELA,2020-04-01,011802,BASE,1824.3273992583431
MEDELLÍN,PANELA,2020-05-01,011802,BASE,1883.5474981458588
MEDELLÍN,PANELA,2020-06-01,011802,BASE,1904.971239802225
MEDELLÍN,PANELA,2020-07-01,011802,BASE,1889.2953312731765
MEDELLÍN,PANELA,2020-08-01,011802,BASE,1909.848189122373
MEDELLÍN,PANELA,2020-09-01,011802,BASE,1942.9417737948083
MEDELLÍN,PANELA,2020-10-01,011802,BASE,1987.5310247218788
MEDELLÍN,PANELA,2020-11-01,011802,BASE,2019.5795488257104
MEDELLÍN,PANELA,2020-12-01,011802,BASE,2036.8230482076635
MEDELLÍN,PANELA,2021-01-01,011802,BASE,2075.141935723115
MEDELLÍN,PANELA,2021-02-01,011802,BASE,2099.1783288009883
MEDELLÍN,PANELA,2021-03-01,011802,BASE,2108.061343634116
MEDELLÍN,PANELA,2021-04-01,011802,BASE,2112.067409147095
MEDELLÍN,PANELA,2021-05-01,011802,BASE,2134.536211372064
MEDELLÍN,PANELA,2021-06-01,011802,BASE,2183.479881334981
MEDELLÍN,PANELA,2021-07-01,011802,BASE,2226.1531878862793
MEDELLÍN,PANELA,2021-08-01,011802,BASE,2278.5803930778734
MEDELLÍN,PANELA,2021-09-01,011802,BASE,2284.850756489493
MEDELLÍN,PANELA,2021-10-01,011802,BASE,2300.5266650185413
MEDELLÍN,PANELA,2021-11-01,011802,BASE,2298.9590741656366
MEDELLÍN,PANELA,2021-12-01,011802,BASE,2297.2173065512975
MEDELLÍN,PANELA,2022-01-01,011802,BASE,2310.4547404202717
MEDELLÍN,PANELA,2022-02-01,011802,BASE,2310.6289171817057
MEDELLÍN,PANELA,2022-03-01,011802,BASE,2317.770164400494
MEDELLÍN,PANELA,2022-04-01,011802,BASE,2321.950406674907
MEDELLÍN,PANELA,2022-05-01,011802,BASE,2324.9114116192823
MEDELLÍN,PANELA,2022-06-01,011802,BASE,2340.935673671199
MEDELLÍN,PANELA,2022-07-01,011802,BASE,2344.7675624227436
MEDELLÍN,PANELA,2022-08-01,011802,BASE,2345.464269468479
MEDELLÍN,PANELA,2022-09-01,011802,BASE,2358.5275265760192
MEDELLÍN,PANELA,2022-10-01,011802,BASE,2368.4556019777497
MEDELLÍN,PANELA,2022-11-01,011802,BASE,2389.0084598269464
MEDELLÍN,PANELA,2022-12-01,011802,BASE,2403.8134845488253
MEDELLÍN,PANELA,2023-01-01,011802,BASE,2418.44433250927
MEDELLÍN,PANELA,2023-02-01,011802,BASE,2465.994588380717
MEDELLÍN,PANELA,2023-03-01,011802,BASE,2504.836006180469
MEDELLÍN,PANELA,2023-04-01,011802,BASE,2530.2658133498144
MEDELLÍN,PANELA,2023-05-01,011802,BASE,2536.5361767614336
MEDELLÍN,PANELA,2023-06-01,011802,BASE,2550.296140914709
MEDELLÍN,PANELA,2023-07-01,011802,BASE,2540.019711990111
MEDELLÍN,PANELA,2023-08-01,011802,BASE,2552.3862620519158
MEDELLÍN,PANELA,2023-09-01,011802,BASE,2518.4217935723113
MEDELLÍN,PANELA,2023-10-01,011802,BASE,2518.0734400494434
MEDELLÍN,PANELA,2023-11-01,011802,BASE,2501.352470951792
MEDELLÍN,PANELA,2023-12-01,011802,BASE,2513.196490729295
MEDELLÍN,PANELA,2024-01-01,011802,BASE,2502.745885043263
MEDELLÍN,PANELA,2024-02-01,011802,BASE,2555.521443757725
MEDELLÍN,PANELA,2024-03-01,011802,BASE,2557.437388133498
MEDELLÍN,PANELA,2024-04-01,011802,BASE,2599.0656341161925
MEDELLÍN,PANELA,2024-05-01,011802,BASE,2583.7380791100118
MEDELLÍN,PANELA,2024-06-01,011802,BASE,2606.9035883807164
MEDELLÍN,PANELA,2024-07-01,011802,BASE,2602.5491693448694
MEDELLÍN,PANELA,2024-08-01,011802,BASE,2634.0751631644
MEDELLÍN,PANELA,2024-09-01,011802,BASE,2655.8472583436337
MEDELLÍN,PANELA,2024-10-01,011802,BASE,2699.7398022249686
MEDELLÍN,PANELA,2024-11-01,011802,BASE,2811.2129295426453
MEDELLÍN,PANELA,2024-12-01,011802,BASE,2985.2155142150796
MEDELLÍN,PAPA,2019-01-01,011705,D_city,1034.7458698036455
MEDELLÍN,PAPA,2019-02-01,011705,D_city,1096.2736752924927
MEDELLÍN,PAPA,2019-03-01,011705,D_city,1137.3792914236592
MEDELLÍN,PAPA,2019-04-01,011705,D_city,1231.1421190572992
MEDELLÍN,PAPA,2019-05-01,011705,D_city,1187.9030536734695
MEDELLÍN,PAPA,2019-06-01,011705,D_city,1203.9288141048437
MEDELLÍN,PAPA,2019-07-01,011705,D_city,1211.439138511474
MEDELLÍN,PAPA,2019-08-01,011705,D_city,1135.6604698861288
MEDELLÍN,PAPA,2019-09-01,011705,D_city,1163.5859574099657
MEDELLÍN,PAPA,2019-10-01,011705,D_city,1250.9665012885907
MEDELLÍN,PAPA,2019-11-01,011705,D_city,1240.3910390460308
MEDELLÍN,PAPA,2019-12-01,011705,D_city,1083.264984849538
MEDELLÍN,PAPA,2020-01-01,011705,D_city,1001.8092816247133
MEDELLÍN,PAPA,2020-02-01,011705,D_city,1020.3781553728879
MEDELLÍN,PAPA,2020-03-01,011705,D_city,1252.492269699976
MEDELLÍN,PAPA,2020-04-01,011705,D_city,1200.3776501894338
MEDELLÍN,PAPA,2020-05-01,011705,D_city,1184.5575968584417
MEDELLÍN,PAPA,2020-06-01,011705,D_city,1170.472612268013
MEDELLÍN,PAPA,2020-07-01,011705,D_city,1070.6689521167136
MEDELLÍN,PAPA,2020-08-01,011705,D_city,1019.574738104245
MEDELLÍN,PAPA,2020-09-01,011705,D_city,939.7368624213965
MEDELLÍN,PAPA,2020-10-01,011705,D_city,867.9736128674465
MEDELLÍN,PAPA,2020-11-01,011705,D_city,827.4696249354913
MEDELLÍN,PAPA,2020-12-01,011705,D_city,786.9901510360035
MEDELLÍN,PAPA,2021-01-01,011705,D_city,874.3380341882408
MEDELLÍN,PAPA,2021-02-01,011705,D_city,955.4316812060315
MEDELLÍN,PAPA,2021-03-01,011705,D_city,1254.628540225417
MEDELLÍN,PAPA,2021-04-01,011705,D_city,1442.5492823745117
MEDELLÍN,PAPA,2021-05-01,011705,D_city,2038.9723903609454
MEDELLÍN,PAPA,2021-06-01,011705,D_city,1435.4694450419327
MEDELLÍN,PAPA,2021-07-01,011705,D_city,1242.5260173684753
MEDELLÍN,PAPA,2021-08-01,011705,D_city,1186.1795630323275
MEDELLÍN,PAPA,2021-09-01,011705,D_city,1178.2737877194388
MEDELLÍN,PAPA,2021-10-01,011705,D_city,1193.0744606880025
MEDELLÍN,PAPA,2021-11-01,011705,D_city,1258.9017616427955
MEDELLÍN,PAPA,2021-12-01,011705,D_city,1535.0902136935672
MEDELLÍN,PAPA,2022-01-01,011705,D_city,1981.2454452535053
MEDELLÍN,PAPA,2022-02-01,011705,D_city,2344.955016834077
MEDELLÍN,PAPA,2022-03-01,011705,D_city,2639.9191971009914
MEDELLÍN,PAPA,2022-04-01,011705,D_city,2624.896325390749
MEDELLÍN,PAPA,2022-05-01,011705,D_city,2163.991052806205
MEDELLÍN,PAPA,2022-06-01,011705,D_city,1718.712841973585
MEDELLÍN,PAPA,2022-07-01,011705,D_city,1580.6671830767395
MEDELLÍN,PAPA,2022-08-01,011705,D_city,1470.4792354828844
MEDELLÍN,PAPA,2022-09-01,011705,D_city,1421.418839084743
MEDELLÍN,PAPA,2022-10-01,011705,D_city,1545.497512398355
MEDELLÍN,PAPA,2022-11-01,011705,D_city,1880.9203652862484
MEDELLÍN,PAPA,2022-12-01,011705,D_city,2296.8563257433575
MEDELLÍN,PAPA,2023-01-01,011705,D_city,2572.8374355861224
MEDELLÍN,PAPA,2023-02-01,011705,D_city,2556.9879011769644
MEDELLÍN,PAPA,2023-03-01,011705,D_city,2421.5106726303034
MEDELLÍN,PAPA,2023-04-01,011705,D_city,2147.996601188439
MEDELLÍN,PAPA,2023-05-01,011705,D_city,1894.6956773860625
MEDELLÍN,PAPA,2023-06-01,011705,D_city,1713.9407829309068
MEDELLÍN,PAPA,2023-07-01,011705,D_city,1544.0546548813604
MEDELLÍN,PAPA,2023-08-01,011705,D_city,1621.4672851512107
MEDELLÍN,PAPA,2023-09-01,011705,D_city,1671.4440559043119
MEDELLÍN,PAPA,2023-10-01,011705,D_city,2057.8528120294436
MEDELLÍN,PAPA,2023-11-01,011705,D_city,2132.7456554923056
MEDELLÍN,PAPA,2023-12-01,011705,D_city,2006.7959756175892
MEDELLÍN,PAPA,2024-01-01,011705,D_city,2009.6245403948826
MEDELLÍN,PAPA,2024-02-01,011705,D_city,1976.7448096728306
MEDELLÍN,PAPA,2024-03-01,011705,D_city,2049.250385142987
MEDELLÍN,PAPA,2024-04-01,011705,D_city,2301.5049055739187
MEDELLÍN,PAPA,2024-05-01,011705,D_city,2702.7316938790395
MEDELLÍN,PAPA,2024-06-01,011705,D_city,2774.827479581009
MEDELLÍN,PAPA,2024-07-01,011705,D_city,3065.7538454554333
MEDELLÍN,PAPA,2024-08-01,011705,D_city,2800.0620514761554
MEDELLÍN,PAPA,2024-09-01,011705,D_city,2711.056695259682
MEDELLÍN,PAPA,2024-10-01,011705,D_city,2366.43437677554
MEDELLÍN,PAPA,2024-11-01,011705,D_city,2246.077389052612
MEDELLÍN,PAPA,2024-12-01,011705,D_city,2091.5496717111773
MEDELLÍN,PAPA CRIOLLA,2019-01-01,011705,BASE_lowR2,2035.6504610693835
MEDELLÍN,PAPA CRIOLLA,2019-02-01,011705,BASE_lowR2,2148.9378671822715
MEDELLÍN,PAPA CRIOLLA,2019-03-01,011705,BASE_lowR2,2224.401000223098
MEDELLÍN,PAPA CRIOLLA,2019-04-01,011705,BASE_lowR2,2395.908120770432
MEDELLÍN,PAPA CRIOLLA,2019-05-01,011705,BASE_lowR2,2316.9221387670113
MEDELLÍN,PAPA CRIOLLA,2019-06-01,011705,BASE_lowR2,2346.2174090875287
MEDELLÍN,PAPA CRIOLLA,2019-07-01,011705,BASE_lowR2,2359.9379787313155
MEDELLÍN,PAPA CRIOLLA,2019-08-01,011705,BASE_lowR2,2221.248977467093
MEDELLÍN,PAPA CRIOLLA,2019-09-01,011705,BASE_lowR2,2272.422993976352
MEDELLÍN,PAPA CRIOLLA,2019-10-01,011705,BASE_lowR2,2432.063675912843
MEDELLÍN,PAPA CRIOLLA,2019-11-01,011705,BASE_lowR2,2412.780713170224
MEDELLÍN,PAPA CRIOLLA,2019-12-01,011705,BASE_lowR2,2125.0195768572917
MEDELLÍN,PAPA CRIOLLA,2020-01-01,011705,BASE_lowR2,1974.8349631888154
MEDELLÍN,PAPA CRIOLLA,2020-02-01,011705,BASE_lowR2,2009.1363872982822
MEDELLÍN,PAPA CRIOLLA,2020-03-01,011705,BASE_lowR2,2434.844872462259
MEDELLÍN,PAPA CRIOLLA,2020-04-01,011705,BASE_lowR2,2339.727950472224
MEDELLÍN,PAPA CRIOLLA,2020-05-01,011705,BASE_lowR2,2310.8035063582956
MEDELLÍN,PAPA CRIOLLA,2020-06-01,011705,BASE_lowR2,2285.0310850003716
MEDELLÍN,PAPA CRIOLLA,2020-07-01,011705,BASE_lowR2,2101.84293894549
MEDELLÍN,PAPA CRIOLLA,2020-08-01,011705,BASE_lowR2,2007.653082471927
MEDELLÍN,PAPA CRIOLLA,2020-09-01,011705,BASE_lowR2,1859.878839146278
MEDELLÍN,PAPA CRIOLLA,2020-10-01,011705,BASE_lowR2,1726.381404774299
MEDELLÍN,PAPA CRIOLLA,2020-11-01,011705,BASE_lowR2,1650.7328586301778
MEDELLÍN,PAPA CRIOLLA,2020-12-01,011705,BASE_lowR2,1574.8988993827618
MEDELLÍN,PAPA CRIOLLA,2021-01-01,011705,BASE_lowR2,1738.2478433851416
MEDELLÍN,PAPA CRIOLLA,2021-02-01,011705,BASE_lowR2,1888.988696363501
MEDELLÍN,PAPA CRIOLLA,2021-03-01,011705,BASE_lowR2,2438.738547631442
MEDELLÍN,PAPA CRIOLLA,2021-04-01,011705,BASE_lowR2,2779.7132445898715
MEDELLÍN,PAPA CRIOLLA,2021-05-01,011705,BASE_lowR2,3845.0969361195803
MEDELLÍN,PAPA CRIOLLA,2021-06-01,011705,BASE_lowR2,2766.9197404625565
MEDELLÍN,PAPA CRIOLLA,2021-07-01,011705,BASE_lowR2,2416.674388339407
MEDELLÍN,PAPA CRIOLLA,2021-08-01,011705,BASE_lowR2,2313.7701160110064
MEDELLÍN,PAPA CRIOLLA,2021-09-01,011705,BASE_lowR2,2299.307893954042
MEDELLÍN,PAPA CRIOLLA,2021-10-01,011705,BASE_lowR2,2326.378207035026
MEDELLÍN,PAPA CRIOLLA,2021-11-01,011705,BASE_lowR2,2446.5258979698074
MEDELLÍN,PAPA CRIOLLA,2021-12-01,011705,BASE_lowR2,2946.585037554845
MEDELLÍN,PAPA CRIOLLA,2022-01-01,011705,BASE_lowR2,3742.934316204358
MEDELLÍN,PAPA CRIOLLA,2022-02-01,011705,BASE_lowR2,4383.722001189857
MEDELLÍN,PAPA CRIOLLA,2022-03-01,011705,BASE_lowR2,4898.799602141741
MEDELLÍN,PAPA CRIOLLA,2022-04-01,011705,BASE_lowR2,4872.65635457723
MEDELLÍN,PAPA CRIOLLA,2022-05-01,011705,BASE_lowR2,4065.7385290399347
MEDELLÍN,PAPA CRIOLLA,2022-06-01,011705,BASE_lowR2,3275.8787090057267
MEDELLÍN,PAPA CRIOLLA,2022-07-01,011705,BASE_lowR2,3028.537629210977
MEDELLÍN,PAPA CRIOLLA,2022-08-01,011705,BASE_lowR2,2830.145608685952
MEDELLÍN,PAPA CRIOLLA,2022-09-01,011705,BASE_lowR2,2741.5181453112223
MEDELLÍN,PAPA CRIOLLA,2022-10-01,011705,BASE_lowR2,2965.311760987581
MEDELLÍN,PAPA CRIOLLA,2022-11-01,011705,BASE_lowR2,3564.9377370417196
MEDELLÍN,PAPA CRIOLLA,2022-12-01,011705,BASE_lowR2,4299.359039190897
MEDELLÍN,PAPA CRIOLLA,2023-01-01,011705,BASE_lowR2,4781.989347066261
MEDELLÍN,PAPA CRIOLLA,2023-02-01,011705,BASE_lowR2,4754.362794675392
MEDELLÍN,PAPA CRIOLLA,2023-03-01,011705,BASE_lowR2,4517.775674871718
MEDELLÍN,PAPA CRIOLLA,2023-04-01,011705,BASE_lowR2,4037.555737339183
MEDELLÍN,PAPA CRIOLLA,2023-05-01,011705,BASE_lowR2,3589.412266676582
MEDELLÍN,PAPA CRIOLLA,2023-06-01,011705,BASE_lowR2,3267.349706254183
MEDELLÍN,PAPA CRIOLLA,2023-07-01,011705,BASE_lowR2,2962.715977541459
MEDELLÍN,PAPA CRIOLLA,2023-08-01,011705,BASE_lowR2,3101.77580501227
MEDELLÍN,PAPA CRIOLLA,2023-09-01,011705,BASE_lowR2,3191.330333903473
MEDELLÍN,PAPA CRIOLLA,2023-10-01,011705,BASE_lowR2,3878.4712947125754
MEDELLÍN,PAPA CRIOLLA,2023-11-01,011705,BASE_lowR2,4010.6708373614933
MEDELLÍN,PAPA CRIOLLA,2023-12-01,011705,BASE_lowR2,3788.1751134081956
MEDELLÍN,PAPA CRIOLLA,2024-01-01,011705,BASE_lowR2,3793.1812671971443
MEDELLÍN,PAPA CRIOLLA,2024-02-01,011705,BASE_lowR2,3734.961552762698
MEDELLÍN,PAPA CRIOLLA,2024-03-01,011705,BASE_lowR2,3863.2674202424337
MEDELLÍN,PAPA CRIOLLA,2024-04-01,011705,BASE_lowR2,4307.517215735852
MEDELLÍN,PAPA CRIOLLA,2024-05-01,011705,BASE_lowR2,5008.007919982152
MEDELLÍN,PAPA CRIOLLA,2024-06-01,011705,BASE_lowR2,5133.161764705883
MEDELLÍN,PAPA CRIOLLA,2024-07-01,011705,BASE_lowR2,5636.187513943631
MEDELLÍN,PAPA CRIOLLA,2024-08-01,011705,BASE_lowR2,5176.919257083364
MEDELLÍN,PAPA CRIOLLA,2024-09-01,011705,BASE_lowR2,5022.470142039117
MEDELLÍN,PAPA CRIOLLA,2024-10-01,011705,BASE_lowR2,4421.360861158623
MEDELLÍN,PAPA CRIOLLA,2024-11-01,011705,BASE_lowR2,4210.175336506284
MEDELLÍN,PAPA CRIOLLA,2024-12-01,011705,BASE_lowR2,3937.988900870082
MEDELLÍN,PASTA PARA SECO,2019-01-01,011102,D_city,3050.051639708292
MEDELLÍN,PASTA PARA SECO,2019-02-01,011102,D_city,3070.1524760311636
MEDELLÍN,PASTA PARA SECO,2019-03-01,011102,D_city,3064.8128533168233
MEDELLÍN,PASTA PARA SECO,2019-04-01,011102,D_city,3067.011491927286
MEDELLÍN,PASTA PARA SECO,2019-05-01,011102,D_city,3072.6653240866794
MEDELLÍN,PASTA PARA SECO,2019-06-01,011102,D_city,3055.390585961566
MEDELLÍN,PASTA PARA SECO,2019-07-01,011102,D_city,3049.1094981891065
MEDELLÍN,PASTA PARA SECO,2019-08-01,011102,D_city,3074.235881532996
MEDELLÍN,PASTA PARA SECO,2019-09-01,011102,D_city,3086.1728060786136
MEDELLÍN,PASTA PARA SECO,2019-10-01,011102,D_city,3091.5134020627593
MEDELLÍN,PASTA PARA SECO,2019-11-01,011102,D_city,3102.8236988645776
MEDELLÍN,PASTA PARA SECO,2019-12-01,011102,D_city,3102.1953205978075
MEDELLÍN,PASTA PARA SECO,2020-01-01,011102,D_city,3107.222440281505
MEDELLÍN,PASTA PARA SECO,2020-02-01,011102,D_city,3137.38963305218
MEDELLÍN,PASTA PARA SECO,2020-03-01,011102,D_city,3127.6473072953986
MEDELLÍN,PASTA PARA SECO,2020-04-01,011102,D_city,3179.825125063518
MEDELLÍN,PASTA PARA SECO,2020-05-01,011102,D_city,3190.514935278706
MEDELLÍN,PASTA PARA SECO,2020-06-01,011102,D_city,3203.092386805038
MEDELLÍN,PASTA PARA SECO,2020-07-01,011102,D_city,3243.348925580373
MEDELLÍN,PASTA PARA SECO,2020-08-01,011102,D_city,3306.275991364444
MEDELLÍN,PASTA PARA SECO,2020-09-01,011102,D_city,3334.918258316597
MEDELLÍN,PASTA PARA SECO,2020-10-01,011102,D_city,3353.806807925827
MEDELLÍN,PASTA PARA SECO,2020-11-01,011102,D_city,3352.8623139544306
MEDELLÍN,PASTA PARA SECO,2020-12-01,011102,D_city,3361.048160324902
MEDELLÍN,PASTA PARA SECO,2021-01-01,011102,D_city,3368.919660294182
MEDELLÍN,PASTA PARA SECO,2021-02-01,011102,D_city,3380.255468639965
MEDELLÍN,PASTA PARA SECO,2021-03-01,011102,D_city,3384.034293472028
MEDELLÍN,PASTA PARA SECO,2021-04-01,011102,D_city,3385.92374745634
MEDELLÍN,PASTA PARA SECO,2021-05-01,011102,D_city,3366.0858645991957
MEDELLÍN,PASTA PARA SECO,2021-06-01,011102,D_city,3393.1669108098686
MEDELLÍN,PASTA PARA SECO,2021-07-01,011102,D_city,3396.3162389841777
MEDELLÍN,PASTA PARA SECO,2021-08-01,011102,D_city,3393.4818401738326
MEDELLÍN,PASTA PARA SECO,2021-09-01,011102,D_city,3424.6636360435873
MEDELLÍN,PASTA PARA SECO,2021-10-01,011102,D_city,3418.993661954603
MEDELLÍN,PASTA PARA SECO,2021-11-01,011102,D_city,3492.4072794774247
MEDELLÍN,PASTA PARA SECO,2021-12-01,011102,D_city,3533.0700813269727
MEDELLÍN,PASTA PARA SECO,2022-01-01,011102,D_city,3599.606998120389
MEDELLÍN,PASTA PARA SECO,2022-02-01,011102,D_city,3767.19475562344
MEDELLÍN,PASTA PARA SECO,2022-03-01,011102,D_city,3966.597608891347
MEDELLÍN,PASTA PARA SECO,2022-04-01,011102,D_city,4031.1208403287474
MEDELLÍN,PASTA PARA SECO,2022-05-01,011102,D_city,4080.164009356792
MEDELLÍN,PASTA PARA SECO,2022-06-01,011102,D_city,4108.647806723102
MEDELLÍN,PASTA PARA SECO,2022-07-01,011102,D_city,4104.849666619075
MEDELLÍN,PASTA PARA SECO,2022-08-01,011102,D_city,4127.956443081339
MEDELLÍN,PASTA PARA SECO,2022-09-01,011102,D_city,4115.611303033236
MEDELLÍN,PASTA PARA SECO,2022-10-01,011102,D_city,4225.485246023976
MEDELLÍN,PASTA PARA SECO,2022-11-01,011102,D_city,4379.180883664522
MEDELLÍN,PASTA PARA SECO,2022-12-01,011102,D_city,4413.742477018231
MEDELLÍN,PASTA PARA SECO,2023-01-01,011102,D_city,4455.289206814592
MEDELLÍN,PASTA PARA SECO,2023-02-01,011102,D_city,4480.983504248036
MEDELLÍN,PASTA PARA SECO,2023-03-01,011102,D_city,4486.376626642731
MEDELLÍN,PASTA PARA SECO,2023-04-01,011102,D_city,4470.19777107302
MEDELLÍN,PASTA PARA SECO,2023-05-01,011102,D_city,4459.412721350217
MEDELLÍN,PASTA PARA SECO,2023-06-01,011102,D_city,4439.430470427585
MEDELLÍN,PASTA PARA SECO,2023-07-01,011102,D_city,4434.355988757352
MEDELLÍN,PASTA PARA SECO,2023-08-01,011102,D_city,4474.321647258447
MEDELLÍN,PASTA PARA SECO,2023-09-01,011102,D_city,4483.5214229749245
MEDELLÍN,PASTA PARA SECO,2023-10-01,011102,D_city,4471.466645415224
MEDELLÍN,PASTA PARA SECO,2023-11-01,011102,D_city,4433.087392163252
MEDELLÍN,PASTA PARA SECO,2023-12-01,011102,D_city,4516.200489652814
MEDELLÍN,PASTA PARA SECO,2024-01-01,011102,D_city,4478.762856329635
MEDELLÍN,PASTA PARA SECO,2024-02-01,011102,D_city,4497.163382075645
MEDELLÍN,PASTA PARA SECO,2024-03-01,011102,D_city,4489.231878035808
MEDELLÍN,PASTA PARA SECO,2024-04-01,011102,D_city,4437.2103659413915
MEDELLÍN,PASTA PARA SECO,2024-05-01,011102,D_city,4432.1359509745835
MEDELLÍN,PASTA PARA SECO,2024-06-01,011102,D_city,4406.449070160797
MEDELLÍN,PASTA PARA SECO,2024-07-01,011102,D_city,4400.741407658019
MEDELLÍN,PASTA PARA SECO,2024-08-01,011102,D_city,4383.619587621116
MEDELLÍN,PASTA PARA SECO,2024-09-01,011102,D_city,4421.670452181694
MEDELLÍN,PASTA PARA SECO,2024-10-01,011102,D_city,4398.20473115979
MEDELLÍN,PASTA PARA SECO,2024-11-01,011102,D_city,4447.9940036175785
MEDELLÍN,PASTA PARA SECO,2024-12-01,011102,D_city,4396.619327859623
MEDELLÍN,PASTA PARA SOPA,2019-01-01,011102,D_city,3152.7768350287924
MEDELLÍN,PASTA PARA SOPA,2019-02-01,011102,D_city,3172.245696174068
MEDELLÍN,PASTA PARA SOPA,2019-03-01,011102,D_city,3167.074735473943
MEDELLÍN,PASTA PARA SOPA,2019-04-01,011102,D_city,3169.203994421148
MEDELLÍN,PASTA PARA SOPA,2019-05-01,011102,D_city,3174.678975699905
MEDELLÍN,PASTA PARA SOPA,2019-06-01,011102,D_city,3157.9487072846932
MEDELLÍN,PASTA PARA SOPA,2019-07-01,011102,D_city,3151.8641173661854
MEDELLÍN,PASTA PARA SOPA,2019-08-01,011102,D_city,3176.1997384746787
MEDELLÍN,PASTA PARA SOPA,2019-09-01,011102,D_city,3187.756608854312
MEDELLÍN,PASTA PARA SOPA,2019-10-01,011102,D_city,3192.926258522522
MEDELLÍN,PASTA PARA SOPA,2019-11-01,011102,D_city,3203.8726754195964
MEDELLÍN,PASTA PARA SOPA,2019-12-01,011102,D_city,3203.2645794471796
MEDELLÍN,PASTA PARA SOPA,2020-01-01,011102,D_city,3208.129221278082
MEDELLÍN,PASTA PARA SOPA,2020-02-01,011102,D_city,3237.3110492864153
MEDELLÍN,PASTA PARA SOPA,2020-03-01,011102,D_city,3227.8888763074165
MEDELLÍN,PASTA PARA SOPA,2020-04-01,011102,D_city,3278.3306710059865
MEDELLÍN,PASTA PARA SOPA,2020-05-01,011102,D_city,3288.6583749565725
MEDELLÍN,PASTA PARA SOPA,2020-06-01,011102,D_city,3300.8069964438046
MEDELLÍN,PASTA PARA SOPA,2020-07-01,011102,D_city,3339.670905522623
MEDELLÍN,PASTA PARA SOPA,2020-08-01,011102,D_city,3400.3605595893328
MEDELLÍN,PASTA PARA SOPA,2020-09-01,011102,D_city,3427.96033290038
MEDELLÍN,PASTA PARA SOPA,2020-10-01,011102,D_city,3446.1532428587443
MEDELLÍN,PASTA PARA SOPA,2020-11-01,011102,D_city,3445.2436864565598
MEDELLÍN,PASTA PARA SOPA,2020-12-01,011102,D_city,3453.12619785169
MEDELLÍN,PASTA PARA SOPA,2021-01-01,011102,D_city,3460.7048741669987
MEDELLÍN,PASTA PARA SOPA,2021-02-01,011102,D_city,3471.6170317317274
MEDELLÍN,PASTA PARA SOPA,2021-03-01,011102,D_city,3475.254120216235
MEDELLÍN,PASTA PARA SOPA,2021-04-01,011102,D_city,3477.07260879595
MEDELLÍN,PASTA PARA SOPA,2021-05-01,011102,D_city,3457.97662531245
MEDELLÍN,PASTA PARA SOPA,2021-06-01,011102,D_city,3484.0431383582786
MEDELLÍN,PASTA PARA SOPA,2021-07-01,011102,D_city,3487.0736337307703
MEDELLÍN,PASTA PARA SOPA,2021-08-01,011102,D_city,3484.3461925189995
MEDELLÍN,PASTA PARA SOPA,2021-09-01,011102,D_city,3514.3434828492846
MEDELLÍN,PASTA PARA SOPA,2021-10-01,011102,D_city,3508.8901750632904
MEDELLÍN,PASTA PARA SOPA,2021-11-01,011102,D_city,3579.454864427754
MEDELLÍN,PASTA PARA SOPA,2021-12-01,011102,D_city,3618.4994843585305
MEDELLÍN,PASTA PARA SOPA,2022-01-01,011102,D_city,3682.327858322098
MEDELLÍN,PASTA PARA SOPA,2022-02-01,011102,D_city,3842.7685597373256
MEDELLÍN,PASTA PARA SOPA,2022-03-01,011102,D_city,4033.085879041807
MEDELLÍN,PASTA PARA SOPA,2022-04-01,011102,D_city,4094.5391300379642
MEDELLÍN,PASTA PARA SOPA,2022-05-01,011102,D_city,4141.207491505703
MEDELLÍN,PASTA PARA SOPA,2022-06-01,011102,D_city,4168.295827995992
MEDELLÍN,PASTA PARA SOPA,2022-07-01,011102,D_city,4164.6844473136325
MEDELLÍN,PASTA PARA SOPA,2022-08-01,011102,D_city,4186.6517960229
MEDELLÍN,PASTA PARA SOPA,2022-09-01,011102,D_city,4174.916375830407
MEDELLÍN,PASTA PARA SOPA,2022-10-01,011102,D_city,4279.286778253956
MEDELLÍN,PASTA PARA SOPA,2022-11-01,011102,D_city,4424.999122231674
MEDELLÍN,PASTA PARA SOPA,2022-12-01,011102,D_city,4457.720891177235
MEDELLÍN,PASTA PARA SOPA,2023-01-01,011102,D_city,4497.034672832874
MEDELLÍN,PASTA PARA SOPA,2023-02-01,011102,D_city,4521.33648412238
MEDELLÍN,PASTA PARA SOPA,2023-03-01,011102,D_city,4526.43621682142
MEDELLÍN,PASTA PARA SOPA,2023-04-01,011102,D_city,4511.136345606259
MEDELLÍN,PASTA PARA SOPA,2023-05-01,011102,D_city,4500.935307775938
MEDELLÍN,PASTA PARA SOPA,2023-06-01,011102,D_city,4482.031000233657
MEDELLÍN,PASTA PARA SOPA,2023-07-01,011102,D_city,4477.229411704436
MEDELLÍN,PASTA PARA SOPA,2023-08-01,011102,D_city,4515.0365046397355
MEDELLÍN,PASTA PARA SOPA,2023-09-01,011102,D_city,4523.7363862552465
MEDELLÍN,PASTA PARA SOPA,2023-10-01,011102,D_city,4512.336408537099
MEDELLÍN,PASTA PARA SOPA,2023-11-01,011102,D_city,4476.028983208968
MEDELLÍN,PASTA PARA SOPA,2023-12-01,011102,D_city,4554.630702400864
MEDELLÍN,PASTA PARA SOPA,2024-01-01,011102,D_city,4519.236529013891
MEDELLÍN,PASTA PARA SOPA,2024-02-01,011102,D_city,4536.635010463369
MEDELLÍN,PASTA PARA SOPA,2024-03-01,011102,D_city,4529.135984602995
MEDELLÍN,PASTA PARA SOPA,2024-04-01,011102,D_city,4479.930329942883
MEDELLÍN,PASTA PARA SOPA,2024-05-01,011102,D_city,4475.128653599978
MEDELLÍN,PASTA PARA SOPA,2024-06-01,011102,D_city,4450.81707956726
MEDELLÍN,PASTA PARA SOPA,2024-07-01,011102,D_city,4445.413805342792
MEDELLÍN,PASTA PARA SOPA,2024-08-01,011102,D_city,4429.202444867857
MEDELLÍN,PASTA PARA SOPA,2024-09-01,011102,D_city,4465.224561450445
MEDELLÍN,PASTA PARA SOPA,2024-10-01,011102,D_city,4443.012267954589
MEDELLÍN,PASTA PARA SOPA,2024-11-01,011102,D_city,4490.133226233227
MEDELLÍN,PASTA PARA SOPA,2024-12-01,011102,D_city,4441.511281387225
MEDELLÍN,PESCADO DE MAR,2019-01-01,011303,D_city,11151.339658657509
MEDELLÍN,PESCADO DE MAR,2019-02-01,011303,D_city,11263.111779296254
MEDELLÍN,PESCADO DE MAR,2019-03-01,011303,D_city,11310.408669155471
MEDELLÍN,PESCADO DE MAR,2019-04-01,011303,D_city,11386.173828657174
MEDELLÍN,PESCADO DE MAR,2019-05-01,011303,D_city,11400.776205850041
MEDELLÍN,PESCADO DE MAR,2019-06-01,011303,D_city,11413.463126926752
MEDELLÍN,PESCADO DE MAR,2019-07-01,011303,D_city,11407.120920134785
MEDELLÍN,PESCADO DE MAR,2019-08-01,011303,D_city,11412.194886005771
MEDELLÍN,PESCADO DE MAR,2019-09-01,011303,D_city,11400.776205850041
MEDELLÍN,PESCADO DE MAR,2019-10-01,011303,D_city,11432.47473603627
MEDELLÍN,PESCADO DE MAR,2019-11-01,011303,D_city,11445.136666276023
MEDELLÍN,PESCADO DE MAR,2019-12-01,011303,D_city,11440.073089611902
MEDELLÍN,PESCADO DE MAR,2020-01-01,011303,D_city,11436.274361391452
MEDELLÍN,PESCADO DE MAR,2020-02-01,011303,D_city,11458.420985365097
MEDELLÍN,PESCADO DE MAR,2020-03-01,011303,D_city,11597.565182451379
MEDELLÍN,PESCADO DE MAR,2020-04-01,011303,D_city,11928.985638473676
MEDELLÍN,PESCADO DE MAR,2020-05-01,011303,D_city,12027.629264136272
MEDELLÍN,PESCADO DE MAR,2020-06-01,011303,D_city,12039.842976050193
MEDELLÍN,PESCADO DE MAR,2020-07-01,011303,D_city,12038.011480845842
MEDELLÍN,PESCADO DE MAR,2020-08-01,011303,D_city,12109.29372435308
MEDELLÍN,PESCADO DE MAR,2020-09-01,011303,D_city,12113.549014890958
MEDELLÍN,PESCADO DE MAR,2020-10-01,011303,D_city,12145.73323716999
MEDELLÍN,PESCADO DE MAR,2020-11-01,011303,D_city,12149.979451596839
MEDELLÍN,PESCADO DE MAR,2020-12-01,011303,D_city,12189.963463379323
MEDELLÍN,PESCADO DE MAR,2021-01-01,011303,D_city,12231.061840498234
MEDELLÍN,PESCADO DE MAR,2021-02-01,011303,D_city,12246.750002421164
MEDELLÍN,PESCADO DE MAR,2021-03-01,011303,D_city,12272.062287964358
MEDELLÍN,PESCADO DE MAR,2021-04-01,011303,D_city,12313.566394616582
MEDELLÍN,PESCADO DE MAR,2021-05-01,011303,D_city,12332.780955099484
MEDELLÍN,PESCADO DE MAR,2021-06-01,011303,D_city,12350.175788037815
MEDELLÍN,PESCADO DE MAR,2021-07-01,011303,D_city,12428.536506877455
MEDELLÍN,PESCADO DE MAR,2021-08-01,011303,D_city,12484.549053391514
MEDELLÍN,PESCADO DE MAR,2021-09-01,011303,D_city,12587.76341362741
MEDELLÍN,PESCADO DE MAR,2021-10-01,011303,D_city,12611.996528887454
MEDELLÍN,PESCADO DE MAR,2021-11-01,011303,D_city,12662.130796092526
MEDELLÍN,PESCADO DE MAR,2021-12-01,011303,D_city,12744.985056415622
MEDELLÍN,PESCADO DE MAR,2022-01-01,011303,D_city,12787.73112079154
MEDELLÍN,PESCADO DE MAR,2022-02-01,011303,D_city,12892.11962161796
MEDELLÍN,PESCADO DE MAR,2022-03-01,011303,D_city,13039.223794806623
MEDELLÍN,PESCADO DE MAR,2022-04-01,011303,D_city,13139.318555471746
MEDELLÍN,PESCADO DE MAR,2022-05-01,011303,D_city,13192.595774016947
MEDELLÍN,PESCADO DE MAR,2022-06-01,011303,D_city,13339.603277205002
MEDELLÍN,PESCADO DE MAR,2022-07-01,011303,D_city,13396.273982344825
MEDELLÍN,PESCADO DE MAR,2022-08-01,011303,D_city,13552.931202948555
MEDELLÍN,PESCADO DE MAR,2022-09-01,011303,D_city,13916.496998689256
MEDELLÍN,PESCADO DE MAR,2022-10-01,011303,D_city,13939.064178815275
MEDELLÍN,PESCADO DE MAR,2022-11-01,011303,D_city,14120.85652767904
MEDELLÍN,PESCADO DE MAR,2022-12-01,011303,D_city,14306.401210492548
MEDELLÍN,PESCADO DE MAR,2023-01-01,011303,D_city,14407.133861664614
MEDELLÍN,PESCADO DE MAR,2023-02-01,011303,D_city,14515.387205265995
MEDELLÍN,PESCADO DE MAR,2023-03-01,011303,D_city,14595.935834238384
MEDELLÍN,PESCADO DE MAR,2023-04-01,011303,D_city,14693.132908348784
MEDELLÍN,PESCADO DE MAR,2023-05-01,011303,D_city,14600.194495103977
MEDELLÍN,PESCADO DE MAR,2023-06-01,011303,D_city,14575.16220009681
MEDELLÍN,PESCADO DE MAR,2023-07-01,011303,D_city,14500.416104950638
MEDELLÍN,PESCADO DE MAR,2023-08-01,011303,D_city,14437.202476906876
MEDELLÍN,PESCADO DE MAR,2023-09-01,011303,D_city,14435.592787052527
MEDELLÍN,PESCADO DE MAR,2023-10-01,011303,D_city,14401.759771537814
MEDELLÍN,PESCADO DE MAR,2023-11-01,011303,D_city,14308.56119220076
MEDELLÍN,PESCADO DE MAR,2023-12-01,011303,D_city,14264.776275647966
MEDELLÍN,PESCADO DE MAR,2024-01-01,011303,D_city,14237.700804647113
MEDELLÍN,PESCADO DE MAR,2024-02-01,011303,D_city,14222.522543386021
MEDELLÍN,PESCADO DE MAR,2024-03-01,011303,D_city,14235.533185963197
MEDELLÍN,PESCADO DE MAR,2024-04-01,011303,D_city,14275.596240024473
MEDELLÍN,PESCADO DE MAR,2024-05-01,011303,D_city,14058.075525396642
MEDELLÍN,PESCADO DE MAR,2024-06-01,011303,D_city,14231.739288611505
MEDELLÍN,PESCADO DE MAR,2024-07-01,011303,D_city,14472.583440701106
MEDELLÍN,PESCADO DE MAR,2024-08-01,011303,D_city,14445.785335878754
MEDELLÍN,PESCADO DE MAR,2024-09-01,011303,D_city,14464.54771509667
MEDELLÍN,PESCADO DE MAR,2024-10-01,011303,D_city,14512.71459969132
MEDELLÍN,PESCADO DE MAR,2024-11-01,011303,D_city,14580.490778468147
MEDELLÍN,PESCADO DE MAR,2024-12-01,011303,D_city,14572.497391570156
MEDELLÍN,PESCADO DE RÍO,2019-01-01,011303,BASE_lowR2,10098.865874613888
MEDELLÍN,PESCADO DE RÍO,2019-02-01,011303,BASE_lowR2,10272.657058688937
MEDELLÍN,PESCADO DE RÍO,2019-03-01,011303,BASE_lowR2,10346.568251916258
MEDELLÍN,PESCADO DE RÍO,2019-04-01,011303,BASE_lowR2,10465.425441025054
MEDELLÍN,PESCADO DE RÍO,2019-05-01,011303,BASE_lowR2,10488.397838920033
MEDELLÍN,PESCADO DE RÍO,2019-06-01,011303,BASE_lowR2,10508.373837089579
MEDELLÍN,PESCADO DE RÍO,2019-07-01,011303,BASE_lowR2,10498.385838004806
MEDELLÍN,PESCADO DE RÍO,2019-08-01,011303,BASE_lowR2,10506.376237272623
MEDELLÍN,PESCADO DE RÍO,2019-09-01,011303,BASE_lowR2,10488.397838920033
MEDELLÍN,PESCADO DE RÍO,2019-10-01,011303,BASE_lowR2,10538.337834343896
MEDELLÍN,PESCADO DE RÍO,2019-11-01,011303,BASE_lowR2,10558.313832513442
MEDELLÍN,PESCADO DE RÍO,2019-12-01,011303,BASE_lowR2,10550.323433245625
MEDELLÍN,PESCADO DE RÍO,2020-01-01,011303,BASE_lowR2,10544.330633794762
MEDELLÍN,PESCADO DE RÍO,2020-02-01,011303,BASE_lowR2,10579.288630591465
MEDELLÍN,PESCADO DE RÍO,2020-03-01,011303,BASE_lowR2,10800.023410364947
MEDELLÍN,PESCADO DE RÍO,2020-04-01,011303,BASE_lowR2,11333.38256149182
MEDELLÍN,PESCADO DE RÍO,2020-05-01,011303,BASE_lowR2,11494.189346756666
MEDELLÍN,PESCADO DE RÍO,2020-06-01,011303,BASE_lowR2,11514.16534492621
MEDELLÍN,PESCADO DE RÍO,2020-07-01,011303,BASE_lowR2,11511.168945200778
MEDELLÍN,PESCADO DE RÍO,2020-08-01,011303,BASE_lowR2,11628.028534492621
MEDELLÍN,PESCADO DE RÍO,2020-09-01,011303,BASE_lowR2,11635.020133851962
MEDELLÍN,PESCADO DE RÍO,2020-10-01,011303,BASE_lowR2,11687.956529001258
MEDELLÍN,PESCADO DE RÍO,2020-11-01,011303,BASE_lowR2,11694.9481283606
MEDELLÍN,PESCADO DE RÍO,2020-12-01,011303,BASE_lowR2,11760.8689223201
MEDELLÍN,PESCADO DE RÍO,2021-01-01,011303,BASE_lowR2,11828.78731609656
MEDELLÍN,PESCADO DE RÍO,2021-02-01,011303,BASE_lowR2,11854.756113716965
MEDELLÍN,PESCADO DE RÍO,2021-03-01,011303,BASE_lowR2,11896.705709873013
MEDELLÍN,PESCADO DE RÍO,2021-04-01,011303,BASE_lowR2,11965.622903557945
MEDELLÍN,PESCADO DE RÍO,2021-05-01,011303,BASE_lowR2,11997.584500629218
MEDELLÍN,PESCADO DE RÍO,2021-06-01,011303,BASE_lowR2,12026.54969797506
MEDELLÍN,PESCADO DE RÍO,2021-07-01,011303,BASE_lowR2,12157.392485985585
MEDELLÍN,PESCADO DE RÍO,2021-08-01,011303,BASE_lowR2,12251.27967738245
MEDELLÍN,PESCADO DE RÍO,2021-09-01,011303,BASE_lowR2,12425.0708614575
MEDELLÍN,PESCADO DE RÍO,2021-10-01,011303,BASE_lowR2,12466.021657705069
MEDELLÍN,PESCADO DE RÍO,2021-11-01,011303,BASE_lowR2,12550.91964992564
MEDELLÍN,PESCADO DE RÍO,2021-12-01,011303,BASE_lowR2,12691.750437020935
MEDELLÍN,PESCADO DE RÍO,2022-01-01,011303,BASE_lowR2,12764.66283033978
MEDELLÍN,PESCADO DE RÍO,2022-02-01,011303,BASE_lowR2,12943.448013957215
MEDELLÍN,PESCADO DE RÍO,2022-03-01,011303,BASE_lowR2,13197.143190710447
MEDELLÍN,PESCADO DE RÍO,2022-04-01,011303,BASE_lowR2,13370.934374785496
MEDELLÍN,PESCADO DE RÍO,2022-05-01,011303,BASE_lowR2,13463.822766273883
MEDELLÍN,PESCADO DE RÍO,2022-06-01,011303,BASE_lowR2,13721.513142661024
MEDELLÍN,PESCADO DE RÍO,2022-07-01,011303,BASE_lowR2,13821.393133508753
MEDELLÍN,PESCADO DE RÍO,2022-08-01,011303,BASE_lowR2,14099.05950806544
MEDELLÍN,PESCADO DE RÍO,2022-09-01,011303,BASE_lowR2,14752.274648209588
MEDELLÍN,PESCADO DE RÍO,2022-10-01,011303,BASE_lowR2,14793.225444457157
MEDELLÍN,PESCADO DE RÍO,2022-11-01,011303,BASE_lowR2,15124.827014071618
MEDELLÍN,PESCADO DE RÍO,2022-12-01,011303,BASE_lowR2,15466.416582770851
MEDELLÍN,PESCADO DE RÍO,2023-01-01,011303,BASE_lowR2,15653.192165656104
MEDELLÍN,PESCADO DE RÍO,2023-02-01,011303,BASE_lowR2,15854.949747168517
MEDELLÍN,PESCADO DE RÍO,2023-03-01,011303,BASE_lowR2,16005.768533348588
MEDELLÍN,PESCADO DE RÍO,2023-04-01,011303,BASE_lowR2,16188.548916599933
MEDELLÍN,PESCADO DE RÍO,2023-05-01,011303,BASE_lowR2,16013.758932616409
MEDELLÍN,PESCADO DE RÍO,2023-06-01,011303,BASE_lowR2,15966.815336917976
MEDELLÍN,PESCADO DE RÍO,2023-07-01,011303,BASE_lowR2,15826.983349731154
MEDELLÍN,PESCADO DE RÍO,2023-08-01,011303,BASE_lowR2,15709.124960530833
MEDELLÍN,PESCADO DE RÍO,2023-09-01,011303,BASE_lowR2,15706.1285608054
MEDELLÍN,PESCADO DE RÍO,2023-10-01,011303,BASE_lowR2,15643.204166571333
MEDELLÍN,PESCADO DE RÍO,2023-11-01,011303,BASE_lowR2,15470.411782404759
MEDELLÍN,PESCADO DE RÍO,2023-12-01,011303,BASE_lowR2,15389.508989818101
MEDELLÍN,PESCADO DE RÍO,2024-01-01,011303,BASE_lowR2,15339.568994394236
MEDELLÍN,PESCADO DE RÍO,2024-02-01,011303,BASE_lowR2,15311.602596956873
MEDELLÍN,PESCADO DE RÍO,2024-03-01,011303,BASE_lowR2,15335.573794760325
MEDELLÍN,PESCADO DE RÍO,2024-04-01,011303,BASE_lowR2,15409.484987987646
MEDELLÍN,PESCADO DE RÍO,2024-05-01,011303,BASE_lowR2,15009.96502459673
MEDELLÍN,PESCADO DE RÍO,2024-06-01,011303,BASE_lowR2,15328.582195400986
MEDELLÍN,PESCADO DE RÍO,2024-07-01,011303,BASE_lowR2,15775.045754490335
MEDELLÍN,PESCADO DE RÍO,2024-08-01,011303,BASE_lowR2,15725.105759066468
MEDELLÍN,PESCADO DE RÍO,2024-09-01,011303,BASE_lowR2,15760.063755863173
MEDELLÍN,PESCADO DE RÍO,2024-10-01,011303,BASE_lowR2,15849.955747626129
MEDELLÍN,PESCADO DE RÍO,2024-11-01,011303,BASE_lowR2,15976.803336002748
MEDELLÍN,PESCADO DE RÍO,2024-12-01,011303,BASE_lowR2,15961.821337375588
MEDELLÍN,PESCADO ENLATADO,2019-01-01,011303,BASE_lowR2,11864.456305914655
MEDELLÍN,PESCADO ENLATADO,2019-02-01,011303,BASE_lowR2,12068.63150097243
MEDELLÍN,PESCADO ENLATADO,2019-03-01,011303,BASE_lowR2,12155.464629905047
MEDELLÍN,PESCADO ENLATADO,2019-04-01,011303,BASE_lowR2,12295.101688593984
MEDELLÍN,PESCADO ENLATADO,2019-05-01,011303,BASE_lowR2,12322.09036380277
MEDELLÍN,PESCADO ENLATADO,2019-06-01,011303,BASE_lowR2,12345.558777027802
MEDELLÍN,PESCADO ENLATADO,2019-07-01,011303,BASE_lowR2,12333.824570415287
MEDELLÍN,PESCADO ENLATADO,2019-08-01,011303,BASE_lowR2,12343.211935705298
MEDELLÍN,PESCADO ENLATADO,2019-09-01,011303,BASE_lowR2,12322.09036380277
MEDELLÍN,PESCADO ENLATADO,2019-10-01,011303,BASE_lowR2,12380.761396865348
MEDELLÍN,PESCADO ENLATADO,2019-11-01,011303,BASE_lowR2,12404.229810090379
MEDELLÍN,PESCADO ENLATADO,2019-12-01,011303,BASE_lowR2,12394.842444800368
MEDELLÍN,PESCADO ENLATADO,2020-01-01,011303,BASE_lowR2,12387.801920832859
MEDELLÍN,PESCADO ENLATADO,2020-02-01,011303,BASE_lowR2,12428.871643976663
MEDELLÍN,PESCADO ENLATADO,2020-03-01,011303,BASE_lowR2,12688.19761011326
MEDELLÍN,PESCADO ENLATADO,2020-04-01,011303,BASE_lowR2,13314.804243221599
MEDELLÍN,PESCADO ENLATADO,2020-05-01,011303,BASE_lowR2,13503.724969683104
MEDELLÍN,PESCADO ENLATADO,2020-06-01,011303,BASE_lowR2,13527.193382908135
MEDELLÍN,PESCADO ENLATADO,2020-07-01,011303,BASE_lowR2,13523.67312092438
MEDELLÍN,PESCADO ENLATADO,2020-08-01,011303,BASE_lowR2,13660.963338290814
MEDELLÍN,PESCADO ENLATADO,2020-09-01,011303,BASE_lowR2,13669.177282919574
MEDELLÍN,PESCADO ENLATADO,2020-10-01,011303,BASE_lowR2,13731.368577965908
MEDELLÍN,PESCADO ENLATADO,2020-11-01,011303,BASE_lowR2,13739.58252259467
MEDELLÍN,PESCADO ENLATADO,2020-12-01,011303,BASE_lowR2,13817.028286237273
MEDELLÍN,PESCADO ENLATADO,2021-01-01,011303,BASE_lowR2,13896.820891202382
MEDELLÍN,PESCADO ENLATADO,2021-02-01,011303,BASE_lowR2,13927.32982839492
MEDELLÍN,PESCADO ENLATADO,2021-03-01,011303,BASE_lowR2,13976.613496167487
MEDELLÍN,PESCADO ENLATADO,2021-04-01,011303,BASE_lowR2,14057.579521793847
MEDELLÍN,PESCADO ENLATADO,2021-05-01,011303,BASE_lowR2,14095.128982953896
MEDELLÍN,PESCADO ENLATADO,2021-06-01,011303,BASE_lowR2,14129.158182130192
MEDELLÍN,PESCADO ENLATADO,2021-07-01,011303,BASE_lowR2,14282.876288754147
MEDELLÍN,PESCADO ENLATADO,2021-08-01,011303,BASE_lowR2,14393.177830911796
MEDELLÍN,PESCADO ENLATADO,2021-09-01,011303,BASE_lowR2,14597.35302596957
MEDELLÍN,PESCADO ENLATADO,2021-10-01,011303,BASE_lowR2,14645.463273080884
MEDELLÍN,PESCADO ENLATADO,2021-11-01,011303,BASE_lowR2,14745.20402928727
MEDELLÍN,PESCADO ENLATADO,2021-12-01,011303,BASE_lowR2,14910.656342523738
MEDELLÍN,PESCADO ENLATADO,2022-01-01,011303,BASE_lowR2,14996.316050795105
MEDELLÍN,PESCADO ENLATADO,2022-02-01,011303,BASE_lowR2,15206.358349159138
MEDELLÍN,PESCADO ENLATADO,2022-03-01,011303,BASE_lowR2,15504.407197117036
MEDELLÍN,PESCADO ENLATADO,2022-04-01,011303,BASE_lowR2,15708.58239217481
MEDELLÍN,PESCADO ENLATADO,2022-05-01,011303,BASE_lowR2,15817.710513671207
MEDELLÍN,PESCADO ENLATADO,2022-06-01,011303,BASE_lowR2,16120.453044274112
MEDELLÍN,PESCADO ENLATADO,2022-07-01,011303,BASE_lowR2,16237.79511039927
MEDELLÍN,PESCADO ENLATADO,2022-08-01,011303,BASE_lowR2,16564.006054227208
MEDELLÍN,PESCADO ENLATADO,2022-09-01,011303,BASE_lowR2,17331.423166685734
MEDELLÍN,PESCADO ENLATADO,2022-10-01,011303,BASE_lowR2,17379.533413797053
MEDELLÍN,PESCADO ENLATADO,2022-11-01,011303,BASE_lowR2,17769.109073332573
MEDELLÍN,PESCADO ENLATADO,2022-12-01,011303,BASE_lowR2,18170.41893948061
MEDELLÍN,PESCADO ENLATADO,2023-01-01,011303,BASE_lowR2,18389.848603134655
MEDELLÍN,PESCADO ENLATADO,2023-02-01,011303,BASE_lowR2,18626.879576707473
MEDELLÍN,PESCADO ENLATADO,2023-03-01,011303,BASE_lowR2,18804.06609655646
MEDELLÍN,PESCADO ENLATADO,2023-04-01,011303,BASE_lowR2,19018.8020775655
MEDELLÍN,PESCADO ENLATADO,2023-05-01,011303,BASE_lowR2,18813.453461846475
MEDELLÍN,PESCADO ENLATADO,2023-06-01,011303,BASE_lowR2,18758.30269076765
MEDELLÍN,PESCADO ENLATADO,2023-07-01,011303,BASE_lowR2,18594.02379819243
MEDELLÍN,PESCADO ENLATADO,2023-08-01,011303,BASE_lowR2,18455.560160164743
MEDELLÍN,PESCADO ENLATADO,2023-09-01,011303,BASE_lowR2,18452.03989818099
MEDELLÍN,PESCADO ENLATADO,2023-10-01,011303,BASE_lowR2,18378.11439652214
MEDELLÍN,PESCADO ENLATADO,2023-11-01,011303,BASE_lowR2,18175.112622125616
MEDELLÍN,PESCADO ENLATADO,2023-12-01,011303,BASE_lowR2,18080.065548564242
MEDELLÍN,PESCADO ENLATADO,2024-01-01,011303,BASE_lowR2,18021.394515501663
MEDELLÍN,PESCADO ENLATADO,2024-02-01,011303,BASE_lowR2,17988.53873698662
MEDELLÍN,PESCADO ENLATADO,2024-03-01,011303,BASE_lowR2,18016.700832856655
MEDELLÍN,PESCADO ENLATADO,2024-04-01,011303,BASE_lowR2,18103.53396178927
MEDELLÍN,PESCADO ENLATADO,2024-05-01,011303,BASE_lowR2,17634.16569728864
MEDELLÍN,PESCADO ENLATADO,2024-06-01,011303,BASE_lowR2,18008.486888227893
MEDELLÍN,PESCADO ENLATADO,2024-07-01,011303,BASE_lowR2,18533.005923807348
MEDELLÍN,PESCADO ENLATADO,2024-08-01,011303,BASE_lowR2,18474.334890744765
MEDELLÍN,PESCADO ENLATADO,2024-09-01,011303,BASE_lowR2,18515.40461388857
MEDELLÍN,PESCADO ENLATADO,2024-10-01,011303,BASE_lowR2,18621.012473401213
MEDELLÍN,PESCADO ENLATADO,2024-11-01,011303,BASE_lowR2,18770.036897380167
MEDELLÍN,PESCADO ENLATADO,2024-12-01,011303,BASE_lowR2,18752.43558746139
MEDELLÍN,PIÑAS,2019-01-01,011609,BASE_lowR2,1194.6277513586958
MEDELLÍN,PIÑAS,2019-02-01,011609,BASE_lowR2,1274.9252486413045
MEDELLÍN,PIÑAS,2019-03-01,011609,BASE_lowR2,1404.8590951086958
MEDELLÍN,PIÑAS,2019-04-01,011609,BASE_lowR2,1391.6690163043481
MEDELLÍN,PIÑAS,2019-05-01,011609,BASE_lowR2,1302.5781331521741
MEDELLÍN,PIÑAS,2019-06-01,011609,BASE_lowR2,1328.9582907608697
MEDELLÍN,PIÑAS,2019-07-01,011609,BASE_lowR2,1401.5037241847829
MEDELLÍN,PIÑAS,2019-08-01,011609,BASE_lowR2,1518.2474918478263
MEDELLÍN,PIÑAS,2019-09-01,011609,BASE_lowR2,1614.6276290760873
MEDELLÍN,PIÑAS,2019-10-01,011609,BASE_lowR2,1600.6276331521742
MEDELLÍN,PIÑAS,2019-11-01,011609,BASE_lowR2,1506.6772472826087
MEDELLÍN,PIÑAS,2019-12-01,011609,BASE_lowR2,1388.892157608696
MEDELLÍN,PIÑAS,2020-01-01,011609,BASE_lowR2,1399.1896752717394
MEDELLÍN,PIÑAS,2020-02-01,011609,BASE_lowR2,1478.7929578804349
MEDELLÍN,PIÑAS,2020-03-01,011609,BASE_lowR2,1664.7267880434786
MEDELLÍN,PIÑAS,2020-04-01,011609,BASE_lowR2,1752.08213451087
MEDELLÍN,PIÑAS,2020-05-01,011609,BASE_lowR2,1613.933414402174
MEDELLÍN,PIÑAS,2020-06-01,011609,BASE_lowR2,1461.437591032609
MEDELLÍN,PIÑAS,2020-07-01,011609,BASE_lowR2,1423.602891304348
MEDELLÍN,PIÑAS,2020-08-01,011609,BASE_lowR2,1552.1483084239135
MEDELLÍN,PIÑAS,2020-09-01,011609,BASE_lowR2,1597.3879646739133
MEDELLÍN,PIÑAS,2020-10-01,011609,BASE_lowR2,1645.057372282609
MEDELLÍN,PIÑAS,2020-11-01,011609,BASE_lowR2,1646.445801630435
MEDELLÍN,PIÑAS,2020-12-01,011609,BASE_lowR2,1568.1152459239133
MEDELLÍN,PIÑAS,2021-01-01,011609,BASE_lowR2,1559.0904551630435
MEDELLÍN,PIÑAS,2021-02-01,011609,BASE_lowR2,1589.057388586957
MEDELLÍN,PIÑAS,2021-03-01,011609,BASE_lowR2,1660.2143926630438
MEDELLÍN,PIÑAS,2021-04-01,011609,BASE_lowR2,1704.6441317934787
MEDELLÍN,PIÑAS,2021-05-01,011609,BASE_lowR2,1734.379660326087
MEDELLÍN,PIÑAS,2021-06-01,011609,BASE_lowR2,1664.7267880434786
MEDELLÍN,PIÑAS,2021-07-01,011609,BASE_lowR2,1756.3631250000005
MEDELLÍN,PIÑAS,2021-08-01,011609,BASE_lowR2,1900.644074728261
MEDELLÍN,PIÑAS,2021-09-01,011609,BASE_lowR2,1910.1316752717396
MEDELLÍN,PIÑAS,2021-10-01,011609,BASE_lowR2,1990.1977676630436
MEDELLÍN,PIÑAS,2021-11-01,011609,BASE_lowR2,1894.2804402173915
MEDELLÍN,PIÑAS,2021-12-01,011609,BASE_lowR2,1840.1316956521741
MEDELLÍN,PIÑAS,2022-01-01,011609,BASE_lowR2,1960.462239130435
MEDELLÍN,PIÑAS,2022-02-01,011609,BASE_lowR2,2095.024183423913
MEDELLÍN,PIÑAS,2022-03-01,011609,BASE_lowR2,2224.4952201086962
MEDELLÍN,PIÑAS,2022-04-01,011609,BASE_lowR2,2226.9249714673915
MEDELLÍN,PIÑAS,2022-05-01,011609,BASE_lowR2,2149.635737771739
MEDELLÍN,PIÑAS,2022-06-01,011609,BASE_lowR2,2166.643997282609
MEDELLÍN,PIÑAS,2022-07-01,011609,BASE_lowR2,2226.9249714673915
MEDELLÍN,PIÑAS,2022-08-01,011609,BASE_lowR2,2387.6356684782613
MEDELLÍN,PIÑAS,2022-09-01,011609,BASE_lowR2,2614.7595692934788
MEDELLÍN,PIÑAS,2022-10-01,011609,BASE_lowR2,2618.924857336957
MEDELLÍN,PIÑAS,2022-11-01,011609,BASE_lowR2,2431.4868953804353
MEDELLÍN,PIÑAS,2022-12-01,011609,BASE_lowR2,2333.139816576087
MEDELLÍN,PIÑAS,2023-01-01,011609,BASE_lowR2,2442.015817934783
MEDELLÍN,PIÑAS,2023-02-01,011609,BASE_lowR2,2710.9083016304353
MEDELLÍN,PIÑAS,2023-03-01,011609,BASE_lowR2,2948.908232336957
MEDELLÍN,PIÑAS,2023-04-01,011609,BASE_lowR2,2808.676868206522
MEDELLÍN,PIÑAS,2023-05-01,011609,BASE_lowR2,2598.908334239131
MEDELLÍN,PIÑAS,2023-06-01,011609,BASE_lowR2,2535.2719891304355
MEDELLÍN,PIÑAS,2023-07-01,011609,BASE_lowR2,2802.7760434782613
MEDELLÍN,PIÑAS,2023-08-01,011609,BASE_lowR2,3097.354470108696
MEDELLÍN,PIÑAS,2023-09-01,011609,BASE_lowR2,3217.916418478261
MEDELLÍN,PIÑAS,2023-10-01,011609,BASE_lowR2,3265.9329334239133
MEDELLÍN,PIÑAS,2023-11-01,011609,BASE_lowR2,2973.437150815218
MEDELLÍN,PIÑAS,2023-12-01,011609,BASE_lowR2,2775.8173736413046
MEDELLÍN,PIÑAS,2024-01-01,011609,BASE_lowR2,2931.0900557065224
MEDELLÍN,PIÑAS,2024-02-01,011609,BASE_lowR2,3135.5362771739133
MEDELLÍN,PIÑAS,2024-03-01,011609,BASE_lowR2,3457.998993206522
MEDELLÍN,PIÑAS,2024-04-01,011609,BASE_lowR2,3623.569192934783
MEDELLÍN,PIÑAS,2024-05-01,011609,BASE_lowR2,3361.8502608695658
MEDELLÍN,PIÑAS,2024-06-01,011609,BASE_lowR2,3006.065240489131
MEDELLÍN,PIÑAS,2024-07-01,011609,BASE_lowR2,2924.379313858696
MEDELLÍN,PIÑAS,2024-08-01,011609,BASE_lowR2,3240.4783953804354
MEDELLÍN,PIÑAS,2024-09-01,011609,BASE_lowR2,3590.478293478261
MEDELLÍN,PIÑAS,2024-10-01,011609,BASE_lowR2,3519.552694293479
MEDELLÍN,PIÑAS,2024-11-01,011609,BASE_lowR2,3334.4287812500006
MEDELLÍN,PIÑAS,2024-12-01,011609,BASE_lowR2,3090.8751331521744
MEDELLÍN,PLÁTANO,2019-01-01,011704,D_city,938.5796688397018
MEDELLÍN,PLÁTANO,2019-02-01,011704,D_city,898.6823527798348
MEDELLÍN,PLÁTANO,2019-03-01,011704,D_city,960.7117618597568
MEDELLÍN,PLÁTANO,2019-04-01,011704,D_city,1081.0984356927836
MEDELLÍN,PLÁTANO,2019-05-01,011704,D_city,1128.2407841940762
MEDELLÍN,PLÁTANO,2019-06-01,011704,D_city,1213.6924923278686
MEDELLÍN,PLÁTANO,2019-07-01,011704,D_city,1174.0929204944084
MEDELLÍN,PLÁTANO,2019-08-01,011704,D_city,1118.018338148197
MEDELLÍN,PLÁTANO,2019-09-01,011704,D_city,1152.357816990611
MEDELLÍN,PLÁTANO,2019-10-01,011704,D_city,1268.973096984396
MEDELLÍN,PLÁTANO,2019-11-01,011704,D_city,1307.977185657408
MEDELLÍN,PLÁTANO,2019-12-01,011704,D_city,1183.0251547765013
MEDELLÍN,PLÁTANO,2020-01-01,011704,D_city,1143.0285944451718
MEDELLÍN,PLÁTANO,2020-02-01,011704,D_city,1087.5494939439818
MEDELLÍN,PLÁTANO,2020-03-01,011704,D_city,1093.8020580843709
MEDELLÍN,PLÁTANO,2020-04-01,011704,D_city,1189.3769658094332
MEDELLÍN,PLÁTANO,2020-05-01,011704,D_city,1188.9799776201687
MEDELLÍN,PLÁTANO,2020-06-01,011704,D_city,1135.386571705054
MEDELLÍN,PLÁTANO,2020-07-01,011704,D_city,1123.3776787970316
MEDELLÍN,PLÁTANO,2020-08-01,011704,D_city,1105.711704036948
MEDELLÍN,PLÁTANO,2020-09-01,011704,D_city,1075.739094983156
MEDELLÍN,PLÁTANO,2020-10-01,011704,D_city,1094.6952815321358
MEDELLÍN,PLÁTANO,2020-11-01,011704,D_city,1105.711704036948
MEDELLÍN,PLÁTANO,2020-12-01,011704,D_city,1110.8725506046233
MEDELLÍN,PLÁTANO,2021-01-01,011704,D_city,1103.528268948487
MEDELLÍN,PLÁTANO,2021-02-01,011704,D_city,1071.0744836183671
MEDELLÍN,PLÁTANO,2021-03-01,011704,D_city,950.4893153267955
MEDELLÍN,PLÁTANO,2021-04-01,011704,D_city,996.0437127384106
MEDELLÍN,PLÁTANO,2021-05-01,011704,D_city,1160.1983337934769
MEDELLÍN,PLÁTANO,2021-06-01,011704,D_city,997.9294067354687
MEDELLÍN,PLÁTANO,2021-07-01,011704,D_city,935.4037631023048
MEDELLÍN,PLÁTANO,2021-08-01,011704,D_city,965.3763733738249
MEDELLÍN,PLÁTANO,2021-09-01,011704,D_city,988.8979249505111
MEDELLÍN,PLÁTANO,2021-10-01,011704,D_city,1032.6658749163523
MEDELLÍN,PLÁTANO,2021-11-01,011704,D_city,1055.2942025737566
MEDELLÍN,PLÁTANO,2021-12-01,011704,D_city,1113.0559856888165
MEDELLÍN,PLÁTANO,2022-01-01,011704,D_city,1201.286611469253
MEDELLÍN,PLÁTANO,2022-02-01,011704,D_city,1321.8717718697196
MEDELLÍN,PLÁTANO,2022-03-01,011704,D_city,1532.7717361176842
MEDELLÍN,PLÁTANO,2022-04-01,011704,D_city,1662.6861097481074
MEDELLÍN,PLÁTANO,2022-05-01,011704,D_city,1654.746346742187
MEDELLÍN,PLÁTANO,2022-06-01,011704,D_city,1615.444519696341
MEDELLÍN,PLÁTANO,2022-07-01,011704,D_city,1656.135805269033
MEDELLÍN,PLÁTANO,2022-08-01,011704,D_city,1652.6621589512736
MEDELLÍN,PLÁTANO,2022-09-01,011704,D_city,1646.3103485360832
MEDELLÍN,PLÁTANO,2022-10-01,011704,D_city,1695.8346201776126
MEDELLÍN,PLÁTANO,2022-11-01,011704,D_city,1820.1911561327777
MEDELLÍN,PLÁTANO,2022-12-01,011704,D_city,2046.7721327081115
MEDELLÍN,PLÁTANO,2023-01-01,011704,D_city,2209.2395212887113
MEDELLÍN,PLÁTANO,2023-02-01,011704,D_city,2314.0443833846775
MEDELLÍN,PLÁTANO,2023-03-01,011704,D_city,2349.277078184468
MEDELLÍN,PLÁTANO,2023-04-01,011704,D_city,2423.6131013520885
MEDELLÍN,PLÁTANO,2023-05-01,011704,D_city,2405.9471306209557
MEDELLÍN,PLÁTANO,2023-06-01,011704,D_city,2284.56801606451
MEDELLÍN,PLÁTANO,2023-07-01,011704,D_city,2186.710445630027
MEDELLÍN,PLÁTANO,2023-08-01,011704,D_city,1947.8228416654208
MEDELLÍN,PLÁTANO,2023-09-01,011704,D_city,1772.85032032404
MEDELLÍN,PLÁTANO,2023-10-01,011704,D_city,1784.0652353393232
MEDELLÍN,PLÁTANO,2023-11-01,011704,D_city,2006.3785908019065
MEDELLÍN,PLÁTANO,2023-12-01,011704,D_city,1950.8994996836873
MEDELLÍN,PLÁTANO,2024-01-01,011704,D_city,1833.9864939621575
MEDELLÍN,PLÁTANO,2024-02-01,011704,D_city,1672.7100605271153
MEDELLÍN,PLÁTANO,2024-03-01,011704,D_city,1729.3801185614018
MEDELLÍN,PLÁTANO,2024-04-01,011704,D_city,1809.968711534292
MEDELLÍN,PLÁTANO,2024-05-01,011704,D_city,1948.3190768297545
MEDELLÍN,PLÁTANO,2024-06-01,011704,D_city,1871.9981081113333
MEDELLÍN,PLÁTANO,2024-07-01,011704,D_city,1750.2219961585604
MEDELLÍN,PLÁTANO,2024-08-01,011704,D_city,1694.6436557343761
MEDELLÍN,PLÁTANO,2024-09-01,011704,D_city,1693.4526912908927
MEDELLÍN,PLÁTANO,2024-10-01,011704,D_city,1843.1172211417331
MEDELLÍN,PLÁTANO,2024-11-01,011704,D_city,1973.0315879665943
MEDELLÍN,PLÁTANO,2024-12-01,011704,D_city,2052.2307194340547
MEDELLÍN,POLLO DESPRESADO POR LIBRA,2019-01-01,011203,D_city,4841.25235486451
MEDELLÍN,POLLO DESPRESADO POR LIBRA,2019-02-01,011203,D_city,4851.366156906884
MEDELLÍN,POLLO DESPRESADO POR LIBRA,2019-03-01,011203,D_city,4854.5077357396885
MEDELLÍN,POLLO DESPRESADO POR LIBRA,2019-04-01,011203,D_city,4866.379750222271
MEDELLÍN,POLLO DESPRESADO POR LIBRA,2019-05-01,011203,D_city,4881.786079532919
MEDELLÍN,POLLO DESPRESADO POR LIBRA,2019-06-01,011203,D_city,4891.581301306999
MEDELLÍN,POLLO DESPRESADO POR LIBRA,2019-07-01,011203,D_city,4877.995507697655
MEDELLÍN,POLLO DESPRESADO POR LIBRA,2019-08-01,011203,D_city,4875.764177589262
MEDELLÍN,POLLO DESPRESADO POR LIBRA,2019-09-01,011203,D_city,4867.050756069904
MEDELLÍN,POLLO DESPRESADO POR LIBRA,2019-10-01,011203,D_city,4884.6824716315
MEDELLÍN,POLLO DESPRESADO POR LIBRA,2019-11-01,011203,D_city,4885.573272255789
MEDELLÍN,POLLO DESPRESADO POR LIBRA,2019-12-01,011203,D_city,4907.782932520852
MEDELLÍN,POLLO DESPRESADO POR LIBRA,2020-01-01,011203,D_city,4910.218949708448
MEDELLÍN,POLLO DESPRESADO POR LIBRA,2020-02-01,011203,D_city,4919.50735903372
MEDELLÍN,POLLO DESPRESADO POR LIBRA,2020-03-01,011203,D_city,4933.4023085108065
MEDELLÍN,POLLO DESPRESADO POR LIBRA,2020-04-01,011203,D_city,4945.935292986646
MEDELLÍN,POLLO DESPRESADO POR LIBRA,2020-05-01,011203,D_city,4952.516965692468
MEDELLÍN,POLLO DESPRESADO POR LIBRA,2020-06-01,011203,D_city,4956.8991694521765
MEDELLÍN,POLLO DESPRESADO POR LIBRA,2020-07-01,011203,D_city,4969.800808553967
MEDELLÍN,POLLO DESPRESADO POR LIBRA,2020-08-01,011203,D_city,4974.383640791826
MEDELLÍN,POLLO DESPRESADO POR LIBRA,2020-09-01,011203,D_city,4993.969637940517
MEDELLÍN,POLLO DESPRESADO POR LIBRA,2020-10-01,011203,D_city,4986.798368791267
MEDELLÍN,POLLO DESPRESADO POR LIBRA,2020-11-01,011203,D_city,5001.129093287141
MEDELLÍN,POLLO DESPRESADO POR LIBRA,2020-12-01,011203,D_city,5005.678984836171
MEDELLÍN,POLLO DESPRESADO POR LIBRA,2021-01-01,011203,D_city,5013.683918550341
MEDELLÍN,POLLO DESPRESADO POR LIBRA,2021-02-01,011203,D_city,5029.434515819539
MEDELLÍN,POLLO DESPRESADO POR LIBRA,2021-03-01,011203,D_city,5084.4396692930495
MEDELLÍN,POLLO DESPRESADO POR LIBRA,2021-04-01,011203,D_city,5122.561068817229
MEDELLÍN,POLLO DESPRESADO POR LIBRA,2021-05-01,011203,D_city,5167.045654263574
MEDELLÍN,POLLO DESPRESADO POR LIBRA,2021-06-01,011203,D_city,5232.959206116773
MEDELLÍN,POLLO DESPRESADO POR LIBRA,2021-07-01,011203,D_city,5270.053571614935
MEDELLÍN,POLLO DESPRESADO POR LIBRA,2021-08-01,011203,D_city,5320.800857889773
MEDELLÍN,POLLO DESPRESADO POR LIBRA,2021-09-01,011203,D_city,5338.330996882456
MEDELLÍN,POLLO DESPRESADO POR LIBRA,2021-10-01,011203,D_city,5357.798427964397
MEDELLÍN,POLLO DESPRESADO POR LIBRA,2021-11-01,011203,D_city,5374.990486254626
MEDELLÍN,POLLO DESPRESADO POR LIBRA,2021-12-01,011203,D_city,5390.131044671663
MEDELLÍN,POLLO DESPRESADO POR LIBRA,2022-01-01,011203,D_city,5409.186388066009
MEDELLÍN,POLLO DESPRESADO POR LIBRA,2022-02-01,011203,D_city,5475.671510016988
MEDELLÍN,POLLO DESPRESADO POR LIBRA,2022-03-01,011203,D_city,5521.935409840402
MEDELLÍN,POLLO DESPRESADO POR LIBRA,2022-04-01,011203,D_city,5551.827289389091
MEDELLÍN,POLLO DESPRESADO POR LIBRA,2022-05-01,011203,D_city,5580.197626313971
MEDELLÍN,POLLO DESPRESADO POR LIBRA,2022-06-01,011203,D_city,5633.4226699579585
MEDELLÍN,POLLO DESPRESADO POR LIBRA,2022-07-01,011203,D_city,5676.714796899726
MEDELLÍN,POLLO DESPRESADO POR LIBRA,2022-08-01,011203,D_city,5708.28486638352
MEDELLÍN,POLLO DESPRESADO POR LIBRA,2022-09-01,011203,D_city,5760.337520244232
MEDELLÍN,POLLO DESPRESADO POR LIBRA,2022-10-01,011203,D_city,5764.574157177076
MEDELLÍN,POLLO DESPRESADO POR LIBRA,2022-11-01,011203,D_city,5765.678778522945
MEDELLÍN,POLLO DESPRESADO POR LIBRA,2022-12-01,011203,D_city,5775.79316441415
MEDELLÍN,POLLO DESPRESADO POR LIBRA,2023-01-01,011203,D_city,5798.522165877314
MEDELLÍN,POLLO DESPRESADO POR LIBRA,2023-02-01,011203,D_city,5849.291757585488
MEDELLÍN,POLLO DESPRESADO POR LIBRA,2023-03-01,011203,D_city,5844.7631734427405
MEDELLÍN,POLLO DESPRESADO POR LIBRA,2023-04-01,011203,D_city,5906.905644735639
MEDELLÍN,POLLO DESPRESADO POR LIBRA,2023-05-01,011203,D_city,5930.127722113971
MEDELLÍN,POLLO DESPRESADO POR LIBRA,2023-06-01,011203,D_city,5916.0283305192415
MEDELLÍN,POLLO DESPRESADO POR LIBRA,2023-07-01,011203,D_city,5946.4988688998355
MEDELLÍN,POLLO DESPRESADO POR LIBRA,2023-08-01,011203,D_city,5950.761093077145
MEDELLÍN,POLLO DESPRESADO POR LIBRA,2023-09-01,011203,D_city,5969.013440519969
MEDELLÍN,POLLO DESPRESADO POR LIBRA,2023-10-01,011203,D_city,5952.358523037371
MEDELLÍN,POLLO DESPRESADO POR LIBRA,2023-11-01,011203,D_city,5977.674122632596
MEDELLÍN,POLLO DESPRESADO POR LIBRA,2023-12-01,011203,D_city,5982.793047275897
MEDELLÍN,POLLO DESPRESADO POR LIBRA,2024-01-01,011203,D_city,6007.259025589714
MEDELLÍN,POLLO DESPRESADO POR LIBRA,2024-02-01,011203,D_city,5997.416023196761
MEDELLÍN,POLLO DESPRESADO POR LIBRA,2024-03-01,011203,D_city,5992.487553985665
MEDELLÍN,POLLO DESPRESADO POR LIBRA,2024-04-01,011203,D_city,5999.350934734733
MEDELLÍN,POLLO DESPRESADO POR LIBRA,2024-05-01,011203,D_city,5993.015827033523
MEDELLÍN,POLLO DESPRESADO POR LIBRA,2024-06-01,011203,D_city,5980.3224708905545
MEDELLÍN,POLLO DESPRESADO POR LIBRA,2024-07-01,011203,D_city,5991.959227418204
MEDELLÍN,POLLO DESPRESADO POR LIBRA,2024-08-01,011203,D_city,5993.720107871515
MEDELLÍN,POLLO DESPRESADO POR LIBRA,2024-09-01,011203,D_city,5993.544046577342
MEDELLÍN,POLLO DESPRESADO POR LIBRA,2024-10-01,011203,D_city,6001.636724252562
MEDELLÍN,POLLO DESPRESADO POR LIBRA,2024-11-01,011203,D_city,5989.3167912418385
MEDELLÍN,POLLO DESPRESADO POR LIBRA,2024-12-01,011203,D_city,5994.424293628065
MEDELLÍN,POLLO ENTERO POR LIBRA,2019-01-01,011203,D_city,3321.756862127304
MEDELLÍN,POLLO ENTERO POR LIBRA,2019-02-01,011203,D_city,3336.684505213029
MEDELLÍN,POLLO ENTERO POR LIBRA,2019-03-01,011203,D_city,3341.328657341875
MEDELLÍN,POLLO ENTERO POR LIBRA,2019-04-01,011203,D_city,3358.910075419505
MEDELLÍN,POLLO ENTERO POR LIBRA,2019-05-01,011203,D_city,3381.799056050913
MEDELLÍN,POLLO ENTERO POR LIBRA,2019-06-01,011203,D_city,3396.3949069885102
MEDELLÍN,POLLO ENTERO POR LIBRA,2019-07-01,011203,D_city,3376.15974568239
MEDELLÍN,POLLO ENTERO POR LIBRA,2019-08-01,011203,D_city,3372.8425031605816
MEDELLÍN,POLLO ENTERO POR LIBRA,2019-09-01,011203,D_city,3359.905249320523
MEDELLÍN,POLLO ENTERO POR LIBRA,2019-10-01,011203,D_city,3386.1114682341276
MEDELLÍN,POLLO ENTERO POR LIBRA,2019-11-01,011203,D_city,3387.438364006959
MEDELLÍN,POLLO ENTERO POR LIBRA,2019-12-01,011203,D_city,3420.610715127402
MEDELLÍN,POLLO ENTERO POR LIBRA,2020-01-01,011203,D_city,3424.259668697681
MEDELLÍN,POLLO ENTERO POR LIBRA,2020-02-01,011203,D_city,3438.1920277085937
MEDELLÍN,POLLO ENTERO POR LIBRA,2020-03-01,011203,D_city,3459.090539086371
MEDELLÍN,POLLO ENTERO POR LIBRA,2020-04-01,011203,D_city,3477.9986881309296
MEDELLÍN,POLLO ENTERO POR LIBRA,2020-05-01,011203,D_city,3487.9503349214306
MEDELLÍN,POLLO ENTERO POR LIBRA,2020-06-01,011203,D_city,3494.5847620670675
MEDELLÍN,POLLO ENTERO POR LIBRA,2020-07-01,011203,D_city,3514.1563033438247
MEDELLÍN,POLLO ENTERO POR LIBRA,2020-08-01,011203,D_city,3521.1224383982926
MEDELLÍN,POLLO ENTERO POR LIBRA,2020-09-01,011203,D_city,3550.9772629579593
MEDELLÍN,POLLO ENTERO POR LIBRA,2020-10-01,011203,D_city,3540.030501458281
MEDELLÍN,POLLO ENTERO POR LIBRA,2020-11-01,011203,D_city,3561.924015800335
MEDELLÍN,POLLO ENTERO POR LIBRA,2020-12-01,011203,D_city,3568.8901267501496
MEDELLÍN,POLLO ENTERO POR LIBRA,2021-01-01,011203,D_city,3581.163742321524
MEDELLÍN,POLLO ENTERO POR LIBRA,2021-02-01,011203,D_city,3605.379222510424
MEDELLÍN,POLLO ENTERO POR LIBRA,2021-03-01,011203,D_city,3690.630651361574
MEDELLÍN,POLLO ENTERO POR LIBRA,2021-04-01,011203,D_city,3750.3395217770135
MEDELLÍN,POLLO ENTERO POR LIBRA,2021-05-01,011203,D_city,3820.6629900079197
MEDELLÍN,POLLO ENTERO POR LIBRA,2021-06-01,011203,D_city,3926.147571588904
MEDELLÍN,POLLO ENTERO POR LIBRA,2021-07-01,011203,D_city,3986.1872118665988
MEDELLÍN,POLLO ENTERO POR LIBRA,2021-08-01,011203,D_city,4069.114511007013
MEDELLÍN,POLLO ENTERO POR LIBRA,2021-09-01,011203,D_city,4097.973108958783
MEDELLÍN,POLLO ENTERO POR LIBRA,2021-10-01,011203,D_city,4130.14872568131
MEDELLÍN,POLLO ENTERO POR LIBRA,2021-11-01,011203,D_city,4158.675507329531
MEDELLÍN,POLLO ENTERO POR LIBRA,2021-12-01,011203,D_city,4183.8851795488035
MEDELLÍN,POLLO ENTERO POR LIBRA,2022-01-01,011203,D_city,4215.7289203653045
MEDELLÍN,POLLO ENTERO POR LIBRA,2022-02-01,011203,D_city,4327.8449364660955
MEDELLÍN,POLLO ENTERO POR LIBRA,2022-03-01,011203,D_city,4406.790085370032
MEDELLÍN,POLLO ENTERO POR LIBRA,2022-04-01,011203,D_city,4458.203747349085
MEDELLÍN,POLLO ENTERO POR LIBRA,2022-05-01,011203,D_city,4507.295360025399
MEDELLÍN,POLLO ENTERO POR LIBRA,2022-06-01,011203,D_city,4600.171009967474
MEDELLÍN,POLLO ENTERO POR LIBRA,2022-07-01,011203,D_city,4676.461362102359
MEDELLÍN,POLLO ENTERO POR LIBRA,2022-08-01,011203,D_city,4732.51798226684
MEDELLÍN,POLLO ENTERO POR LIBRA,2022-09-01,011203,D_city,4825.724175777405
MEDELLÍN,POLLO ENTERO POR LIBRA,2022-10-01,011203,D_city,4833.353131900714
MEDELLÍN,POLLO ENTERO POR LIBRA,2022-11-01,011203,D_city,4835.34329385942
MEDELLÍN,POLLO ENTERO POR LIBRA,2022-12-01,011203,D_city,4853.586435366574
MEDELLÍN,POLLO ENTERO POR LIBRA,2023-01-01,011203,D_city,4894.716362691265
MEDELLÍN,POLLO ENTERO POR LIBRA,2023-02-01,011203,D_city,4987.258376116077
MEDELLÍN,POLLO ENTERO POR LIBRA,2023-03-01,011203,D_city,4978.966099096975
MEDELLÍN,POLLO ENTERO POR LIBRA,2023-04-01,011203,D_city,5093.399211588508
MEDELLÍN,POLLO ENTERO POR LIBRA,2023-05-01,011203,D_city,5136.518763237515
MEDELLÍN,POLLO ENTERO POR LIBRA,2023-06-01,011203,D_city,5110.315354508599
MEDELLÍN,POLLO ENTERO POR LIBRA,2023-07-01,011203,D_city,5167.034082091464
MEDELLÍN,POLLO ENTERO POR LIBRA,2023-08-01,011203,D_city,5174.994592438711
MEDELLÍN,POLLO ENTERO POR LIBRA,2023-09-01,011203,D_city,5209.158413734369
MEDELLÍN,POLLO ENTERO POR LIBRA,2023-10-01,011203,D_city,5177.979783008763
MEDELLÍN,POLLO ENTERO POR LIBRA,2023-11-01,011203,D_city,5225.41108521837
MEDELLÍN,POLLO ENTERO POR LIBRA,2023-12-01,011203,D_city,5235.030007128092
MEDELLÍN,POLLO ENTERO POR LIBRA,2024-01-01,011203,D_city,5281.1344320987
MEDELLÍN,POLLO ENTERO POR LIBRA,2024-02-01,011203,D_city,5262.559999977224
MEDELLÍN,POLLO ENTERO POR LIBRA,2024-03-01,011203,D_city,5253.272777613164
MEDELLÍN,POLLO ENTERO POR LIBRA,2024-04-01,011203,D_city,5266.208550469448
MEDELLÍN,POLLO ENTERO POR LIBRA,2024-05-01,011203,D_city,5254.267837353512
MEDELLÍN,POLLO ENTERO POR LIBRA,2024-06-01,011203,D_city,5230.386390221038
MEDELLÍN,POLLO ENTERO POR LIBRA,2024-07-01,011203,D_city,5252.277717824463
MEDELLÍN,POLLO ENTERO POR LIBRA,2024-08-01,011203,D_city,5255.594583598774
MEDELLÍN,POLLO ENTERO POR LIBRA,2024-09-01,011203,D_city,5255.262897045515
MEDELLÍN,POLLO ENTERO POR LIBRA,2024-10-01,011203,D_city,5270.520472942409
MEDELLÍN,POLLO ENTERO POR LIBRA,2024-11-01,011203,D_city,5247.3024181553365
MEDELLÍN,POLLO ENTERO POR LIBRA,2024-12-01,011203,D_city,5256.921329758114
MEDELLÍN,QUESO CAMPESINO,2019-01-01,011402,BASE,9236.366930379747
MEDELLÍN,QUESO CAMPESINO,2019-02-01,011402,BASE,9276.063459915613
MEDELLÍN,QUESO CAMPESINO,2019-03-01,011402,BASE,9344.378417721518
MEDELLÍN,QUESO CAMPESINO,2019-04-01,011402,BASE,9496.702310126584
MEDELLÍN,QUESO CAMPESINO,2019-05-01,011402,BASE,9434.849578059073
MEDELLÍN,QUESO CAMPESINO,2019-06-01,011402,BASE,9462.54483122363
MEDELLÍN,QUESO CAMPESINO,2019-07-01,011402,BASE,9515.165812236288
MEDELLÍN,QUESO CAMPESINO,2019-08-01,011402,BASE,9527.167088607595
MEDELLÍN,QUESO CAMPESINO,2019-09-01,011402,BASE,9535.475664556963
MEDELLÍN,QUESO CAMPESINO,2019-10-01,011402,BASE,9555.785516877637
MEDELLÍN,QUESO CAMPESINO,2019-11-01,011402,BASE,9656.411603375527
MEDELLÍN,QUESO CAMPESINO,2019-12-01,011402,BASE,9715.494810126584
MEDELLÍN,QUESO CAMPESINO,2020-01-01,011402,BASE,9760.73039029536
MEDELLÍN,QUESO CAMPESINO,2020-02-01,011402,BASE,9803.19644514768
MEDELLÍN,QUESO CAMPESINO,2020-03-01,011402,BASE,9862.279651898734
MEDELLÍN,QUESO CAMPESINO,2020-04-01,011402,BASE,9988.754641350211
MEDELLÍN,QUESO CAMPESINO,2020-05-01,011402,BASE,10021.065770042194
MEDELLÍN,QUESO CAMPESINO,2020-06-01,011402,BASE,10041.37562236287
MEDELLÍN,QUESO CAMPESINO,2020-07-01,011402,BASE,10070.917225738396
MEDELLÍN,QUESO CAMPESINO,2020-08-01,011402,BASE,10076.456276371307
MEDELLÍN,QUESO CAMPESINO,2020-09-01,011402,BASE,10092.150253164556
MEDELLÍN,QUESO CAMPESINO,2020-10-01,011402,BASE,10021.065770042194
MEDELLÍN,QUESO CAMPESINO,2020-11-01,011402,BASE,10070.917225738396
MEDELLÍN,QUESO CAMPESINO,2020-12-01,011402,BASE,10079.225801687766
MEDELLÍN,QUESO CAMPESINO,2021-01-01,011402,BASE,10089.380727848102
MEDELLÍN,QUESO CAMPESINO,2021-02-01,011402,BASE,10123.538206751055
MEDELLÍN,QUESO CAMPESINO,2021-03-01,011402,BASE,10181.698238396626
MEDELLÍN,QUESO CAMPESINO,2021-04-01,011402,BASE,10303.557352320675
MEDELLÍN,QUESO CAMPESINO,2021-05-01,011402,BASE,10333.098955696205
MEDELLÍN,QUESO CAMPESINO,2021-06-01,011402,BASE,10361.717383966245
MEDELLÍN,QUESO CAMPESINO,2021-07-01,011402,BASE,10341.40753164557
MEDELLÍN,QUESO CAMPESINO,2021-08-01,011402,BASE,10458.650770042195
MEDELLÍN,QUESO CAMPESINO,2021-09-01,011402,BASE,10528.812078059073
MEDELLÍN,QUESO CAMPESINO,2021-10-01,011402,BASE,10744.835052742617
MEDELLÍN,QUESO CAMPESINO,2021-11-01,011402,BASE,10923.931023206751
MEDELLÍN,QUESO CAMPESINO,2021-12-01,011402,BASE,11151.955274261603
MEDELLÍN,QUESO CAMPESINO,2022-01-01,011402,BASE,11365.208723628692
MEDELLÍN,QUESO CAMPESINO,2022-02-01,011402,BASE,11808.332774261604
MEDELLÍN,QUESO CAMPESINO,2022-03-01,011402,BASE,12350.236561181435
MEDELLÍN,QUESO CAMPESINO,2022-04-01,011402,BASE,12630.881793248944
MEDELLÍN,QUESO CAMPESINO,2022-05-01,011402,BASE,12819.209514767934
MEDELLÍN,QUESO CAMPESINO,2022-06-01,011402,BASE,13405.425706751057
MEDELLÍN,QUESO CAMPESINO,2022-07-01,011402,BASE,13608.524229957806
MEDELLÍN,QUESO CAMPESINO,2022-08-01,011402,BASE,13634.373132911393
MEDELLÍN,QUESO CAMPESINO,2022-09-01,011402,BASE,13735.922394514768
MEDELLÍN,QUESO CAMPESINO,2022-10-01,011402,BASE,13823.624029535868
MEDELLÍN,QUESO CAMPESINO,2022-11-01,011402,BASE,14118.116888185656
MEDELLÍN,QUESO CAMPESINO,2022-12-01,011402,BASE,14396.915770042195
MEDELLÍN,QUESO CAMPESINO,2023-01-01,011402,BASE,14699.71720464135
MEDELLÍN,QUESO CAMPESINO,2023-02-01,011402,BASE,14964.668459915612
MEDELLÍN,QUESO CAMPESINO,2023-03-01,011402,BASE,15374.558206751055
MEDELLÍN,QUESO CAMPESINO,2023-04-01,011402,BASE,15336.70802742616
MEDELLÍN,QUESO CAMPESINO,2023-05-01,011402,BASE,15381.943607594938
MEDELLÍN,QUESO CAMPESINO,2023-06-01,011402,BASE,15374.558206751055
MEDELLÍN,QUESO CAMPESINO,2023-07-01,011402,BASE,15252.699092827004
MEDELLÍN,QUESO CAMPESINO,2023-08-01,011402,BASE,15295.165147679327
MEDELLÍN,QUESO CAMPESINO,2023-09-01,011402,BASE,15322.860400843882
MEDELLÍN,QUESO CAMPESINO,2023-10-01,011402,BASE,15329.322626582281
MEDELLÍN,QUESO CAMPESINO,2023-11-01,011402,BASE,15323.78357594937
MEDELLÍN,QUESO CAMPESINO,2023-12-01,011402,BASE,15164.997457805908
MEDELLÍN,QUESO CAMPESINO,2024-01-01,011402,BASE,15212.079388185655
MEDELLÍN,QUESO CAMPESINO,2024-02-01,011402,BASE,15205.617162447259
MEDELLÍN,QUESO CAMPESINO,2024-03-01,011402,BASE,15283.16387130802
MEDELLÍN,QUESO CAMPESINO,2024-04-01,011402,BASE,15196.385411392408
MEDELLÍN,QUESO CAMPESINO,2024-05-01,011402,BASE,15237.005116033757
MEDELLÍN,QUESO CAMPESINO,2024-06-01,011402,BASE,15314.551824894515
MEDELLÍN,QUESO CAMPESINO,2024-07-01,011402,BASE,15265.6235443038
MEDELLÍN,QUESO CAMPESINO,2024-08-01,011402,BASE,15285.933396624474
MEDELLÍN,QUESO CAMPESINO,2024-09-01,011402,BASE,15197.308586497891
MEDELLÍN,QUESO CAMPESINO,2024-10-01,011402,BASE,15276.70164556962
MEDELLÍN,QUESO CAMPESINO,2024-11-01,011402,BASE,15289.626097046415
MEDELLÍN,QUESO CAMPESINO,2024-12-01,011402,BASE,15300.704198312238
MEDELLÍN,REPOLLO,2019-01-01,011716,BASE_lowR2,1174.8842255252569
MEDELLÍN,REPOLLO,2019-02-01,011716,BASE_lowR2,1175.802911265087
MEDELLÍN,REPOLLO,2019-03-01,011716,BASE_lowR2,1183.6117400536432
MEDELLÍN,REPOLLO,2019-04-01,011716,BASE_lowR2,1195.2101475189984
MEDELLÍN,REPOLLO,2019-05-01,011716,BASE_lowR2,1145.6011175681717
MEDELLÍN,REPOLLO,2019-06-01,011716,BASE_lowR2,1215.3063980777827
MEDELLÍN,REPOLLO,2019-07-01,011716,BASE_lowR2,1209.5646122038443
MEDELLÍN,REPOLLO,2019-08-01,011716,BASE_lowR2,1207.9569121591417
MEDELLÍN,REPOLLO,2019-09-01,011716,BASE_lowR2,1247.460398971837
MEDELLÍN,REPOLLO,2019-10-01,011716,BASE_lowR2,1312.5722507822975
MEDELLÍN,REPOLLO,2019-11-01,011716,BASE_lowR2,1373.5500167635225
MEDELLÍN,REPOLLO,2019-12-01,011716,BASE_lowR2,1332.8981727760392
MEDELLÍN,REPOLLO,2020-01-01,011716,BASE_lowR2,1318.4288723737145
MEDELLÍN,REPOLLO,2020-02-01,011716,BASE_lowR2,1398.3545317389357
MEDELLÍN,REPOLLO,2020-03-01,011716,BASE_lowR2,1670.0558392936969
MEDELLÍN,REPOLLO,2020-04-01,011716,BASE_lowR2,1555.564628967367
MEDELLÍN,REPOLLO,2020-05-01,011716,BASE_lowR2,1442.2217758158247
MEDELLÍN,REPOLLO,2020-06-01,011716,BASE_lowR2,1321.8739438980776
MEDELLÍN,REPOLLO,2020-07-01,011716,BASE_lowR2,1354.027944792132
MEDELLÍN,REPOLLO,2020-08-01,011716,BASE_lowR2,1428.4414897183728
MEDELLÍN,REPOLLO,2020-09-01,011716,BASE_lowR2,1533.1716640590075
MEDELLÍN,REPOLLO,2020-10-01,011716,BASE_lowR2,1525.9370138578452
MEDELLÍN,REPOLLO,2020-11-01,011716,BASE_lowR2,1430.0491897630754
MEDELLÍN,REPOLLO,2020-12-01,011716,BASE_lowR2,1495.1610415735356
MEDELLÍN,REPOLLO,2021-01-01,011716,BASE_lowR2,1513.764427805096
MEDELLÍN,REPOLLO,2021-02-01,011716,BASE_lowR2,1496.4242344658023
MEDELLÍN,REPOLLO,2021-03-01,011716,BASE_lowR2,1469.66751229325
MEDELLÍN,REPOLLO,2021-04-01,011716,BASE_lowR2,1503.5440489494858
MEDELLÍN,REPOLLO,2021-05-01,011716,BASE_lowR2,1599.776380196692
MEDELLÍN,REPOLLO,2021-06-01,011716,BASE_lowR2,1662.2470105051407
MEDELLÍN,REPOLLO,2021-07-01,011716,BASE_lowR2,1706.9181046043807
MEDELLÍN,REPOLLO,2021-08-01,011716,BASE_lowR2,1738.0385840411263
MEDELLÍN,REPOLLO,2021-09-01,011716,BASE_lowR2,1698.7647686633884
MEDELLÍN,REPOLLO,2021-10-01,011716,BASE_lowR2,1696.008711443898
MEDELLÍN,REPOLLO,2021-11-01,011716,BASE_lowR2,1684.1806325435848
MEDELLÍN,REPOLLO,2021-12-01,011716,BASE_lowR2,1721.7319121591415
MEDELLÍN,REPOLLO,2022-01-01,011716,BASE_lowR2,1775.4750279392042
MEDELLÍN,REPOLLO,2022-02-01,011716,BASE_lowR2,1788.336628296826
MEDELLÍN,REPOLLO,2022-03-01,011716,BASE_lowR2,1900.4162885561018
MEDELLÍN,REPOLLO,2022-04-01,011716,BASE_lowR2,1934.177989494859
MEDELLÍN,REPOLLO,2022-05-01,011716,BASE_lowR2,1987.232090970049
MEDELLÍN,REPOLLO,2022-06-01,011716,BASE_lowR2,2057.6263857845324
MEDELLÍN,REPOLLO,2022-07-01,011716,BASE_lowR2,2171.5434175234686
MEDELLÍN,REPOLLO,2022-08-01,011716,BASE_lowR2,2210.4727257487707
MEDELLÍN,REPOLLO,2022-09-01,011716,BASE_lowR2,2232.8656906571296
MEDELLÍN,REPOLLO,2022-10-01,011716,BASE_lowR2,2143.9828453285645
MEDELLÍN,REPOLLO,2022-11-01,011716,BASE_lowR2,2165.9164673670093
MEDELLÍN,REPOLLO,2022-12-01,011716,BASE_lowR2,2201.1710326329903
MEDELLÍN,REPOLLO,2023-01-01,011716,BASE_lowR2,2253.765791238265
MEDELLÍN,REPOLLO,2023-02-01,011716,BASE_lowR2,2204.271597004917
MEDELLÍN,REPOLLO,2023-03-01,011716,BASE_lowR2,2211.046904336164
MEDELLÍN,REPOLLO,2023-04-01,011716,BASE_lowR2,2258.129548502458
MEDELLÍN,REPOLLO,2023-05-01,011716,BASE_lowR2,2142.834488153777
MEDELLÍN,REPOLLO,2023-06-01,011716,BASE_lowR2,2077.952307778274
MEDELLÍN,REPOLLO,2023-07-01,011716,BASE_lowR2,2072.8995362092087
MEDELLÍN,REPOLLO,2023-08-01,011716,BASE_lowR2,2086.6798223066603
MEDELLÍN,REPOLLO,2023-09-01,011716,BASE_lowR2,2069.3396289673665
MEDELLÍN,REPOLLO,2023-10-01,011716,BASE_lowR2,2046.3724854716133
MEDELLÍN,REPOLLO,2023-11-01,011716,BASE_lowR2,2082.430900759946
MEDELLÍN,REPOLLO,2023-12-01,011716,BASE_lowR2,2090.6990724184175
MEDELLÍN,REPOLLO,2024-01-01,011716,BASE_lowR2,2141.456459544032
MEDELLÍN,REPOLLO,2024-02-01,011716,BASE_lowR2,2264.2158415288327
MEDELLÍN,REPOLLO,2024-03-01,011716,BASE_lowR2,2409.023681269557
MEDELLÍN,REPOLLO,2024-04-01,011716,BASE_lowR2,2472.527833035315
MEDELLÍN,REPOLLO,2024-05-01,011716,BASE_lowR2,2430.6127961555653
MEDELLÍN,REPOLLO,2024-06-01,011716,BASE_lowR2,2312.1023357174786
MEDELLÍN,REPOLLO,2024-07-01,011716,BASE_lowR2,2343.911829459097
MEDELLÍN,REPOLLO,2024-08-01,011716,BASE_lowR2,2224.942026151095
MEDELLÍN,REPOLLO,2024-09-01,011716,BASE_lowR2,2171.5434175234686
MEDELLÍN,REPOLLO,2024-10-01,011716,BASE_lowR2,2155.696088511399
MEDELLÍN,REPOLLO,2024-11-01,011716,BASE_lowR2,2156.6147742512294
MEDELLÍN,REPOLLO,2024-12-01,011716,BASE_lowR2,2250.7800625838177
MEDELLÍN,SAL,2019-01-01,011902,BASE,614.1301175632348
MEDELLÍN,SAL,2019-02-01,011902,BASE,618.3873079206745
MEDELLÍN,SAL,2019-03-01,011902,BASE,614.7382876142976
MEDELLÍN,SAL,2019-04-01,011902,BASE,625.9894335589598
MEDELLÍN,SAL,2019-05-01,011902,BASE,642.9573779836124
MEDELLÍN,SAL,2019-06-01,011902,BASE,652.566464790405
MEDELLÍN,SAL,2019-07-01,011902,BASE,646.971300320627
MEDELLÍN,SAL,2019-08-01,011902,BASE,658.4657142857143
MEDELLÍN,SAL,2019-09-01,011902,BASE,657.6750932193327
MEDELLÍN,SAL,2019-10-01,011902,BASE,662.2971856074101
MEDELLÍN,SAL,2019-11-01,011902,BASE,667.4058140363377
MEDELLÍN,SAL,2019-12-01,011902,BASE,664.3649637810237
MEDELLÍN,SAL,2020-01-01,011902,BASE,672.8185274907968
MEDELLÍN,SAL,2020-02-01,011902,BASE,677.379802873768
MEDELLÍN,SAL,2020-03-01,011902,BASE,685.5292815580098
MEDELLÍN,SAL,2020-04-01,011902,BASE,698.1184016150102
MEDELLÍN,SAL,2020-05-01,011902,BASE,708.7613775086095
MEDELLÍN,SAL,2020-06-01,011902,BASE,720.8639615247595
MEDELLÍN,SAL,2020-07-01,011902,BASE,722.0803016268852
MEDELLÍN,SAL,2020-08-01,011902,BASE,728.0403681273008
MEDELLÍN,SAL,2020-09-01,011902,BASE,727.3105640660254
MEDELLÍN,SAL,2020-10-01,011902,BASE,722.2019356370978
MEDELLÍN,SAL,2020-11-01,011902,BASE,729.2567082294264
MEDELLÍN,SAL,2020-12-01,011902,BASE,736.919650872818
MEDELLÍN,SAL,2021-01-01,011902,BASE,741.7850112813205
MEDELLÍN,SAL,2021-02-01,011902,BASE,744.8258615366346
MEDELLÍN,SAL,2021-03-01,011902,BASE,743.9136064600403
MEDELLÍN,SAL,2021-04-01,011902,BASE,745.0083125519535
MEDELLÍN,SAL,2021-05-01,011902,BASE,749.1438688991807
MEDELLÍN,SAL,2021-06-01,011902,BASE,752.245536159601
MEDELLÍN,SAL,2021-07-01,011902,BASE,756.2594584966156
MEDELLÍN,SAL,2021-08-01,011902,BASE,782.8364897280608
MEDELLÍN,SAL,2021-09-01,011902,BASE,786.0597909986938
MEDELLÍN,SAL,2021-10-01,011902,BASE,792.3239425246408
MEDELLÍN,SAL,2021-11-01,011902,BASE,794.6349887186794
MEDELLÍN,SAL,2021-12-01,011902,BASE,807.4673767961051
MEDELLÍN,SAL,2022-01-01,011902,BASE,824.7394062462891
MEDELLÍN,SAL,2022-02-01,011902,BASE,838.7273174207339
MEDELLÍN,SAL,2022-03-01,011902,BASE,852.6544115900724
MEDELLÍN,SAL,2022-04-01,011902,BASE,854.6613727585798
MEDELLÍN,SAL,2022-05-01,011902,BASE,872.6632062700393
MEDELLÍN,SAL,2022-06-01,011902,BASE,902.0986367414798
MEDELLÍN,SAL,2022-07-01,011902,BASE,942.8460301626885
MEDELLÍN,SAL,2022-08-01,011902,BASE,957.9894644341529
MEDELLÍN,SAL,2022-09-01,011902,BASE,956.6514903218147
MEDELLÍN,SAL,2022-10-01,011902,BASE,973.6194347464672
MEDELLÍN,SAL,2022-11-01,011902,BASE,982.8636195226222
MEDELLÍN,SAL,2022-12-01,011902,BASE,1022.577123857024
MEDELLÍN,SAL,2023-01-01,011902,BASE,1063.750236313977
MEDELLÍN,SAL,2023-02-01,011902,BASE,1080.4140957130983
MEDELLÍN,SAL,2023-03-01,011902,BASE,1089.232561453509
MEDELLÍN,SAL,2023-04-01,011902,BASE,1100.3620733879586
MEDELLÍN,SAL,2023-05-01,011902,BASE,1120.7965871036695
MEDELLÍN,SAL,2023-06-01,011902,BASE,1158.2598622491391
MEDELLÍN,SAL,2023-07-01,011902,BASE,1158.016594228714
MEDELLÍN,SAL,2023-08-01,011902,BASE,1155.887999049994
MEDELLÍN,SAL,2023-09-01,011902,BASE,1155.1581949887188
MEDELLÍN,SAL,2023-10-01,011902,BASE,1151.1442726517041
MEDELLÍN,SAL,2023-11-01,011902,BASE,1153.2728678304238
MEDELLÍN,SAL,2023-12-01,011902,BASE,1196.8178434865217
MEDELLÍN,SAL,2024-01-01,011902,BASE,1213.907421921387
MEDELLÍN,SAL,2024-02-01,011902,BASE,1216.887455171595
MEDELLÍN,SAL,2024-03-01,011902,BASE,1219.3809523809523
MEDELLÍN,SAL,2024-04-01,011902,BASE,1223.2124237026483
MEDELLÍN,SAL,2024-05-01,011902,BASE,1228.8075881724262
MEDELLÍN,SAL,2024-06-01,011902,BASE,1230.6320983256146
MEDELLÍN,SAL,2024-07-01,011902,BASE,1234.646020662629
MEDELLÍN,SAL,2024-08-01,011902,BASE,1227.3479800498753
MEDELLÍN,SAL,2024-09-01,011902,BASE,1238.7815770098564
MEDELLÍN,SAL,2024-10-01,011902,BASE,1238.051772948581
MEDELLÍN,SAL,2024-11-01,011902,BASE,1286.583743023394
MEDELLÍN,SAL,2024-12-01,011902,BASE,1292.5438095238096
MEDELLÍN,TOMATE,2019-01-01,011713,BASE,1469.7884634231712
MEDELLÍN,TOMATE,2019-02-01,011713,BASE,1224.1806510325519
MEDELLÍN,TOMATE,2019-03-01,011713,BASE,1125.4585509275464
MEDELLÍN,TOMATE,2019-04-01,011713,BASE,1214.0689534476724
MEDELLÍN,TOMATE,2019-05-01,011713,BASE,1664.970836541827
MEDELLÍN,TOMATE,2019-06-01,011713,BASE,1716.4606650332516
MEDELLÍN,TOMATE,2019-07-01,011713,BASE,1480.9645502275114
MEDELLÍN,TOMATE,2019-08-01,011713,BASE,1290.438879943997
MEDELLÍN,TOMATE,2019-09-01,011713,BASE,1249.5929436471824
MEDELLÍN,TOMATE,2019-10-01,011713,BASE,1300.1514315715785
MEDELLÍN,TOMATE,2019-11-01,011713,BASE,1232.9618620931046
MEDELLÍN,TOMATE,2019-12-01,011713,BASE,1306.5377668883445
MEDELLÍN,TOMATE,2020-01-01,011713,BASE,1396.7447532376618
MEDELLÍN,TOMATE,2020-02-01,011713,BASE,1517.4198809940497
MEDELLÍN,TOMATE,2020-03-01,011713,BASE,1496.1320966048302
MEDELLÍN,TOMATE,2020-04-01,011713,BASE,1294.2972908645431
MEDELLÍN,TOMATE,2020-05-01,011713,BASE,1226.841624081204
MEDELLÍN,TOMATE,2020-06-01,011713,BASE,1205.0216450822538
MEDELLÍN,TOMATE,2020-07-01,011713,BASE,1085.4109065453274
MEDELLÍN,TOMATE,2020-08-01,011713,BASE,1217.2621211060552
MEDELLÍN,TOMATE,2020-09-01,011713,BASE,1389.294028701435
MEDELLÍN,TOMATE,2020-10-01,011713,BASE,1252.9191599579979
MEDELLÍN,TOMATE,2020-11-01,011713,BASE,1423.7536296814842
MEDELLÍN,TOMATE,2020-12-01,011713,BASE,1528.0637731886593
MEDELLÍN,TOMATE,2021-01-01,011713,BASE,1976.8368778438924
MEDELLÍN,TOMATE,2021-02-01,011713,BASE,1854.1660203010151
MEDELLÍN,TOMATE,2021-03-01,011713,BASE,1699.1643402170107
MEDELLÍN,TOMATE,2021-04-01,011713,BASE,1428.8094784739237
MEDELLÍN,TOMATE,2021-05-01,011713,BASE,1821.0369058452923
MEDELLÍN,TOMATE,2021-06-01,011713,BASE,1325.1645782289113
MEDELLÍN,TOMATE,2021-07-01,011713,BASE,1181.47203360168
MEDELLÍN,TOMATE,2021-08-01,011713,BASE,1332.4822541127057
MEDELLÍN,TOMATE,2021-09-01,011713,BASE,1263.0308575428774
MEDELLÍN,TOMATE,2021-10-01,011713,BASE,1385.3025691284565
MEDELLÍN,TOMATE,2021-11-01,011713,BASE,1466.5952957647883
MEDELLÍN,TOMATE,2021-12-01,011713,BASE,1588.2017640882043
MEDELLÍN,TOMATE,2022-01-01,011713,BASE,1840.4620091004551
MEDELLÍN,TOMATE,2022-02-01,011713,BASE,2008.3694084704234
MEDELLÍN,TOMATE,2022-03-01,011713,BASE,2016.7514735736788
MEDELLÍN,TOMATE,2022-04-01,011713,BASE,2259.1661183059155
MEDELLÍN,TOMATE,2022-05-01,011713,BASE,2462.0653132656635
MEDELLÍN,TOMATE,2022-06-01,011713,BASE,2216.058354917746
MEDELLÍN,TOMATE,2022-07-01,011713,BASE,1681.468869443472
MEDELLÍN,TOMATE,2022-08-01,011713,BASE,1761.5641582079104
MEDELLÍN,TOMATE,2022-09-01,011713,BASE,1710.3404270213512
MEDELLÍN,TOMATE,2022-10-01,011713,BASE,1710.2073783689184
MEDELLÍN,TOMATE,2022-11-01,011713,BASE,1710.3404270213512
MEDELLÍN,TOMATE,2022-12-01,011713,BASE,2258.766972348618
MEDELLÍN,TOMATE,2023-01-01,011713,BASE,2522.868547427371
MEDELLÍN,TOMATE,2023-02-01,011713,BASE,2217.388841442072
MEDELLÍN,TOMATE,2023-03-01,011713,BASE,1877.316485824291
MEDELLÍN,TOMATE,2023-04-01,011713,BASE,1523.9392649632482
MEDELLÍN,TOMATE,2023-05-01,011713,BASE,1513.5614700735036
MEDELLÍN,TOMATE,2023-06-01,011713,BASE,1586.7382289114457
MEDELLÍN,TOMATE,2023-07-01,011713,BASE,1649.537192859643
MEDELLÍN,TOMATE,2023-08-01,011713,BASE,2011.8286734336716
MEDELLÍN,TOMATE,2023-09-01,011713,BASE,2755.836737836892
MEDELLÍN,TOMATE,2023-10-01,011713,BASE,2958.203738186909
MEDELLÍN,TOMATE,2023-11-01,011713,BASE,2331.9437311865595
MEDELLÍN,TOMATE,2023-12-01,011713,BASE,2593.251284564228
MEDELLÍN,TOMATE,2024-01-01,011713,BASE,2393.4122086104303
MEDELLÍN,TOMATE,2024-02-01,011713,BASE,2482.0226111305565
MEDELLÍN,TOMATE,2024-03-01,011713,BASE,2420.8202310115503
MEDELLÍN,TOMATE,2024-04-01,011713,BASE,2398.7341547077353
MEDELLÍN,TOMATE,2024-05-01,011713,BASE,1974.70809940497
MEDELLÍN,TOMATE,2024-06-01,011713,BASE,1810.6591109555477
MEDELLÍN,TOMATE,2024-07-01,011713,BASE,1681.2027721386069
MEDELLÍN,TOMATE,2024-08-01,011713,BASE,1729.7655302765138
MEDELLÍN,TOMATE,2024-09-01,011713,BASE,1498.9261183059155
MEDELLÍN,TOMATE,2024-10-01,011713,BASE,1411.3801050052502
MEDELLÍN,TOMATE,2024-11-01,011713,BASE,1692.2458102905146
MEDELLÍN,TOMATE,2024-12-01,011713,BASE,1916.9649842492126
MEDELLÍN,TOMATE DE ÁRBOL,2019-01-01,011607,BASE,1075.7574692247977
MEDELLÍN,TOMATE DE ÁRBOL,2019-02-01,011607,BASE,1125.9288688033714
MEDELLÍN,TOMATE DE ÁRBOL,2019-03-01,011607,BASE,1194.8140856160585
MEDELLÍN,TOMATE DE ÁRBOL,2019-04-01,011607,BASE,1247.052041699013
MEDELLÍN,TOMATE DE ÁRBOL,2019-05-01,011607,BASE,1341.7692148164576
MEDELLÍN,TOMATE DE ÁRBOL,2019-06-01,011607,BASE,1502.9606221581457
MEDELLÍN,TOMATE DE ÁRBOL,2019-07-01,011607,BASE,1581.8341954086725
MEDELLÍN,TOMATE DE ÁRBOL,2019-08-01,011607,BASE,1348.6577364977263
MEDELLÍN,TOMATE DE ÁRBOL,2019-09-01,011607,BASE,1224.7791549295775
MEDELLÍN,TOMATE DE ÁRBOL,2019-10-01,011607,BASE,1212.953859376733
MEDELLÍN,TOMATE DE ÁRBOL,2019-11-01,011607,BASE,1213.527902850172
MEDELLÍN,TOMATE DE ÁRBOL,2019-12-01,011607,BASE,1177.2483553288232
MEDELLÍN,TOMATE DE ÁRBOL,2020-01-01,011607,BASE,1176.674311855384
MEDELLÍN,TOMATE DE ÁRBOL,2020-02-01,011607,BASE,1206.065337695464
MEDELLÍN,TOMATE DE ÁRBOL,2020-03-01,011607,BASE,1431.6644227570146
MEDELLÍN,TOMATE DE ÁRBOL,2020-04-01,011607,BASE,1540.8474914051237
MEDELLÍN,TOMATE DE ÁRBOL,2020-05-01,011607,BASE,1504.682752578463
MEDELLÍN,TOMATE DE ÁRBOL,2020-06-01,011607,BASE,1586.1969258068093
MEDELLÍN,TOMATE DE ÁRBOL,2020-07-01,011607,BASE,1519.9523089719419
MEDELLÍN,TOMATE DE ÁRBOL,2020-08-01,011607,BASE,1309.6227803038705
MEDELLÍN,TOMATE DE ÁRBOL,2020-09-01,011607,BASE,1145.4463469002992
MEDELLÍN,TOMATE DE ÁRBOL,2020-10-01,011607,BASE,1124.0919296883665
MEDELLÍN,TOMATE DE ÁRBOL,2020-11-01,011607,BASE,1160.4862859044028
MEDELLÍN,TOMATE DE ÁRBOL,2020-12-01,011607,BASE,1318.2334324054564
MEDELLÍN,TOMATE DE ÁRBOL,2021-01-01,011607,BASE,1341.4247887323945
MEDELLÍN,TOMATE DE ÁRBOL,2021-02-01,011607,BASE,1332.8141366308087
MEDELLÍN,TOMATE DE ÁRBOL,2021-03-01,011607,BASE,1406.8657447044473
MEDELLÍN,TOMATE DE ÁRBOL,2021-04-01,011607,BASE,1442.8008661417323
MEDELLÍN,TOMATE DE ÁRBOL,2021-05-01,011607,BASE,1550.1469956748365
MEDELLÍN,TOMATE DE ÁRBOL,2021-06-01,011607,BASE,1598.1370300543417
MEDELLÍN,TOMATE DE ÁRBOL,2021-07-01,011607,BASE,1686.424916269269
MEDELLÍN,TOMATE DE ÁRBOL,2021-08-01,011607,BASE,1722.2452290118663
MEDELLÍN,TOMATE DE ÁRBOL,2021-09-01,011607,BASE,1603.5330387046688
MEDELLÍN,TOMATE DE ÁRBOL,2021-10-01,011607,BASE,1706.2868204502608
MEDELLÍN,TOMATE DE ÁRBOL,2021-11-01,011607,BASE,1700.5463857158702
MEDELLÍN,TOMATE DE ÁRBOL,2021-12-01,011607,BASE,1658.1819773760674
MEDELLÍN,TOMATE DE ÁRBOL,2022-01-01,011607,BASE,1699.7427248530553
MEDELLÍN,TOMATE DE ÁRBOL,2022-02-01,011607,BASE,1653.0155861151156
MEDELLÍN,TOMATE DE ÁRBOL,2022-03-01,011607,BASE,1770.4648807807475
MEDELLÍN,TOMATE DE ÁRBOL,2022-04-01,011607,BASE,2024.8809482089387
MEDELLÍN,TOMATE DE ÁRBOL,2022-05-01,011607,BASE,2132.4566951314187
MEDELLÍN,TOMATE DE ÁRBOL,2022-06-01,011607,BASE,2137.967512476433
MEDELLÍN,TOMATE DE ÁRBOL,2022-07-01,011607,BASE,2089.059008539426
MEDELLÍN,TOMATE DE ÁRBOL,2022-08-01,011607,BASE,2202.030764112232
MEDELLÍN,TOMATE DE ÁRBOL,2022-09-01,011607,BASE,2287.218815570589
MEDELLÍN,TOMATE DE ÁRBOL,2022-10-01,011607,BASE,2180.7911555949872
MEDELLÍN,TOMATE DE ÁRBOL,2022-11-01,011607,BASE,1879.99237551292
MEDELLÍN,TOMATE DE ÁRBOL,2022-12-01,011607,BASE,1791.7044892979927
MEDELLÍN,TOMATE DE ÁRBOL,2023-01-01,011607,BASE,1873.6778973050903
MEDELLÍN,TOMATE DE ÁRBOL,2023-02-01,011607,BASE,2025.4549916823776
MEDELLÍN,TOMATE DE ÁRBOL,2023-03-01,011607,BASE,2147.6114428302094
MEDELLÍN,TOMATE DE ÁRBOL,2023-04-01,011607,BASE,2202.949233669735
MEDELLÍN,TOMATE DE ÁRBOL,2023-05-01,011607,BASE,2299.7329632915603
MEDELLÍN,TOMATE DE ÁRBOL,2023-06-01,011607,BASE,2802.0210025507376
MEDELLÍN,TOMATE DE ÁRBOL,2023-07-01,011607,BASE,2961.719896861484
MEDELLÍN,TOMATE DE ÁRBOL,2023-08-01,011607,BASE,2461.1539880226237
MEDELLÍN,TOMATE DE ÁRBOL,2023-09-01,011607,BASE,1954.9624531440613
MEDELLÍN,TOMATE DE ÁRBOL,2023-10-01,011607,BASE,1912.2536187201952
MEDELLÍN,TOMATE DE ÁRBOL,2023-11-01,011607,BASE,1650.2601774426084
MEDELLÍN,TOMATE DE ÁRBOL,2023-12-01,011607,BASE,1439.0121792170346
MEDELLÍN,TOMATE DE ÁRBOL,2024-01-01,011607,BASE,1420.987214151048
MEDELLÍN,TOMATE DE ÁRBOL,2024-02-01,011607,BASE,1596.5297083287126
MEDELLÍN,TOMATE DE ÁRBOL,2024-03-01,011607,BASE,1793.885854497061
MEDELLÍN,TOMATE DE ÁRBOL,2024-04-01,011607,BASE,2396.2870755240106
MEDELLÍN,TOMATE DE ÁRBOL,2024-05-01,011607,BASE,2600.7613607630033
MEDELLÍN,TOMATE DE ÁRBOL,2024-06-01,011607,BASE,2702.022629477653
MEDELLÍN,TOMATE DE ÁRBOL,2024-07-01,011607,BASE,2603.8611955195743
MEDELLÍN,TOMATE DE ÁRBOL,2024-08-01,011607,BASE,2095.7179128313187
MEDELLÍN,TOMATE DE ÁRBOL,2024-09-01,011607,BASE,1905.8243318176776
MEDELLÍN,TOMATE DE ÁRBOL,2024-10-01,011607,BASE,1939.9225141399577
MEDELLÍN,TOMATE DE ÁRBOL,2024-11-01,011607,BASE,1941.5298358655873
MEDELLÍN,TOMATE DE ÁRBOL,2024-12-01,011607,BASE,1921.7827403792835
MEDELLÍN,YUCA,2019-01-01,011706,BASE,1263.2504868536926
MEDELLÍN,YUCA,2019-02-01,011706,BASE,1210.2523411749908
MEDELLÍN,YUCA,2019-03-01,011706,BASE,1214.604845892565
MEDELLÍN,YUCA,2019-04-01,011706,BASE,1211.660504465971
MEDELLÍN,YUCA,2019-05-01,011706,BASE,1250.0649578563343
MEDELLÍN,YUCA,2019-06-01,011706,BASE,1260.562175116367
MEDELLÍN,YUCA,2019-07-01,011706,BASE,1255.6976110202543
MEDELLÍN,YUCA,2019-08-01,011706,BASE,1244.4323046924142
MEDELLÍN,YUCA,2019-09-01,011706,BASE,1250.9610617687758
MEDELLÍN,YUCA,2019-10-01,011706,BASE,1257.3618040005033
MEDELLÍN,YUCA,2019-11-01,011706,BASE,1258.3859227575797
MEDELLÍN,YUCA,2019-12-01,011706,BASE,1202.4434356522834
MEDELLÍN,YUCA,2020-01-01,011706,BASE,1139.204102402818
MEDELLÍN,YUCA,2020-02-01,011706,BASE,1145.2208001006416
MEDELLÍN,YUCA,2020-03-01,011706,BASE,1133.5714492388981
MEDELLÍN,YUCA,2020-04-01,011706,BASE,1108.7365693797963
MEDELLÍN,YUCA,2020-05-01,011706,BASE,1050.873859604982
MEDELLÍN,YUCA,2020-06-01,011706,BASE,983.79408101648
MEDELLÍN,YUCA,2020-07-01,011706,BASE,959.4712605359166
MEDELLÍN,YUCA,2020-08-01,011706,BASE,983.4100364825764
MEDELLÍN,YUCA,2020-09-01,011706,BASE,962.5436168071456
MEDELLÍN,YUCA,2020-10-01,011706,BASE,947.5658799849037
MEDELLÍN,YUCA,2020-11-01,011706,BASE,962.4156019625111
MEDELLÍN,YUCA,2020-12-01,011706,BASE,1000.4360108189711
MEDELLÍN,YUCA,2021-01-01,011706,BASE,995.6994615674929
MEDELLÍN,YUCA,2021-02-01,011706,BASE,1013.7495546609638
MEDELLÍN,YUCA,2021-03-01,011706,BASE,1004.6605006919111
MEDELLÍN,YUCA,2021-04-01,011706,BASE,1004.1484413133728
MEDELLÍN,YUCA,2021-05-01,011706,BASE,1151.4935274877344
MEDELLÍN,YUCA,2021-06-01,011706,BASE,1047.9295181783873
MEDELLÍN,YUCA,2021-07-01,011706,BASE,1033.2078110454147
MEDELLÍN,YUCA,2021-08-01,011706,BASE,1092.6066989558435
MEDELLÍN,YUCA,2021-09-01,011706,BASE,1129.4749742105926
MEDELLÍN,YUCA,2021-10-01,011706,BASE,1178.5046597056237
MEDELLÍN,YUCA,2021-11-01,011706,BASE,1235.9833249465344
MEDELLÍN,YUCA,2021-12-01,011706,BASE,1281.684624481067
MEDELLÍN,YUCA,2022-01-01,011706,BASE,1445.5436256132848
MEDELLÍN,YUCA,2022-02-01,011706,BASE,1585.4638507988427
MEDELLÍN,YUCA,2022-03-01,011706,BASE,1837.397065039628
MEDELLÍN,YUCA,2022-04-01,011706,BASE,2044.7811133475911
MEDELLÍN,YUCA,2022-05-01,011706,BASE,2334.734736444836
MEDELLÍN,YUCA,2022-06-01,011706,BASE,2214.5287973329982
MEDELLÍN,YUCA,2022-07-01,011706,BASE,2215.2968864008053
MEDELLÍN,YUCA,2022-08-01,011706,BASE,2274.311729777331
MEDELLÍN,YUCA,2022-09-01,011706,BASE,2294.6660900742236
MEDELLÍN,YUCA,2022-10-01,011706,BASE,2283.272768901749
MEDELLÍN,YUCA,2022-11-01,011706,BASE,2197.5028229966033
MEDELLÍN,YUCA,2022-12-01,011706,BASE,2140.4082022895964
MEDELLÍN,YUCA,2023-01-01,011706,BASE,2075.1206315259783
MEDELLÍN,YUCA,2023-02-01,011706,BASE,1929.5677531765002
MEDELLÍN,YUCA,2023-03-01,011706,BASE,1922.1428921876968
MEDELLÍN,YUCA,2023-04-01,011706,BASE,1911.1336155491258
MEDELLÍN,YUCA,2023-05-01,011706,BASE,1829.5881595169203
MEDELLÍN,YUCA,2023-06-01,011706,BASE,1831.8924267203422
MEDELLÍN,YUCA,2023-07-01,011706,BASE,1820.1150610139644
MEDELLÍN,YUCA,2023-08-01,011706,BASE,1734.857174487357
MEDELLÍN,YUCA,2023-09-01,011706,BASE,1606.9703446974463
MEDELLÍN,YUCA,2023-10-01,011706,BASE,1541.5547590891938
MEDELLÍN,YUCA,2023-11-01,011706,BASE,1551.6679318153226
MEDELLÍN,YUCA,2023-12-01,011706,BASE,1554.484258397283
MEDELLÍN,YUCA,2024-01-01,011706,BASE,1493.4211775066049
MEDELLÍN,YUCA,2024-02-01,011706,BASE,1431.2059630142157
MEDELLÍN,YUCA,2024-03-01,011706,BASE,1345.0519725751667
MEDELLÍN,YUCA,2024-04-01,011706,BASE,1321.2412114731412
MEDELLÍN,YUCA,2024-05-01,011706,BASE,1288.4694112466977
MEDELLÍN,YUCA,2024-06-01,011706,BASE,1316.248632532394
MEDELLÍN,YUCA,2024-07-01,011706,BASE,1379.7439954711285
MEDELLÍN,YUCA,2024-08-01,011706,BASE,1381.6642181406469
MEDELLÍN,YUCA,2024-09-01,011706,BASE,1428.7736809661594
MEDELLÍN,YUCA,2024-10-01,011706,BASE,1450.2801748647632
MEDELLÍN,YUCA,2024-11-01,011706,BASE,1481.6438118002266
MEDELLÍN,YUCA,2024-12-01,011706,BASE,1531.057541829161
MEDELLÍN,ZANAHORIA,2019-01-01,011715,BASE,1038.0806607503735
MEDELLÍN,ZANAHORIA,2019-02-01,011715,BASE,1034.254810649328
MEDELLÍN,ZANAHORIA,2019-03-01,011715,BASE,886.4919778578331
MEDELLÍN,ZANAHORIA,2019-04-01,011715,BASE,766.8703980318074
MEDELLÍN,ZANAHORIA,2019-05-01,011715,BASE,729.6321237149635
MEDELLÍN,ZANAHORIA,2019-06-01,011715,BASE,705.5717775239434
MEDELLÍN,ZANAHORIA,2019-07-01,011715,BASE,701.8309463140321
MEDELLÍN,ZANAHORIA,2019-08-01,011715,BASE,736.6036727879799
MEDELLÍN,ZANAHORIA,2019-09-01,011715,BASE,844.2375889640629
MEDELLÍN,ZANAHORIA,2019-10-01,011715,BASE,791.3558386784993
MEDELLÍN,ZANAHORIA,2019-11-01,011715,BASE,781.748703980318
MEDELLÍN,ZANAHORIA,2019-12-01,011715,BASE,956.547544152535
MEDELLÍN,ZANAHORIA,2020-01-01,011715,BASE,965.389508830507
MEDELLÍN,ZANAHORIA,2020-02-01,011715,BASE,897.7994903787013
MEDELLÍN,ZANAHORIA,2020-03-01,011715,BASE,995.9963096388719
MEDELLÍN,ZANAHORIA,2020-04-01,011715,BASE,968.2801511290747
MEDELLÍN,ZANAHORIA,2020-05-01,011715,BASE,997.7817063526932
MEDELLÍN,ZANAHORIA,2020-06-01,011715,BASE,985.0288726825412
MEDELLÍN,ZANAHORIA,2020-07-01,011715,BASE,857.0754415253493
MEDELLÍN,ZANAHORIA,2020-08-01,011715,BASE,877.5649942887269
MEDELLÍN,ZANAHORIA,2020-09-01,011715,BASE,839.3064932782709
MEDELLÍN,ZANAHORIA,2020-10-01,011715,BASE,829.3592830155523
MEDELLÍN,ZANAHORIA,2020-11-01,011715,BASE,849.8488357789297
MEDELLÍN,ZANAHORIA,2020-12-01,011715,BASE,974.231473508479
MEDELLÍN,ZANAHORIA,2021-01-01,011715,BASE,945.0699938493981
MEDELLÍN,ZANAHORIA,2021-02-01,011715,BASE,838.0312099112555
MEDELLÍN,ZANAHORIA,2021-03-01,011715,BASE,783.7891573675424
MEDELLÍN,ZANAHORIA,2021-04-01,011715,BASE,832.5900008786574
MEDELLÍN,ZANAHORIA,2021-05-01,011715,BASE,976.1018891134346
MEDELLÍN,ZANAHORIA,2021-06-01,011715,BASE,1039.1008874439856
MEDELLÍN,ZANAHORIA,2021-07-01,011715,BASE,1209.0536508215446
MEDELLÍN,ZANAHORIA,2021-08-01,011715,BASE,1334.201458571303
MEDELLÍN,ZANAHORIA,2021-09-01,011715,BASE,1306.485300061506
MEDELLÍN,ZANAHORIA,2021-10-01,011715,BASE,1259.4698532642121
MEDELLÍN,ZANAHORIA,2021-11-01,011715,BASE,1234.644337052983
MEDELLÍN,ZANAHORIA,2021-12-01,011715,BASE,1121.3991740620334
MEDELLÍN,ZANAHORIA,2022-01-01,011715,BASE,1077.9545206923822
MEDELLÍN,ZANAHORIA,2022-02-01,011715,BASE,1016.2308057288463
MEDELLÍN,ZANAHORIA,2022-03-01,011715,BASE,1004.4981987523065
MEDELLÍN,ZANAHORIA,2022-04-01,011715,BASE,1082.4605219225023
MEDELLÍN,ZANAHORIA,2022-05-01,011715,BASE,1394.989965732361
MEDELLÍN,ZANAHORIA,2022-06-01,011715,BASE,1487.3204815042614
MEDELLÍN,ZANAHORIA,2022-07-01,011715,BASE,1465.2155698093313
MEDELLÍN,ZANAHORIA,2022-08-01,011715,BASE,1622.3304806256042
MEDELLÍN,ZANAHORIA,2022-09-01,011715,BASE,1561.286916791143
MEDELLÍN,ZANAHORIA,2022-10-01,011715,BASE,1326.889833933749
MEDELLÍN,ZANAHORIA,2022-11-01,011715,BASE,1478.0534223706177
MEDELLÍN,ZANAHORIA,2022-12-01,011715,BASE,1583.6468851594764
MEDELLÍN,ZANAHORIA,2023-01-01,011715,BASE,1613.913610403304
MEDELLÍN,ZANAHORIA,2023-02-01,011715,BASE,1619.609876109305
MEDELLÍN,ZANAHORIA,2023-03-01,011715,BASE,1611.7031192338106
MEDELLÍN,ZANAHORIA,2023-04-01,011715,BASE,1558.056198928038
MEDELLÍN,ZANAHORIA,2023-05-01,011715,BASE,1420.495633072665
MEDELLÍN,ZANAHORIA,2023-06-01,011715,BASE,1294.8377119761005
MEDELLÍN,ZANAHORIA,2023-07-01,011715,BASE,1051.4286266584659
MEDELLÍN,ZANAHORIA,2023-08-01,011715,BASE,890.9979790879536
MEDELLÍN,ZANAHORIA,2023-09-01,011715,BASE,885.38673227308675
MEDELLÍN,ZANAHORIA,2023-10-01,011715,BASE,872.463860820666
MEDELLÍN,ZANAHORIA,2023-11-01,011715,BASE,928.5763289693348
MEDELLÍN,ZANAHORIA,2023-12-01,011715,BASE,1296.8781653633248
MEDELLÍN,ZANAHORIA,2024-01-01,011715,BASE,1657.868377119761
MEDELLÍN,ZANAHORIA,2024-02-01,011715,BASE,1830.711782795888
MEDELLÍN,ZANAHORIA,2024-03-01,011715,BASE,1961.5558562516474
MEDELLÍN,ZANAHORIA,2024-04-01,011715,BASE,1697.5721992795009
MEDELLÍN,ZANAHORIA,2024-05-01,011715,BASE,1280.6395571566645
MEDELLÍN,ZANAHORIA,2024-06-01,011715,BASE,1103.885282488358
MEDELLÍN,ZANAHORIA,2024-07-01,011715,BASE,1194.4304015464372
MEDELLÍN,ZANAHORIA,2024-08-01,011715,BASE,1295.6028819963094
MEDELLÍN,ZANAHORIA,2024-09-01,011715,BASE,1455.3533784377473
MEDELLÍN,ZANAHORIA,2024-10-01,011715,BASE,1490.5511993673665
MEDELLÍN,ZANAHORIA,2024-11-01,011715,BASE,1589.7682453211494
MEDELLÍN,ZANAHORIA,2024-12-01,011715,BASE,1649.6215446797294
