"cor_pm_coca","cor_pm_cona","cor_pm_cord","cor_pme_coca","cor_pme_cona","cor_pme_cord",".groups"
0.780353381614832,0.786192246665577,0.585535270309425,0.920615702653309,0.869524833385263,0.66250421278735,"drop"
