"cor_pm_coca","cor_pm_cona","cor_pme_coca","cor_pme_cona",".groups"
0.781409670153,0.794901404533817,0.926924135900124,0.880420729939978,"drop"
