"cor_pm_coca","cor_pm_cona","cor_pme_coca","cor_pme_cona",".groups"
0.867104165007277,0.892228942776324,0.985239017493215,0.965807809443042,"drop"
