"ciudad","term","estimate","std.error","statistic","p.value"
"BOGOTA","(Intercept)",21.0312779051702,1.29503530378352,16.2399263122219,3.96109452372664e-15
"BOGOTA","pm",0.366404416700976,0.0475343035794551,7.7082104734851,3.52490658919139e-08
"CALI","(Intercept)",26.9220036063735,1.77583927062593,15.1601578204115,2.00950052786573e-14
"CALI","pm",0.355799197484154,0.074455199988534,4.7787017903242,6.02741777004333e-05
"MEDELLIN","(Intercept)",21.1213917178966,1.76908061904771,11.9391911767516,4.69076689344566e-12
"MEDELLIN","pm",0.382616564283453,0.0741450094505151,5.1603818937917,2.20191437839171e-05
