"ciudad","term","estimate","std.error","statistic","p.value"
"BOGOTA","(Intercept)",-2.08814453185248,0.696463384155568,-2.99821150595629,0.00591106171070786
"BOGOTA","pm",0.163442309443018,0.025563706130408,6.39352950660795,8.99124001388842e-07
"CALI","(Intercept)",-3.27643646448372,0.483840047145919,-6.7717347578209,3.46735424440998e-07
"CALI","pm",0.257781995384359,0.0202858491016552,12.7074787006734,1.16538731527019e-12
"MEDELLIN","(Intercept)",-1.78295907950847,0.49496813997913,-3.60216938323271,0.0013072865701273
"MEDELLIN","pm",0.175611907904048,0.0207449095430211,8.46530121232205,6.02960140789193e-09
