"ciudad","term","estimate","std.error","statistic","p.value"
"BOGOTA","(Intercept)",18.3345860142767,1.68310491721958,10.8933114190913,1.31637431903566e-17
"BOGOTA","pm",0.695215587360727,0.0589950922557963,11.7842952825016,2.50186615419442e-19
"CALI","(Intercept)",17.580498031837,2.18539755167417,8.0445308536056,5.70288532754013e-12
"CALI","pm",0.872899218596336,0.0833670741183335,10.4705512077504,8.83740799488424e-17
"MEDELLIN","(Intercept)",16.3895665227824,1.96337997480712,8.34762844333914,1.42787846679839e-12
"MEDELLIN","pm",0.762458162501393,0.0792824965805148,9.61697972927837,4.27791948267378e-15
