"ciudad","term","estimate","std.error","statistic","p.value"
"BOGOTA","(Intercept)",-4.04602287692868,0.73272794637156,-5.52186237329206,3.84388004829414e-07
"BOGOTA","pm",0.28238272728815,0.0256831005318434,10.9948846299938,8.34848111849389e-18
"CALI","(Intercept)",-6.83724434007024,0.649197968408311,-10.5318326193066,6.70033419875804e-17
"CALI","pm",0.485469838376372,0.0247651669181683,19.6029301954843,1.08807304352165e-32
"MEDELLIN","(Intercept)",-3.10483996624243,0.554824323069763,-5.59607759995776,2.82324014073292e-07
"MEDELLIN","pm",0.307099906849068,0.0224041489986604,13.7072783647096,6.42489421237998e-23
