"mean_pm","mean_pme","mean_coca","mean_cona","mean_cord","mean_gap_coca_pm","mean_gap_cona_pm","mean_gap_cord_pm",".groups"
25.1999858289874,6.37275178528047,4.34734744391332,17.2456214221598,36.972490824504,-20.8526383850741,-7.95436440682762,11.7725049955166,"drop"
