"mean_pm","mean_pme","mean_coca","mean_cona","mean_gap_coca_pm","mean_gap_cona_pm",".groups"
25.1999858289874,6.37275178528047,4.128903355582,16.514127229777,-21.0710824734054,-8.6858585992104,"drop"
