scenario,RMSE,MAPE
Q1 (low margin),565.3923640032616,12.902958651762745
Q2 (median),481.2113161894767,11.234252921506355
Q3 (high margin),549.051144425219,14.871987380813806
