scenario,RMSE,MAPE
Q1 (low margin),565.3923640032616,0.12902958651762744
Q2 (median),481.2113161894767,0.11234252921506355
Q3 (high margin),549.051144425219,0.14871987380813806
