metric,value
n_obs,234
MADE_S1,1.8613937794291318
MADE_S2,1.9390537168540283
max_S1,6.617114474004804
max_S2,6.599692093833339
median_S1,-0.9692233657439312
median_S2,-1.1267607506006792
pct_S2_closer,41.452991452991455
pct_within_1pct_S1,30.34188034188034
pct_within_1pct_S2,28.205128205128204
pct_within_3pct_S1,81.19658119658119
pct_within_3pct_S2,80.76923076923077
improvement_mean_pp,-0.07765993742489663
