ciudad,n_obs,MADE_S1,MADE_S2,pct_S2_closer,imp_pp
BOGOTA,78,2.0106293620040723,2.1455186969829074,20.51282051282051,-0.13488933497883515
CALI,78,1.7767633279167114,1.7225482384298352,64.1025641025641,0.054215089486876256
MEDELLIN,78,1.7967886483666113,1.9490942151493424,39.743589743589745,-0.1523055667827311
