Demo_Group,Sex,n_obs,MADE_S1,MADE_S2,pct_S2_closer,imp_pp
"[10, 14)",1,78,1.524391925413855,1.560979108430152,48.717948717948715,-0.03658718301629715
"[31,51)",0,78,1.8625362599573172,1.99604744407642,34.61538461538461,-0.1335111841191028
"[31,51)",1,78,2.197253152916223,2.260134598055513,41.02564102564102,-0.06288144513928984
