ciudad,Demo_Group,Sex,n_obs,MADE_S1,MADE_S2,imp_pp
BOGOTA,"[10, 14)",1,26,1.8254163555122702,1.8835728264543001,-0.058156470942029914
BOGOTA,"[31,51)",0,26,2.0886485405303308,2.213063391947232,-0.12441485141690123
BOGOTA,"[31,51)",1,26,2.1178231899696156,2.3399198725471897,-0.2220966825775741
CALI,"[10, 14)",1,26,1.6706151913146479,1.632856246639764,0.03775894467488383
CALI,"[31,51)",0,26,1.2464068626448792,1.125889854522502,0.1205170081223772
CALI,"[31,51)",1,26,2.413267929790607,2.40889861412724,0.004369315663367068
MEDELLIN,"[10, 14)",1,26,1.0771442294146465,1.1665082521963919,-0.08936402278174538
MEDELLIN,"[31,51)",0,26,2.2525533766967416,2.649189085759526,-0.39663570906278434
MEDELLIN,"[31,51)",1,26,2.060668338988446,2.0315853074921093,0.02908303149633662
