method,n_series,n_obs,MAPE_BASE,MAPE_final,imp
BASE_fallback,3,78,2.4267461833963884,2.4267461833963884,0
BASE_lowR2,56,1456,16.16369937205307,16.16369937205307,0
D_city,146,3796,4.994743048353975,5.246510815514314,-0.2517677671603389
