metric,value
n_obs,5330
MAPE_BASE,8.008194577779713
MAPE_S5,8.187502353415857
max_BASE,176.76551508534658
max_S5,176.76551508534658
pct_S5_beats_BASE,30.712945590994373
imp_vs_BASE,-0.17930777563614342
