"dominio_geo","eer_prom_ponderado"
"Bogotá",2455.46187010569
"Cali",2507.09539930823
"Medellín",2447.11436248995
