"dominio_geo","eer_prom_ponderado"
"Bogotá",2423.06182924646
"Cali",2454.24110873714
"Medellín",2433.976032731
