RMSE,MAPE,COVER_80,COVER_95
731.7743604368669,17.344130624989464,64.40281030444966,80.79625292740047
